term_str,PC0,PC1,PC2,PC3,PC4
0,-6.9330134975279324e-06,-1.1269013116831379e-05,-1.5676778919035703e-05,-5.395581578945928e-06,4.849045299857674e-07
05,-6.933013497571368e-06,-1.126901311687246e-05,-1.567677891893277e-05,-5.395581578923733e-06,4.849045299882186e-07
1,-0.0001441516110847056,-0.00024764469541878375,-0.0003819548642403684,-0.0002505637281904061,-0.0006075030627142786
10,-2.5169697509592998e-05,-4.323028833290862e-05,-7.25250797738628e-05,0.00014819068674496268,1.1863300163174121e-05
100,-1.229721965839561e-05,-2.076668057926826e-05,-2.4454801150706258e-05,-1.9398356310160758e-05,2.298898034366592e-06
1000,-8.713483589133437e-06,-1.52476932527464e-05,-2.273009713568521e-05,-1.9120726715319936e-05,-2.56145511408308e-05
1000000,-4.115492097232065e-06,-7.37695973178365e-06,-9.643738266153532e-06,-1.196542332609258e-05,4.357407002047578e-06
105,-4.115492097259193e-06,-7.376959731816785e-06,-9.643738266195253e-06,-1.1965423326108608e-05,4.357407002074103e-06
12,-8.1466207374897e-06,-1.3748616749674944e-05,-1.867009511961578e-05,-1.2801145038965226e-05,3.5704806596529834e-06
120,-7.928414555506208e-06,-1.3576932814103618e-05,-1.7396337793224315e-05,-1.5298875400156354e-05,7.386564148946217e-07
123,-6.148609829221844e-06,-1.038334028966353e-05,-1.222740057539125e-05,-9.699178155088795e-06,1.1494490171774708e-06
13,-2.0274470002953955e-05,-3.5206832560156966e-05,-3.844812002848744e-05,-3.24199164654706e-05,7.209472940865977e-08
133,-7.92841455550312e-06,-1.3576932814099843e-05,-1.739633779321953e-05,-1.5298875400153823e-05,7.386564148923964e-07
13yearold,-6.758156667650127e-06,-1.173561085338378e-05,-1.2816040009493688e-05,-1.0806638821821616e-05,2.4031576469201507e-08
14,-6.933013497566917e-06,-1.126901311688474e-05,-1.567677891901629e-05,-5.3955815789465e-06,4.849045299734206e-07
145,-7.928414555517577e-06,-1.3576932814117509e-05,-1.7396337793241638e-05,-1.529887540016259e-05,7.386564149086249e-07
15,-2.5302442100442998e-05,-4.22341524229563e-05,-5.357766679513858e-05,-2.7871864077856617e-05,1.1080731300822731e-06
150,-4.115492097238796e-06,-7.376959731791849e-06,-9.643738266163823e-06,-1.1965423326096818e-05,4.357407002055537e-06
15th,-2.622125992617345e-05,-4.7955200940073226e-05,-7.569141853643049e-05,-0.00011782619693977263,-0.00020461718048269366
16,-1.1991314478700102e-05,-1.919711303963962e-05,-2.8112479443661385e-05,-3.0208678337733182e-05,7.956372495121113e-06
17,-1.3866026995135076e-05,-2.253802623377149e-05,-3.135355783803537e-05,-1.0791163157893955e-05,9.698090599469093e-07
1910,-6.933013497566917e-06,-1.126901311688474e-05,-1.567677891901629e-05,-5.3955815789465e-06,4.849045299734206e-07
1927,-6.933013497566917e-06,-1.126901311688474e-05,-1.567677891901629e-05,-5.3955815789465e-06,4.849045299734206e-07
1932,-7.928414555517577e-06,-1.3576932814117509e-05,-1.7396337793241638e-05,-1.529887540016259e-05,7.386564149086249e-07
1945,-1.1991314478700102e-05,-1.919711303963962e-05,-2.8112479443661385e-05,-3.0208678337733182e-05,7.956372495121113e-06
1966,-6.148609829199116e-06,-1.0383340289635737e-05,-1.2227400575356544e-05,-9.699178155078256e-06,1.1494490171502262e-06
1967,-4.115492097238796e-06,-7.376959731791849e-06,-9.643738266163823e-06,-1.1965423326096818e-05,4.357407002055537e-06
1993,-6.933013497566917e-06,-1.126901311688474e-05,-1.567677891901629e-05,-5.3955815789465e-06,4.849045299734206e-07
2,-0.00010433321425955416,-0.0001799682731109222,-0.000287301917940202,-0.0001063540301463514,-0.0004587386507352278
20,-1.7203867314279167e-05,-2.962753485223208e-05,-4.406576224276749e-05,-3.187666541441247e-05,-5.7110325788683595e-05
200,-7.928414555517577e-06,-1.3576932814117509e-05,-1.7396337793241638e-05,-1.529887540016259e-05,7.386564149086249e-07
21,-1.1991314478700102e-05,-1.919711303963962e-05,-2.8112479443661385e-05,-3.0208678337733182e-05,7.956372495121113e-06
220,-7.928414555517577e-06,-1.3576932814117509e-05,-1.7396337793241638e-05,-1.529887540016259e-05,7.386564149086249e-07
230,-4.115492097238796e-06,-7.376959731791849e-06,-9.643738266163823e-06,-1.1965423326096818e-05,4.357407002055537e-06
240,-7.928414555517577e-06,-1.3576932814117509e-05,-1.7396337793241638e-05,-1.529887540016259e-05,7.386564149086249e-07
250,-1.1991314478700102e-05,-1.919711303963962e-05,-2.8112479443661385e-05,-3.0208678337733182e-05,7.956372495121113e-06
27,-9.645741042459956e-06,-1.5965372851838048e-05,-2.0575159724583076e-05,-1.1130128108385491e-05,1.20509134788528e-06
270,-1.5856829111035153e-05,-2.7153865628235018e-05,-3.4792675586483276e-05,-3.059775080032518e-05,1.4773128298172499e-06
3,-3.1926768363634104e-05,-5.46288881610947e-05,-8.209465389643411e-05,1.8344671195792911e-06,-7.087138959911341e-05
300,-1.5403593942161947e-05,-2.6604142888775358e-05,-4.236596566579612e-05,-2.7932487335903822e-05,-7.81920907076041e-05
3000,-1.468782146531337e-05,-2.416595794897984e-05,-3.355594754953761e-05,-3.3555015907957256e-05,6.411283609675723e-06
300000,-4.115492097238796e-06,-7.376959731791849e-06,-9.643738266163823e-06,-1.1965423326096818e-05,4.357407002055537e-06
31,-4.115492097238796e-06,-7.376959731791849e-06,-9.643738266163823e-06,-1.1965423326096818e-05,4.357407002055537e-06
311382,-9.087054360649962e-05,0.00026936276190924494,2.3540349416308355e-05,5.8534753981287895e-06,-8.025388520741435e-07
32,-8.230984194477592e-06,-1.4753919463583698e-05,-1.9287476532327646e-05,-2.3930846652193635e-05,8.714814004111074e-06
33,-8.230984194477592e-06,-1.4753919463583698e-05,-1.9287476532327646e-05,-2.3930846652193635e-05,8.714814004111074e-06
33rd,-4.115492097238796e-06,-7.376959731791849e-06,-9.643738266163823e-06,-1.1965423326096818e-05,4.357407002055537e-06
4,-2.5858671943233038e-05,-4.368568264005307e-05,-5.849158774249558e-05,-3.732470106679787e-05,-3.5009147545389605e-05
40,-1.9581913928869847e-05,-3.574893433972153e-05,-3.380734987071484e-05,0.00015555558218695407,7.209792937223986e-05
430,-1.3516313335301455e-05,-2.347122170676966e-05,-2.5632080018989662e-05,-2.1613277643645184e-05,4.8063152938380925e-08
5,-3.206111578036234e-05,-5.4508739901159385e-05,-7.271410470816413e-05,-5.0601620109986376e-05,-5.270697222787244e-05
50,-1.136214396208465e-05,-1.993489267646031e-05,-3.45690105554855e-05,0.00010187913539109443,5.050361614920078e-06
500,-1.2417059106703086e-05,-2.1511560784532497e-05,-2.9863186360354498e-05,-2.313337921970498e-05,-2.4030603775639937e-05
5000,-1.2297219658398232e-05,-2.0766680579271475e-05,-2.445480115071309e-05,-1.9398356310156513e-05,2.2988980343004523e-06
50km,-6.933013497566917e-06,-1.126901311688474e-05,-1.567677891901629e-05,-5.3955815789465e-06,4.849045299734206e-07
55,-4.115492097238796e-06,-7.376959731791849e-06,-9.643738266163823e-06,-1.1965423326096818e-05,4.357407002055537e-06
5th,-1.8445829487598546e-05,-3.115002086890924e-05,-3.668220172607203e-05,-2.909753446523663e-05,3.4483470514509546e-06
6,-1.5645183500042933e-05,-2.711480480321898e-05,-3.451910836110175e-05,-2.6234576582259727e-05,-2.87920478316654e-05
60,-1.2131497248074835e-05,-2.040325907910155e-05,-2.8652684021925767e-05,-1.6963208064164893e-05,-2.186677671663158e-05
65,-4.115492097238796e-06,-7.376959731791849e-06,-9.643738266163823e-06,-1.1965423326096818e-05,4.357407002055537e-06
7,-1.3866026995135076e-05,-2.253802623377149e-05,-3.135355783803537e-05,-1.0791163157893955e-05,9.698090599469093e-07
700,-1.8521622946275386e-05,-3.330500886481932e-05,-6.931067998242342e-05,0.0002957367875777097,1.1399775404999465e-05
700am,-6.933013497566917e-06,-1.126901311688474e-05,-1.567677891901629e-05,-5.3955815789465e-06,4.849045299734206e-07
8,-1.8370742189525518e-05,-3.036704087247363e-05,-4.178865556970871e-05,-2.0758014210919446e-05,4.285569820913536e-06
9,-6.933013497566917e-06,-1.126901311688474e-05,-1.567677891901629e-05,-5.3955815789465e-06,4.849045299734206e-07
90s,-8.267534381846718e-06,-1.620368610732571e-05,2.4208694940974476e-05,-1.8435669289962392e-05,0.00011209281574915771
98,-9.260811473136898e-06,-1.6652504432408217e-05,-3.465533999120868e-05,0.00014786839378884208,5.6998877024992504e-06
999,-8.230984194477592e-06,-1.4753919463583698e-05,-1.9287476532327646e-05,-2.3930846652193635e-05,8.714814004111074e-06
999th,-4.115492097238796e-06,-7.376959731791849e-06,-9.643738266163823e-06,-1.1965423326096818e-05,4.357407002055537e-06
a,-0.0,0.0,0.0,0.0,0.0
aa,-2.8212136044024255e-05,-4.987069624642065e-05,-6.290824142742622e-05,-5.183244459507455e-05,-1.4056624350332128e-05
aaa,-7.195006337380369e-06,-1.2793840901311246e-05,-1.6387899107835544e-05,-1.6466445877440998e-05,1.1400043788932677e-06
aah,-7.568240327884655e-06,-1.3095565478678627e-05,-1.612669439406123e-05,-1.597440397537854e-05,4.060482846244693e-06
abandon,-9.742669997188274e-06,-1.6705855252898003e-05,-2.2123885747094754e-05,-1.6184824740197854e-05,1.185507907137919e-06
abandoned,-1.82612606640007e-05,-3.47744003471928e-05,2.1478955152667584e-05,-4.483251955165692e-05,0.0001717292517812532
abandoning,-7.195006337380369e-06,-1.2793840901311246e-05,-1.6387899107835544e-05,-1.6466445877440998e-05,1.1400043788932677e-06
abe,-3.102422673138937e-05,-5.419783630208536e-05,-7.32709197657902e-05,-8.652624148850875e-05,-9.719286170987057e-05
abekun,-2.459443931679762e-05,-4.153336115854492e-05,-4.890960230142851e-05,-3.879671262031485e-05,4.59779606860112e-06
abilities,-4.115492097238796e-06,-7.376959731791849e-06,-9.643738266163823e-06,-1.1965423326096818e-05,4.357407002055537e-06
ability,-4.115492097238796e-06,-7.376959731791849e-06,-9.643738266163823e-06,-1.1965423326096818e-05,4.357407002055537e-06
able,-3.5245438732355606e-05,1.619764267817913e-05,-1.3326511380717844e-05,-3.4319113293240117e-06,-3.5515542696235815e-06
aboard,-2.0461527189700792e-05,-3.593479119372144e-05,-5.25710091658796e-05,-4.7064163883619744e-05,-4.801616620267032e-05
abolish,-6.148609829199116e-06,-1.0383340289635737e-05,-1.2227400575356544e-05,-9.699178155078256e-06,1.1494490171502262e-06
about,-0.0,0.0,0.0,0.0,0.0
above,-3.997980243919442e-05,6.767578787908331e-05,-2.2538512825440425e-05,3.59678417073929e-05,-1.0327790691134784e-05
abrupt,-6.148609829199116e-06,-1.0383340289635737e-05,-1.2227400575356544e-05,-9.699178155078256e-06,1.1494490171502262e-06
absence,-1.3281684810868789e-05,-2.6639097290787467e-05,6.460132325708633e-05,5.027322949110204e-07,-5.2183310554959e-05
absolutely,-1.8848565856768028e-05,-3.5718227402511534e-05,8.081927390792027e-06,0.00013653005329341042,-7.544954248995847e-06
absorb,-1.0006466484858586e-05,-1.736539393631962e-05,-2.2104281973795093e-05,-1.8924368314183023e-05,-1.5282830491241137e-06
absorbed,-1.474628421054502e-05,-2.5120610145347e-05,-3.365104124018695e-05,-2.4601403307155664e-05,-2.7132393685338588e-05
absorbs,-5.642427208804352e-06,-9.974139249283243e-06,-1.2581648285484126e-05,-1.036648891901398e-05,-2.8113248700661777e-06
absurd,-5.642427208804352e-06,-9.974139249283243e-06,-1.2581648285484126e-05,-1.036648891901398e-05,-2.8113248700661777e-06
academy,-1.6444562539578498e-05,-3.098580895202262e-05,5.949185570918018e-05,-1.147363446098171e-05,-1.7489188376431768e-05
accept,0.00012560038680344487,6.969152915170697e-06,-2.828337765047759e-05,-3.192361431005493e-05,-3.019902351800154e-05
acceptance,-1.1991314478700102e-05,-1.919711303963962e-05,-2.8112479443661385e-05,-3.0208678337733182e-05,7.956372495121113e-06
accepted,-7.344819031249193e-05,0.00018682816116724122,-1.2462132963432637e-06,-2.4643670892987592e-05,-5.08832767851564e-05
access,-7.928414555517577e-06,-1.3576932814117509e-05,-1.7396337793241638e-05,-1.529887540016259e-05,7.386564149086249e-07
accident,-1.90699399567171e-05,-3.362473030347804e-05,-4.023227080357307e-05,-4.240469167883577e-05,9.67424762516055e-06
accidents,-2.469295258343545e-05,-4.426175839075592e-05,-5.7862429596989346e-05,-7.179253995658845e-05,2.6144442012335766e-05
accommodating,-4.115492097238796e-06,-7.376959731791849e-06,-9.643738266163823e-06,-1.1965423326096818e-05,4.357407002055537e-06
accommodations,-4.115492097238796e-06,-7.376959731791849e-06,-9.643738266163823e-06,-1.1965423326096818e-05,4.357407002055537e-06
accompanied,-4.115492097238796e-06,-7.376959731791849e-06,-9.643738266163823e-06,-1.1965423326096818e-05,4.357407002055537e-06
accomplish,-4.115492097238796e-06,-7.376959731791849e-06,-9.643738266163823e-06,-1.1965423326096818e-05,4.357407002055537e-06
accomplished,-4.115492097238796e-06,-7.376959731791849e-06,-9.643738266163823e-06,-1.1965423326096818e-05,4.357407002055537e-06
accord,-5.642427208804352e-06,-9.974139249283243e-06,-1.2581648285484126e-05,-1.036648891901398e-05,-2.8113248700661777e-06
accordance,-7.701796971080249e-06,-1.3302071444386432e-05,-2.118298283289607e-05,-1.3966243667950595e-05,-3.9096045353798374e-05
according,-7.195006337380369e-06,-1.2793840901311246e-05,-1.6387899107835544e-05,-1.6466445877440998e-05,1.1400043788932677e-06
accumulating,-5.642427208804352e-06,-9.974139249283243e-06,-1.2581648285484126e-05,-1.036648891901398e-05,-2.8113248700661777e-06
accurate,-4.115492097238796e-06,-7.376959731791849e-06,-9.643738266163823e-06,-1.1965423326096818e-05,4.357407002055537e-06
accuse,-8.740419975390173e-06,-1.5985066980022623e-05,-2.5230472845474032e-05,-3.9275398979919814e-05,-6.820572682755698e-05
ace,-9.645741042459956e-06,-1.5965372851838048e-05,-2.0575159724583076e-05,-1.1130128108385491e-05,1.20509134788528e-06
achieve,-8.230984194477592e-06,-1.4753919463583698e-05,-1.9287476532327646e-05,-2.3930846652193635e-05,8.714814004111074e-06
achieved,-4.115492097238796e-06,-7.376959731791849e-06,-9.643738266163823e-06,-1.1965423326096818e-05,4.357407002055537e-06
achilles,-1.5856829111035153e-05,-2.7153865628235018e-05,-3.4792675586483276e-05,-3.059775080032518e-05,1.4773128298172499e-06
aching,-7.701796971080249e-06,-1.3302071444386432e-05,-2.118298283289607e-05,-1.3966243667950595e-05,-3.9096045353798374e-05
acid,-3.850898485540707e-05,-6.651035722194218e-05,-0.00010591491416449632,-6.983121833976348e-05,-0.0001954802267690213
acorn,-0.00018174108721299924,0.0005387255238184899,4.708069883261671e-05,1.1706950796257579e-05,-1.605077704148287e-06
acornmice,-9.087054360649962e-05,0.00026936276190924494,2.3540349416308355e-05,5.8534753981287895e-06,-8.025388520741435e-07
acorns,-0.00018174108721299924,0.0005387255238184899,4.708069883261671e-05,1.1706950796257579e-05,-1.605077704148287e-06
across,-1.803816080002901e-05,-3.3906548693952324e-05,2.2873387181243866e-05,-3.8467731535424294e-05,0.00016584802827423787
act,-2.4070374983752818e-05,-4.5948942401552826e-05,4.4488661949369706e-05,4.412649247145833e-05,-2.0388955862149613e-05
acting,-2.070150462437926e-05,-3.745595327756179e-05,-6.0705821149717595e-06,-3.49901615326059e-05,-3.916031086400821e-05
action,-2.8070383725800596e-05,-5.0354564703774884e-05,-7.532883531771388e-05,4.727185574267171e-05,2.6693367400660483e-05
actions,-7.568240327884655e-06,-1.3095565478678627e-05,-1.612669439406123e-05,-1.597440397537854e-05,4.060482846244693e-06
actress,-3.074304914599671e-05,-5.1916701448180636e-05,-6.113700287678499e-05,-4.849589077539312e-05,5.7472450857512875e-06
actually,-4.759773915049758e-05,-9.1306829395182e-05,0.00016836397345879492,-1.3685480700090727e-05,-3.2004445685511844e-06
add,-9.645741042459956e-06,-1.5965372851838048e-05,-2.0575159724583076e-05,-1.1130128108385491e-05,1.20509134788528e-06
added,-1.9739202782821244e-05,-4.13177782430298e-05,0.00015142533149691933,1.4449803592113965e-05,-4.586409990300712e-05
addition,-1.0310919426322938e-05,-2.2826063759448474e-05,0.00010879576173084651,1.4648052819501154e-05,-3.167533546792437e-05
address,-2.1464773524267744e-05,-3.862086642161213e-05,-1.9569999014057506e-05,-4.365361359893004e-05,7.055874460957797e-05
addressed,-9.260811473136898e-06,-1.6652504432408217e-05,-3.465533999120868e-05,0.00014786839378884208,5.6998877024992504e-06
addresses,-1.1991314478700102e-05,-1.919711303963962e-05,-2.8112479443661385e-05,-3.0208678337733182e-05,7.956372495121113e-06
adjourned,-8.230984194477592e-06,-1.4753919463583698e-05,-1.9287476532327646e-05,-2.3930846652193635e-05,8.714814004111074e-06
adjustments,-6.933013497566917e-06,-1.126901311688474e-05,-1.567677891901629e-05,-5.3955815789465e-06,4.849045299734206e-07
admirable,-1.3824931267568941e-05,-2.2808258345088377e-05,-3.0178662849025052e-05,-3.0242663178196575e-05,5.884354652778521e-06
admiration,-4.115492097238796e-06,-7.376959731791849e-06,-9.643738266163823e-06,-1.1965423326096818e-05,4.357407002055537e-06
admired,-5.642427208804352e-06,-9.974139249283243e-06,-1.2581648285484126e-05,-1.036648891901398e-05,-2.8113248700661777e-06
admit,-1.2346476291717726e-05,-2.213087919537796e-05,-2.8931214798494673e-05,-3.589626997829423e-05,1.3072221006167883e-05
admitted,-4.115492097238796e-06,-7.376959731791849e-06,-9.643738266163823e-06,-1.1965423326096818e-05,4.357407002055537e-06
admonition,-7.701796971080249e-06,-1.3302071444386432e-05,-2.118298283289607e-05,-1.3966243667950595e-05,-3.9096045353798374e-05
ado,-1.2123676310500137e-05,-2.1594885134669573e-05,-3.4222983124979136e-05,-3.9257749961793595e-05,-7.911901160926097e-05
adopt,-4.115492097238796e-06,-7.376959731791849e-06,-9.643738266163823e-06,-1.1965423326096818e-05,4.357407002055537e-06
adopted,-8.230984194477592e-06,-1.4753919463583698e-05,-1.9287476532327646e-05,-2.3930846652193635e-05,8.714814004111074e-06
adorable,-8.740419975390173e-06,-1.5985066980022623e-05,-2.5230472845474032e-05,-3.9275398979919814e-05,-6.820572682755698e-05
adore,-1.0637321244643162e-05,-2.2270213414548852e-05,7.310979060368658e-05,1.978038104284252e-06,-2.0142887256128975e-05
adored,-4.115492097238796e-06,-7.376959731791849e-06,-9.643738266163823e-06,-1.1965423326096818e-05,4.357407002055537e-06
adriano,-1.3866026995135076e-05,-2.253802623377149e-05,-3.135355783803537e-05,-1.0791163157893955e-05,9.698090599469093e-07
adriatic,-5.5464107980543984e-05,-9.015210493509197e-05,-0.0001254142313521498,-4.3164652631578705e-05,3.879236239787956e-06
adrienne,-6.933013497566917e-06,-1.126901311688474e-05,-1.567677891901629e-05,-5.3955815789465e-06,4.849045299734206e-07
adult,-7.153711789610206e-05,0.0001909585969469936,8.341608087974363e-06,-2.835630715945795e-06,2.5579437151922555e-07
advance,-5.642427208804352e-06,-9.974139249283243e-06,-1.2581648285484126e-05,-1.036648891901398e-05,-2.8113248700661777e-06
advanced,-1.8915228397549457e-05,-3.569104459932099e-05,1.3202794848411746e-05,5.2844325214340495e-05,-5.7745328546082775e-06
advances,-4.115492097238796e-06,-7.376959731791849e-06,-9.643738266163823e-06,-1.1965423326096818e-05,4.357407002055537e-06
advantage,-9.645741042459956e-06,-1.5965372851838048e-05,-2.0575159724583076e-05,-1.1130128108385491e-05,1.20509134788528e-06
adventure,-1.2817522812237458e-05,-2.2886295854644935e-05,-2.50068745280897e-06,-2.021849423435346e-05,6.572680642491755e-05
advice,-1.9327801486400146e-05,-3.293663818756309e-05,-4.4451005133722716e-05,-3.4425000530887186e-05,1.035389739827095e-05
advise,-7.701796971080249e-06,-1.3302071444386432e-05,-2.118298283289607e-05,-1.3966243667950595e-05,-3.9096045353798374e-05
aerial,-1.0790984303700734e-05,-1.8117500625895715e-05,-2.7178562466193728e-05,-1.4276450848329497e-05,-2.846994263919355e-05
aeronautical,-1.5856829111035153e-05,-2.7153865628235018e-05,-3.4792675586483276e-05,-3.059775080032518e-05,1.4773128298172499e-06
affair,-4.115492097238796e-06,-7.376959731791849e-06,-9.643738266163823e-06,-1.1965423326096818e-05,4.357407002055537e-06
affected,-7.701796971080249e-06,-1.3302071444386432e-05,-2.118298283289607e-05,-1.3966243667950595e-05,-3.9096045353798374e-05
affecting,-6.148609829199116e-06,-1.0383340289635737e-05,-1.2227400575356544e-05,-9.699178155078256e-06,1.1494490171502262e-06
afflicted,-5.642427208804352e-06,-9.974139249283243e-06,-1.2581648285484126e-05,-1.036648891901398e-05,-2.8113248700661777e-06
afford,-1.486997243415242e-05,-2.8513664073389245e-05,4.309621334768628e-05,-8.56791944543486e-06,-1.3119249915270594e-05
afraid,4.614479411390271e-05,-6.254483818628957e-05,0.0001165060916306339,2.0142021814010055e-05,-3.780654791663539e-05
afresh,-9.260811473136898e-06,-1.6652504432408217e-05,-3.465533999120868e-05,0.00014786839378884208,5.6998877024992504e-06
after,-2.3569038142798728e-05,-5.274280178624691e-06,-2.1439036876426062e-05,1.3641380978784407e-05,-7.558588319557201e-06
afternoon,-1.2916464018453506e-05,-2.5394373588421454e-05,4.551133491522673e-05,-6.5863622226340394e-06,-3.876652298228384e-05
again,-0.0,0.0,0.0,0.0,0.0
against,-2.5473981991168805e-05,-4.5242797509497756e-05,-2.4691148923292394e-05,-4.115273708074492e-05,-2.733457491566139e-05
age,4.281394738199104e-05,2.5504538194004064e-05,6.60927043731241e-06,4.416784877433182e-06,-1.4275381582428012e-05
aged,-1.1427882694008294e-05,-2.0439854689547884e-05,-2.805361394382588e-05,-3.692801385940159e-05,-5.027380469534556e-05
agent,-9.272507051955668e-06,-1.566364827447067e-05,-2.083636443835738e-05,-1.1622170010447936e-05,-1.7153871194661645e-06
agents,-9.260811473136898e-06,-1.6652504432408217e-05,-3.465533999120868e-05,0.00014786839378884208,5.6998877024992504e-06
ages,0.00019117515866231622,3.226754840632343e-05,9.191843534090803e-05,1.426921215926434e-05,-2.379042604084457e-05
agitated,-4.115492097238796e-06,-7.376959731791849e-06,-9.643738266163823e-06,-1.1965423326096818e-05,4.357407002055537e-06
ago,-2.980829378362606e-05,2.2818378543308916e-05,-2.2445596353301708e-05,-1.0738510873193529e-05,-1.118680403959754e-06
agree,-1.4215740760374927e-05,-2.462742612615482e-05,-3.289172490866506e-05,-3.0446565944905563e-05,9.996352817632381e-06
agreed,-1.4170092822860277e-05,-2.4368998313086198e-05,-3.0939408415133266e-05,-2.6313594630082207e-05,4.729163641934503e-06
agreement,-1.5856829111035153e-05,-2.7153865628235018e-05,-3.4792675586483276e-05,-3.059775080032518e-05,1.4773128298172499e-06
agricultural,-6.148609829199116e-06,-1.0383340289635737e-05,-1.2227400575356544e-05,-9.699178155078256e-06,1.1494490171502262e-06
agriculture,-2.459443931679762e-05,-4.153336115854492e-05,-4.890960230142851e-05,-3.879671262031485e-05,4.59779606860112e-06
ah,-0.0002727686391366478,-0.00025197300454507716,0.0008440139577714733,0.00038351606445253216,-0.0005282218111368409
aha,-6.758156667650127e-06,-1.173561085338378e-05,-1.2816040009493688e-05,-1.0806638821821616e-05,2.4031576469201507e-08
ahahaha,-5.642427208804352e-06,-9.974139249283243e-06,-1.2581648285484126e-05,-1.036648891901398e-05,-2.8113248700661777e-06
ahahahaha,-1.0310919426322938e-05,-2.2826063759448474e-05,0.00010879576173084651,1.4648052819501154e-05,-3.167533546792437e-05
ahead,-1.635810052577138e-05,-2.8214115629544904e-05,-4.145208886849503e-05,-9.818187677387813e-06,-2.67069306799591e-05
ahem,-6.758156667650127e-06,-1.173561085338378e-05,-1.2816040009493688e-05,-1.0806638821821616e-05,2.4031576469201507e-08
ahh,-0.00029620868574613973,-0.0006452267834518835,0.0028204124635566505,0.00030442900941645524,-0.0005396797744640815
ahha,-6.148609829199116e-06,-1.0383340289635737e-05,-1.2227400575356544e-05,-9.699178155078256e-06,1.1494490171502262e-06
ahhh,-9.621109862692986e-05,-0.00020628861619378114,0.0008481046855756594,8.83465038768536e-05,-0.0002524410049216937
ahhhh,-1.0310919426322938e-05,-2.2826063759448474e-05,0.00010879576173084651,1.4648052819501154e-05,-3.167533546792437e-05
ahhhn,-3.5973943436102904e-05,-5.7591339118923045e-05,-8.433743833099065e-05,-9.062603501320563e-05,2.3869117485365062e-05
ahm,-2.3982628957401547e-05,-3.83942260792814e-05,-5.6224958887326e-05,-6.0417356675469624e-05,1.591274499024311e-05
ahoy,0.0008087521308021022,0.0001997626344554019,4.759404271865575e-05,1.4111865795788491e-05,-1.7682339390927557e-06
ai,-1.417942135889471e-05,-2.3621533642267846e-05,-2.959103922410855e-05,-1.8281821630789372e-05,2.052638115132041e-06
aid,-1.0310919426322938e-05,-2.2826063759448474e-05,0.00010879576173084651,1.4648052819501154e-05,-3.167533546792437e-05
aileron,-6.933013497566917e-06,-1.126901311688474e-05,-1.567677891901629e-05,-5.3955815789465e-06,4.849045299734206e-07
aim,-9.272507051955668e-06,-1.566364827447067e-05,-2.083636443835738e-05,-1.1622170010447936e-05,-1.7153871194661645e-06
aimed,-5.642427208804352e-06,-9.974139249283243e-06,-1.2581648285484126e-05,-1.036648891901398e-05,-2.8113248700661777e-06
aiming,-9.272507051955668e-06,-1.566364827447067e-05,-2.083636443835738e-05,-1.1622170010447936e-05,-1.7153871194661645e-06
air,-6.586842056631437e-05,-0.00011382168419344217,-9.472589429211014e-05,5.691182507384671e-05,-5.622590618046288e-05
airborne,-7.928414555517577e-06,-1.3576932814117509e-05,-1.7396337793241638e-05,-1.529887540016259e-05,7.386564149086249e-07
aircraft,-7.135573099965828e-05,-0.00012219239532705774,-0.0001565670401391749,-0.00013768987860146334,6.647907734177666e-06
airfield,-7.928414555517577e-06,-1.3576932814117509e-05,-1.7396337793241638e-05,-1.529887540016259e-05,7.386564149086249e-07
airframe,-7.928414555517577e-06,-1.3576932814117509e-05,-1.7396337793241638e-05,-1.529887540016259e-05,7.386564149086249e-07
airplane,-2.7028222495933122e-05,-4.494955163074142e-05,-6.033223619616639e-05,-3.449656953738055e-05,2.1619310438768604e-06
airplanes,-9.514097466621106e-05,-0.00016292319376941033,-0.00020875605351889994,-0.00018358650480195118,8.863876978903759e-06
airraid,-8.393920135090742e-05,-0.00013437979127748807,-0.00019678735610564554,-0.00021146074836414904,5.5694607465852095e-05
airraids,-1.1991314478700102e-05,-1.919711303963962e-05,-2.8112479443661385e-05,-3.0208678337733182e-05,7.956372495121113e-06
airs,-1.0978433049259357e-05,-1.944275736061192e-05,-2.7619580383368495e-05,-3.611142722184957e-05,-4.9443977622182136e-05
airship,-3.491661581579763e-05,-6.594573627043074e-05,-2.199191872563561e-05,0.0004469240642113284,-6.544563944430769e-06
airstrip,-7.928414555517577e-06,-1.3576932814117509e-05,-1.7396337793241638e-05,-1.529887540016259e-05,7.386564149086249e-07
aiuto,-4.1598080985407715e-05,-6.761407870131853e-05,-9.406067351411174e-05,-3.2373489473683776e-05,2.9094271798410043e-06
akashishi,-1.1284854417608704e-05,-1.9948278498566486e-05,-2.5163296570968253e-05,-2.073297783802796e-05,-5.6226497401323554e-06
akebono,-6.148609829199116e-06,-1.0383340289635737e-05,-1.2227400575356544e-05,-9.699178155078256e-06,1.1494490171502262e-06
akita,-4.370209987695672e-05,-7.992533490012385e-05,-0.00012615236422738697,-0.0001963769948996254,-0.00034102863413783046
al,-1.8445829487598546e-05,-3.115002086890924e-05,-3.668220172607203e-05,-2.909753446523663e-05,3.4483470514509546e-06
alabama,-6.933013497566917e-06,-1.126901311688474e-05,-1.567677891901629e-05,-5.3955815789465e-06,4.849045299734206e-07
alarmed,-1.0310919426322938e-05,-2.2826063759448474e-05,0.00010879576173084651,1.4648052819501154e-05,-3.167533546792437e-05
aliases,-1.0310919426322938e-05,-2.2826063759448474e-05,0.00010879576173084651,1.4648052819501154e-05,-3.167533546792437e-05
alights,-4.115492097238796e-06,-7.376959731791849e-06,-9.643738266163823e-06,-1.1965423326096818e-05,4.357407002055537e-06
alike,-1.2297219658398232e-05,-2.0766680579271475e-05,-2.445480115071309e-05,-1.9398356310156513e-05,2.2988980343004523e-06
alive,6.590320629319277e-05,-6.224646891097312e-05,4.9335851505693105e-05,5.303956372854262e-05,-3.4560934715679566e-05
all,-0.0,0.0,0.0,0.0,0.0
alley,-6.148609829199116e-06,-1.0383340289635737e-05,-1.2227400575356544e-05,-9.699178155078256e-06,1.1494490171502262e-06
alliance,-2.7732053990271395e-05,-4.5076052467545005e-05,-6.270711567607355e-05,-2.158232631578889e-05,1.939618119894e-06
alliances,-8.230984194477592e-06,-1.4753919463583698e-05,-1.9287476532327646e-05,-2.3930846652193635e-05,8.714814004111074e-06
allied,-4.115492097238796e-06,-7.376959731791849e-06,-9.643738266163823e-06,-1.1965423326096818e-05,4.357407002055537e-06
allies,-5.642427208804352e-06,-9.974139249283243e-06,-1.2581648285484126e-05,-1.036648891901398e-05,-2.8113248700661777e-06
allmetal,-3.171365822207031e-05,-5.4307731256470036e-05,-6.958535117296655e-05,-6.119550160065036e-05,2.9546256596344997e-06
allow,-1.635383008221089e-05,-3.04845524324238e-05,1.0697061016193033e-05,-2.6498768565809894e-05,-5.063221561903434e-05
allowed,-1.1942090479478568e-05,-2.1958753208604772e-05,5.023094710374264e-06,-2.4874182212570498e-05,8.319633846260921e-05
allowing,-6.148609829199116e-06,-1.0383340289635737e-05,-1.2227400575356544e-05,-9.699178155078256e-06,1.1494490171502262e-06
allows,-6.933013497566917e-06,-1.126901311688474e-05,-1.567677891901629e-05,-5.3955815789465e-06,4.849045299734206e-07
alloy,-7.928414555517577e-06,-1.3576932814117509e-05,-1.7396337793241638e-05,-1.529887540016259e-05,7.386564149086249e-07
almost,4.912895815376286e-05,-9.596613029002621e-06,4.823438480591939e-06,-9.700484242793583e-06,1.2681741212714081e-05
alone,-3.853992309614803e-05,-7.015902931297893e-05,-1.1459279622593734e-05,8.72702668446457e-05,2.6481228110690065e-05
along,3.559343755443818e-05,-2.3937721938247452e-05,-3.0880078918505204e-05,-9.164570968042832e-06,3.8877532621160244e-05
alongside,-5.642427208804352e-06,-9.974139249283243e-06,-1.2581648285484126e-05,-1.036648891901398e-05,-2.8113248700661777e-06
alot,-1.1991314478700102e-05,-1.919711303963962e-05,-2.8112479443661385e-05,-3.0208678337733182e-05,7.956372495121113e-06
aloud,-4.115492097238796e-06,-7.376959731791849e-06,-9.643738266163823e-06,-1.1965423326096818e-05,4.357407002055537e-06
already,-1.7920599229617865e-05,4.535670451139206e-06,-9.905198619037296e-06,-8.347209487509006e-06,4.1105835162389344e-06
alright,-1.4415834106779746e-05,-2.4977545043709403e-05,-1.6310451979662168e-05,-2.9796219279577596e-05,4.762917316185558e-05
also,-6.377617856580564e-05,3.297641396331093e-05,-6.695986310066283e-05,-3.0677620644390215e-05,1.4240863309374855e-06
alt,-1.1991314478700102e-05,-1.919711303963962e-05,-2.8112479443661385e-05,-3.0208678337733182e-05,7.956372495121113e-06
although,-3.889224315048638e-05,-6.861142328056149e-05,-0.00010478684557821028,4.4366023670838274e-05,-4.4710164402567166e-05
altitude,-6.758156667650127e-06,-1.173561085338378e-05,-1.2816040009493688e-05,-1.0806638821821616e-05,2.4031576469201507e-08
aluminum,-7.928414555517577e-06,-1.3576932814117509e-05,-1.7396337793241638e-05,-1.529887540016259e-05,7.386564149086249e-07
always,-1.0243956625066984e-05,5.967499654292344e-06,-3.715219681312332e-06,3.5723614353348553e-06,-7.22831428498192e-06
am,-4.6323601519875356e-05,-8.97047282089177e-05,0.0001130886908496979,-4.401719641132187e-05,-3.835355567656261e-05
amateurs,-4.115492097238796e-06,-7.376959731791849e-06,-9.643738266163823e-06,-1.1965423326096818e-05,4.357407002055537e-06
amazed,-1.6451957222000285e-05,-2.7503631699247982e-05,-4.5788922873056935e-05,6.552973531832353e-05,8.254344016472296e-06
amazing,2.349747489560327e-05,-4.5536682565842984e-05,-0.00010282053725399063,0.0002472063059544228,-3.506271495035569e-05
amazingly,-9.272507051955668e-06,-1.566364827447067e-05,-2.083636443835738e-05,-1.1622170010447936e-05,-1.7153871194661645e-06
ambition,-7.701796971080249e-06,-1.3302071444386432e-05,-2.118298283289607e-05,-1.3966243667950595e-05,-3.9096045353798374e-05
amen,-8.146620737475113e-06,-1.3748616749657121e-05,-1.867009511959345e-05,-1.2801145038956248e-05,3.570480659636475e-06
america,0.00014405632601704788,1.6440006700775522e-05,-2.019916402948608e-05,-1.8263932832648275e-05,8.013210790012587e-07
american,-5.485034784061204e-05,-8.893790877839697e-05,-0.00012476227181456095,-5.808029429207492e-05,9.084536184441984e-06
americans,-1.468782146531337e-05,-2.416595794897984e-05,-3.355594754953761e-05,-3.3555015907957256e-05,6.411283609675723e-06
amida,-0.00018174108721299924,0.0005387255238184899,4.708069883261671e-05,1.1706950796257579e-05,-1.605077704148287e-06
ammo,-1.3866026995135076e-05,-2.253802623377149e-05,-3.135355783803537e-05,-1.0791163157893955e-05,9.698090599469093e-07
among,-1.4378395105703392e-05,-2.5488423449953955e-05,-3.4304219151043486e-05,-3.877023874838673e-05,-3.243228933829275e-05
amongst,-7.701796971080249e-06,-1.3302071444386432e-05,-2.118298283289607e-05,-1.3966243667950595e-05,-3.9096045353798374e-05
amount,-1.429034074220007e-05,-2.4280128618428883e-05,-2.9712176011862274e-05,-2.2579624450415535e-05,3.4013466336279466e-06
amounts,-1.2346476291717726e-05,-2.213087919537796e-05,-2.8931214798494673e-05,-3.589626997829423e-05,1.3072221006167883e-05
ample,-4.115492097238796e-06,-7.376959731791849e-06,-9.643738266163823e-06,-1.1965423326096818e-05,4.357407002055537e-06
an,-0.0,0.0,0.0,0.0,0.0
ana,-1.1991314478700102e-05,-1.919711303963962e-05,-2.8112479443661385e-05,-3.0208678337733182e-05,7.956372495121113e-06
anchor,0.00014878628928122675,2.4092644795764913e-05,-8.374898978218377e-06,-1.2492311172423886e-05,1.0114338816211178e-07
ancient,0.00012629870635477375,6.878845825510285e-06,2.968056692185575e-06,2.521293528020943e-05,-2.7807480413468043e-05
and,-0.0,0.0,0.0,0.0,0.0
angel,-1.1811593606833588e-05,-2.0931990005396282e-05,-3.500304411594287e-05,0.0001010625487535424,4.220534541756629e-06
anger,-5.0220804398305944e-05,-8.752318182863193e-05,-0.00013810756194251745,-1.7306583548839533e-05,-0.00018141569561420934
angering,-7.701796971080249e-06,-1.3302071444386432e-05,-2.118298283289607e-05,-1.3966243667950595e-05,-3.9096045353798374e-05
angle,-1.3866026995135076e-05,-2.253802623377149e-05,-3.135355783803537e-05,-1.0791163157893955e-05,9.698090599469093e-07
angry,-2.557788789219108e-05,-4.7126261537524414e-05,-6.5140974805623e-06,-5.6158607809858745e-05,-3.0820777268903722e-06
animal,-1.2923898906565548e-05,-2.3892282527551987e-05,-4.471472098344577e-06,-3.0780799992877946e-05,6.887566278595334e-05
animals,-1.3264126360280182e-05,-2.3672650277808942e-05,-3.060952889690717e-05,-3.411186678339026e-05,7.5658765368891375e-06
anisama,-2.2569708835218678e-05,-3.989655699713522e-05,-5.032659314193929e-05,-4.1465955676058245e-05,-1.1245299480265316e-05
anna,-6.933013497566917e-06,-1.126901311688474e-05,-1.567677891901629e-05,-5.3955815789465e-06,4.849045299734206e-07
annihilate,-4.115492097238796e-06,-7.376959731791849e-06,-9.643738266163823e-06,-1.1965423326096818e-05,4.357407002055537e-06
annihilated,-5.642427208804352e-06,-9.974139249283243e-06,-1.2581648285484126e-05,-1.036648891901398e-05,-2.8113248700661777e-06
announced,-4.115492097238796e-06,-7.376959731791849e-06,-9.643738266163823e-06,-1.1965423326096818e-05,4.357407002055537e-06
another,2.0200436174867664e-06,2.9995863139299675e-05,1.0760126061232288e-05,-2.0732687044087343e-05,-8.51354713104888e-06
answer,2.3111042094141282e-05,4.4307944943705776e-05,-1.2176291677348261e-05,-1.496174877060496e-06,2.0284663438083964e-05
answered,0.00011968365263737429,1.7058080940656882e-05,-1.3075014534240071e-05,-1.4997796427765006e-05,-1.8104796558465684e-05
answering,-6.758156667650127e-06,-1.173561085338378e-05,-1.2816040009493688e-05,-1.0806638821821616e-05,2.4031576469201507e-08
answers,-1.2297219658398232e-05,-2.0766680579271475e-05,-2.445480115071309e-05,-1.9398356310156513e-05,2.2988980343004523e-06
antenna,0.0005391680872013928,0.00013317508963693234,3.172936181243667e-05,9.407910530525515e-06,-1.1788226260618168e-06
anticipated,-4.115492097238796e-06,-7.376959731791849e-06,-9.643738266163823e-06,-1.1965423326096818e-05,4.357407002055537e-06
anxious,-6.758156667650127e-06,-1.173561085338378e-05,-1.2816040009493688e-05,-1.0806638821821616e-05,2.4031576469201507e-08
any,-0.0,0.0,0.0,0.0,0.0
anybody,-2.191315769797105e-05,-4.2762528933898655e-05,7.410144621389355e-05,-2.754212894509099e-05,0.00014689403020723616
anyhow,-1.3002247632315708e-05,-2.1509436438785008e-05,-3.0005834002341944e-05,-2.9918118442706957e-05,3.7937032585904145e-06
anymore,2.769711489799126e-06,9.09775842866179e-06,-3.1509596433610853e-06,-4.786707559651342e-05,1.974350566433173e-05
anyone,-3.018956404188732e-05,2.402443884412513e-05,1.964302541844141e-06,-1.5711496975269635e-05,1.693770768071751e-05
anything,-1.2599639749942811e-05,-1.0143062380172077e-05,-1.131265803713351e-05,3.580309702934623e-08,9.554920995871143e-06
anytime,-1.261957506442212e-05,-2.135303280692677e-05,-2.6785975094969303e-05,-1.838751521855703e-05,7.282326499964727e-07
anyway,5.318751452176191e-05,2.6982942145096348e-05,3.411567954312459e-05,-2.493522866617797e-05,-1.787703975801721e-05
anywhere,-2.685918447047714e-05,-4.5409657426540526e-05,-7.365430066171793e-05,9.983975340983893e-05,1.3861564234629085e-05
aoki,-1.8445829487598546e-05,-3.115002086890924e-05,-3.668220172607203e-05,-2.909753446523663e-05,3.4483470514509546e-06
aokisan,-1.8445829487598546e-05,-3.115002086890924e-05,-3.668220172607203e-05,-2.909753446523663e-05,3.4483470514509546e-06
apart,-1.4162692288212107e-05,-2.4354579446659557e-05,-3.252042029703974e-05,-2.474039309712178e-05,-1.2196547008658941e-05
apartment,-7.928414555517577e-06,-1.3576932814117509e-05,-1.7396337793241638e-05,-1.529887540016259e-05,7.386564149086249e-07
apartments,-9.13063033200035e-06,-1.73872001735964e-05,1.0739477576333792e-05,-2.241625977582846e-05,8.58646258906266e-05
apologize,8.221205973544946e-05,-1.5742067252607755e-05,-1.9181781420304692e-05,-7.497358031497288e-05,1.2208789064514633e-05
apology,-1.1991314478700102e-05,-1.919711303963962e-05,-2.8112479443661385e-05,-3.0208678337733182e-05,7.956372495121113e-06
apparently,-9.13063033200035e-06,-1.73872001735964e-05,1.0739477576333792e-05,-2.241625977582846e-05,8.58646258906266e-05
appear,-5.105953287604336e-05,0.00011428075973814979,-6.817567436425916e-06,-1.0383616887999025e-05,5.831453177198015e-07
appearance,-1.2476597802210327e-05,-2.1906695660928107e-05,-3.291695817778317e-05,5.477913607048422e-05,5.331259477828499e-06
appearances,-5.642427208804352e-06,-9.974139249283243e-06,-1.2581648285484126e-05,-1.036648891901398e-05,-2.8113248700661777e-06
appeared,-1.1355452663310836e-05,-2.0148277114373645e-05,-2.5664983321135282e-05,-2.4110181301907347e-05,-9.329273212114288e-07
appearing,-5.642427208804352e-06,-9.974139249283243e-06,-1.2581648285484126e-05,-1.036648891901398e-05,-2.8113248700661777e-06
appears,-8.713483589125439e-06,-1.5247693252736297e-05,-2.2730097135671893e-05,-1.9120726715322566e-05,-2.5614551140834125e-05
appetit,-2.0621838852645876e-05,-4.565212751889695e-05,0.00021759152346169302,2.929610563900231e-05,-6.335067093584874e-05
appetite,-1.1991314478700102e-05,-1.919711303963962e-05,-2.8112479443661385e-05,-3.0208678337733182e-05,7.956372495121113e-06
apple,-3.403054554426071e-05,-5.821569662861315e-05,-7.964840805311729e-05,6.612066777907128e-05,9.288095451154184e-06
apples,-6.148609829199116e-06,-1.0383340289635737e-05,-1.2227400575356544e-05,-9.699178155078256e-06,1.1494490171502262e-06
appointed,-6.758156667650127e-06,-1.173561085338378e-05,-1.2816040009493688e-05,-1.0806638821821616e-05,2.4031576469201507e-08
appointment,-1.3516313335301455e-05,-2.347122170676966e-05,-2.5632080018989662e-05,-2.1613277643645184e-05,4.8063152938380925e-08
appreciate,-1.0310919426322938e-05,-2.2826063759448474e-05,0.00010879576173084651,1.4648052819501154e-05,-3.167533546792437e-05
apprentice,-2.5901757441136215e-05,-5.14188255023219e-05,8.566912687886304e-05,6.257925752276926e-05,0.00018112706813112244
apprenticeship,-1.0310919426322938e-05,-2.2826063759448474e-05,0.00010879576173084651,1.4648052819501154e-05,-3.167533546792437e-05
approach,-5.642427208804352e-06,-9.974139249283243e-06,-1.2581648285484126e-05,-1.036648891901398e-05,-2.8113248700661777e-06
approached,-9.260811473136898e-06,-1.6652504432408217e-05,-3.465533999120868e-05,0.00014786839378884208,5.6998877024992504e-06
approaching,-1.6320067335394374e-05,-2.7443281114134135e-05,-3.774244562201351e-05,-3.336218843284876e-05,-1.4419982964839972e-05
appropriate,-8.740419975390173e-06,-1.5985066980022623e-05,-2.5230472845474032e-05,-3.9275398979919814e-05,-6.820572682755698e-05
approval,-6.148609829199116e-06,-1.0383340289635737e-05,-1.2227400575356544e-05,-9.699178155078256e-06,1.1494490171502262e-06
approve,-1.152494373660365e-05,-1.9819246287744665e-05,-2.8446480001631444e-05,-2.157864915206456e-05,-2.828283856885151e-05
approved,-1.0323695883312504e-05,-1.8053011835139705e-05,-2.3127610035570308e-05,-2.1965479705415185e-05,1.333625505188084e-06
approximately,-4.115492097238796e-06,-7.376959731791849e-06,-9.643738266163823e-06,-1.1965423326096818e-05,4.357407002055537e-06
april,-7.928414555517577e-06,-1.3576932814117509e-05,-1.7396337793241638e-05,-1.529887540016259e-05,7.386564149086249e-07
apron,-8.267534381846718e-06,-1.620368610732571e-05,2.4208694940974476e-05,-1.8435669289962392e-05,0.00011209281574915771
archaeology,-9.087054360649962e-05,0.00026936276190924494,2.3540349416308355e-05,5.8534753981287895e-06,-8.025388520741435e-07
are,-0.0,0.0,0.0,0.0,0.0
area,-2.469295258343545e-05,-4.426175839075592e-05,-5.7862429596989346e-05,-7.179253995658845e-05,2.6144442012335766e-05
areas,-3.105908423559048e-05,-5.012116146759764e-05,-7.120212886665216e-05,-7.397484257712562e-05,1.8447451643331906e-05
aren,-4.339450740199389e-05,-8.770318072991214e-05,0.00020616646436304582,-5.4450445910319786e-05,0.00035814343303459825
argh,-7.701796971080249e-06,-1.3302071444386432e-05,-2.118298283289607e-05,-1.3966243667950595e-05,-3.9096045353798374e-05
argument,-6.933013497566917e-06,-1.126901311688474e-05,-1.567677891901629e-05,-5.3955815789465e-06,4.849045299734206e-07
arguments,-6.148609829199116e-06,-1.0383340289635737e-05,-1.2227400575356544e-05,-9.699178155078256e-06,1.1494490171502262e-06
ariaroth,-4.630405736569085e-05,-8.326252216205257e-05,-0.0001732766999560675,0.0007393419689443126,2.8499438512500298e-05
arithmetic,-3.074304914599671e-05,-5.1916701448180636e-05,-6.113700287678499e-05,-4.849589077539312e-05,5.7472450857512875e-06
arm,-2.4882567796507545e-05,-4.462916298421969e-05,-2.9726585387737206e-05,-4.667773491647269e-05,5.7895683506880984e-05
armies,-7.701796971080249e-06,-1.3302071444386432e-05,-2.118298283289607e-05,-1.3966243667950595e-05,-3.9096045353798374e-05
armor,-1.152494373660365e-05,-1.9819246287744665e-05,-2.8446480001631444e-05,-2.157864915206456e-05,-2.828283856885151e-05
armorclad,-5.642427208804352e-06,-9.974139249283243e-06,-1.2581648285484126e-05,-1.036648891901398e-05,-2.8113248700661777e-06
armored,-1.2507387223325423e-05,-2.208702045051797e-05,-4.117241329709614e-05,9.873281265115046e-05,-2.4624672372158777e-05
arms,-1.2544804621315092e-05,-2.2269691614285437e-05,-3.078539831398281e-05,-3.650743830800939e-05,-3.1292754438439555e-05
army,-5.752016665424534e-05,-0.00010106829890034077,-0.0001692428426808118,0.000278357610507246,-5.309904736318332e-05
around,-0.0,0.0,0.0,0.0,0.0
aroused,-4.115492097238796e-06,-7.376959731791849e-06,-9.643738266163823e-06,-1.1965423326096818e-05,4.357407002055537e-06
arranged,-1.1991314478700102e-05,-1.919711303963962e-05,-2.8112479443661385e-05,-3.0208678337733182e-05,7.956372495121113e-06
arrangements,-1.1991314478700102e-05,-1.919711303963962e-05,-2.8112479443661385e-05,-3.0208678337733182e-05,7.956372495121113e-06
arrest,-6.933013497566917e-06,-1.126901311688474e-05,-1.567677891901629e-05,-5.3955815789465e-06,4.849045299734206e-07
arrested,-8.88058017037804e-06,-1.545036241150608e-05,-1.9938012655031165e-05,-2.0103343342691335e-05,3.757584729978528e-06
arrival,-9.863023657099817e-06,-1.771813657427938e-05,-3.2663945950495874e-05,0.0001002081184605237,7.415750926671262e-06
arrive,-4.115492097238796e-06,-7.376959731791849e-06,-9.643738266163823e-06,-1.1965423326096818e-05,4.357407002055537e-06
arrived,-7.972679288042828e-05,0.000134986368116814,-2.2403326354745276e-05,-4.2566981119811315e-05,1.7113293309787313e-05
arrivederci,-7.928414555517577e-06,-1.3576932814117509e-05,-1.7396337793241638e-05,-1.529887540016259e-05,7.386564149086249e-07
arriving,-1.1991314478700102e-05,-1.919711303963962e-05,-2.8112479443661385e-05,-3.0208678337733182e-05,7.956372495121113e-06
arrow,-1.1284854417608704e-05,-1.9948278498566486e-05,-2.5163296570968253e-05,-2.073297783802796e-05,-5.6226497401323554e-06
arrowheads,-5.642427208804352e-06,-9.974139249283243e-06,-1.2581648285484126e-05,-1.036648891901398e-05,-2.8113248700661777e-06
arrows,-1.3801047942313147e-05,-2.4872895953602313e-05,-4.230000609041139e-05,5.733582677027138e-05,-3.8126303750933315e-05
arsenic,-7.701796971080249e-06,-1.3302071444386432e-05,-2.118298283289607e-05,-1.3966243667950595e-05,-3.9096045353798374e-05
art,-1.9186101641173812e-05,-3.335854590602849e-05,-4.221938367979914e-05,-4.06954058800961e-05,1.1129562740046313e-05
article,-1.2737752231037798e-05,-2.196935130505527e-05,-3.1015245777668976e-05,-3.1736423618590295e-05,-3.885839867444355e-05
articles,-4.115492097238796e-06,-7.376959731791849e-06,-9.643738266163823e-06,-1.1965423326096818e-05,4.357407002055537e-06
artisans,-1.7480839950781815e-05,-3.197013396004792e-05,-5.046094569095228e-05,-7.85507979598462e-05,-0.00013641145365512534
artist,-1.3000819933817263e-05,-2.2745920926980325e-05,-2.6010641014501424e-05,-2.4759270772886448e-05,3.248375467164585e-06
artists,-7.928414555517577e-06,-1.3576932814117509e-05,-1.7396337793241638e-05,-1.529887540016259e-05,7.386564149086249e-07
as,-0.0,0.0,0.0,0.0,0.0
asano,-3.9496990461632974e-05,-6.981897474498712e-05,-8.807153799839451e-05,-7.256542243310244e-05,-1.967927409046452e-05
asbel,-9.24215636529775e-05,-0.00015962485733266214,-0.00025419579399479274,-0.00016759492401543342,-0.00046915254424565405
ascend,-6.758156667650127e-06,-1.173561085338378e-05,-1.2816040009493688e-05,-1.0806638821821616e-05,2.4031576469201507e-08
ascertain,-1.1284854417608704e-05,-1.9948278498566486e-05,-2.5163296570968253e-05,-2.073297783802796e-05,-5.6226497401323554e-06
ash,-7.701796971080249e-06,-1.3302071444386432e-05,-2.118298283289607e-05,-1.3966243667950595e-05,-3.9096045353798374e-05
ashamed,-2.0536031481718133e-05,-3.488617529696091e-05,-4.9523419612265134e-05,-3.8424853283086404e-05,-4.060425575913444e-05
ashes,-1.5919840120876622e-05,-3.080860490344571e-05,3.0911804465047484e-05,8.671028889112606e-05,-3.798290312137399e-05
ashitaka,-0.00010156368975848721,-0.00017953450648711401,-0.00022646966913873395,-0.0001865968005422678,-5.0603847661195274e-05
ashitakahiko,-1.1284854417608704e-05,-1.9948278498566486e-05,-2.5163296570968253e-05,-2.073297783802796e-05,-5.6226497401323554e-06
ashitakasama,-1.6927281626414306e-05,-2.9922417747851945e-05,-3.7744944856455185e-05,-3.109946675704424e-05,-8.43397461019917e-06
asia,-1.3866026995135076e-05,-2.253802623377149e-05,-3.135355783803537e-05,-1.0791163157893955e-05,9.698090599469093e-07
aside,-1.6409539350048765e-05,-2.915860946676804e-05,-2.08384132529457e-05,-4.229658188070906e-05,2.0892199339766078e-05
ask,-4.842489722390467e-06,-6.8007424933103925e-06,-2.916482464097966e-05,-2.707363017616838e-05,-1.1991299107142767e-05
asked,-2.3921104555204982e-05,-4.2012721807789534e-05,-8.668735827758436e-06,-2.5173203001133435e-05,-6.582623180447023e-06
asking,7.192461822155188e-05,-5.946504926932439e-06,3.024455630090147e-05,-1.431530865852585e-05,2.66126190349763e-05
asks,-8.267534381846718e-06,-1.620368610732571e-05,2.4208694940974476e-05,-1.8435669289962392e-05,0.00011209281574915771
asleep,0.00024346228649349666,3.959794634529432e-05,2.7495325895816745e-05,-2.363789434376412e-05,0.00010659546617718746
assembly,-7.928414555517577e-06,-1.3576932814117509e-05,-1.7396337793241638e-05,-1.529887540016259e-05,7.386564149086249e-07
asses,-9.260811473136898e-06,-1.6652504432408217e-05,-3.465533999120868e-05,0.00014786839378884208,5.6998877024992504e-06
assignment,-3.171365822207031e-05,-5.4307731256470036e-05,-6.958535117296655e-05,-6.119550160065036e-05,2.9546256596344997e-06
assistance,0.00014804685937970692,1.9722020644840115e-05,6.542155072446147e-05,5.24494041257819e-06,-2.0474265573680554e-05
assistant,-1.263373192632355e-05,-2.348450566872571e-05,-1.1726964398678838e-05,6.856687785233482e-05,7.130028203175044e-05
associated,-1.1876361317835143e-05,-1.959440491397145e-05,-2.7839564683578037e-05,-3.1097093471215276e-05,9.079571037693054e-06
assume,-8.740419975390173e-06,-1.5985066980022623e-05,-2.5230472845474032e-05,-3.9275398979919814e-05,-6.820572682755698e-05
assumed,-4.115492097238796e-06,-7.376959731791849e-06,-9.643738266163823e-06,-1.1965423326096818e-05,4.357407002055537e-06
assuming,-8.230984194477592e-06,-1.4753919463583698e-05,-1.9287476532327646e-05,-2.3930846652193635e-05,8.714814004111074e-06
assure,-4.115492097238796e-06,-7.376959731791849e-06,-9.643738266163823e-06,-1.1965423326096818e-05,4.357407002055537e-06
assured,-9.47931274427452e-06,-1.722600125843098e-05,-2.5714515778378864e-05,-3.778244415242036e-05,-4.7078588310430935e-05
astonishing,-4.115492097238796e-06,-7.376959731791849e-06,-9.643738266163823e-06,-1.1965423326096818e-05,4.357407002055537e-06
astride,-5.642427208804352e-06,-9.974139249283243e-06,-1.2581648285484126e-05,-1.036648891901398e-05,-2.8113248700661777e-06
at,-0.0,0.0,0.0,0.0,0.0
atami,-4.304026880439619e-05,-7.268338202745418e-05,-8.559180402750045e-05,-6.789424708555157e-05,8.046143120052055e-06
ate,0.0001128293752680096,3.942249295617994e-06,-6.655846071036907e-06,-3.3400414016393704e-05,5.646708818322931e-05
atkin,-4.115492097238796e-06,-7.376959731791849e-06,-9.643738266163823e-06,-1.1965423326096818e-05,4.357407002055537e-06
atlantic,-1.0958080884953333e-05,-1.83201697846655e-05,-2.4386477985553007e-05,-1.525906747569828e-05,9.021932316191184e-07
atlantis,-9.260811473136898e-06,-1.6652504432408217e-05,-3.465533999120868e-05,0.00014786839378884208,5.6998877024992504e-06
atmosphere,-2.310539091324365e-05,-3.9906214333164295e-05,-6.354894849869618e-05,-4.1898731003857047e-05,-0.00011728813606140987
attached,-1.0310919426322938e-05,-2.2826063759448474e-05,0.00010879576173084651,1.4648052819501154e-05,-3.167533546792437e-05
attack,-4.5079789182852057e-05,-7.80297884202106e-05,-0.00011565734349704155,-3.728128238849875e-05,-7.698707275459132e-05
attacked,-2.4056648522993663e-05,-4.422555429219654e-05,-1.100052674219388e-05,3.166140858818687e-05,-4.332790606995825e-05
attacking,-2.3492318706131034e-05,-3.9786724711465916e-05,-5.390729804756917e-05,-4.634461948417346e-05,7.7735850924096e-06
attacks,-4.115492097238796e-06,-7.376959731791849e-06,-9.643738266163823e-06,-1.1965423326096818e-05,4.357407002055537e-06
attempts,-4.115492097238796e-06,-7.376959731791849e-06,-9.643738266163823e-06,-1.1965423326096818e-05,4.357407002055537e-06
attention,3.742580038603205e-05,7.357322031198237e-05,-3.434964838466538e-05,-3.4479262912236185e-05,-1.750689928496692e-05
attitude,-6.148609829199116e-06,-1.0383340289635737e-05,-1.2227400575356544e-05,-9.699178155078256e-06,1.1494490171502262e-06
attract,-8.267534381846718e-06,-1.620368610732571e-05,2.4208694940974476e-05,-1.8435669289962392e-05,0.00011209281574915771
audacious,-7.928414555517577e-06,-1.3576932814117509e-05,-1.7396337793241638e-05,-1.529887540016259e-05,7.386564149086249e-07
audience,-8.740419975390173e-06,-1.5985066980022623e-05,-2.5230472845474032e-05,-3.9275398979919814e-05,-6.820572682755698e-05
august,-8.740419975390173e-06,-1.5985066980022623e-05,-2.5230472845474032e-05,-3.9275398979919814e-05,-6.820572682755698e-05
aunt,-2.266673257395418e-05,-3.6963258570810974e-05,-5.0907412638067255e-05,-5.2517046196437143e-05,1.1750989611473743e-05
auntie,-9.375315735464991e-05,-0.00016827677263779408,-0.000341640616787529,0.0014094324957158017,5.465431271384709e-05
aunty,-3.5973943436102904e-05,-5.7591339118923045e-05,-8.433743833099065e-05,-9.062603501320563e-05,2.3869117485365062e-05
authorities,-1.3258681463500312e-05,-2.2057828811065374e-05,-3.0229375344651086e-05,-1.677957962493785e-05,3.928025240275011e-06
automatically,-7.928414555517577e-06,-1.3576932814117509e-05,-1.7396337793241638e-05,-1.529887540016259e-05,7.386564149086249e-07
automobile,-9.260811473136898e-06,-1.6652504432408217e-05,-3.465533999120868e-05,0.00014786839378884208,5.6998877024992504e-06
autumn,-4.739656372137684e-05,-8.613000629216266e-05,-0.00012857257889190596,-0.00018891222076211877,-0.00023539294155217595
avant,-7.928414555517577e-06,-1.3576932814117509e-05,-1.7396337793241638e-05,-1.529887540016259e-05,7.386564149086249e-07
avenge,-5.642427208804352e-06,-9.974139249283243e-06,-1.2581648285484126e-05,-1.036648891901398e-05,-2.8113248700661777e-06
average,-6.148609829199116e-06,-1.0383340289635737e-05,-1.2227400575356544e-05,-9.699178155078256e-06,1.1494490171502262e-06
aviation,-1.0829150120111823e-05,-1.866421584262299e-05,-2.2277110820478178e-05,-1.9248913049672594e-05,5.623683450639227e-07
aviators,-6.933013497566917e-06,-1.126901311688474e-05,-1.567677891901629e-05,-5.3955815789465e-06,4.849045299734206e-07
aw,-2.2760607325651113e-05,-4.087567783681048e-05,-7.243870679553352e-05,0.00019159352646809811,1.8044437932341495e-05
await,-7.701796971080249e-06,-1.3302071444386432e-05,-2.118298283289607e-05,-1.3966243667950595e-05,-3.9096045353798374e-05
awaiting,-1.1427882694008294e-05,-2.0439854689547884e-05,-2.805361394382588e-05,-3.692801385940159e-05,-5.027380469534556e-05
awaits,-8.740419975390173e-06,-1.5985066980022623e-05,-2.5230472845474032e-05,-3.9275398979919814e-05,-6.820572682755698e-05
awake,-1.5286554039209847e-05,-2.5941596795904742e-05,-3.93324506728853e-05,-5.123411671768627e-05,-4.442488943073377e-05
awakened,-9.260811473136898e-06,-1.6652504432408217e-05,-3.465533999120868e-05,0.00014786839378884208,5.6998877024992504e-06
aware,-4.115492097238796e-06,-7.376959731791849e-06,-9.643738266163823e-06,-1.1965423326096818e-05,4.357407002055537e-06
awawawawa,-5.642427208804352e-06,-9.974139249283243e-06,-1.2581648285484126e-05,-1.036648891901398e-05,-2.8113248700661777e-06
away,-0.0,0.0,0.0,0.0,0.0
awesome,0.0008087521308021022,0.0001997626344554019,4.759404271865575e-05,1.4111865795788491e-05,-1.7682339390927557e-06
awful,0.00019194945624985955,3.681962524659293e-05,-1.3855301213274445e-05,0.00011249929251550373,3.768212141955672e-06
awfully,-9.260811473136898e-06,-1.6652504432408217e-05,-3.465533999120868e-05,0.00014786839378884208,5.6998877024992504e-06
awhile,-8.195282746321965e-05,0.00017265498337932386,-1.099225159245107e-05,-1.958877767341162e-05,-5.385933134774613e-07
axed,-7.928414555517577e-06,-1.3576932814117509e-05,-1.7396337793241638e-05,-1.529887540016259e-05,7.386564149086249e-07
axes,-6.933013497566917e-06,-1.126901311688474e-05,-1.567677891901629e-05,-5.3955815789465e-06,4.849045299734206e-07
ayabe,-8.740419975390173e-06,-1.5985066980022623e-05,-2.5230472845474032e-05,-3.9275398979919814e-05,-6.820572682755698e-05
ayeaye,0.00026958404360068357,6.658754481846307e-05,1.5864680906217585e-05,4.703955265262531e-06,-5.894113130308773e-07
b,-6.148609829199116e-06,-1.0383340289635737e-05,-1.2227400575356544e-05,-9.699178155078256e-06,1.1494490171502262e-06
ba,-7.335155371446292e-05,-0.0001296638102406933,-0.00016356142771130767,-0.00013476435594719327,-3.6547223310863325e-05
babababa,-1.1991314478700102e-05,-1.919711303963962e-05,-2.8112479443661385e-05,-3.0208678337733182e-05,7.956372495121113e-06
bababababa,-1.1991314478700102e-05,-1.919711303963962e-05,-2.8112479443661385e-05,-3.0208678337733182e-05,7.956372495121113e-06
babble,-5.642427208804352e-06,-9.974139249283243e-06,-1.2581648285484126e-05,-1.036648891901398e-05,-2.8113248700661777e-06
babbling,-5.642427208804352e-06,-9.974139249283243e-06,-1.2581648285484126e-05,-1.036648891901398e-05,-2.8113248700661777e-06
baby,3.16616349065874e-05,-2.0462552221922458e-05,8.081094286683739e-06,-2.1276009664973697e-05,6.479877550732914e-05
back,-0.0,0.0,0.0,0.0,0.0
backed,-6.933013497566917e-06,-1.126901311688474e-05,-1.567677891901629e-05,-5.3955815789465e-06,4.849045299734206e-07
backing,-6.933013497566917e-06,-1.126901311688474e-05,-1.567677891901629e-05,-5.3955815789465e-06,4.849045299734206e-07
backs,-1.0637321244643162e-05,-2.2270213414548852e-05,7.310979060368658e-05,1.978038104284252e-06,-2.0142887256128975e-05
backstabber,-6.758156667650127e-06,-1.173561085338378e-05,-1.2816040009493688e-05,-1.0806638821821616e-05,2.4031576469201507e-08
backward,-1.5856829111035153e-05,-2.7153865628235018e-05,-3.4792675586483276e-05,-3.059775080032518e-05,1.4773128298172499e-06
backwater,-5.642427208804352e-06,-9.974139249283243e-06,-1.2581648285484126e-05,-1.036648891901398e-05,-2.8113248700661777e-06
backwoods,-5.642427208804352e-06,-9.974139249283243e-06,-1.2581648285484126e-05,-1.036648891901398e-05,-2.8113248700661777e-06
bacon,-2.890435402013022e-05,-6.24402216642476e-05,0.0002585121089655368,1.8808696348922955e-05,1.2584219806247832e-05
bad,2.4611929355962235e-05,-3.283333223792076e-06,2.366228011918924e-05,1.3284943559854405e-05,1.6929726408354512e-05
badger,-7.701796971080249e-06,-1.3302071444386432e-05,-2.118298283289607e-05,-1.3966243667950595e-05,-3.9096045353798374e-05
badgers,-4.115492097238796e-06,-7.376959731791849e-06,-9.643738266163823e-06,-1.1965423326096818e-05,4.357407002055537e-06
badly,-1.3698831553743693e-05,-2.877860421164756e-05,9.807089796909202e-05,-2.7928007655948944e-06,5.9295866476501694e-05
bag,9.631012884589484e-05,-2.3244103333550483e-05,-7.214205628667769e-05,0.00010515228281686273,5.736479931064269e-06
baggage,-3.080718788432536e-05,-5.320828577755322e-05,-8.473193133159626e-05,-5.586497467181023e-05,-0.00015638418141521556
bags,-1.1284854417608704e-05,-1.9948278498566486e-05,-2.5163296570968253e-05,-2.073297783802796e-05,-5.6226497401323554e-06
bait,-1.1284854417608704e-05,-1.9948278498566486e-05,-2.5163296570968253e-05,-2.073297783802796e-05,-5.6226497401323554e-06
bake,-1.3516313335301455e-05,-2.347122170676966e-05,-2.5632080018989662e-05,-2.1613277643645184e-05,4.8063152938380925e-08
baker,-6.758156667650127e-06,-1.173561085338378e-05,-1.2816040009493688e-05,-1.0806638821821616e-05,2.4031576469201507e-08
bakery,-2.753528107792924e-05,-5.1443841203765135e-05,4.242095325828881e-05,-2.107237208256666e-05,-2.3284944558793597e-05
bal,-4.630405736569085e-05,-8.326252216205257e-05,-0.0001732766999560675,0.0007393419689443126,2.8499438512500298e-05
balance,0.0001937947899343257,4.0445099013257706e-05,2.2479167827027805e-06,-4.499816557950485e-06,-4.168830116342962e-07
balcony,-1.0310919426322938e-05,-2.2826063759448474e-05,0.00010879576173084651,1.4648052819501154e-05,-3.167533546792437e-05
ball,-1.2101920644319414e-05,-2.0751726269108426e-05,-2.5142573893586693e-05,-2.3126097497782426e-05,4.908029613491455e-06
balloon,-6.758156667650127e-06,-1.173561085338378e-05,-1.2816040009493688e-05,-1.0806638821821616e-05,2.4031576469201507e-08
balls,-7.919557822076823e-05,0.0001747191667667283,5.3058072529239036e-05,-2.2871035839249566e-05,0.00016471162722752982
balmy,-4.115492097238796e-06,-7.376959731791849e-06,-9.643738266163823e-06,-1.1965423326096818e-05,4.357407002055537e-06
balse,-9.260811473136898e-06,-1.6652504432408217e-05,-3.465533999120868e-05,0.00014786839378884208,5.6998877024992504e-06
bamboo,-0.00027274488570437405,-0.000497535090028998,-0.0007787445595698378,-0.0011931095234953134,-0.002031210450989079
bambooleaf,-9.087054360649962e-05,0.00026936276190924494,2.3540349416308355e-05,5.8534753981287895e-06,-8.025388520741435e-07
ban,-6.148609829199116e-06,-1.0383340289635737e-05,-1.2227400575356544e-05,-9.699178155078256e-06,1.1494490171502262e-06
banana,-2.459443931679762e-05,-4.153336115854492e-05,-4.890960230142851e-05,-3.879671262031485e-05,4.59779606860112e-06
bananas,-6.148609829199116e-06,-1.0383340289635737e-05,-1.2227400575356544e-05,-9.699178155078256e-06,1.1494490171502262e-06
banchan,-6.148609829199116e-06,-1.0383340289635737e-05,-1.2227400575356544e-05,-9.699178155078256e-06,1.1494490171502262e-06
band,-6.758156667650127e-06,-1.173561085338378e-05,-1.2816040009493688e-05,-1.0806638821821616e-05,2.4031576469201507e-08
banished,-1.0310919426322938e-05,-2.2826063759448474e-05,0.00010879576173084651,1.4648052819501154e-05,-3.167533546792437e-05
bank,-1.468782146531337e-05,-2.416595794897984e-05,-3.355594754953761e-05,-3.3555015907957256e-05,6.411283609675723e-06
banker,-6.933013497566917e-06,-1.126901311688474e-05,-1.567677891901629e-05,-5.3955815789465e-06,4.849045299734206e-07
bankrupt,-1.1208131046575647e-05,-2.025700754675581e-05,6.2910122458119775e-06,-1.757198390883542e-05,8.300923439226713e-05
bankruptcy,-6.933013497566917e-06,-1.126901311688474e-05,-1.567677891901629e-05,-5.3955815789465e-06,4.849045299734206e-07
banquet,-6.118293982773998e-05,-0.0001118954688601744,-0.0001766133099183434,-0.0002749277928594781,-0.0004774400877929671
banzai,-2.0199648461736284e-05,-3.37715773546975e-05,-5.19673142713144e-05,-4.287041554293634e-05,-5.178833948096905e-05
bar,-8.230984194477592e-06,-1.4753919463583698e-05,-1.9287476532327646e-05,-2.3930846652193635e-05,8.714814004111074e-06
barbie,-6.148609829199116e-06,-1.0383340289635737e-05,-1.2227400575356544e-05,-9.699178155078256e-06,1.1494490171502262e-06
barbiesan,-6.148609829199116e-06,-1.0383340289635737e-05,-1.2227400575356544e-05,-9.699178155078256e-06,1.1494490171502262e-06
bare,-8.146620737475113e-06,-1.3748616749657121e-05,-1.867009511959345e-05,-1.2801145038956248e-05,3.570480659636475e-06
barefoot,-6.148609829199116e-06,-1.0383340289635737e-05,-1.2227400575356544e-05,-9.699178155078256e-06,1.1494490171502262e-06
barely,-1.926528103684683e-05,-4.0411885408305406e-05,0.00013551213705620437,-6.449923197984925e-07,3.099475723870792e-05
bargain,-1.2714821959218454e-05,-2.5140020787708286e-05,6.866132527316477e-05,6.822313971277324e-06,-2.2998278754488387e-05
barge,-1.5403593942161947e-05,-2.6604142888775358e-05,-4.236596566579612e-05,-2.7932487335903822e-05,-7.81920907076041e-05
barged,-6.933013497566917e-06,-1.126901311688474e-05,-1.567677891901629e-05,-5.3955815789465e-06,4.849045299734206e-07
bark,-5.642427208804352e-06,-9.974139249283243e-06,-1.2581648285484126e-05,-1.036648891901398e-05,-2.8113248700661777e-06
barleyrice,-1.1991314478700102e-05,-1.919711303963962e-05,-2.8112479443661385e-05,-3.0208678337733182e-05,7.956372495121113e-06
barometer,-9.260811473136898e-06,-1.6652504432408217e-05,-3.465533999120868e-05,0.00014786839378884208,5.6998877024992504e-06
barracks,-4.115492097238796e-06,-7.376959731791849e-06,-9.643738266163823e-06,-1.1965423326096818e-05,4.357407002055537e-06
barrier,0.00026958404360068357,6.658754481846307e-05,1.5864680906217585e-05,4.703955265262531e-06,-5.894113130308773e-07
bars,-5.642427208804352e-06,-9.974139249283243e-06,-1.2581648285484126e-05,-1.036648891901398e-05,-2.8113248700661777e-06
bartering,-1.1991314478700102e-05,-1.919711303963962e-05,-2.8112479443661385e-05,-3.0208678337733182e-05,7.956372495121113e-06
baseball,-1.2297219658398232e-05,-2.0766680579271475e-05,-2.445480115071309e-05,-1.9398356310156513e-05,2.2988980343004523e-06
basho,-6.148609829199116e-06,-1.0383340289635737e-05,-1.2227400575356544e-05,-9.699178155078256e-06,1.1494490171502262e-06
basic,-1.363736035078447e-05,-2.3974374855176326e-05,-3.034832418313286e-05,-3.3619824881327826e-05,1.048635500424058e-05
basket,-7.989294304531653e-05,0.00017504156459705912,-1.984991418018632e-05,-5.360340459243326e-05,-0.00010117480117458531
bastard,-3.016494159056313e-05,-5.0373309090634625e-05,-6.928875221798655e-05,-6.74799723098824e-05,5.514474817075466e-06
bastards,-5.642427208804352e-06,-9.974139249283243e-06,-1.2581648285484126e-05,-1.036648891901398e-05,-2.8113248700661777e-06
batch,0.00026958404360068357,6.658754481846307e-05,1.5864680906217585e-05,4.703955265262531e-06,-5.894113130308773e-07
bath,-8.771485177470282e-05,2.5590674349806407e-05,2.3886865623513557e-05,-8.064185100466424e-05,0.00023659163591144918
bathe,-1.3866026995135076e-05,-2.253802623377149e-05,-3.135355783803537e-05,-1.0791163157893955e-05,9.698090599469093e-07
bathhouse,-4.960520629108369e-05,-9.722211664396087e-05,0.00014525216964585667,-0.00011061401573978196,0.0006725568944949921
bathing,-6.148609829199116e-06,-1.0383340289635737e-05,-1.2227400575356544e-05,-9.699178155078256e-06,1.1494490171502262e-06
bathroom,-2.9625096008649214e-05,-5.511958836030439e-05,8.705407154863119e-05,-2.3827306444540083e-05,-2.7019062427047503e-05
baths,-2.1259501273970392e-05,-3.920791255155466e-05,1.7668825942688355e-05,-4.149048569051541e-05,0.00016699847315775073
batter,-7.568240327884655e-06,-1.3095565478678627e-05,-1.612669439406123e-05,-1.597440397537854e-05,4.060482846244693e-06
battered,-4.115492097238796e-06,-7.376959731791849e-06,-9.643738266163823e-06,-1.1965423326096818e-05,4.357407002055537e-06
battle,-3.683728707852559e-05,-6.639812762024904e-05,-3.380329508158531e-06,-5.872410893767248e-05,-4.4743661943029403e-05
battleship,-3.0932758278968805e-05,-6.847819127834545e-05,0.0003263872851925397,4.394415845850346e-05,-9.502600640377318e-05
bay,-4.115492097238796e-06,-7.376959731791849e-06,-9.643738266163823e-06,-1.1965423326096818e-05,4.357407002055537e-06
bbbbut,-6.148609829199116e-06,-1.0383340289635737e-05,-1.2227400575356544e-05,-9.699178155078256e-06,1.1494490171502262e-06
be,-0.0,0.0,0.0,0.0,0.0
beacon,-5.642427208804352e-06,-9.974139249283243e-06,-1.2581648285484126e-05,-1.036648891901398e-05,-2.8113248700661777e-06
bean,-2.3982628957401547e-05,-3.83942260792814e-05,-5.6224958887326e-05,-6.0417356675469624e-05,1.591274499024311e-05
bear,4.6524712597420264e-05,-2.4588518557909878e-05,-2.0001441383363514e-05,-5.456832927406594e-05,-3.5410337768240774e-05
bearer,-5.642427208804352e-06,-9.974139249283243e-06,-1.2581648285484126e-05,-1.036648891901398e-05,-2.8113248700661777e-06
beast,-1.5515898989242575e-05,-2.750271332743828e-05,-3.494206753443784e-05,-3.175391672637601e-05,-3.005859021316717e-06
beasts,-6.860797365418236e-05,-0.00012522040191489437,-0.0001953140930517472,-0.00029724107241894954,-0.0005049881755944391
beat,-5.095867711146084e-05,4.773422703583916e-05,-8.702637833176008e-07,-2.3525802114634437e-05,-1.7663480524503296e-05
beaten,-1.3801047942313147e-05,-2.4872895953602313e-05,-4.230000609041139e-05,5.733582677027138e-05,-3.8126303750933315e-05
beating,-9.742669997188274e-06,-1.6705855252898003e-05,-2.2123885747094754e-05,-1.6184824740197854e-05,1.185507907137919e-06
beatles,-6.148609829199116e-06,-1.0383340289635737e-05,-1.2227400575356544e-05,-9.699178155078256e-06,1.1494490171502262e-06
beats,-1.7817373617231864e-05,-3.191189998512633e-05,-6.038334632522584e-05,0.00021041792240255572,6.3326979952428985e-06
beautiful,-6.280213654123814e-05,5.641440802638775e-06,-1.5820110393793446e-05,-0.00011360177271535836,-0.0001422451855481699
beautifully,-1.097495870077032e-05,-1.908120101726029e-05,-2.32644269075793e-05,-2.2222399753132714e-05,2.9886523696554123e-06
beauty,-2.8980197352493614e-05,-5.2097788652721544e-05,-7.654442834448326e-05,-0.00010693988384298067,-0.00015880436206737626
bebefore,-6.148609829199116e-06,-1.0383340289635737e-05,-1.2227400575356544e-05,-9.699178155078256e-06,1.1494490171502262e-06
became,2.870607509931118e-05,5.5801686485668715e-05,-3.283142883151814e-05,-4.6706135071244936e-05,-3.426147479525308e-05
because,-2.4172728920255147e-05,-1.5363934768511133e-05,-5.981368815109298e-05,1.7843888019104687e-05,-1.7535935282895152e-05
beckons,-5.642427208804352e-06,-9.974139249283243e-06,-1.2581648285484126e-05,-1.036648891901398e-05,-2.8113248700661777e-06
become,-2.3233728599720783e-06,-1.5644386641344227e-05,-1.540899194335824e-05,1.0201105986331505e-06,-1.077860248818469e-05
becomes,-7.928414555517577e-06,-1.3576932814117509e-05,-1.7396337793241638e-05,-1.529887540016259e-05,7.386564149086249e-07
becoming,-1.7578054210453787e-05,-2.9810223451575647e-05,-4.0607439224535946e-05,-3.50765079261213e-05,-1.3606059539115488e-05
bed,-2.3663044816751754e-05,-4.335450244064363e-05,2.9559304596917248e-05,-2.559799939423814e-05,1.5728052582588856e-05
bedchamber,-1.7480839950781815e-05,-3.197013396004792e-05,-5.046094569095228e-05,-7.85507979598462e-05,-0.00013641145365512534
bedroom,-1.0637321244643162e-05,-2.2270213414548852e-05,7.310979060368658e-05,1.978038104284252e-06,-2.0142887256128975e-05
bedside,-4.115492097238796e-06,-7.376959731791849e-06,-9.643738266163823e-06,-1.1965423326096818e-05,4.357407002055537e-06
bedtime,-9.13063033200035e-06,-1.73872001735964e-05,1.0739477576333792e-05,-2.241625977582846e-05,8.58646258906266e-05
beef,-4.115492097238796e-06,-7.376959731791849e-06,-9.643738266163823e-06,-1.1965423326096818e-05,4.357407002055537e-06
been,-0.0,0.0,0.0,0.0,0.0
befall,-4.115492097238796e-06,-7.376959731791849e-06,-9.643738266163823e-06,-1.1965423326096818e-05,4.357407002055537e-06
before,-0.0,0.0,0.0,0.0,0.0
beg,-3.466586473883997e-05,-6.310397711180908e-05,-5.0331076609507485e-05,8.767778020547237e-05,0.00010589384570897419
began,-3.413142554579992e-05,-6.164902595810862e-05,-8.698310602943991e-05,-0.00011967844056971789,-7.809249622587071e-05
begged,-1.0978433049259357e-05,-1.944275736061192e-05,-2.7619580383368495e-05,-3.611142722184957e-05,-4.9443977622182136e-05
begging,-1.5924065477099124e-05,-2.9012597828613114e-05,-4.4318216662221914e-05,-6.674217785186603e-05,-9.737011269985985e-05
begin,9.43609604528581e-05,7.0905545143982684e-06,-1.9279030104505565e-05,-2.077874405850621e-05,-1.2731468285352236e-05
beginning,-1.7263587692877287e-05,-3.0123530999205394e-05,-4.385117450962172e-05,3.112055921584918e-05,-8.723060681911508e-06
begone,-5.642427208804352e-06,-9.974139249283243e-06,-1.2581648285484126e-05,-1.036648891901398e-05,-2.8113248700661777e-06
begun,-1.251387275572442e-05,-2.266540594667984e-05,-3.282533067291469e-05,-4.660515460539498e-05,-4.386565223143299e-05
beh,-1.3516313335301455e-05,-2.347122170676966e-05,-2.5632080018989662e-05,-2.1613277643645184e-05,4.8063152938380925e-08
behalf,-7.928414555517577e-06,-1.3576932814117509e-05,-1.7396337793241638e-05,-1.529887540016259e-05,7.386564149086249e-07
behave,-1.2924533966200329e-05,-2.422652737137806e-05,-7.702838585090464e-06,9.543727959064452e-05,8.685450465930198e-05
behaved,-6.933013497566917e-06,-1.126901311688474e-05,-1.567677891901629e-05,-5.3955815789465e-06,4.849045299734206e-07
behaving,-6.148609829199116e-06,-1.0383340289635737e-05,-1.2227400575356544e-05,-9.699178155078256e-06,1.1494490171502262e-06
behavior,-5.642427208804352e-06,-9.974139249283243e-06,-1.2581648285484126e-05,-1.036648891901398e-05,-2.8113248700661777e-06
behind,-2.8853254185829882e-05,-5.1183230477028326e-05,-3.845478327065711e-05,-1.4120076035935764e-05,-4.293426087182295e-05
behold,-9.47931274427452e-06,-1.722600125843098e-05,-2.5714515778378864e-05,-3.778244415242036e-05,-4.7078588310430935e-05
being,-2.0534705233298128e-05,-3.791341868675774e-05,7.288123797622916e-06,2.9357907134435155e-05,1.2689531832734515e-05
beings,-1.022956634883028e-05,-1.82332455895601e-05,-2.3498714002371364e-05,-2.528915633041564e-05,4.352940457891223e-06
believe,4.640404672620636e-05,-2.4897100279687673e-05,2.1789449026093266e-05,-1.52984287727256e-05,1.6398907328806927e-05
believed,-1.8521622946275386e-05,-3.330500886481932e-05,-6.931067998242342e-05,0.0002957367875777097,1.1399775404999465e-05
believes,-1.0310919426322938e-05,-2.2826063759448474e-05,0.00010879576173084651,1.4648052819501154e-05,-3.167533546792437e-05
believing,-8.740419975390173e-06,-1.5985066980022623e-05,-2.5230472845474032e-05,-3.9275398979919814e-05,-6.820572682755698e-05
bellies,-4.115492097238796e-06,-7.376959731791849e-06,-9.643738266163823e-06,-1.1965423326096818e-05,4.357407002055537e-06
bellows,-6.758156667650127e-06,-1.173561085338378e-05,-1.2816040009493688e-05,-1.0806638821821616e-05,2.4031576469201507e-08
bells,-6.758156667650127e-06,-1.173561085338378e-05,-1.2816040009493688e-05,-1.0806638821821616e-05,2.4031576469201507e-08
belly,-5.642427208804352e-06,-9.974139249283243e-06,-1.2581648285484126e-05,-1.036648891901398e-05,-2.8113248700661777e-06
belneldi,-6.933013497566917e-06,-1.126901311688474e-05,-1.567677891901629e-05,-5.3955815789465e-06,4.849045299734206e-07
belong,-1.335900496594211e-05,-2.572365695785152e-05,4.701047460771056e-05,-6.50263633554924e-07,-1.9847176311846208e-05
belonging,-8.740419975390173e-06,-1.5985066980022623e-05,-2.5230472845474032e-05,-3.9275398979919814e-05,-6.820572682755698e-05
belongs,-5.46175671753863e-05,6.939406196330625e-05,3.571392927505794e-05,-2.1316601798740507e-05,3.193543277268589e-05
beloved,0.0001929318997365813,3.908739940936624e-05,-1.1293679178097378e-06,-7.812169287711246e-06,1.1004594526294738e-07
below,-2.6550215672524295e-05,-4.897976817274778e-05,-2.622401787389951e-05,0.0001495815737196897,-4.75313269073249e-05
belt,-9.260811473136898e-06,-1.6652504432408217e-05,-3.465533999120868e-05,0.00014786839378884208,5.6998877024992504e-06
beneath,-1.5403593942161947e-05,-2.6604142888775358e-05,-4.236596566579612e-05,-2.7932487335903822e-05,-7.81920907076041e-05
beneficial,-6.148609829199116e-06,-1.0383340289635737e-05,-1.2227400575356544e-05,-9.699178155078256e-06,1.1494490171502262e-06
benefit,-1.2346476291717726e-05,-2.213087919537796e-05,-2.8931214798494673e-05,-3.589626997829423e-05,1.3072221006167883e-05
benefits,-1.2101920644319414e-05,-2.0751726269108426e-05,-2.5142573893586693e-05,-2.3126097497782426e-05,4.908029613491455e-06
bengal,-6.933013497566917e-06,-1.126901311688474e-05,-1.567677891901629e-05,-5.3955815789465e-06,4.849045299734206e-07
benibana,-1.8445829487598546e-05,-3.115002086890924e-05,-3.668220172607203e-05,-2.909753446523663e-05,3.4483470514509546e-06
benibanadye,-1.2297219658398232e-05,-2.0766680579271475e-05,-2.445480115071309e-05,-1.9398356310156513e-05,2.2988980343004523e-06
berneldi,-2.0799040492703234e-05,-3.380703935065825e-05,-4.703033675705444e-05,-1.6186744736841448e-05,1.45471358992044e-06
bertha,-2.703262667060416e-05,-4.694244341354145e-05,-5.126416003798168e-05,-4.3226555287292346e-05,9.612630587679483e-08
beside,-9.839369903605993e-06,-1.716272477754985e-05,-2.4896366454435814e-05,-1.7941751686814237e-05,-3.0900418919936764e-05
besides,-2.4619430867198507e-05,-4.161563422459894e-05,-6.60372175409207e-05,8.945114882938028e-05,7.470912893802153e-06
best,1.9720708429480715e-05,-1.3922277974691887e-05,1.1061272199933456e-05,-4.682292403430586e-06,5.449738753205506e-06
bestest,-8.740419975390173e-06,-1.5985066980022623e-05,-2.5230472845474032e-05,-3.9275398979919814e-05,-6.820572682755698e-05
bestow,-8.740419975390173e-06,-1.5985066980022623e-05,-2.5230472845474032e-05,-3.9275398979919814e-05,-6.820572682755698e-05
bestowed,-6.758156667650127e-06,-1.173561085338378e-05,-1.2816040009493688e-05,-1.0806638821821616e-05,2.4031576469201507e-08
bet,-2.70051141858738e-05,-4.9721073695266964e-05,3.4468808238899496e-05,-2.6110121164902787e-05,-1.66237891077082e-05
betrayal,-4.115492097238796e-06,-7.376959731791849e-06,-9.643738266163823e-06,-1.1965423326096818e-05,4.357407002055537e-06
betrayed,-5.642427208804352e-06,-9.974139249283243e-06,-1.2581648285484126e-05,-1.036648891901398e-05,-2.8113248700661777e-06
bets,-2.7732053990271395e-05,-4.5076052467545005e-05,-6.270711567607355e-05,-2.158232631578889e-05,1.939618119894e-06
better,4.463804180766064e-05,-3.6005548503167716e-05,8.703422714579616e-05,-4.8236137952766605e-05,3.087381965473346e-05
between,3.973765610184847e-05,-1.577011889339054e-05,-3.556981509633533e-05,-3.194025442356712e-05,-1.2730977358190812e-05
beyond,7.548638060307448e-05,-2.837493401688013e-05,-3.514890381956932e-05,0.00021792046322204235,-5.054921885557889e-05
bicycle,-1.1079200281734145e-05,-2.0601053604713304e-05,8.400379410886776e-06,-2.1561829482809725e-05,8.266940950571196e-05
bid,-7.195006337380369e-06,-1.2793840901311246e-05,-1.6387899107835544e-05,-1.6466445877440998e-05,1.1400043788932677e-06
big,-4.840228597562558e-05,1.2567883264301663e-05,3.058490520302048e-05,-2.806382645562791e-05,6.155747846435328e-05
bigger,0.0002366669625550628,2.25938527502223e-05,-1.384961914192325e-05,-5.975401214693812e-05,8.83202039073926e-06
biggg,-9.087054360649962e-05,0.00026936276190924494,2.3540349416308355e-05,5.8534753981287895e-06,-8.025388520741435e-07
bike,-6.758156667650127e-06,-1.173561085338378e-05,-1.2816040009493688e-05,-1.0806638821821616e-05,2.4031576469201507e-08
bill,-1.6213131633867772e-05,-2.8435946106882496e-05,-1.1514568473121432e-05,-2.3111030923722617e-05,6.435482334663402e-05
bills,-3.3706924367601125e-05,-5.529467705669844e-05,-7.646649624488162e-05,-3.269331796886421e-05,5.358203562829144e-06
bingo,0.00026958404360068357,6.658754481846307e-05,1.5864680906217585e-05,4.703955265262531e-06,-5.894113130308773e-07
bird,-1.9304700613337467e-05,-3.642197442334324e-05,2.051858490703388e-05,-3.191483277818405e-05,-2.573263272797781e-05
birdie,-6.758156667650127e-06,-1.173561085338378e-05,-1.2816040009493688e-05,-1.0806638821821616e-05,2.4031576469201507e-08
birdlouse,-7.701796971080249e-06,-1.3302071444386432e-05,-2.118298283289607e-05,-1.3966243667950595e-05,-3.9096045353798374e-05
birds,-6.51843292217437e-05,-0.0001192940706436137,-0.00017110562144831607,-9.701470423697496e-05,-0.0003312403540859348
birreta,-6.933013497566917e-06,-1.126901311688474e-05,-1.567677891901629e-05,-5.3955815789465e-06,4.849045299734206e-07
birth,-1.7480839950781815e-05,-3.197013396004792e-05,-5.046094569095228e-05,-7.85507979598462e-05,-0.00013641145365512534
birthday,-2.1340045556406563e-05,-3.7764433246564024e-05,-2.2946076700945322e-05,-3.9029609209325464e-05,5.640454149981899e-05
bit,-2.422558690279855e-05,-5.131989319336432e-06,1.7758873558427904e-05,-6.946985053805988e-06,2.4138870222302853e-05
bitc,-5.642427208804352e-06,-9.974139249283243e-06,-1.2581648285484126e-05,-1.036648891901398e-05,-2.8113248700661777e-06
bitch,-9.272507051955668e-06,-1.566364827447067e-05,-2.083636443835738e-05,-1.1622170010447936e-05,-1.7153871194661645e-06
bite,-1.8162981901939985e-05,-3.417612240470442e-05,2.7286465542532536e-05,-2.0384417363039125e-05,2.9973336405163375e-05
bits,-4.115492097238796e-06,-7.376959731791849e-06,-9.643738266163823e-06,-1.1965423326096818e-05,4.357407002055537e-06
bitten,-1.1991314478700102e-05,-1.919711303963962e-05,-2.8112479443661385e-05,-3.0208678337733182e-05,7.956372495121113e-06
bizarre,-1.2346476291717726e-05,-2.213087919537796e-05,-2.8931214798494673e-05,-3.589626997829423e-05,1.3072221006167883e-05
black,-0.00019913428399800738,0.00043745503758953105,3.0330516961335538e-05,9.937488413213485e-06,4.941904790285684e-05
blackballed,-6.933013497566917e-06,-1.126901311688474e-05,-1.567677891901629e-05,-5.3955815789465e-06,4.849045299734206e-07
blacked,-8.267534381846718e-06,-1.620368610732571e-05,2.4208694940974476e-05,-1.8435669289962392e-05,0.00011209281574915771
blackened,-8.740419975390173e-06,-1.5985066980022623e-05,-2.5230472845474032e-05,-3.9275398979919814e-05,-6.820572682755698e-05
blackie,-9.087054360649962e-05,0.00026936276190924494,2.3540349416308355e-05,5.8534753981287895e-06,-8.025388520741435e-07
blade,-5.642427208804352e-06,-9.974139249283243e-06,-1.2581648285484126e-05,-1.036648891901398e-05,-2.8113248700661777e-06
blame,-1.3880874185840489e-05,-2.4067265407290118e-05,-2.7728119848524042e-05,-2.526174537112299e-05,3.2424637371699427e-06
blaming,-1.0310919426322938e-05,-2.2826063759448474e-05,0.00010879576173084651,1.4648052819501154e-05,-3.167533546792437e-05
blank,-4.115492097238796e-06,-7.376959731791849e-06,-9.643738266163823e-06,-1.1965423326096818e-05,4.357407002055537e-06
blanket,-8.230984194477592e-06,-1.4753919463583698e-05,-1.9287476532327646e-05,-2.3930846652193635e-05,8.714814004111074e-06
blast,-7.701796971080249e-06,-1.3302071444386432e-05,-2.118298283289607e-05,-1.3966243667950595e-05,-3.9096045353798374e-05
blasted,-1.0310919426322938e-05,-2.2826063759448474e-05,0.00010879576173084651,1.4648052819501154e-05,-3.167533546792437e-05
blasting,-9.260811473136898e-06,-1.6652504432408217e-05,-3.465533999120868e-05,0.00014786839378884208,5.6998877024992504e-06
blaze,-1.0310919426322938e-05,-2.2826063759448474e-05,0.00010879576173084651,1.4648052819501154e-05,-3.167533546792437e-05
blazing,-7.701796971080249e-06,-1.3302071444386432e-05,-2.118298283289607e-05,-1.3966243667950595e-05,-3.9096045353798374e-05
bleah,-6.148609829199116e-06,-1.0383340289635737e-05,-1.2227400575356544e-05,-9.699178155078256e-06,1.1494490171502262e-06
bleeding,-2.4732963694477645e-05,-4.76299830262281e-05,3.494717652877075e-05,-6.974038166801096e-05,0.00019766354504548
bleeds,-8.267534381846718e-06,-1.620368610732571e-05,2.4208694940974476e-05,-1.8435669289962392e-05,0.00011209281574915771
blegh,-7.21764359842653e-05,-0.0001597824463161499,0.0007615703321159752,0.00010253636973651465,-0.00022172734827548513
blessed,-2.622125992617345e-05,-4.7955200940073226e-05,-7.569141853643049e-05,-0.00011782619693977263,-0.00020461718048269366
blessing,-8.740419975390173e-06,-1.5985066980022623e-05,-2.5230472845474032e-05,-3.9275398979919814e-05,-6.820572682755698e-05
blew,-1.1284854417608704e-05,-1.9948278498566486e-05,-2.5163296570968253e-05,-2.073297783802796e-05,-5.6226497401323554e-06
blind,-2.0751904717024203e-05,-3.895765056231774e-05,3.1064349239307954e-06,4.524306220071846e-05,-8.18257493324957e-05
bloated,-5.642427208804352e-06,-9.974139249283243e-06,-1.2581648285484126e-05,-1.036648891901398e-05,-2.8113248700661777e-06
blob,-1.0310919426322938e-05,-2.2826063759448474e-05,0.00010879576173084651,1.4648052819501154e-05,-3.167533546792437e-05
block,-2.0799040492703234e-05,-3.380703935065825e-05,-4.703033675705444e-05,-1.6186744736841448e-05,1.45471358992044e-06
blocked,-1.0988909971580377e-05,-1.963316809909294e-05,-3.48302152692598e-05,0.00010138709348903198,2.1298831475686264e-06
blood,0.000618004798706587,0.00011837369379391201,2.930681180174224e-05,-2.858321433044172e-05,9.991418776690641e-05
bloodline,-5.642427208804352e-06,-9.974139249283243e-06,-1.2581648285484126e-05,-1.036648891901398e-05,-2.8113248700661777e-06
bloodshed,-7.701796971080249e-06,-1.3302071444386432e-05,-2.118298283289607e-05,-1.3966243667950595e-05,-3.9096045353798374e-05
bloodthirsty,-7.701796971080249e-06,-1.3302071444386432e-05,-2.118298283289607e-05,-1.3966243667950595e-05,-3.9096045353798374e-05
bloom,-1.251387275572442e-05,-2.266540594667984e-05,-3.282533067291469e-05,-4.660515460539498e-05,-4.386565223143299e-05
bloomed,-8.740419975390173e-06,-1.5985066980022623e-05,-2.5230472845474032e-05,-3.9275398979919814e-05,-6.820572682755698e-05
blooming,-6.933013497566917e-06,-1.126901311688474e-05,-1.567677891901629e-05,-5.3955815789465e-06,4.849045299734206e-07
blossoming,-4.115492097238796e-06,-7.376959731791849e-06,-9.643738266163823e-06,-1.1965423326096818e-05,4.357407002055537e-06
blossoms,-2.622125992617345e-05,-4.7955200940073226e-05,-7.569141853643049e-05,-0.00011782619693977263,-0.00020461718048269366
blow,0.00010745796768961812,-2.5132352128161298e-05,-7.855545874368615e-05,-4.7117179045492865e-05,-9.825315545500294e-05
blowing,-1.136214396208465e-05,-1.993489267646031e-05,-3.45690105554855e-05,0.00010187913539109443,5.050361614920078e-06
blown,-2.3791191189937522e-05,-4.011477458382198e-05,-4.9078488968992995e-05,-4.617922349811027e-05,5.919794040945182e-06
blows,-1.7513662948069823e-05,-3.22939192489036e-05,3.47309397945334e-05,-1.7235138737659118e-05,-3.6665769624590764e-05
blue,-3.303073087546462e-05,-5.878833055606077e-05,-5.830977630574794e-05,-7.298062440127179e-05,9.967383175546967e-06
blugh,-1.0310919426322938e-05,-2.2826063759448474e-05,0.00010879576173084651,1.4648052819501154e-05,-3.167533546792437e-05
bluh,-1.0310919426322938e-05,-2.2826063759448474e-05,0.00010879576173084651,1.4648052819501154e-05,-3.167533546792437e-05
boar,-7.301189394772086e-05,-0.00012945757597919598,-0.00016703704829665854,-0.00015125950049092322,-8.34584315911082e-05
board,-2.2504197276193174e-05,-3.766306627151493e-05,-5.788897781409119e-05,2.8171652541791396e-05,-9.069511355852124e-06
boarded,-9.47931274427452e-06,-1.722600125843098e-05,-2.5714515778378864e-05,-3.778244415242036e-05,-4.7078588310430935e-05
boarding,-1.2131497248074835e-05,-2.040325907910155e-05,-2.8652684021925767e-05,-1.6963208064164893e-05,-2.186677671663158e-05
boars,-4.513941767043863e-05,-7.979311399427267e-05,-0.0001006531862838815,-8.293191135211877e-05,-2.2490598960531194e-05
boat,0.0009619611451342935,0.0001503882090850024,-8.024087048885857e-05,-5.387650821442791e-05,1.022220393187644e-05
boats,-6.933013497566917e-06,-1.126901311688474e-05,-1.567677891901629e-05,-5.3955815789465e-06,4.849045299734206e-07
bodies,-1.5403593942161947e-05,-2.6604142888775358e-05,-4.236596566579612e-05,-2.7932487335903822e-05,-7.81920907076041e-05
body,-2.680290299391926e-05,-4.827105066571785e-05,-3.141261645669445e-05,2.572586998890721e-05,-1.589365552394199e-05
bodyguard,-1.3866026995135076e-05,-2.253802623377149e-05,-3.135355783803537e-05,-1.0791163157893955e-05,9.698090599469093e-07
bodyguards,-6.933013497566917e-06,-1.126901311688474e-05,-1.567677891901629e-05,-5.3955815789465e-06,4.849045299734206e-07
bogeyman,-4.115492097238796e-06,-7.376959731791849e-06,-9.643738266163823e-06,-1.1965423326096818e-05,4.357407002055537e-06
boil,-8.267534381846718e-06,-1.620368610732571e-05,2.4208694940974476e-05,-1.8435669289962392e-05,0.00011209281574915771
boiled,-9.260811473136898e-06,-1.6652504432408217e-05,-3.465533999120868e-05,0.00014786839378884208,5.6998877024992504e-06
boiler,0.00021654798122309546,-1.1419919754466082e-05,6.253814998746361e-05,-1.1255783331223056e-06,0.00037532138268890977
boiling,-7.928414555517577e-06,-1.3576932814117509e-05,-1.7396337793241638e-05,-1.529887540016259e-05,7.386564149086249e-07
bomb,-2.5883969366360608e-05,-4.53723690379738e-05,-1.2700831291830376e-05,2.579094087908578e-05,-3.160377373645127e-06
bombed,-1.6444562539578498e-05,-3.098580895202262e-05,5.949185570918018e-05,-1.147363446098171e-05,-1.7489188376431768e-05
bomber,-4.757048733310553e-05,-8.146159688470517e-05,-0.00010437802675944997,-9.179325240097559e-05,4.431938489451879e-06
bombing,-1.1991314478700102e-05,-1.919711303963962e-05,-2.8112479443661385e-05,-3.0208678337733182e-05,7.956372495121113e-06
bombings,-1.1991314478700102e-05,-1.919711303963962e-05,-2.8112479443661385e-05,-3.0208678337733182e-05,7.956372495121113e-06
bombs,-3.640272909649552e-05,-7.199983953658715e-05,0.0001652075078904059,5.038121023935225e-05,-8.134533946793047e-05
bon,-2.0621838852645876e-05,-4.565212751889695e-05,0.00021759152346169302,2.929610563900231e-05,-6.335067093584874e-05
bond,-4.115492097238796e-06,-7.376959731791849e-06,-9.643738266163823e-06,-1.1965423326096818e-05,4.357407002055537e-06
bonds,-1.0790984303700734e-05,-1.8117500625895715e-05,-2.7178562466193728e-05,-1.4276450848329497e-05,-2.846994263919355e-05
bone,-1.3940030852066346e-05,-2.707081354009322e-05,4.600675031923502e-05,-6.430918598772264e-06,-1.9699058713796028e-05
bones,-3.2098130471229744e-05,-5.4549553719269576e-05,-7.171530984849651e-05,-6.545561805880108e-05,3.086863630694528e-06
book,-0.0001703511125191452,0.0004529899193525563,1.7797017719429682e-05,-4.222275542753967e-06,2.195836612087219e-07
boom,-8.88058017037804e-06,-1.545036241150608e-05,-1.9938012655031165e-05,-2.0103343342691335e-05,3.757584729978528e-06
boomed,-6.148609829199116e-06,-1.0383340289635737e-05,-1.2227400575356544e-05,-9.699178155078256e-06,1.1494490171502262e-06
boots,-7.701796971080249e-06,-1.3302071444386432e-05,-2.118298283289607e-05,-1.3966243667950595e-05,-3.9096045353798374e-05
border,-1.0310919426322938e-05,-2.2826063759448474e-05,0.00010879576173084651,1.4648052819501154e-05,-3.167533546792437e-05
borderland,-1.5403593942161947e-05,-2.6604142888775358e-05,-4.236596566579612e-05,-2.7932487335903822e-05,-7.81920907076041e-05
borderlands,-7.701796971080249e-06,-1.3302071444386432e-05,-2.118298283289607e-05,-1.3966243667950595e-05,-3.9096045353798374e-05
borders,-7.701796971080249e-06,-1.3302071444386432e-05,-2.118298283289607e-05,-1.3966243667950595e-05,-3.9096045353798374e-05
bore,-9.47931274427452e-06,-1.722600125843098e-05,-2.5714515778378864e-05,-3.778244415242036e-05,-4.7078588310430935e-05
bored,-6.148609829199116e-06,-1.0383340289635737e-05,-1.2227400575356544e-05,-9.699178155078256e-06,1.1494490171502262e-06
boring,-1.3227806958799948e-05,-2.2666757793921942e-05,-2.7308843212350594e-05,-2.1947122469274097e-05,-3.778381656112061e-07
born,3.40251426450672e-05,-2.6142826268464837e-05,-5.7127998335313016e-05,-2.1544032203721375e-05,-7.363982144283718e-05
borrow,-1.714313766905411e-05,-2.881224038978515e-05,-4.549578151397933e-05,4.602949836712086e-05,7.063464933471861e-06
borrowed,-1.0095190687208893e-05,-1.696247018077402e-05,-2.1009193285040464e-05,-1.1946714745937499e-05,3.7526427472185993e-07
boss,-5.4936430065554075e-05,-9.70639567811727e-05,-0.00015585513323046837,0.0005376285506476875,7.444269981195633e-05
bosses,-1.5856829111035153e-05,-2.7153865628235018e-05,-3.4792675586483276e-05,-3.059775080032518e-05,1.4773128298172499e-06
both,4.116550215116436e-06,-1.697809710583782e-05,-2.2665679963169377e-06,3.439430866857578e-06,-7.791688061104656e-06
bother,0.00023862602169236224,3.405864623157722e-05,-2.2421507069855293e-05,-2.03113335651685e-05,6.134706516009692e-07
bothering,-1.2585891194376948e-05,-2.5484066845665767e-05,7.077069243823955e-05,2.832468397303005e-06,-2.3338103641043575e-05
bothriolepis,0.00026958404360068357,6.658754481846307e-05,1.5864680906217585e-05,4.703955265262531e-06,-5.894113130308773e-07
bottle,-1.1991314478700102e-05,-1.919711303963962e-05,-2.8112479443661385e-05,-3.0208678337733182e-05,7.956372495121113e-06
bottom,-5.1726052895985713e-05,4.5147381055378596e-05,-1.184292576556626e-05,6.301947013509265e-05,9.724791847146093e-05
bought,-2.4910309897074304e-05,-4.2220624901825204e-05,-3.5064924843218666e-05,-5.390241291197033e-05,6.22062886403763e-05
bound,-5.642427208804352e-06,-9.974139249283243e-06,-1.2581648285484126e-05,-1.036648891901398e-05,-2.8113248700661777e-06
boundless,-4.115492097238796e-06,-7.376959731791849e-06,-9.643738266163823e-06,-1.1965423326096818e-05,4.357407002055537e-06
bountiful,-5.642427208804352e-06,-9.974139249283243e-06,-1.2581648285484126e-05,-1.036648891901398e-05,-2.8113248700661777e-06
bounty,-3.466506748783958e-05,-5.634506558443176e-05,-7.838389459509266e-05,-2.6977907894736373e-05,2.4245226498675355e-06
bouquet,-1.7304201367126084e-05,-3.2204803032103343e-05,2.4141304716681586e-05,-3.116553323168918e-05,0.0001656609242038958
bout,-6.148609829199116e-06,-1.0383340289635737e-05,-1.2227400575356544e-05,-9.699178155078256e-06,1.1494490171502262e-06
bow,-1.3930400187347447e-05,-2.5413219532314015e-05,-1.9592505292226536e-05,4.913204824581421e-05,3.94258419370289e-05
bowed,-4.115492097238796e-06,-7.376959731791849e-06,-9.643738266163823e-06,-1.1965423326096818e-05,4.357407002055537e-06
bowl,-3.2945715400332694e-05,-6.003098330998401e-05,-6.614215331621933e-05,-0.00011641794420016562,-0.00011079947842533682
bowls,-8.740419975390173e-06,-1.5985066980022623e-05,-2.5230472845474032e-05,-3.9275398979919814e-05,-6.820572682755698e-05
box,-1.3000819933817263e-05,-2.2745920926980325e-05,-2.6010641014501424e-05,-2.4759270772886448e-05,3.248375467164585e-06
boy,1.6933039334205268e-05,3.539527831369405e-05,-7.498828103986264e-06,-5.188261985224015e-06,5.316468925152234e-05
boyfriend,0.0001937947899343257,4.0445099013257706e-05,2.2479167827027805e-06,-4.499816557950485e-06,-4.168830116342962e-07
boys,-4.92773669605169e-05,5.150180020984357e-05,-2.3017345857564308e-05,-3.886374878860345e-05,1.607081272869681e-05
brag,-9.260811473136898e-06,-1.6652504432408217e-05,-3.465533999120868e-05,0.00014786839378884208,5.6998877024992504e-06
bragging,-6.148609829199116e-06,-1.0383340289635737e-05,-1.2227400575356544e-05,-9.699178155078256e-06,1.1494490171502262e-06
braids,-9.260811473136898e-06,-1.6652504432408217e-05,-3.465533999120868e-05,0.00014786839378884208,5.6998877024992504e-06
brain,-1.906276389998825e-05,-3.460728565968959e-05,-1.854015553916592e-05,-4.762856750706191e-05,7.6034750566763e-05
brake,-9.260811473136898e-06,-1.6652504432408217e-05,-3.465533999120868e-05,0.00014786839378884208,5.6998877024992504e-06
branch,-6.42440908884011e-05,-0.0001195483204841076,-0.00010065511631951548,-0.0002416573673837903,-0.00040898270752358254
branches,-1.895862548854904e-05,-3.445200251686196e-05,-5.142903155675773e-05,-7.556488830484072e-05,-9.415717662086187e-05
brand,-7.928414555517577e-06,-1.3576932814117509e-05,-1.7396337793241638e-05,-1.529887540016259e-05,7.386564149086249e-07
brat,-3.340992490315481e-05,-6.106272302947824e-05,-8.436223175298852e-05,0.00042252976633121576,9.94629492023248e-05
brave,-1.825043353844398e-05,-3.163109404357455e-05,-4.767478461659338e-05,6.279057589636366e-05,4.860351407390434e-06
bravely,-4.115492097238796e-06,-7.376959731791849e-06,-9.643738266163823e-06,-1.1965423326096818e-05,4.357407002055537e-06
braver,-6.933013497566917e-06,-1.126901311688474e-05,-1.567677891901629e-05,-5.3955815789465e-06,4.849045299734206e-07
bravo,-2.3785243666552766e-05,-4.073079844235258e-05,-5.2189013379724986e-05,-4.5896626200487794e-05,2.2159692447259397e-06
bread,-2.083248321375757e-05,-3.808423793597997e-05,3.294273245788644e-05,-1.158376852548425e-05,-1.619334111044796e-05
break,-5.253181720483108e-05,-0.00010280578227279205,0.0001994947736155452,6.356640120270617e-05,3.037598540618675e-05
breakfast,-3.000222962870674e-05,-6.195443602725091e-05,0.00020454811942159225,1.1371138733217594e-05,-6.693088492217268e-06
breaking,-2.0494846961592132e-05,-3.801565356846181e-05,1.0928292653450855e-05,-2.3536901784987487e-05,-6.99791718341223e-05
breaks,-1.0637321244643162e-05,-2.2270213414548852e-05,7.310979060368658e-05,1.978038104284252e-06,-2.0142887256128975e-05
breath,0.00013476206853178113,-4.787206262796801e-06,5.843980192005582e-05,-4.634964229481556e-05,0.00025973389577615004
breathe,-3.5971813574423534e-05,-6.415338690749121e-05,1.2093377834529339e-05,-8.532941400504654e-05,0.00025968833935229924
breathes,-1.1991314478700102e-05,-1.919711303963962e-05,-2.8112479443661385e-05,-3.0208678337733182e-05,7.956372495121113e-06
breathing,-9.143576287114153e-06,-1.600769433242815e-05,-1.8726997273282567e-05,-1.561201558442225e-05,-2.0552120060213515e-06
breeze,-4.115492097238796e-06,-7.376959731791849e-06,-9.643738266163823e-06,-1.1965423326096818e-05,4.357407002055537e-06
bride,-1.0006466484858586e-05,-1.736539393631962e-05,-2.2104281973795093e-05,-1.8924368314183023e-05,-1.5282830491241137e-06
bridge,-0.00011098779901004477,0.0002092597477015203,1.1946148356051687e-05,0.00010104547201970644,0.00013190392177796591
brief,-7.701796971080249e-06,-1.3302071444386432e-05,-2.118298283289607e-05,-1.3966243667950595e-05,-3.9096045353798374e-05
brig,-7.701796971080249e-06,-1.3302071444386432e-05,-2.118298283289607e-05,-1.3966243667950595e-05,-3.9096045353798374e-05
bright,4.651874732528489e-05,8.916952288849746e-05,-1.2342144488817668e-05,-1.7873828924745003e-05,-1.0756765430443034e-05
brighter,-1.7480839950781815e-05,-3.197013396004792e-05,-5.046094569095228e-05,-7.85507979598462e-05,-0.00013641145365512534
brightest,-1.0310919426322938e-05,-2.2826063759448474e-05,0.00010879576173084651,1.4648052819501154e-05,-3.167533546792437e-05
brightly,-4.115492097238796e-06,-7.376959731791849e-06,-9.643738266163823e-06,-1.1965423326096818e-05,4.357407002055537e-06
bring,-0.0,0.0,0.0,0.0,0.0
bringing,0.0003069288238316567,6.414911156874067e-05,-1.1880077306970547e-06,-8.711772899307616e-06,-2.5149856111175044e-05
brings,0.0001200485948671614,1.8023175619313075e-05,-1.0461214415964157e-05,-1.092929516403817e-05,6.843171586962935e-07
britain,-7.928414555517577e-06,-1.3576932814117509e-05,-1.7396337793241638e-05,-1.529887540016259e-05,7.386564149086249e-07
broadcast,-1.3516313335301455e-05,-2.347122170676966e-05,-2.5632080018989662e-05,-2.1613277643645184e-05,4.8063152938380925e-08
broke,-3.744611814093988e-05,4.620434104852432e-05,-1.9769474697371553e-05,7.618913578295613e-06,-4.567554837851198e-06
broken,-2.6408759081036372e-05,-4.5695763913790286e-05,-7.305899506834138e-05,0.00011770528850466775,-8.15546780703781e-06
bronco,-6.933013497566917e-06,-1.126901311688474e-05,-1.567677891901629e-05,-5.3955815789465e-06,4.849045299734206e-07
broom,-8.109788001181453e-05,-0.00014082733024062814,-0.000153792480113949,-0.00012967966586188066,2.883789176299304e-07
brooms,-6.758156667650127e-06,-1.173561085338378e-05,-1.2816040009493688e-05,-1.0806638821821616e-05,2.4031576469201507e-08
broth,-1.1991314478700102e-05,-1.919711303963962e-05,-2.8112479443661385e-05,-3.0208678337733182e-05,7.956372495121113e-06
brother,-4.8056937672029e-05,-8.196531780699642e-05,-0.00013306826432936877,0.00014634414988054113,-5.530735384410429e-06
brotherinlaw,-6.148609829199116e-06,-1.0383340289635737e-05,-1.2227400575356544e-05,-9.699178155078256e-06,1.1494490171502262e-06
brothers,-4.115492097238796e-06,-7.376959731791849e-06,-9.643738266163823e-06,-1.1965423326096818e-05,4.357407002055537e-06
brought,-1.7587852521328633e-05,-3.1546563299197474e-05,-1.9850026023650433e-05,-4.085175078486001e-05,-1.6841437071762453e-05
brunhilde,0.0008087521308021022,0.0001997626344554019,4.759404271865575e-05,1.4111865795788491e-05,-1.7682339390927557e-06
brush,-4.115492097238796e-06,-7.376959731791849e-06,-9.643738266163823e-06,-1.1965423326096818e-05,4.357407002055537e-06
brushes,-8.230984194477592e-06,-1.4753919463583698e-05,-1.9287476532327646e-05,-2.3930846652193635e-05,8.714814004111074e-06
brushing,-9.087054360649962e-05,0.00026936276190924494,2.3540349416308355e-05,5.8534753981287895e-06,-8.025388520741435e-07
bu,-8.267534381846718e-06,-1.620368610732571e-05,2.4208694940974476e-05,-1.8435669289962392e-05,0.00011209281574915771
bubble,0.00026958404360068357,6.658754481846307e-05,1.5864680906217585e-05,4.703955265262531e-06,-5.894113130308773e-07
bucket,0.00018357239742912296,1.5436739680023438e-05,0.00017213904083913042,2.5069960716523252e-05,-4.71462493759715e-05
buddha,-0.0001305385166727367,0.0002705592218776352,-4.057835849313869e-05,-8.801781391420732e-05,-0.000159903407591215
buddhist,-7.307255760256715e-05,0.0001877359483609257,3.1358577984281742e-06,-1.3329358099491255e-05,5.834119762268387e-06
budge,-4.115492097238796e-06,-7.376959731791849e-06,-9.643738266163823e-06,-1.1965423326096818e-05,4.357407002055537e-06
budget,-6.933013497566917e-06,-1.126901311688474e-05,-1.567677891901629e-05,-5.3955815789465e-06,4.849045299734206e-07
bug,-1.2916464018453506e-05,-2.5394373588421454e-05,4.551133491522673e-05,-6.5863622226340394e-06,-3.876652298228384e-05
bugs,-6.560553582861914e-05,-0.0001229101778579472,-8.721270245637789e-05,-0.000249836854737772,-0.0004759795428400211
build,-2.5463668292842164e-05,-4.413348046148548e-05,-6.103407421336662e-05,-9.726770000766495e-06,-1.4519325650989442e-05
building,-2.4545806182587318e-05,-4.481694050554526e-05,5.93988149279169e-06,-4.902035399865408e-05,0.00016263162318367098
buildings,-1.4859374176099572e-05,-2.710349404063387e-05,-1.625223687454442e-05,6.662110742169322e-05,6.918797991014168e-05
built,-1.3634163495299293e-05,-2.4083232118173294e-05,-1.5485367040277906e-05,-2.538364169227724e-05,3.065684259582607e-05
bulkar,-6.933013497566917e-06,-1.126901311688474e-05,-1.567677891901629e-05,-5.3955815789465e-06,4.849045299734206e-07
bullet,-8.69412664236521e-06,-1.5010597003492176e-05,-1.8292963712825166e-05,-1.4795428946870228e-05,-1.2253849328579463e-06
bulletin,-6.933013497566917e-06,-1.126901311688474e-05,-1.567677891901629e-05,-5.3955815789465e-06,4.849045299734206e-07
bullets,-1.3866026995135076e-05,-2.253802623377149e-05,-3.135355783803537e-05,-1.0791163157893955e-05,9.698090599469093e-07
bullied,-1.0310919426322938e-05,-2.2826063759448474e-05,0.00010879576173084651,1.4648052819501154e-05,-3.167533546792437e-05
bullying,-7.928414555517577e-06,-1.3576932814117509e-05,-1.7396337793241638e-05,-1.529887540016259e-05,7.386564149086249e-07
bum,-4.115492097238796e-06,-7.376959731791849e-06,-9.643738266163823e-06,-1.1965423326096818e-05,4.357407002055537e-06
bump,-6.148609829199116e-06,-1.0383340289635737e-05,-1.2227400575356544e-05,-9.699178155078256e-06,1.1494490171502262e-06
bumpkins,-8.740419975390173e-06,-1.5985066980022623e-05,-2.5230472845474032e-05,-3.9275398979919814e-05,-6.820572682755698e-05
bums,-8.267534381846718e-06,-1.620368610732571e-05,2.4208694940974476e-05,-1.8435669289962392e-05,0.00011209281574915771
bunch,-6.472482594157623e-05,0.0001380132863766854,-1.1697910614023571e-05,-8.543689923104826e-06,7.68582621432579e-07
buncha,-6.148609829199116e-06,-1.0383340289635737e-05,-1.2227400575356544e-05,-9.699178155078256e-06,1.1494490171502262e-06
bundles,-6.933013497566917e-06,-1.126901311688474e-05,-1.567677891901629e-05,-5.3955815789465e-06,4.849045299734206e-07
bunta,-4.9385905166872285e-05,-8.85235167815143e-05,-0.00011572485919398167,-0.0001435850799131813,5.228888402467332e-05
bunting,-8.740419975390173e-06,-1.5985066980022623e-05,-2.5230472845474032e-05,-3.9275398979919814e-05,-6.820572682755698e-05
burden,-1.6607051559402634e-05,-3.059022570547797e-05,3.995840572436042e-05,-1.4744408492833002e-05,-1.317405857743562e-05
bureaucratic,-5.642427208804352e-06,-9.974139249283243e-06,-1.2581648285484126e-05,-1.036648891901398e-05,-2.8113248700661777e-06
buried,-5.642427208804352e-06,-9.974139249283243e-06,-1.2581648285484126e-05,-1.036648891901398e-05,-2.8113248700661777e-06
burn,-9.631004746529414e-05,-0.00017057897047048878,-0.0001571076940643635,-0.00016156965097879414,-0.0004098919944703692
burned,-5.2428932421869845e-05,-8.617163366409799e-05,-0.00012662275723913103,-0.00011893025807047043,-4.522718552769496e-05
burning,0.000177234599998285,0.00010247619883800104,2.6146006231402428e-05,-1.6319724139849905e-05,-2.3480710625800018e-05
burns,-1.7707549891307644e-05,-3.4298474517379704e-05,3.408984656473133e-05,-2.6477289968294595e-05,-6.15836072157159e-05
burnt,-1.1991314478700102e-05,-1.919711303963962e-05,-2.8112479443661385e-05,-3.0208678337733182e-05,7.956372495121113e-06
burrow,-4.115492097238796e-06,-7.376959731791849e-06,-9.643738266163823e-06,-1.1965423326096818e-05,4.357407002055537e-06
burrows,-4.115492097238796e-06,-7.376959731791849e-06,-9.643738266163823e-06,-1.1965423326096818e-05,4.357407002055537e-06
bursts,-1.1991314478700102e-05,-1.919711303963962e-05,-2.8112479443661385e-05,-3.0208678337733182e-05,7.956372495121113e-06
bury,-7.701796971080249e-06,-1.3302071444386432e-05,-2.118298283289607e-05,-1.3966243667950595e-05,-3.9096045353798374e-05
bus,-0.0004137126657959039,0.0011716666309781493,7.849053000401633e-05,3.3351110593154982e-06,-2.4612170724042405e-06
business,-1.8209515199662542e-05,-3.21502020747047e-05,-2.0876638884655474e-05,1.0816682031671143e-05,1.0052460991718819e-05
busy,0.0002734424760683031,0.00023315764932121307,1.3840012756991963e-05,4.095164407715312e-05,3.687314359477082e-05
but,-0.0,0.0,0.0,0.0,0.0
buts,-8.267534381846718e-06,-1.620368610732571e-05,2.4208694940974476e-05,-1.8435669289962392e-05,0.00011209281574915771
butt,-2.9688100993682046e-05,-5.0272452252710754e-05,-4.1777046181043815e-05,-3.543848610583887e-05,6.727611547430817e-05
butter,-1.1991314478700102e-05,-1.919711303963962e-05,-2.8112479443661385e-05,-3.0208678337733182e-05,7.956372495121113e-06
butterfly,-6.148609829199116e-06,-1.0383340289635737e-05,-1.2227400575356544e-05,-9.699178155078256e-06,1.1494490171502262e-06
buy,-6.272846394568391e-05,-0.00010663292697561978,-5.9231049451745395e-05,-0.00010727433564078809,5.4552089183631944e-06
buying,-2.661980471510044e-05,-4.480715070425434e-05,-5.4991420572564116e-05,-4.038712114502273e-05,4.068931531267369e-06
buys,-5.642427208804352e-06,-9.974139249283243e-06,-1.2581648285484126e-05,-1.036648891901398e-05,-2.8113248700661777e-06
by,-0.0,0.0,0.0,0.0,0.0
bye,-0.0001441513204284515,0.00028862670550479103,9.171339007105459e-05,5.8719505545554385e-05,2.366226398898259e-05
byebye,0.0008087521308021022,0.0001997626344554019,4.759404271865575e-05,1.4111865795788491e-05,-1.7682339390927557e-06
ca,7.922123199540449e-05,2.978849776035974e-05,-0.00014026962504325234,3.894436902163945e-05,-7.443528835241324e-05
cabin,-1.355240325447152e-05,-2.6234869756272798e-05,4.8887095528134395e-05,-3.419237485311816e-06,-1.7804247961392837e-05
cage,-1.1427882694008294e-05,-2.0439854689547884e-05,-2.805361394382588e-05,-3.692801385940159e-05,-5.027380469534556e-05
cake,-5.3653262249470616e-05,7.425360284844549e-05,-3.0907778431407706e-05,-3.629296099673697e-05,5.365001004396503e-06
caked,-8.267534381846718e-06,-1.620368610732571e-05,2.4208694940974476e-05,-1.8435669289962392e-05,0.00011209281574915771
cakes,-6.758156667650127e-06,-1.173561085338378e-05,-1.2816040009493688e-05,-1.0806638821821616e-05,2.4031576469201507e-08
cal,-1.0310919426322938e-05,-2.2826063759448474e-05,0.00010879576173084651,1.4648052819501154e-05,-3.167533546792437e-05
calcfier,-1.0310919426322938e-05,-2.2826063759448474e-05,0.00010879576173084651,1.4648052819501154e-05,-3.167533546792437e-05
calcifer,-0.00032994942164235515,-0.0007304340403023983,0.0034814643753873125,0.0004687376902240663,-0.0010136107349736452
calculations,-1.0958080884953333e-05,-1.83201697846655e-05,-2.4386477985553007e-05,-1.525906747569828e-05,9.021932316191184e-07
calculator,-9.260811473136898e-06,-1.6652504432408217e-05,-3.465533999120868e-05,0.00014786839378884208,5.6998877024992504e-06
call,-4.930461468639325e-06,4.289743693890702e-05,-1.0207126347254693e-05,-9.42770676612494e-06,-3.325439390069949e-05
called,-3.050084363601931e-05,-3.3487950303263066e-07,1.0350607135500013e-05,-3.296461223097127e-05,6.954278125564101e-05
calling,8.349381390948519e-05,-1.6316202828025904e-05,7.418078479411747e-05,-1.2914273473362864e-05,-1.3913413095169978e-05
calm,1.1642771972619375e-05,2.252055165109069e-05,1.5891581208720618e-05,4.9533682465222535e-06,-2.1755909982206908e-06
calmed,-1.1284854417608704e-05,-1.9948278498566486e-05,-2.5163296570968253e-05,-2.073297783802796e-05,-5.6226497401323554e-06
calmer,0.00026958404360068357,6.658754481846307e-05,1.5864680906217585e-05,4.703955265262531e-06,-5.894113130308773e-07
calmly,-6.758156667650127e-06,-1.173561085338378e-05,-1.2816040009493688e-05,-1.0806638821821616e-05,2.4031576469201507e-08
calms,-7.701796971080249e-06,-1.3302071444386432e-05,-2.118298283289607e-05,-1.3966243667950595e-05,-3.9096045353798374e-05
cambrian,0.00026958404360068357,6.658754481846307e-05,1.5864680906217585e-05,4.703955265262531e-06,-5.894113130308773e-07
came,-2.1525120345125566e-05,4.763883840410023e-05,-2.0673900726123804e-05,-5.249510163317384e-06,-3.233749412054747e-06
camera,-7.928414555517577e-06,-1.3576932814117509e-05,-1.7396337793241638e-05,-1.529887540016259e-05,7.386564149086249e-07
camphor,-0.0002768555516250799,0.0007803040307240465,4.870120056096352e-05,-5.010131792406594e-06,3.4996253757849054e-06
camping,-1.5207251413234099e-05,-2.5271682242182283e-05,-3.25684735100981e-05,-1.5925149331919105e-05,7.328088553604053e-07
can,-0.0,0.0,0.0,0.0,0.0
canal,-6.933013497566917e-06,-1.126901311688474e-05,-1.567677891901629e-05,-5.3955815789465e-06,4.849045299734206e-07
canary,-6.758156667650127e-06,-1.173561085338378e-05,-1.2816040009493688e-05,-1.0806638821821616e-05,2.4031576469201507e-08
cancel,-1.6675170279041188e-05,-2.8675173565882352e-05,-3.510430858097627e-05,-3.052954593939169e-05,1.107016996044615e-06
candle,0.001347920218003521,0.0003329377240923406,7.9323404531094e-05,2.3519776326314468e-05,-2.9470565651545996e-06
cane,-1.0310919426322938e-05,-2.2826063759448474e-05,0.00010879576173084651,1.4648052819501154e-05,-3.167533546792437e-05
canned,-6.148609829199116e-06,-1.0383340289635737e-05,-1.2227400575356544e-05,-9.699178155078256e-06,1.1494490171502262e-06
cannon,-9.260811473136898e-06,-1.6652504432408217e-05,-3.465533999120868e-05,0.00014786839378884208,5.6998877024992504e-06
canvas,-1.9502947450229492e-05,-3.456842149532113e-05,-6.393345987242145e-05,0.0002067810249373054,8.950278346328173e-06
cap,-2.622125992617345e-05,-4.7955200940073226e-05,-7.569141853643049e-05,-0.00011782619693977263,-0.00020461718048269366
cape,-6.758156667650127e-06,-1.173561085338378e-05,-1.2816040009493688e-05,-1.0806638821821616e-05,2.4031576469201507e-08
capital,-6.118293982773998e-05,-0.0001118954688601744,-0.0001766133099183434,-0.0002749277928594781,-0.0004774400877929671
caproni,-4.757048733310553e-05,-8.146159688470517e-05,-0.00010437802675944997,-9.179325240097559e-05,4.431938489451879e-06
captain,0.00046482484366141516,4.391191862109128e-05,-0.00011952545654262532,0.00048234103024700397,1.8534387073625294e-05
captives,-7.701796971080249e-06,-1.3302071444386432e-05,-2.118298283289607e-05,-1.3966243667950595e-05,-3.9096045353798374e-05
capture,-1.1991314478700102e-05,-1.919711303963962e-05,-2.8112479443661385e-05,-3.0208678337733182e-05,7.956372495121113e-06
captured,0.00026958404360068357,6.658754481846307e-05,1.5864680906217585e-05,4.703955265262531e-06,-5.894113130308773e-07
car,0.0002899514785317734,3.0498679755514353e-05,5.059299942677701e-05,-2.7165471801514034e-05,7.579086811508494e-05
caramel,-7.003799759111724e-05,0.0001931753530491745,1.0246672692963991e-05,-4.506647646516566e-06,2.6211836832704214e-06
card,-2.4802603145541846e-05,-4.861105832198044e-05,7.262608482292834e-05,-5.530700786989098e-05,0.00033627844724749606
cards,-8.267534381846718e-06,-1.620368610732571e-05,2.4208694940974476e-05,-1.8435669289962392e-05,0.00011209281574915771
care,2.3326870964436027e-05,7.163911680298179e-06,7.068369058658783e-06,1.041354544102766e-05,1.3496235827577092e-05
cared,-1.6444562539578498e-05,-3.098580895202262e-05,5.949185570918018e-05,-1.147363446098171e-05,-1.7489188376431768e-05
careful,3.611698633942185e-05,-7.884683888987407e-06,-1.5366262976855524e-05,7.36000593742999e-06,-7.578188906711006e-06
carefully,-1.8342571138006787e-05,-3.430802999933648e-05,6.39718303738412e-06,-5.010914831770835e-05,9.171802785770578e-05
careless,-9.260811473136898e-06,-1.6652504432408217e-05,-3.465533999120868e-05,0.00014786839378884208,5.6998877024992504e-06
cares,7.541389303239743e-05,1.1143249654486334e-06,-7.955508230679263e-06,-2.9100276992400285e-05,1.4634727046795554e-05
cargo,-3.850898485540707e-05,-6.651035722194218e-05,-0.00010591491416449632,-6.983121833976348e-05,-0.0001954802267690213
caring,-9.260811473136898e-06,-1.6652504432408217e-05,-3.465533999120868e-05,0.00014786839378884208,5.6998877024992504e-06
carpet,-8.267534381846718e-06,-1.620368610732571e-05,2.4208694940974476e-05,-1.8435669289962392e-05,0.00011209281574915771
carriage,-1.7872635426832907e-05,-3.222645125973002e-05,-4.6657314827668964e-05,-6.588774755884728e-05,-0.00010056532908477446
carried,-2.6203452739465936e-05,-5.209528885207279e-05,0.00010824585214002295,-1.8567855479385035e-05,7.36908360949507e-05
carrierbased,-7.928414555517577e-06,-1.3576932814117509e-05,-1.7396337793241638e-05,-1.529887540016259e-05,7.386564149086249e-07
carriers,-5.642427208804352e-06,-9.974139249283243e-06,-1.2581648285484126e-05,-1.036648891901398e-05,-2.8113248700661777e-06
carrots,-1.2297219658398232e-05,-2.0766680579271475e-05,-2.445480115071309e-05,-1.9398356310156513e-05,2.2988980343004523e-06
carry,-3.547783311204802e-05,-6.247763480599948e-05,-9.344089763650831e-05,-4.868574121904184e-05,-0.00011916963595330446
carrying,-1.3170387663127474e-05,-2.2267392045042564e-05,-3.1669846102834156e-05,-2.0231809225342886e-05,-2.2106560604567452e-05
carrys,-6.933013497566917e-06,-1.126901311688474e-05,-1.567677891901629e-05,-5.3955815789465e-06,4.849045299734206e-07
carupisu,-2.3982628957401547e-05,-3.83942260792814e-05,-5.6224958887326e-05,-6.0417356675469624e-05,1.591274499024311e-05
case,-3.8201773629160844e-05,-6.581247374797001e-05,-9.591038937270593e-05,-5.8568357460881525e-05,-7.947840465528817e-05
cash,-1.0256516646480903e-05,-1.9302231698409945e-05,8.573208257569876e-06,-2.123728474732015e-05,8.057875811152396e-05
cast,-8.267534381846718e-06,-1.620368610732571e-05,2.4208694940974476e-05,-1.8435669289962392e-05,0.00011209281574915771
casting,-1.4010267783399926e-05,-2.6751846139972113e-05,4.687365773570156e-05,-9.071836812724675e-07,-1.8192149447378888e-05
castle,-0.00012051287846235821,-0.00024761046373342465,0.0006942174897293911,0.00034732844980258086,-0.00034244612431122407
castoff,-7.701796971080249e-06,-1.3302071444386432e-05,-2.118298283289607e-05,-1.3966243667950595e-05,-3.9096045353798374e-05
castorp,-7.928414555517577e-06,-1.3576932814117509e-05,-1.7396337793241638e-05,-1.529887540016259e-05,7.386564149086249e-07
cat,-9.07519625835558e-06,0.00019884445224908974,-6.902644981878008e-05,-8.106862134448944e-05,5.32337885441968e-06
catch,-3.606781403214666e-05,7.545053623843531e-06,-2.52530840347958e-05,-1.9529633886334233e-05,-3.4748611609455525e-05
catches,-1.1991314478700102e-05,-1.919711303963962e-05,-2.8112479443661385e-05,-3.0208678337733182e-05,7.956372495121113e-06
catching,-1.200985262978629e-05,-2.369068004499578e-05,5.073880084505376e-05,-4.095631977807896e-06,-1.5274811935128733e-05
cats,-8.017689972633592e-06,-1.4092662807614593e-05,-1.656072795451862e-05,-1.679099061293056e-05,3.2306557730812857e-06
cattle,-3.385456325282861e-05,-5.984483549570389e-05,-7.548988971291037e-05,-6.219893351408848e-05,-1.686794922039834e-05
caught,3.8302324343470945e-05,-7.215826305672108e-06,-1.2717558715606045e-05,1.1609162243005513e-05,-1.3383887449024671e-05
cause,-3.202817808857884e-05,-5.987279503793441e-05,5.8043353379541144e-05,-2.6941663471483047e-05,-2.266738724422416e-05
caused,-1.2762487440408762e-05,-2.2966892020299663e-05,-1.1013477301471773e-05,-2.6090315320474496e-05,4.463339725469851e-05
causes,-9.272507051955668e-06,-1.566364827447067e-05,-2.083636443835738e-05,-1.1622170010447936e-05,-1.7153871194661645e-06
causing,-1.1876361317835143e-05,-1.959440491397145e-05,-2.7839564683578037e-05,-3.1097093471215276e-05,9.079571037693054e-06
caution,0.00026958404360068357,6.658754481846307e-05,1.5864680906217585e-05,4.703955265262531e-06,-5.894113130308773e-07
cautious,-6.758156667650127e-06,-1.173561085338378e-05,-1.2816040009493688e-05,-1.0806638821821616e-05,2.4031576469201507e-08
cave,-1.3194792959350176e-05,-2.330680372764859e-05,-3.993744433466818e-05,7.210904232469674e-05,-2.1134681793121334e-05
caw,-1.8445829487598546e-05,-3.115002086890924e-05,-3.668220172607203e-05,-2.909753446523663e-05,3.4483470514509546e-06
ceased,-4.115492097238796e-06,-7.376959731791849e-06,-9.643738266163823e-06,-1.1965423326096818e-05,4.357407002055537e-06
ceiling,-7.307255760256715e-05,0.0001877359483609257,3.1358577984281742e-06,-1.3329358099491255e-05,5.834119762268387e-06
celebrate,-2.762415760736172e-05,-4.966321491391418e-05,-7.39559152130478e-05,-6.30477977698541e-06,-4.962670316240295e-05
celebrating,-8.740419975390173e-06,-1.5985066980022623e-05,-2.5230472845474032e-05,-3.9275398979919814e-05,-6.820572682755698e-05
celebration,-1.6671920362235724e-05,-2.9413779543427596e-05,-3.745913907767184e-05,-4.244253533430639e-05,1.3699291083239977e-05
celebrity,-8.146620737475113e-06,-1.3748616749657121e-05,-1.867009511959345e-05,-1.2801145038956248e-05,3.570480659636475e-06
celestial,-8.740419975390173e-06,-1.5985066980022623e-05,-2.5230472845474032e-05,-3.9275398979919814e-05,-6.820572682755698e-05
cells,-4.115492097238796e-06,-7.376959731791849e-06,-9.643738266163823e-06,-1.1965423326096818e-05,4.357407002055537e-06
cement,-4.115492097238796e-06,-7.376959731791849e-06,-9.643738266163823e-06,-1.1965423326096818e-05,4.357407002055537e-06
center,0.0008720110175550146,0.00017957088573346323,-2.418885973790433e-05,0.00021038973037925253,-3.072900625070784e-05
central,-6.758156667650127e-06,-1.173561085338378e-05,-1.2816040009493688e-05,-1.0806638821821616e-05,2.4031576469201507e-08
ceramic,-1.679912365094972e-05,-2.9555359792576697e-05,-5.058728191947347e-05,6.302348699853093e-05,-3.977098467737514e-05
ceremonies,-4.115492097238796e-06,-7.376959731791849e-06,-9.643738266163823e-06,-1.1965423326096818e-05,4.357407002055537e-06
ceremony,-1.9894234277556996e-05,-3.350670745107841e-05,-4.6888819202910133e-05,-4.944889763579794e-05,-1.3229360995446314e-05
certain,-1.6313245635849126e-05,-2.9320017240741025e-05,3.838087865668087e-06,-2.222376005290599e-05,-1.8116374106753484e-05
certainly,3.73920332302951e-05,-2.1109070224174824e-05,-4.287610509641911e-05,5.9924351571874936e-05,-9.654435553406241e-06
certified,-1.1991314478700102e-05,-1.919711303963962e-05,-2.8112479443661385e-05,-3.0208678337733182e-05,7.956372495121113e-06
cha,-7.378331795039418e-05,-0.00012460008347563696,-0.00014672880690428812,-0.00011639013786094652,1.3793388205803818e-05
chafe,-5.642427208804352e-06,-9.974139249283243e-06,-1.2581648285484126e-05,-1.036648891901398e-05,-2.8113248700661777e-06
chair,-1.4010267783399926e-05,-2.6751846139972113e-05,4.687365773570156e-05,-9.071836812724675e-07,-1.8192149447378888e-05
chairman,-4.115492097238796e-06,-7.376959731791849e-06,-9.643738266163823e-06,-1.1965423326096818e-05,4.357407002055537e-06
challenge,-4.115492097238796e-06,-7.376959731791849e-06,-9.643738266163823e-06,-1.1965423326096818e-05,4.357407002055537e-06
chameleon,-4.115492097238796e-06,-7.376959731791849e-06,-9.643738266163823e-06,-1.1965423326096818e-05,4.357407002055537e-06
chance,-2.2857297148742205e-05,-4.157392989212314e-05,2.081607499046768e-06,8.427690786698745e-06,-2.0075790946934948e-05
change,-2.3173060555193343e-05,-4.26724711431244e-05,7.436136923672421e-06,-6.289292618196325e-07,-1.4637960901329814e-05
changed,4.351358922482555e-05,-9.831761098363471e-06,-2.217818626871941e-05,2.627369830506343e-06,1.3558164702754408e-05
changes,-1.022956634883028e-05,-1.82332455895601e-05,-2.3498714002371364e-05,-2.528915633041564e-05,4.352940457891223e-06
changing,-8.017689972633592e-06,-1.4092662807614593e-05,-1.656072795451862e-05,-1.679099061293056e-05,3.2306557730812857e-06
chant,-9.087054360649962e-05,0.00026936276190924494,2.3540349416308355e-05,5.8534753981287895e-06,-8.025388520741435e-07
chaos,0.00026958404360068357,6.658754481846307e-05,1.5864680906217585e-05,4.703955265262531e-06,-5.894113130308773e-07
chappu,-2.3982628957401547e-05,-3.83942260792814e-05,-5.6224958887326e-05,-6.0417356675469624e-05,1.591274499024311e-05
character,-9.087054360649962e-05,0.00026936276190924494,2.3540349416308355e-05,5.8534753981287895e-06,-8.025388520741435e-07
charcoal,-8.740419975390173e-06,-1.5985066980022623e-05,-2.5230472845474032e-05,-3.9275398979919814e-05,-6.820572682755698e-05
charge,-1.3789541636276411e-05,-2.328369468725618e-05,-3.127458363941624e-05,-1.933428147728453e-05,1.4685516933217207e-06
charging,-7.701796971080249e-06,-1.3302071444386432e-05,-2.118298283289607e-05,-1.3966243667950595e-05,-3.9096045353798374e-05
charles,-9.260811473136898e-06,-1.6652504432408217e-05,-3.465533999120868e-05,0.00014786839378884208,5.6998877024992504e-06
charm,-1.4414006808643872e-05,-2.8476466343531584e-05,4.143388471457318e-05,-2.0426263236845825e-05,-5.994260783082725e-05
charming,-8.88058017037804e-06,-1.545036241150608e-05,-1.9938012655031165e-05,-2.0103343342691335e-05,3.757584729978528e-06
charter,-6.933013497566917e-06,-1.126901311688474e-05,-1.567677891901629e-05,-5.3955815789465e-06,4.849045299734206e-07
chase,-8.740419975390173e-06,-1.5985066980022623e-05,-2.5230472845474032e-05,-3.9275398979919814e-05,-6.820572682755698e-05
chased,-1.8521622946275386e-05,-3.330500886481932e-05,-6.931067998242342e-05,0.0002957367875777097,1.1399775404999465e-05
chasing,-1.8115854109283725e-05,-3.141680817844867e-05,-3.1679813227384304e-05,1.6459275222210954e-05,4.240208272091026e-05
chat,-1.0310919426322938e-05,-2.2826063759448474e-05,0.00010879576173084651,1.4648052819501154e-05,-3.167533546792437e-05
chattering,-6.148609829199116e-06,-1.0383340289635737e-05,-1.2227400575356544e-05,-9.699178155078256e-06,1.1494490171502262e-06
chatting,-7.701796971080249e-06,-1.3302071444386432e-05,-2.118298283289607e-05,-1.3966243667950595e-05,-3.9096045353798374e-05
cheap,-1.3953862032410447e-05,-2.246421228713087e-05,-3.228803001409988e-05,-2.6252817604222175e-05,6.224179539333688e-06
cheaper,-6.148609829199116e-06,-1.0383340289635737e-05,-1.2227400575356544e-05,-9.699178155078256e-06,1.1494490171502262e-06
cheapskates,-6.933013497566917e-06,-1.126901311688474e-05,-1.567677891901629e-05,-5.3955815789465e-06,4.849045299734206e-07
cheater,-9.087054360649962e-05,0.00026936276190924494,2.3540349416308355e-05,5.8534753981287895e-06,-8.025388520741435e-07
cheaters,-6.148609829199116e-06,-1.0383340289635737e-05,-1.2227400575356544e-05,-9.699178155078256e-06,1.1494490171502262e-06
cheating,-1.1991314478700102e-05,-1.919711303963962e-05,-2.8112479443661385e-05,-3.0208678337733182e-05,7.956372495121113e-06
check,-1.6697118854646373e-05,-3.0880514822390904e-05,3.464117529525335e-06,2.0926939692395842e-05,1.5434968679538867e-06
checked,-1.0310919426322938e-05,-2.2826063759448474e-05,0.00010879576173084651,1.4648052819501154e-05,-3.167533546792437e-05
checking,-7.928414555517577e-06,-1.3576932814117509e-05,-1.7396337793241638e-05,-1.529887540016259e-05,7.386564149086249e-07
checkmate,-9.260811473136898e-06,-1.6652504432408217e-05,-3.465533999120868e-05,0.00014786839378884208,5.6998877024992504e-06
cheer,0.0005391680872013928,0.00013317508963693234,3.172936181243667e-05,9.407910530525515e-06,-1.1788226260618168e-06
cheerful,-6.758156667650127e-06,-1.173561085338378e-05,-1.2816040009493688e-05,-1.0806638821821616e-05,2.4031576469201507e-08
cheering,-4.115492097238796e-06,-7.376959731791849e-06,-9.643738266163823e-06,-1.1965423326096818e-05,4.357407002055537e-06
chemical,-6.148609829199116e-06,-1.0383340289635737e-05,-1.2227400575356544e-05,-9.699178155078256e-06,1.1494490171502262e-06
chemicals,-1.2297219658398232e-05,-2.0766680579271475e-05,-2.445480115071309e-05,-1.9398356310156513e-05,2.2988980343004523e-06
chemise,-7.928414555517577e-06,-1.3576932814117509e-05,-1.7396337793241638e-05,-1.529887540016259e-05,7.386564149086249e-07
cherries,-6.148609829199116e-06,-1.0383340289635737e-05,-1.2227400575356544e-05,-9.699178155078256e-06,1.1494490171502262e-06
cherry,-1.7480839950781815e-05,-3.197013396004792e-05,-5.046094569095228e-05,-7.85507979598462e-05,-0.00013641145365512534
chest,-1.0310919426322938e-05,-2.2826063759448474e-05,0.00010879576173084651,1.4648052819501154e-05,-3.167533546792437e-05
chestnut,-4.115492097238796e-06,-7.376959731791849e-06,-9.643738266163823e-06,-1.1965423326096818e-05,4.357407002055537e-06
chestnuts,-8.740419975390173e-06,-1.5985066980022623e-05,-2.5230472845474032e-05,-3.9275398979919814e-05,-6.820572682755698e-05
chew,-1.0256516646480903e-05,-1.9302231698409945e-05,8.573208257569876e-06,-2.123728474732015e-05,8.057875811152396e-05
chewed,-7.701796971080249e-06,-1.3302071444386432e-05,-2.118298283289607e-05,-1.3966243667950595e-05,-3.9096045353798374e-05
chewing,-7.701796971080249e-06,-1.3302071444386432e-05,-2.118298283289607e-05,-1.3966243667950595e-05,-3.9096045353798374e-05
chicken,-8.146620737475113e-06,-1.3748616749657121e-05,-1.867009511959345e-05,-1.2801145038956248e-05,3.570480659636475e-06
chickens,-6.148609829199116e-06,-1.0383340289635737e-05,-1.2227400575356544e-05,-9.699178155078256e-06,1.1494490171502262e-06
chico,-1.5403593942161947e-05,-2.6604142888775358e-05,-4.236596566579612e-05,-2.7932487335903822e-05,-7.81920907076041e-05
chief,-3.883488743152918e-05,-6.717106489329138e-05,-9.404282428968247e-05,-6.821013342813827e-05,-7.99769425887642e-05
chih,-8.267534381846718e-06,-1.620368610732571e-05,2.4208694940974476e-05,-1.8435669289962392e-05,0.00011209281574915771
chihiro,-0.0002232234283098801,-0.0004374995248978307,0.000653634763406365,-0.0004977630708290266,0.00302650602522751
child,-4.983168905963685e-05,-3.332338679576776e-05,-4.0215171158339834e-05,-6.417524648075935e-05,-0.00011541054379399407
childhood,-1.3671881256093066e-05,-2.7709618102797706e-05,6.599897570915078e-05,-6.844672348690393e-06,-1.6929951177131016e-05
children,0.00012440103580666927,0.00023532189818580915,-1.5845735409770456e-05,0.00010416492084252966,-6.791653361785857e-06
chill,-1.1991314478700102e-05,-1.919711303963962e-05,-2.8112479443661385e-05,-3.0208678337733182e-05,7.956372495121113e-06
chilled,-1.1991314478700102e-05,-1.919711303963962e-05,-2.8112479443661385e-05,-3.0208678337733182e-05,7.956372495121113e-06
chim,-1.0310919426322938e-05,-2.2826063759448474e-05,0.00010879576173084651,1.4648052819501154e-05,-3.167533546792437e-05
chimney,-1.0310919426322938e-05,-2.2826063759448474e-05,0.00010879576173084651,1.4648052819501154e-05,-3.167533546792437e-05
chin,-6.758156667650127e-06,-1.173561085338378e-05,-1.2816040009493688e-05,-1.0806638821821616e-05,2.4031576469201507e-08
china,-2.2753085096668336e-05,-4.033329784712434e-05,-5.710745808235357e-05,-6.976216281681195e-05,-8.040345208201517e-05
chinese,-6.148609829199116e-06,-1.0383340289635737e-05,-1.2227400575356544e-05,-9.699178155078256e-06,1.1494490171502262e-06
chinzei,-1.1284854417608704e-05,-1.9948278498566486e-05,-2.5163296570968253e-05,-2.073297783802796e-05,-5.6226497401323554e-06
chips,-4.115492097238796e-06,-7.376959731791849e-06,-9.643738266163823e-06,-1.1965423326096818e-05,4.357407002055537e-06
chobe,-8.740419975390173e-06,-1.5985066980022623e-05,-2.5230472845474032e-05,-3.9275398979919814e-05,-6.820572682755698e-05
chocolate,-1.0310919426322938e-05,-2.2826063759448474e-05,0.00010879576173084651,1.4648052819501154e-05,-3.167533546792437e-05
choice,-2.7253003156151316e-05,-4.991687163217256e-05,-2.6723425465617817e-05,-8.007227346185279e-05,5.017052910067409e-05
choices,-6.148609829199116e-06,-1.0383340289635737e-05,-1.2227400575356544e-05,-9.699178155078256e-06,1.1494490171502262e-06
chomp,-1.514935629751084e-05,-2.698760431215535e-05,-4.4107299482559563e-05,9.374335806456567e-05,5.695144746394998e-08
choo,-8.267534381846718e-06,-1.620368610732571e-05,2.4208694940974476e-05,-1.8435669289962392e-05,0.00011209281574915771
choose,-2.6473719204653784e-05,-4.6574660137095776e-05,-6.597246986370153e-05,-7.814819510655843e-05,-9.61890916367847e-05
chores,-9.516810277618436e-06,-1.630941890979553e-05,-1.846579255950825e-05,-1.5119973682359797e-05,8.652664613300786e-07
chose,-1.229205467594067e-05,-2.1190319252914695e-05,-2.869588932372601e-05,-2.4176385705597778e-05,-1.559417852552213e-05
chosen,-1.060280033933457e-05,-1.8534970166927486e-05,-2.3237509288597055e-05,-2.4797114428353213e-05,7.273418925242687e-06
chow,-8.267534381846718e-06,-1.620368610732571e-05,2.4208694940974476e-05,-1.8435669289962392e-05,0.00011209281574915771
christmas,-6.148609829199116e-06,-1.0383340289635737e-05,-1.2227400575356544e-05,-9.699178155078256e-06,1.1494490171502262e-06
church,-6.933013497566917e-06,-1.126901311688474e-05,-1.567677891901629e-05,-5.3955815789465e-06,4.849045299734206e-07
cigar,-1.0310919426322938e-05,-2.2826063759448474e-05,0.00010879576173084651,1.4648052819501154e-05,-3.167533546792437e-05
cigarette,-2.8496141361740205e-05,-4.835304295444145e-05,-6.286807126704455e-05,-4.910096614485313e-05,2.536139184561077e-06
circle,-6.758156667650127e-06,-1.173561085338378e-05,-1.2816040009493688e-05,-1.0806638821821616e-05,2.4031576469201507e-08
circles,-8.017689972633592e-06,-1.4092662807614593e-05,-1.656072795451862e-05,-1.679099061293056e-05,3.2306557730812857e-06
circuits,-9.260811473136898e-06,-1.6652504432408217e-05,-3.465533999120868e-05,0.00014786839378884208,5.6998877024992504e-06
circumstances,-1.0310919426322938e-05,-2.2826063759448474e-05,0.00010879576173084651,1.4648052819501154e-05,-3.167533546792437e-05
cities,-1.4103215853176896e-05,-2.714922899438861e-05,4.4003224520269555e-05,-5.2635314920976985e-06,-4.063904121595675e-05
citizens,-1.0637321244643162e-05,-2.2270213414548852e-05,7.310979060368658e-05,1.978038104284252e-06,-2.0142887256128975e-05
city,-2.6084943126065952e-05,-4.6785120824294234e-05,-4.016115762168449e-05,5.783342459989048e-05,-3.0546631804699956e-05
civilian,-1.0310919426322938e-05,-2.2826063759448474e-05,0.00010879576173084651,1.4648052819501154e-05,-3.167533546792437e-05
claim,-4.115492097238796e-06,-7.376959731791849e-06,-9.643738266163823e-06,-1.1965423326096818e-05,4.357407002055537e-06
clan,-6.241030796049544e-05,-0.00011089268332652295,-0.0001745308456103798,0.0002746837686653201,-2.0310754857543257e-05
class,-9.492340904043732e-05,8.625432709411537e-05,-7.039826553320564e-05,-6.584422313185983e-05,9.4554112766071e-06
classmates,-1.2297219658398232e-05,-2.0766680579271475e-05,-2.445480115071309e-05,-1.9398356310156513e-05,2.2988980343004523e-06
clause,-1.3866026995135076e-05,-2.253802623377149e-05,-3.135355783803537e-05,-1.0791163157893955e-05,9.698090599469093e-07
clean,-2.7624954937082512e-05,-5.067079062042388e-05,3.770518758447379e-05,-2.5296482595890048e-05,-5.135273172092161e-05
cleaned,-0.00011692858662370677,0.0002916775881781832,0.00010511756665225541,4.622597301269738e-06,4.600361399980385e-05
cleaner,-9.087054360649962e-05,0.00026936276190924494,2.3540349416308355e-05,5.8534753981287895e-06,-8.025388520741435e-07
cleaning,-4.439486368755416e-05,-9.019700163262984e-05,0.0002785557448145339,1.2516526185447463e-05,-8.587250965097028e-05
cleans,-1.0310919426322938e-05,-2.2826063759448474e-05,0.00010879576173084651,1.4648052819501154e-05,-3.167533546792437e-05
clear,-2.8926177214776955e-05,-5.035862412713009e-05,-5.890073529520834e-05,-5.2475394039877226e-05,1.9992906516959796e-06
cleared,-1.4807340858348497e-05,-2.523179990958152e-05,-4.2267374685666954e-05,6.169485078374785e-05,1.0514763736131201e-05
clearing,-8.88058017037804e-06,-1.545036241150608e-05,-1.9938012655031165e-05,-2.0103343342691335e-05,3.757584729978528e-06
clearly,-1.4732229305691694e-05,-2.7400923173742104e-05,-1.1854721733961643e-05,-4.765522960180675e-05,3.0704274438044775e-05
clears,-7.928414555517577e-06,-1.3576932814117509e-05,-1.7396337793241638e-05,-1.529887540016259e-05,7.386564149086249e-07
clever,-1.5199750354900172e-05,-2.8266009550094107e-05,-3.4821522127378336e-06,-4.006168068177778e-05,9.229049804862252e-05
client,-7.928414555517577e-06,-1.3576932814117509e-05,-1.7396337793241638e-05,-1.529887540016259e-05,7.386564149086249e-07
clientele,-6.758156667650127e-06,-1.173561085338378e-05,-1.2816040009493688e-05,-1.0806638821821616e-05,2.4031576469201507e-08
cliff,0.0001930989963178339,3.929006856813602e-05,-3.921452398450471e-06,-6.829552660342466e-06,-2.9262089925549715e-05
climb,0.00011115382580745502,-2.1308850812237215e-08,2.6209390468538497e-05,6.485489951337363e-05,-1.1909081533781302e-05
climbed,-8.740419975390173e-06,-1.5985066980022623e-05,-2.5230472845474032e-05,-3.9275398979919814e-05,-6.820572682755698e-05
cling,-1.6535068763693436e-05,-3.240737221465142e-05,4.841738988194895e-05,-3.6871338579924785e-05,0.00022418563149831543
clip,-8.267534381846718e-06,-1.620368610732571e-05,2.4208694940974476e-05,-1.8435669289962392e-05,0.00011209281574915771
clobbered,-1.0310919426322938e-05,-2.2826063759448474e-05,0.00010879576173084651,1.4648052819501154e-05,-3.167533546792437e-05
clock,-1.3516313335301455e-05,-2.347122170676966e-05,-2.5632080018989662e-05,-2.1613277643645184e-05,4.8063152938380925e-08
clocktower,-6.758156667650127e-06,-1.173561085338378e-05,-1.2816040009493688e-05,-1.0806638821821616e-05,2.4031576469201507e-08
clockwise,-9.260811473136898e-06,-1.6652504432408217e-05,-3.465533999120868e-05,0.00014786839378884208,5.6998877024992504e-06
clogged,0.0008087521308021022,0.0001997626344554019,4.759404271865575e-05,1.4111865795788491e-05,-1.7682339390927557e-06
close,6.954740042732939e-06,-1.160089829434793e-05,-6.707637147109123e-06,-4.626122809275486e-06,1.0298165350399368e-05
closed,-3.4847300625371914e-05,-7.148551281632997e-05,0.00021125193768679876,-3.5812607674394377e-06,2.8067594740075504e-05
closely,-1.7817373617231864e-05,-3.191189998512633e-05,-6.038334632522584e-05,0.00021041792240255572,6.3326979952428985e-06
closer,5.130211464665531e-05,-1.763261576156004e-05,-3.715917936322636e-05,4.255815393146381e-05,1.3895637531913425e-05
closes,-1.1991314478700102e-05,-1.919711303963962e-05,-2.8112479443661385e-05,-3.0208678337733182e-05,7.956372495121113e-06
closet,-8.230984194477592e-06,-1.4753919463583698e-05,-1.9287476532327646e-05,-2.3930846652193635e-05,8.714814004111074e-06
closing,-7.928414555517577e-06,-1.3576932814117509e-05,-1.7396337793241638e-05,-1.529887540016259e-05,7.386564149086249e-07
cloth,-1.0605199058755076e-05,-1.914103278324454e-05,-2.7880785097142795e-05,-3.660346912391205e-05,-5.2364456089533554e-05
clothes,9.036198054998433e-05,-1.6652153768721347e-05,2.039702938115234e-05,-1.461493386062731e-05,-2.084740815083422e-05
cloud,-1.0790984303700734e-05,-1.8117500625895715e-05,-2.7178562466193728e-05,-1.4276450848329497e-05,-2.846994263919355e-05
clouded,-8.230984194477592e-06,-1.4753919463583698e-05,-1.9287476532327646e-05,-2.3930846652193635e-05,8.714814004111074e-06
clouding,-4.115492097238796e-06,-7.376959731791849e-06,-9.643738266163823e-06,-1.1965423326096818e-05,4.357407002055537e-06
clouds,-0.00010979435394537435,-0.0001914390743157519,-0.00034230817326249847,0.0006826905537712064,-0.0001971317323043582
cloudy,-1.6635600960755317e-05,-2.8407887059540173e-05,-3.415845339311443e-05,-3.027779102018817e-05,5.755576380738398e-06
club,-6.452069446364436e-05,0.0001374685705334622,-8.358224873084604e-06,-1.4860670007266062e-05,2.305500082223231e-07
clubs,-4.115492097238796e-06,-7.376959731791849e-06,-9.643738266163823e-06,-1.1965423326096818e-05,4.357407002055537e-06
clumsy,-6.758156667650127e-06,-1.173561085338378e-05,-1.2816040009493688e-05,-1.0806638821821616e-05,2.4031576469201507e-08
cmon,0.00039302215947461,9.054055347482346e-05,1.4379780185847326e-05,-2.147663183925734e-07,-2.1658644188592215e-08
co,-1.468782146531337e-05,-2.416595794897984e-05,-3.355594754953761e-05,-3.3555015907957256e-05,6.411283609675723e-06
coal,-2.1033941947486136e-05,-3.805059119641771e-05,1.4971835152696976e-05,-4.946148166394822e-05,0.0001711700145819524
coast,-2.1160696512422076e-05,-4.2337171309980034e-05,0.00010449127308925982,1.8087181708189384e-08,-5.9368045817041206e-05
coat,0.00026958404360068357,6.658754481846307e-05,1.5864680906217585e-05,4.703955265262531e-06,-5.894113130308773e-07
coats,-4.115492097238796e-06,-7.376959731791849e-06,-9.643738266163823e-06,-1.1965423326096818e-05,4.357407002055537e-06
cockroaches,-9.087054360649962e-05,0.00026936276190924494,2.3540349416308355e-05,5.8534753981287895e-06,-8.025388520741435e-07
code,-2.778243441941388e-05,-4.9957513297230413e-05,-0.00010396601997363806,0.00044360518136657727,1.7099663107499727e-05
coexist,-1.1284854417608704e-05,-1.9948278498566486e-05,-2.5163296570968253e-05,-2.073297783802796e-05,-5.6226497401323554e-06
coffee,-1.7247472589634502e-05,-2.927802882352664e-05,-3.6940397275766336e-05,-2.731762692086103e-05,1.1593940342304665e-06
coils,-4.115492097238796e-06,-7.376959731791849e-06,-9.643738266163823e-06,-1.1965423326096818e-05,4.357407002055537e-06
coincidence,-9.260811473136898e-06,-1.6652504432408217e-05,-3.465533999120868e-05,0.00014786839378884208,5.6998877024992504e-06
cold,-0.00010291799789585107,0.00017482000508791897,6.646607546294539e-05,3.380351686699616e-05,-3.3065976267874074e-05
collaborative,-6.148609829199116e-06,-1.0383340289635737e-05,-1.2227400575356544e-05,-9.699178155078256e-06,1.1494490171502262e-06
collapse,-2.203398611203641e-05,-4.594034933863054e-05,0.00013488807994048473,0.00013063232602801615,-4.250883182258053e-05
collapsed,-4.115492097238796e-06,-7.376959731791849e-06,-9.643738266163823e-06,-1.1965423326096818e-05,4.357407002055537e-06
collapsing,-9.260811473136898e-06,-1.6652504432408217e-05,-3.465533999120868e-05,0.00014786839378884208,5.6998877024992504e-06
collect,-4.115492097238796e-06,-7.376959731791849e-06,-9.643738266163823e-06,-1.1965423326096818e-05,4.357407002055537e-06
collected,-8.713483589125439e-06,-1.5247693252736297e-05,-2.2730097135671893e-05,-1.9120726715322566e-05,-2.5614551140834125e-05
collins,-6.933013497566917e-06,-1.126901311688474e-05,-1.567677891901629e-05,-5.3955815789465e-06,4.849045299734206e-07
color,6.764340120749626e-05,-4.4244344770693764e-05,2.1610125081457312e-05,-6.599202520088844e-05,-1.425033072739647e-05
colors,-1.5895824278519402e-05,-2.7591053466890096e-05,-4.35848900550109e-05,9.472744186869054e-05,5.897908382166806e-06
columbus,-8.88058017037804e-06,-1.545036241150608e-05,-1.9938012655031165e-05,-2.0103343342691335e-05,3.757584729978528e-06
comb,-1.1991314478700102e-05,-1.919711303963962e-05,-2.8112479443661385e-05,-3.0208678337733182e-05,7.956372495121113e-06
combat,-6.933013497566917e-06,-1.126901311688474e-05,-1.567677891901629e-05,-5.3955815789465e-06,4.849045299734206e-07
combine,-4.115492097238796e-06,-7.376959731791849e-06,-9.643738266163823e-06,-1.1965423326096818e-05,4.357407002055537e-06
combined,-2.3982628957401547e-05,-3.83942260792814e-05,-5.6224958887326e-05,-6.0417356675469624e-05,1.591274499024311e-05
combustion,-7.928414555517577e-06,-1.3576932814117509e-05,-1.7396337793241638e-05,-1.529887540016259e-05,7.386564149086249e-07
come,-0.0,0.0,0.0,0.0,0.0
comes,9.077243319075794e-05,0.00017398152663631968,-9.62690966786779e-06,-3.579265364512666e-05,3.1567451055502205e-05
comfortable,-1.3246690792654276e-05,-2.7088076058654968e-05,7.20069264063057e-05,-9.195212154782328e-06,4.9483977951856486e-05
comical,-6.758156667650127e-06,-1.173561085338378e-05,-1.2816040009493688e-05,-1.0806638821821616e-05,2.4031576469201507e-08
coming,-3.3350301619672403e-06,-5.3260178549300855e-06,-6.810619529982047e-07,-2.1063343021676687e-06,-2.1209327987178126e-06
comingout,-8.740419975390173e-06,-1.5985066980022623e-05,-2.5230472845474032e-05,-3.9275398979919814e-05,-6.820572682755698e-05
command,-1.2924533966200329e-05,-2.422652737137806e-05,-7.702838585090464e-06,9.543727959064452e-05,8.685450465930198e-05
commander,-1.2507387223325423e-05,-2.208702045051797e-05,-4.117241329709614e-05,9.873281265115046e-05,-2.4624672372158777e-05
commence,-9.260811473136898e-06,-1.6652504432408217e-05,-3.465533999120868e-05,0.00014786839378884208,5.6998877024992504e-06
common,-6.471570827238663e-05,0.00013734354560065827,-1.2898500958984947e-05,-1.6058527776009685e-05,-2.1947325453750407e-05
commoners,-8.740419975390173e-06,-1.5985066980022623e-05,-2.5230472845474032e-05,-3.9275398979919814e-05,-6.820572682755698e-05
commonly,-4.115492097238796e-06,-7.376959731791849e-06,-9.643738266163823e-06,-1.1965423326096818e-05,4.357407002055537e-06
commotion,-1.2507387223325423e-05,-2.208702045051797e-05,-4.117241329709614e-05,9.873281265115046e-05,-2.4624672372158777e-05
communications,-9.260811473136898e-06,-1.6652504432408217e-05,-3.465533999120868e-05,0.00014786839378884208,5.6998877024992504e-06
community,-2.239242607114051e-05,-3.708398495039458e-05,-5.12146491610074e-05,-5.489642865783312e-05,1.5046306010929458e-05
companion,-7.928414555517577e-06,-1.3576932814117509e-05,-1.7396337793241638e-05,-1.529887540016259e-05,7.386564149086249e-07
company,-3.421741697154369e-05,-5.82824593667334e-05,-5.4658126154264075e-05,-4.9992168645086704e-05,5.627451409515823e-05
compare,-8.740419975390173e-06,-1.5985066980022623e-05,-2.5230472845474032e-05,-3.9275398979919814e-05,-6.820572682755698e-05
compared,-1.0605199058755076e-05,-1.914103278324454e-05,-2.7880785097142795e-05,-3.660346912391205e-05,-5.2364456089533554e-05
compartments,-6.758156667650127e-06,-1.173561085338378e-05,-1.2816040009493688e-05,-1.0806638821821616e-05,2.4031576469201507e-08
compass,-9.260811473136898e-06,-1.6652504432408217e-05,-3.465533999120868e-05,0.00014786839378884208,5.6998877024992504e-06
compensate,-7.928414555517577e-06,-1.3576932814117509e-05,-1.7396337793241638e-05,-1.529887540016259e-05,7.386564149086249e-07
competing,-1.5856829111035153e-05,-2.7153865628235018e-05,-3.4792675586483276e-05,-3.059775080032518e-05,1.4773128298172499e-06
competition,-1.5856829111035153e-05,-2.7153865628235018e-05,-3.4792675586483276e-05,-3.059775080032518e-05,1.4773128298172499e-06
complain,0.00018971055926263994,3.3786035551763876e-05,-6.333929156365272e-06,-1.083492344280235e-05,1.2604908287758642e-06
complaining,-8.267534381846718e-06,-1.620368610732571e-05,2.4208694940974476e-05,-1.8435669289962392e-05,0.00011209281574915771
complaint,-1.4937871626935692e-05,-2.6102795711070163e-05,-2.8784573181726283e-06,-3.5867932341094364e-05,8.851832477032371e-05
complaints,-9.260811473136898e-06,-1.6652504432408217e-05,-3.465533999120868e-05,0.00014786839378884208,5.6998877024992504e-06
complete,9.290772189914128e-05,2.687568397854886e-06,3.134029652180098e-05,-9.786694715539074e-06,-8.730098204732023e-06
completed,-4.115492097238796e-06,-7.376959731791849e-06,-9.643738266163823e-06,-1.1965423326096818e-05,4.357407002055537e-06
completely,-1.4092017192702658e-05,-3.184710486685276e-07,-2.0937877771541018e-06,-5.784227646064748e-06,-8.37184396790024e-06
complex,-1.2346476291717726e-05,-2.213087919537796e-05,-2.8931214798494673e-05,-3.589626997829423e-05,1.3072221006167883e-05
complicated,-1.6310647913548416e-05,-2.714153793597507e-05,-3.559307806532861e-05,-2.089053571760342e-05,1.6681942287714827e-06
compositions,-6.148609829199116e-06,-1.0383340289635737e-05,-1.2227400575356544e-05,-9.699178155078256e-06,1.1494490171502262e-06
compost,-6.148609829199116e-06,-1.0383340289635737e-05,-1.2227400575356544e-05,-9.699178155078256e-06,1.1494490171502262e-06
comrade,-1.8545014103911337e-05,-3.132729654894134e-05,-4.167272887671476e-05,-2.3244340020895872e-05,-3.430774238932329e-06
concentrate,-6.758156667650127e-06,-1.173561085338378e-05,-1.2816040009493688e-05,-1.0806638821821616e-05,2.4031576469201507e-08
concentrated,-9.260811473136898e-06,-1.6652504432408217e-05,-3.465533999120868e-05,0.00014786839378884208,5.6998877024992504e-06
concentration,-4.115492097238796e-06,-7.376959731791849e-06,-9.643738266163823e-06,-1.1965423326096818e-05,4.357407002055537e-06
concept,-6.148609829199116e-06,-1.0383340289635737e-05,-1.2227400575356544e-05,-9.699178155078256e-06,1.1494490171502262e-06
concern,-8.230984194477592e-06,-1.4753919463583698e-05,-1.9287476532327646e-05,-2.3930846652193635e-05,8.714814004111074e-06
concerned,-1.707754058117039e-05,-3.223770062747237e-05,2.474026751385493e-05,-1.8852723614257552e-05,-1.3022813433392446e-05
concluded,-8.230984194477592e-06,-1.4753919463583698e-05,-1.9287476532327646e-05,-2.3930846652193635e-05,8.714814004111074e-06
conclusions,-9.087054360649962e-05,0.00026936276190924494,2.3540349416308355e-05,5.8534753981287895e-06,-8.025388520741435e-07
concubines,-8.740419975390173e-06,-1.5985066980022623e-05,-2.5230472845474032e-05,-3.9275398979919814e-05,-6.820572682755698e-05
condition,-1.7758434766890067e-05,-3.108074038427011e-05,-2.351015316909548e-05,-3.090035100500428e-05,2.9254374960443508e-05
condolences,-4.115492097238796e-06,-7.376959731791849e-06,-9.643738266163823e-06,-1.1965423326096818e-05,4.357407002055537e-06
conducted,-4.115492097238796e-06,-7.376959731791849e-06,-9.643738266163823e-06,-1.1965423326096818e-05,4.357407002055537e-06
confessed,-1.8521622946275386e-05,-3.330500886481932e-05,-6.931067998242342e-05,0.0002957367875777097,1.1399775404999465e-05
confident,-1.3000819933817263e-05,-2.2745920926980325e-05,-2.6010641014501424e-05,-2.4759270772886448e-05,3.248375467164585e-06
confidential,-1.0310919426322938e-05,-2.2826063759448474e-05,0.00010879576173084651,1.4648052819501154e-05,-3.167533546792437e-05
confiscate,-6.933013497566917e-06,-1.126901311688474e-05,-1.567677891901629e-05,-5.3955815789465e-06,4.849045299734206e-07
conflict,-5.642427208804352e-06,-9.974139249283243e-06,-1.2581648285484126e-05,-1.036648891901398e-05,-2.8113248700661777e-06
confuse,-5.642427208804352e-06,-9.974139249283243e-06,-1.2581648285484126e-05,-1.036648891901398e-05,-2.8113248700661777e-06
confused,-5.642427208804352e-06,-9.974139249283243e-06,-1.2581648285484126e-05,-1.036648891901398e-05,-2.8113248700661777e-06
congratulate,-4.115492097238796e-06,-7.376959731791849e-06,-9.643738266163823e-06,-1.1965423326096818e-05,4.357407002055537e-06
congratulations,-3.064361638328821e-05,-5.3261636547729326e-05,-7.112854839437546e-05,-7.456035612356008e-05,-3.511311730578451e-05
conquer,-7.701796971080249e-06,-1.3302071444386432e-05,-2.118298283289607e-05,-1.3966243667950595e-05,-3.9096045353798374e-05
consciousness,-5.642427208804352e-06,-9.974139249283243e-06,-1.2581648285484126e-05,-1.036648891901398e-05,-2.8113248700661777e-06
consensus,-4.115492097238796e-06,-7.376959731791849e-06,-9.643738266163823e-06,-1.1965423326096818e-05,4.357407002055537e-06
consent,-8.740419975390173e-06,-1.5985066980022623e-05,-2.5230472845474032e-05,-3.9275398979919814e-05,-6.820572682755698e-05
consider,-1.5196760232118048e-05,-2.5780301169280538e-05,-3.4277681745045166e-05,-3.522527367809801e-05,7.124933721349197e-06
considering,-6.148609829199116e-06,-1.0383340289635737e-05,-1.2227400575356544e-05,-9.699178155078256e-06,1.1494490171502262e-06
considers,-6.933013497566917e-06,-1.126901311688474e-05,-1.567677891901629e-05,-5.3955815789465e-06,4.849045299734206e-07
conspicuous,-4.115492097238796e-06,-7.376959731791849e-06,-9.643738266163823e-06,-1.1965423326096818e-05,4.357407002055537e-06
constance,-6.933013497566917e-06,-1.126901311688474e-05,-1.567677891901629e-05,-5.3955815789465e-06,4.849045299734206e-07
constantly,-8.740419975390173e-06,-1.5985066980022623e-05,-2.5230472845474032e-05,-3.9275398979919814e-05,-6.820572682755698e-05
constructed,-4.115492097238796e-06,-7.376959731791849e-06,-9.643738266163823e-06,-1.1965423326096818e-05,4.357407002055537e-06
construction,-5.7433540353581945e-05,-0.00010248083742349736,-0.00013371105096761672,-0.0001612667105903014,5.516456199395127e-05
consumed,-1.7707549891307644e-05,-3.4298474517379704e-05,3.408984656473133e-05,-2.6477289968294595e-05,-6.15836072157159e-05
consumes,-5.642427208804352e-06,-9.974139249283243e-06,-1.2581648285484126e-05,-1.036648891901398e-05,-2.8113248700661777e-06
contact,-1.705258509770031e-05,-2.8897156008847067e-05,-4.8671691506075344e-05,0.00010107395974153515,4.917904008950392e-06
contagion,-6.148609829199116e-06,-1.0383340289635737e-05,-1.2227400575356544e-05,-9.699178155078256e-06,1.1494490171502262e-06
contagious,-6.148609829199116e-06,-1.0383340289635737e-05,-1.2227400575356544e-05,-9.699178155078256e-06,1.1494490171502262e-06
container,-5.642427208804352e-06,-9.974139249283243e-06,-1.2581648285484126e-05,-1.036648891901398e-05,-2.8113248700661777e-06
contains,-9.260811473136898e-06,-1.6652504432408217e-05,-3.465533999120868e-05,0.00014786839378884208,5.6998877024992504e-06
contaminated,-6.148609829199116e-06,-1.0383340289635737e-05,-1.2227400575356544e-05,-9.699178155078256e-06,1.1494490171502262e-06
content,-8.740419975390173e-06,-1.5985066980022623e-05,-2.5230472845474032e-05,-3.9275398979919814e-05,-6.820572682755698e-05
contentment,-1.1991314478700102e-05,-1.919711303963962e-05,-2.8112479443661385e-05,-3.0208678337733182e-05,7.956372495121113e-06
contest,-1.1510447718035882e-05,-1.9807867241106845e-05,-2.4635720430527474e-05,-2.0642648974878834e-05,-5.388927284848236e-07
continue,-1.800204644301245e-05,-3.341831381008396e-05,1.1274390549387502e-05,1.5154922465446014e-05,-2.636527983195606e-05
continued,-1.4782603612025262e-05,-2.612650262923401e-05,-3.69517269247435e-05,-3.676614762127187e-05,-1.9188678982838188e-05
continues,-1.3304022613044617e-05,-2.3362130545490553e-05,-2.8004081486582284e-05,-2.3255751008888606e-05,-4.128143706126031e-06
continuing,-4.115492097238796e-06,-7.376959731791849e-06,-9.643738266163823e-06,-1.1965423326096818e-05,4.357407002055537e-06
continuity,-7.701796971080249e-06,-1.3302071444386432e-05,-2.118298283289607e-05,-1.3966243667950595e-05,-3.9096045353798374e-05
continuous,-6.148609829199116e-06,-1.0383340289635737e-05,-1.2227400575356544e-05,-9.699178155078256e-06,1.1494490171502262e-06
contract,-3.462522491875801e-05,-6.475298183501149e-05,4.6723781817262114e-05,-6.708870833635328e-05,0.00033025822687407784
contracted,-7.928414555517577e-06,-1.3576932814117509e-05,-1.7396337793241638e-05,-1.529887540016259e-05,7.386564149086249e-07
contracts,-7.928414555517577e-06,-1.3576932814117509e-05,-1.7396337793241638e-05,-1.529887540016259e-05,7.386564149086249e-07
contrail,-6.933013497566917e-06,-1.126901311688474e-05,-1.567677891901629e-05,-5.3955815789465e-06,4.849045299734206e-07
contrary,-8.740419975390173e-06,-1.5985066980022623e-05,-2.5230472845474032e-05,-3.9275398979919814e-05,-6.820572682755698e-05
contribute,-6.933013497566917e-06,-1.126901311688474e-05,-1.567677891901629e-05,-5.3955815789465e-06,4.849045299734206e-07
control,0.00014290279160962963,1.133930475030827e-05,2.6263809737294993e-05,-3.2745116670486984e-05,0.0001356023518543696
controlled,-1.0988909971580377e-05,-1.963316809909294e-05,-3.48302152692598e-05,0.00010138709348903198,2.1298831475686264e-06
controls,-8.267534381846718e-06,-1.620368610732571e-05,2.4208694940974476e-05,-1.8435669289962392e-05,0.00011209281574915771
convenient,-7.928414555517577e-06,-1.3576932814117509e-05,-1.7396337793241638e-05,-1.529887540016259e-05,7.386564149086249e-07
conversation,-9.516810277618436e-06,-1.630941890979553e-05,-1.846579255950825e-05,-1.5119973682359797e-05,8.652664613300786e-07
conversion,-7.928414555517577e-06,-1.3576932814117509e-05,-1.7396337793241638e-05,-1.529887540016259e-05,7.386564149086249e-07
convince,-4.115492097238796e-06,-7.376959731791849e-06,-9.643738266163823e-06,-1.1965423326096818e-05,4.357407002055537e-06
convinced,-8.230984194477592e-06,-1.4753919463583698e-05,-1.9287476532327646e-05,-2.3930846652193635e-05,8.714814004111074e-06
convincing,-8.146620737475113e-06,-1.3748616749657121e-05,-1.867009511959345e-05,-1.2801145038956248e-05,3.570480659636475e-06
convoy,-7.701796971080249e-06,-1.3302071444386432e-05,-2.118298283289607e-05,-1.3966243667950595e-05,-3.9096045353798374e-05
cook,-3.7007698494529184e-05,-6.682503764115324e-05,2.7101338281611866e-05,-5.389026417001373e-07,7.046749352874508e-06
cooked,-1.1991314478700102e-05,-1.919711303963962e-05,-2.8112479443661385e-05,-3.0208678337733182e-05,7.956372495121113e-06
cookies,-1.213644154962799e-05,-2.448696951672978e-05,7.120472599869694e-05,3.6490550348550413e-06,-2.2508276567880185e-05
cooking,-1.706491608833102e-05,-3.110720208917726e-05,3.794496793192756e-05,-1.2232354688793617e-05,-1.3561960063421669e-05
cool,0.00029328981828230624,4.0418475375812626e-05,-2.7425050187615026e-05,-2.5885574200676644e-05,8.433125174733844e-07
cooperate,-6.933013497566917e-06,-1.126901311688474e-05,-1.567677891901629e-05,-5.3955815789465e-06,4.849045299734206e-07
copy,-1.2161710535493724e-05,-2.0836056423227464e-05,-2.477253730253649e-05,-2.089956902259638e-05,1.1161341359825254e-06
corn,-0.0003634821744259985,0.0010774510476369798,9.416139766523342e-05,2.3413901592515158e-05,-3.210155408296574e-06
corner,-1.0662053538859219e-05,-1.8461546683853197e-05,-2.506919530111891e-05,-1.8266296422303804e-05,-2.8809767525748742e-05
cornered,-1.022956634883028e-05,-1.82332455895601e-05,-2.3498714002371364e-05,-2.528915633041564e-05,4.352940457891223e-06
corridor,-7.928414555517577e-06,-1.3576932814117509e-05,-1.7396337793241638e-05,-1.529887540016259e-05,7.386564149086249e-07
corvette,-3.850898485540707e-05,-6.651035722194218e-05,-0.00010591491416449632,-6.983121833976348e-05,-0.0001954802267690213
cosmetics,-6.148609829199116e-06,-1.0383340289635737e-05,-1.2227400575356544e-05,-9.699178155078256e-06,1.1494490171502262e-06
cost,-1.994263519653762e-05,-3.438193417299879e-05,-4.794735082579805e-05,-4.561230808790916e-05,-4.222673606833799e-05
costing,-8.267534381846718e-06,-1.620368610732571e-05,2.4208694940974476e-05,-1.8435669289962392e-05,0.00011209281574915771
costs,-6.758156667650127e-06,-1.173561085338378e-05,-1.2816040009493688e-05,-1.0806638821821616e-05,2.4031576469201507e-08
cottage,-1.213644154962799e-05,-2.448696951672978e-05,7.120472599869694e-05,3.6490550348550413e-06,-2.2508276567880185e-05
could,-0.0,0.0,0.0,0.0,0.0
couldn,-1.0310919426322938e-05,-2.2826063759448474e-05,0.00010879576173084651,1.4648052819501154e-05,-3.167533546792437e-05
counselor,-6.118293982773998e-05,-0.0001118954688601744,-0.0001766133099183434,-0.0002749277928594781,-0.0004774400877929671
count,-1.9321256933703107e-05,-3.575164081720313e-05,3.404566839595835e-05,-1.2459460306714195e-05,-1.734385415848956e-05
counting,-1.4166912810789049e-05,-2.471983014938202e-05,-3.138136618709484e-05,-2.6568103738649368e-05,-3.6012147492287874e-06
countless,-5.642427208804352e-06,-9.974139249283243e-06,-1.2581648285484126e-05,-1.036648891901398e-05,-2.8113248700661777e-06
countries,-2.079714874318577e-05,-3.5575835306086626e-05,-4.915839444000563e-05,-3.655761435646047e-05,-4.386847962139677e-05
country,-3.1462402859505187e-05,-5.355452087212004e-05,-7.552722951942759e-05,-1.755822471051534e-05,-3.172089247695016e-05
countryside,-1.9447061108233547e-05,-3.297944009454855e-05,-3.9874836259073977e-05,-3.273571345693021e-05,3.0872889527210514e-06
coup,-7.928414555517577e-06,-1.3576932814117509e-05,-1.7396337793241638e-05,-1.529887540016259e-05,7.386564149086249e-07
couple,-1.037970047536287e-05,-1.7667118513686998e-05,-2.1843077260020783e-05,-1.8432326412120574e-05,1.3921954182273158e-06
courage,-1.1763207559123718e-05,-2.4185244939362412e-05,7.094352128492269e-05,3.1570131327925783e-06,-2.5428755035231624e-05
courageous,-7.928414555517577e-06,-1.3576932814117509e-05,-1.7396337793241638e-05,-1.529887540016259e-05,7.386564149086249e-07
course,-7.851886750088898e-05,2.3671099246317393e-05,-3.819754681874098e-05,6.40116454915681e-05,-6.46149554299125e-05
courses,-4.115492097238796e-06,-7.376959731791849e-06,-9.643738266163823e-06,-1.1965423326096818e-05,4.357407002055537e-06
court,-2.9939457257230363e-05,-5.450082249379361e-05,-8.36918877486762e-05,-0.00012348267022225566,-0.00020323902925783164
courted,-4.115492097238796e-06,-7.376959731791849e-06,-9.643738266163823e-06,-1.1965423326096818e-05,4.357407002055537e-06
courtesy,-7.701796971080249e-06,-1.3302071444386432e-05,-2.118298283289607e-05,-1.3966243667950595e-05,-3.9096045353798374e-05
courtier,-1.7480839950781815e-05,-3.197013396004792e-05,-5.046094569095228e-05,-7.85507979598462e-05,-0.00013641145365512534
courtyard,-1.0310919426322938e-05,-2.2826063759448474e-05,0.00010879576173084651,1.4648052819501154e-05,-3.167533546792437e-05
cousin,-9.645741042459956e-06,-1.5965372851838048e-05,-2.0575159724583076e-05,-1.1130128108385491e-05,1.20509134788528e-06
cover,-2.1806795063402512e-05,-3.643735321475754e-05,-5.8676919511294883e-05,4.406173299705698e-05,1.5158980599667972e-05
coverage,-4.115492097238796e-06,-7.376959731791849e-06,-9.643738266163823e-06,-1.1965423326096818e-05,4.357407002055537e-06
covered,-4.115492097238796e-06,-7.376959731791849e-06,-9.643738266163823e-06,-1.1965423326096818e-05,4.357407002055537e-06
covering,-1.0521643631127834e-05,-1.9586274882857858e-05,1.1576776065900394e-06,-2.3796458721211634e-05,6.633219928010915e-05
coward,-1.848630740290726e-05,-3.753146577834554e-05,0.00011223057370251956,6.9666416612152935e-06,-3.4151934134263315e-05
cowardly,-1.9365968792316963e-05,-4.1016053665662404e-05,0.00015116412678314506,1.39577616900515e-05,-4.878457837035852e-05
cowboy,-6.933013497566917e-06,-1.126901311688474e-05,-1.567677891901629e-05,-5.3955815789465e-06,4.849045299734206e-07
coworkers,-6.148609829199116e-06,-1.0383340289635737e-05,-1.2227400575356544e-05,-9.699178155078256e-06,1.1494490171502262e-06
cowrie,-3.496167990156509e-05,-6.394026792009854e-05,-0.00010092189138190876,-0.000157101595919699,-0.00027282290731026206
cows,-9.645741042459956e-06,-1.5965372851838048e-05,-2.0575159724583076e-05,-1.1130128108385491e-05,1.20509134788528e-06
cozy,-7.928414555517577e-06,-1.3576932814117509e-05,-1.7396337793241638e-05,-1.529887540016259e-05,7.386564149086249e-07
crab,0.00013177448231584205,0.00024771311487004684,2.9055317430185417e-05,7.784526408463515e-06,-1.0263551014451536e-06
crack,-1.0637321244643162e-05,-2.2270213414548852e-05,7.310979060368658e-05,1.978038104284252e-06,-2.0142887256128975e-05
crackling,-6.758156667650127e-06,-1.173561085338378e-05,-1.2816040009493688e-05,-1.0806638821821616e-05,2.4031576469201507e-08
cramped,-1.8521622946275386e-05,-3.330500886481932e-05,-6.931067998242342e-05,0.0002957367875777097,1.1399775404999465e-05
cramps,-6.758156667650127e-06,-1.173561085338378e-05,-1.2816040009493688e-05,-1.0806638821821616e-05,2.4031576469201507e-08
crap,-6.933013497566917e-06,-1.126901311688474e-05,-1.567677891901629e-05,-5.3955815789465e-06,4.849045299734206e-07
crash,-1.931637553058594e-05,-3.4923722386487025e-05,8.186604623145834e-06,-1.7044748970581465e-05,-2.5514070977799064e-05
crashed,-1.2131497248074835e-05,-2.040325907910155e-05,-2.8652684021925767e-05,-1.6963208064164893e-05,-2.186677671663158e-05
crashlanded,-1.0310919426322938e-05,-2.2826063759448474e-05,0.00010879576173084651,1.4648052819501154e-05,-3.167533546792437e-05
crawl,-5.642427208804352e-06,-9.974139249283243e-06,-1.2581648285484126e-05,-1.036648891901398e-05,-2.8113248700661777e-06
crawling,-9.47931274427452e-06,-1.722600125843098e-05,-2.5714515778378864e-05,-3.778244415242036e-05,-4.7078588310430935e-05
crazy,2.4138193893170194e-05,-2.9213279964559724e-05,4.0775454013253074e-05,9.540759198919963e-05,-1.1474252635863022e-05
cream,-1.58508363950149e-05,-2.639540802891789e-05,-3.681854212781237e-05,-3.475125706710286e-05,1.001418766140662e-05
create,-1.1942090479478568e-05,-2.1958753208604772e-05,5.023094710374264e-06,-2.4874182212570498e-05,8.319633846260921e-05
creating,-4.115492097238796e-06,-7.376959731791849e-06,-9.643738266163823e-06,-1.1965423326096818e-05,4.357407002055537e-06
creative,-7.928414555517577e-06,-1.3576932814117509e-05,-1.7396337793241638e-05,-1.529887540016259e-05,7.386564149086249e-07
creator,-7.928414555517577e-06,-1.3576932814117509e-05,-1.7396337793241638e-05,-1.529887540016259e-05,7.386564149086249e-07
creature,0.0001957433598840595,4.3658952444374584e-05,4.587014948149819e-06,-5.3542468509692495e-06,2.778333373280335e-06
creatures,0.00014943755209868465,2.512083397788548e-05,-8.238082106209421e-06,-1.2235391124706362e-05,-1.5538834763051856e-06
credit,-1.8234310366351423e-05,-3.370541423834536e-05,-1.0592967107276792e-05,-4.8884391134756346e-05,9.550343412762186e-05
creek,-0.00018174108721299924,0.0005387255238184899,4.708069883261671e-05,1.1706950796257579e-05,-1.605077704148287e-06
creeps,-8.267534381846718e-06,-1.620368610732571e-05,2.4208694940974476e-05,-1.8435669289962392e-05,0.00011209281574915771
creepy,0.000394521279779595,9.275730957700454e-05,1.628484479083695e-05,-1.8857832489633414e-06,2.3437306675626265e-06
crew,-1.9591996125383103e-05,-3.4382974240104027e-05,-4.421388518822031e-05,-4.172115815928179e-05,-1.5162320298296747e-05
cried,-7.928414555517577e-06,-1.3576932814117509e-05,-1.7396337793241638e-05,-1.529887540016259e-05,7.386564149086249e-07
cries,-1.1284854417608704e-05,-1.9948278498566486e-05,-2.5163296570968253e-05,-2.073297783802796e-05,-5.6226497401323554e-06
crime,-1.4029607005701417e-05,-2.343655696646544e-05,-3.21931167113533e-05,-3.354757076065387e-05,7.618841753612619e-06
criminal,-4.115492097238796e-06,-7.376959731791849e-06,-9.643738266163823e-06,-1.1965423326096818e-05,4.357407002055537e-06
crimson,-1.3866026995135076e-05,-2.253802623377149e-05,-3.135355783803537e-05,-1.0791163157893955e-05,9.698090599469093e-07
crimsoncolored,-6.933013497566917e-06,-1.126901311688474e-05,-1.567677891901629e-05,-5.3955815789465e-06,4.849045299734206e-07
crispy,-4.115492097238796e-06,-7.376959731791849e-06,-9.643738266163823e-06,-1.1965423326096818e-05,4.357407002055537e-06
croaking,-1.1991314478700102e-05,-1.919711303963962e-05,-2.8112479443661385e-05,-3.0208678337733182e-05,7.956372495121113e-06
crone,-7.701796971080249e-06,-1.3302071444386432e-05,-2.118298283289607e-05,-1.3966243667950595e-05,-3.9096045353798374e-05
cross,-1.2615006854518428e-05,-2.304482383225066e-05,-5.577898718194144e-06,-2.496435823550142e-05,4.096796999928116e-05
crossed,-1.317729467713807e-05,-2.3729668321539185e-05,-3.897826270694242e-05,4.0948216109418306e-05,-2.8937653332644852e-05
crouch,-7.701796971080249e-06,-1.3302071444386432e-05,-2.118298283289607e-05,-1.3966243667950595e-05,-3.9096045353798374e-05
crow,-1.7569021155560635e-05,-3.4137324965031516e-05,6.132077937825676e-05,-5.135811762652894e-06,-2.3320383946960255e-05
crowd,-1.8644171362528354e-05,-3.32760515901297e-05,-4.9300156622484193e-05,-6.031110024587365e-05,-0.00010243151376100104
crowded,-9.284805468259871e-06,-1.6188878869198688e-05,-2.0110447954661932e-05,-1.8696878544237195e-05,1.5734093931239679e-06
crowds,-8.740419975390173e-06,-1.5985066980022623e-05,-2.5230472845474032e-05,-3.9275398979919814e-05,-6.820572682755698e-05
crows,-2.8100981188107527e-05,-4.7931159400452594e-05,-5.496334411806972e-05,-4.45433344095292e-05,3.425626457153841e-06
crucial,-5.642427208804352e-06,-9.974139249283243e-06,-1.2581648285484126e-05,-1.036648891901398e-05,-2.8113248700661777e-06
cruel,-1.5680117959781858e-05,-2.799482357427954e-05,-2.801749853953675e-05,2.2303819911196245e-05,1.3579633841648159e-05
cruiser,-1.1991314478700102e-05,-1.919711303963962e-05,-2.8112479443661385e-05,-3.0208678337733182e-05,7.956372495121113e-06
crumb,-4.115492097238796e-06,-7.376959731791849e-06,-9.643738266163823e-06,-1.1965423326096818e-05,4.357407002055537e-06
crumbled,-9.260811473136898e-06,-1.6652504432408217e-05,-3.465533999120868e-05,0.00014786839378884208,5.6998877024992504e-06
crush,-5.642427208804352e-06,-9.974139249283243e-06,-1.2581648285484126e-05,-1.036648891901398e-05,-2.8113248700661777e-06
cry,2.294347704709354e-05,4.3838717624157556e-05,1.7072957203369007e-06,-6.877256167606321e-06,3.1940703062487286e-05
crybaby,-8.267534381846718e-06,-1.620368610732571e-05,2.4208694940974476e-05,-1.8435669289962392e-05,0.00011209281574915771
crying,3.363558699793691e-05,6.32340349420096e-05,2.2959958417166297e-05,-1.989227405205882e-05,-1.750129220108387e-05
crystal,-1.0988909971580377e-05,-1.963316809909294e-05,-3.48302152692598e-05,0.00010138709348903198,2.1298831475686264e-06
crystals,-7.701796971080249e-06,-1.3302071444386432e-05,-2.118298283289607e-05,-1.3966243667950595e-05,-3.9096045353798374e-05
cub,-1.7817163623476512e-05,-3.156590731748527e-05,-4.4062541819282494e-05,-4.558885807425047e-05,-1.597574290383882e-05
cubs,-4.1154920972393304e-05,-7.376959731792814e-05,-9.643738266165091e-05,-0.00011965423326098357,4.357407002056066e-05
cuddle,-4.115492097238796e-06,-7.376959731791849e-06,-9.643738266163823e-06,-1.1965423326096818e-05,4.357407002055537e-06
cult,-4.115492097238796e-06,-7.376959731791849e-06,-9.643738266163823e-06,-1.1965423326096818e-05,4.357407002055537e-06
cunning,-1.0310919426322938e-05,-2.2826063759448474e-05,0.00010879576173084651,1.4648052819501154e-05,-3.167533546792437e-05
cup,0.0001885537984434591,3.247993300980692e-05,-1.1420730607429655e-05,-4.488405569957758e-06,2.804864555594144e-07
cupped,-6.758156667650127e-06,-1.173561085338378e-05,-1.2816040009493688e-05,-1.0806638821821616e-05,2.4031576469201507e-08
cure,-1.6488336042013943e-05,-2.9128811901496713e-05,-4.728148248451001e-05,6.605801559324798e-05,-2.2775681178010006e-05
cures,-7.928414555517577e-06,-1.3576932814117509e-05,-1.7396337793241638e-05,-1.529887540016259e-05,7.386564149086249e-07
curious,-1.2101920644319414e-05,-2.0751726269108426e-05,-2.5142573893586693e-05,-2.3126097497782426e-05,4.908029613491455e-06
current,-7.195006337380369e-06,-1.2793840901311246e-05,-1.6387899107835544e-05,-1.6466445877440998e-05,1.1400043788932677e-06
currents,-7.701796971080249e-06,-1.3302071444386432e-05,-2.118298283289607e-05,-1.3966243667950595e-05,-3.9096045353798374e-05
curse,-7.454417650296945e-05,-0.0001429748151645392,0.00016671703253979227,-5.5281206352395107e-05,-4.309342398854035e-05
cursed,-2.4173379295650146e-05,-4.208522408570601e-05,-5.348564816089544e-05,-4.5492472052837104e-05,-5.129497798353407e-06
curses,-2.0084100210985905e-05,-3.889411736548942e-05,5.23893528583204e-05,-1.2130457716142414e-05,-2.95746184354416e-05
curtain,-1.0310919426322938e-05,-2.2826063759448474e-05,0.00010879576173084651,1.4648052819501154e-05,-3.167533546792437e-05
curtis,-0.00014559328344892884,-0.0002366492754546177,-0.0003292123572993952,-0.00011330721315789473,1.0182995129443343e-05
curve,-1.5602856225982704e-05,-2.700619703386016e-05,-3.34188490883763e-05,-3.1152511455436734e-05,3.419813753889402e-06
cushions,-8.267534381846718e-06,-1.620368610732571e-05,2.4208694940974476e-05,-1.8435669289962392e-05,0.00011209281574915771
custom,-2.2855765388016587e-05,-4.087970937909577e-05,-5.610722788765176e-05,-7.385602771880318e-05,-0.00010054760939069112
customer,-4.110119493679492e-05,-7.855763503080642e-05,9.010525240793423e-05,-5.9725930154101896e-05,0.0002432858298418626
customers,-2.710174786587184e-05,-5.2520711038112705e-05,8.827337247279587e-05,-1.74966956392537e-05,2.352280579158578e-05
cut,8.20645957309332e-05,-5.826396057069604e-06,1.8690178201914568e-05,-8.23878913777846e-07,-1.4141557768744285e-05
cute,7.698795092483758e-05,3.386136329790312e-05,1.0287169343806869e-05,-1.3419901168951146e-05,-1.636563488756497e-05
cuter,0.00026958404360068357,6.658754481846307e-05,1.5864680906217585e-05,4.703955265262531e-06,-5.894113130308773e-07
cutter,-3.496167990156509e-05,-6.394026792009854e-05,-0.00010092189138190876,-0.000157101595919699,-0.00027282290731026206
cygnus,-4.115492097238796e-06,-7.376959731791849e-06,-9.643738266163823e-06,-1.1965423326096818e-05,4.357407002055537e-06
d,-0.0,0.0,0.0,0.0,0.0
dad,-0.0001183598177206961,-9.57371338039419e-05,-6.122085520173335e-05,-0.0002503750655349388,0.0003369553981551497
daddy,-2.8087598522285784e-05,-5.15080004349145e-05,-2.913361513539896e-05,-8.832347932771007e-05,1.2448916084935057e-05
dads,-6.148609829199116e-06,-1.0383340289635737e-05,-1.2227400575356544e-05,-9.699178155078256e-06,1.1494490171502262e-06
daffy,-9.260811473136898e-06,-1.6652504432408217e-05,-3.465533999120868e-05,0.00014786839378884208,5.6998877024992504e-06
daikon,-1.2297219658398232e-05,-2.0766680579271475e-05,-2.445480115071309e-05,-1.9398356310156513e-05,2.2988980343004523e-06
daily,-5.9389136728798134e-05,0.00014607362329540014,6.307405437257313e-07,-9.875553958634131e-06,2.08904076231653e-06
daimyo,-1.2346476291717726e-05,-2.213087919537796e-05,-2.8931214798494673e-05,-3.589626997829423e-05,1.3072221006167883e-05
damage,-1.2924533966200329e-05,-2.422652737137806e-05,-7.702838585090464e-06,9.543727959064452e-05,8.685450465930198e-05
damn,-6.123318109465147e-05,-0.0001047946851559986,-0.0001650253321957967,0.000216226161695344,1.3653592621237649e-05
damned,-2.2569708835218678e-05,-3.989655699713522e-05,-5.032659314193929e-05,-4.1465955676058245e-05,-1.1245299480265316e-05
damp,-5.1554597131617015e-05,-0.00011413031879724752,0.0005439788086542575,7.32402640975091e-05,-0.00015837667733962913
dance,-1.5924065477099124e-05,-2.9012597828613114e-05,-4.4318216662221914e-05,-6.674217785186603e-05,-9.737011269985985e-05
danced,-4.115492097238796e-06,-7.376959731791849e-06,-9.643738266163823e-06,-1.1965423326096818e-05,4.357407002055537e-06
dancin,-4.115492097238796e-06,-7.376959731791849e-06,-9.643738266163823e-06,-1.1965423326096818e-05,4.357407002055537e-06
dancing,-1.2346476291717726e-05,-2.213087919537796e-05,-2.8931214798494673e-05,-3.589626997829423e-05,1.3072221006167883e-05
dandy,-6.148609829199116e-06,-1.0383340289635737e-05,-1.2227400575356544e-05,-9.699178155078256e-06,1.1494490171502262e-06
danger,-2.1977819943162307e-05,-3.926633619818868e-05,-6.966043053852555e-05,0.00020277418697808936,4.25976629513822e-06
dangerous,1.1467491078087534e-05,2.1128108622659466e-05,4.600502105715788e-05,-1.777877744729552e-05,2.5185553283879216e-05
dare,-8.146620737475113e-06,-1.3748616749657121e-05,-1.867009511959345e-05,-1.2801145038956248e-05,3.570480659636475e-06
daredevil,-6.933013497566917e-06,-1.126901311688474e-05,-1.567677891901629e-05,-5.3955815789465e-06,4.849045299734206e-07
dares,-4.115492097238796e-06,-7.376959731791849e-06,-9.643738266163823e-06,-1.1965423326096818e-05,4.357407002055537e-06
dark,-1.5438832865898126e-05,0.00011917151112960624,-4.9516544330609294e-08,8.898041787941074e-05,1.2553841469497104e-05
darker,-5.642427208804352e-06,-9.974139249283243e-06,-1.2581648285484126e-05,-1.036648891901398e-05,-2.8113248700661777e-06
darkness,-1.3698831553743693e-05,-2.877860421164756e-05,9.807089796909202e-05,-2.7928007655948944e-06,5.9295866476501694e-05
darling,-2.057262048823552e-05,-3.5472277858022664e-05,-4.559240817602459e-05,-4.266460912212708e-05,4.846882031939792e-06
darn,-0.00013854055547577788,0.00038957335468444213,2.569909567547636e-05,1.4804320905128202e-06,-3.3595802420836516e-07
darts,-5.642427208804352e-06,-9.974139249283243e-06,-1.2581648285484126e-05,-1.036648891901398e-05,-2.8113248700661777e-06
dashed,-4.115492097238796e-06,-7.376959731791849e-06,-9.643738266163823e-06,-1.1965423326096818e-05,4.357407002055537e-06
dashing,-4.115492097238796e-06,-7.376959731791849e-06,-9.643738266163823e-06,-1.1965423326096818e-05,4.357407002055537e-06
data,-1.5856829111035153e-05,-2.7153865628235018e-05,-3.4792675586483276e-05,-3.059775080032518e-05,1.4773128298172499e-06
date,-1.1991314478700102e-05,-1.919711303963962e-05,-2.8112479443661385e-05,-3.0208678337733182e-05,7.956372495121113e-06
daughter,6.0431299057793033e-05,-2.6398869855839116e-05,-1.6248460903761403e-05,-6.0178257645993596e-05,-7.665086653374426e-05
daughters,-6.933013497566917e-06,-1.126901311688474e-05,-1.567677891901629e-05,-5.3955815789465e-06,4.849045299734206e-07
dawn,-1.3194792959350176e-05,-2.330680372764859e-05,-3.993744433466818e-05,7.210904232469674e-05,-2.1134681793121334e-05
dawned,-8.740419975390173e-06,-1.5985066980022623e-05,-2.5230472845474032e-05,-3.9275398979919814e-05,-6.820572682755698e-05
dawning,-5.642427208804352e-06,-9.974139249283243e-06,-1.2581648285484126e-05,-1.036648891901398e-05,-2.8113248700661777e-06
day,-2.7151821949040075e-05,3.6262607895316576e-05,2.2112756784567303e-06,-7.586482410561641e-06,-6.27187693335281e-06
daylight,-6.933013497566917e-06,-1.126901311688474e-05,-1.567677891901629e-05,-5.3955815789465e-06,4.849045299734206e-07
days,-3.159607666853838e-05,-5.490514354288299e-05,-3.756594489860956e-05,-5.4208388015399074e-05,2.55090651956244e-05
daytime,-8.69412664236521e-06,-1.5010597003492176e-05,-1.8292963712825166e-05,-1.4795428946870228e-05,-1.2253849328579463e-06
dazzles,-8.740419975390173e-06,-1.5985066980022623e-05,-2.5230472845474032e-05,-3.9275398979919814e-05,-6.820572682755698e-05
ddo,-5.642427208804352e-06,-9.974139249283243e-06,-1.2581648285484126e-05,-1.036648891901398e-05,-2.8113248700661777e-06
de,-2.3785243666552766e-05,-4.073079844235258e-05,-5.2189013379724986e-05,-4.5896626200487794e-05,2.2159692447259397e-06
dead,1.9848479212139287e-05,-1.3258757955219895e-05,-6.042866336048879e-06,-2.1765707666304624e-05,-1.6156461532986863e-05
deadly,-5.642427208804352e-06,-9.974139249283243e-06,-1.2581648285484126e-05,-1.036648891901398e-05,-2.8113248700661777e-06
deal,-2.7277317677702096e-05,-5.205091354305897e-05,6.598664850099432e-05,-3.427941723157671e-05,0.00013201206175655555
dealt,-1.1284854417608704e-05,-1.9948278498566486e-05,-2.5163296570968253e-05,-2.073297783802796e-05,-5.6226497401323554e-06
dear,7.972755618204664e-05,-1.169232344627552e-05,4.454638937162803e-05,1.2097844285556924e-05,1.2157195203567029e-06
death,-3.1748603980625396e-05,-5.651791558884918e-05,-6.090244950102181e-05,-7.006605766164078e-05,-8.335854803993296e-07
deaths,-1.4390012674760738e-05,-2.5587681802622492e-05,-3.277579821567109e-05,-3.2932891754881997e-05,2.2800087577865354e-06
debate,-4.115492097238796e-06,-7.376959731791849e-06,-9.643738266163823e-06,-1.1965423326096818e-05,4.357407002055537e-06
debating,-4.115492097238796e-06,-7.376959731791849e-06,-9.643738266163823e-06,-1.1965423326096818e-05,4.357407002055537e-06
deborah,-6.933013497566917e-06,-1.126901311688474e-05,-1.567677891901629e-05,-5.3955815789465e-06,4.849045299734206e-07
debt,-2.6294263063028967e-05,-4.3247805968890315e-05,-5.9064318660725976e-05,-2.719437123364307e-05,1.974826973534731e-06
debut,-6.148609829199116e-06,-1.0383340289635737e-05,-1.2227400575356544e-05,-9.699178155078256e-06,1.1494490171502262e-06
decadent,-6.933013497566917e-06,-1.126901311688474e-05,-1.567677891901629e-05,-5.3955815789465e-06,4.849045299734206e-07
decades,-4.115492097238796e-06,-7.376959731791849e-06,-9.643738266163823e-06,-1.1965423326096818e-05,4.357407002055537e-06
decay,-7.701796971080249e-06,-1.3302071444386432e-05,-2.118298283289607e-05,-1.3966243667950595e-05,-3.9096045353798374e-05
deceived,-5.642427208804352e-06,-9.974139249283243e-06,-1.2581648285484126e-05,-1.036648891901398e-05,-2.8113248700661777e-06
decide,-2.3226014416567574e-05,-4.080662370499036e-05,-4.8388940775104505e-05,-4.499457634372716e-05,1.847010680645603e-06
decided,-3.926744116791176e-05,-7.027357062106138e-05,-4.087485648669301e-05,-7.042489436431537e-05,2.4159778930296906e-06
deciphered,-9.260811473136898e-06,-1.6652504432408217e-05,-3.465533999120868e-05,0.00014786839378884208,5.6998877024992504e-06
decision,-2.3762616562855578e-05,-4.151222351632658e-05,-5.7063037064733294e-05,-5.352616488175303e-05,-2.587924698762633e-05
decisions,-4.115492097238796e-06,-7.376959731791849e-06,-9.643738266163823e-06,-1.1965423326096818e-05,4.357407002055537e-06
deck,-1.5856829111035153e-05,-2.7153865628235018e-05,-3.4792675586483276e-05,-3.059775080032518e-05,1.4773128298172499e-06
declining,-6.148609829199116e-06,-1.0383340289635737e-05,-1.2227400575356544e-05,-9.699178155078256e-06,1.1494490171502262e-06
decomposed,-7.701796971080249e-06,-1.3302071444386432e-05,-2.118298283289607e-05,-1.3966243667950595e-05,-3.9096045353798374e-05
deep,-2.6003533136314882e-05,-4.652538343463938e-05,-3.93286956491511e-05,2.7843770718389335e-06,3.639645638979026e-05
deepened,-4.115492097238796e-06,-7.376959731791849e-06,-9.643738266163823e-06,-1.1965423326096818e-05,4.357407002055537e-06
deeper,-6.425705924378008e-05,0.00013766081593176443,-1.110175320997264e-05,-1.761543107300701e-05,-3.319287608648241e-06
deer,-5.642427208804352e-06,-9.974139249283243e-06,-1.2581648285484126e-05,-1.036648891901398e-05,-2.8113248700661777e-06
defeat,-7.195006337380369e-06,-1.2793840901311246e-05,-1.6387899107835544e-05,-1.6466445877440998e-05,1.1400043788932677e-06
defeated,-2.2569708835218678e-05,-3.989655699713522e-05,-5.032659314193929e-05,-4.1465955676058245e-05,-1.1245299480265316e-05
defence,-1.0310919426322938e-05,-2.2826063759448474e-05,0.00010879576173084651,1.4648052819501154e-05,-3.167533546792437e-05
defend,-8.740419975390173e-06,-1.5985066980022623e-05,-2.5230472845474032e-05,-3.9275398979919814e-05,-6.820572682755698e-05
defense,-7.701796971080249e-06,-1.3302071444386432e-05,-2.118298283289607e-05,-1.3966243667950595e-05,-3.9096045353798374e-05
defensive,-5.642427208804352e-06,-9.974139249283243e-06,-1.2581648285484126e-05,-1.036648891901398e-05,-2.8113248700661777e-06
defile,-5.642427208804352e-06,-9.974139249283243e-06,-1.2581648285484126e-05,-1.036648891901398e-05,-2.8113248700661777e-06
definitely,-1.4503582962278937e-05,-2.48422097699038e-05,-3.676598231601513e-05,-4.754291539872743e-05,-3.26247073634186e-05
degree,-4.115492097238796e-06,-7.376959731791849e-06,-9.643738266163823e-06,-1.1965423326096818e-05,4.357407002055537e-06
degrees,-6.933013497566917e-06,-1.126901311688474e-05,-1.567677891901629e-05,-5.3955815789465e-06,4.849045299734206e-07
deity,-4.115492097238796e-06,-7.376959731791849e-06,-9.643738266163823e-06,-1.1965423326096818e-05,4.357407002055537e-06
dekkai,-9.260811473136898e-06,-1.6652504432408217e-05,-3.465533999120868e-05,0.00014786839378884208,5.6998877024992504e-06
delay,-9.863023657099817e-06,-1.771813657427938e-05,-3.2663945950495874e-05,0.0001002081184605237,7.415750926671262e-06
delayed,-4.115492097238796e-06,-7.376959731791849e-06,-9.643738266163823e-06,-1.1965423326096818e-05,4.357407002055537e-06
delaying,-9.087054360649962e-05,0.00026936276190924494,2.3540349416308355e-05,5.8534753981287895e-06,-8.025388520741435e-07
deliberately,-1.2123676310500137e-05,-2.1594885134669573e-05,-3.4222983124979136e-05,-3.9257749961793595e-05,-7.911901160926097e-05
delicately,-6.933013497566917e-06,-1.126901311688474e-05,-1.567677891901629e-05,-5.3955815789465e-06,4.849045299734206e-07
delicious,2.9640842909999674e-06,0.0001491921104629239,1.4269566399359006e-05,3.4420638583462645e-06,0.00015092692769539924
delighted,-7.928414555517577e-06,-1.3576932814117509e-05,-1.7396337793241638e-05,-1.529887540016259e-05,7.386564149086249e-07
delightful,-1.3448781392121386e-05,-2.6841766449557246e-05,6.739340773772706e-05,-4.798843324577567e-07,-2.2811174684146348e-05
delinquent,-1.3516313335301455e-05,-2.347122170676966e-05,-2.5632080018989662e-05,-2.1613277643645184e-05,4.8063152938380925e-08
deliver,-5.567731977076851e-05,-9.654353891692091e-05,-0.00010732632836033032,-9.096343448928151e-05,7.218455918137321e-07
delivered,-1.4126706248297832e-05,-2.466095245179389e-05,-2.8176910333265356e-05,-2.358029574437815e-05,-2.037492311938022e-06
delivery,-5.368997095704228e-05,-9.203432330002096e-05,-0.00010577796732889483,-9.398890445784969e-05,6.026112205445307e-06
demand,-4.115492097238796e-06,-7.376959731791849e-06,-9.643738266163823e-06,-1.1965423326096818e-05,4.357407002055537e-06
demanding,-5.642427208804352e-06,-9.974139249283243e-06,-1.2581648285484126e-05,-1.036648891901398e-05,-2.8113248700661777e-06
demolish,-4.115492097238796e-06,-7.376959731791849e-06,-9.643738266163823e-06,-1.1965423326096818e-05,4.357407002055537e-06
demon,-9.95540274501847e-05,-0.0002166785771417353,0.0009440930975521189,0.000114321511838181,-0.00028441574342174695
demons,-1.0637321244643162e-05,-2.2270213414548852e-05,7.310979060368658e-05,1.978038104284252e-06,-2.0142887256128975e-05
demonstration,-8.88058017037804e-06,-1.545036241150608e-05,-1.9938012655031165e-05,-2.0103343342691335e-05,3.757584729978528e-06
den,-7.116388390559781e-05,0.00019126032152436096,8.080403374200045e-06,-3.32767261800826e-06,-2.6646840958322053e-06
denied,-6.148609829199116e-06,-1.0383340289635737e-05,-1.2227400575356544e-05,-9.699178155078256e-06,1.1494490171502262e-06
denominator,-1.8445829487598546e-05,-3.115002086890924e-05,-3.668220172607203e-05,-2.909753446523663e-05,3.4483470514509546e-06
deny,-2.0621838852645876e-05,-4.565212751889695e-05,0.00021759152346169302,2.929610563900231e-05,-6.335067093584874e-05
depart,-1.67947235680173e-05,-2.958524812476206e-05,-4.4452957175925746e-05,9.309426859358653e-05,4.238254235840016e-06
departed,-9.143576287114153e-06,-1.600769433242815e-05,-1.8726997273282567e-05,-1.561201558442225e-05,-2.0552120060213515e-06
departing,-1.0662053538859219e-05,-1.8461546683853197e-05,-2.506919530111891e-05,-1.8266296422303804e-05,-2.8809767525748742e-05
department,-0.00014010294547989362,0.0003852817199895244,5.256526764587138e-05,-4.961423709937089e-06,8.146818502017354e-05
departs,-5.642427208804352e-06,-9.974139249283243e-06,-1.2581648285484126e-05,-1.036648891901398e-05,-2.8113248700661777e-06
departure,-6.937211175243304e-05,0.00012891467963406782,-2.106654582476237e-05,-2.3659347031258505e-05,-2.324713355935418e-05
depending,0.00026958404360068357,6.658754481846307e-05,1.5864680906217585e-05,4.703955265262531e-06,-5.894113130308773e-07
depends,-8.740419975390173e-06,-1.5985066980022623e-05,-2.5230472845474032e-05,-3.9275398979919814e-05,-6.820572682755698e-05
depressing,-1.2165190343450267e-05,-2.2826604861845253e-05,3.6286626817980115e-06,-3.123897022880314e-05,8.907756196962456e-05
depression,-8.146620737475113e-06,-1.3748616749657121e-05,-1.867009511959345e-05,-1.2801145038956248e-05,3.570480659636475e-06
der,-7.928414555517577e-06,-1.3576932814117509e-05,-1.7396337793241638e-05,-1.529887540016259e-05,7.386564149086249e-07
deranged,0.00026958404360068357,6.658754481846307e-05,1.5864680906217585e-05,4.703955265262531e-06,-5.894113130308773e-07
descend,-7.701796971080249e-06,-1.3302071444386432e-05,-2.118298283289607e-05,-1.3966243667950595e-05,-3.9096045353798374e-05
descended,-5.642427208804352e-06,-9.974139249283243e-06,-1.2581648285484126e-05,-1.036648891901398e-05,-2.8113248700661777e-06
describe,-5.642427208804352e-06,-9.974139249283243e-06,-1.2581648285484126e-05,-1.036648891901398e-05,-2.8113248700661777e-06
desert,-6.933013497566917e-06,-1.126901311688474e-05,-1.567677891901629e-05,-5.3955815789465e-06,4.849045299734206e-07
deserted,-6.933013497566917e-06,-1.126901311688474e-05,-1.567677891901629e-05,-5.3955815789465e-06,4.849045299734206e-07
deserve,-8.740419975390173e-06,-1.5985066980022623e-05,-2.5230472845474032e-05,-3.9275398979919814e-05,-6.820572682755698e-05
deserved,-8.267534381846718e-06,-1.620368610732571e-05,2.4208694940974476e-05,-1.8435669289962392e-05,0.00011209281574915771
design,-0.0001205645450387931,-0.00020512487520287415,-0.0002655674003641139,-0.00021498669577286678,1.087630945956706e-05
designed,-5.642427208804352e-06,-9.974139249283243e-06,-1.2581648285484126e-05,-1.036648891901398e-05,-2.8113248700661777e-06
designer,-1.261957506442212e-05,-2.135303280692677e-05,-2.6785975094969303e-05,-1.838751521855703e-05,7.282326499964727e-07
designing,-7.928414555517577e-06,-1.3576932814117509e-05,-1.7396337793241638e-05,-1.529887540016259e-05,7.386564149086249e-07
desire,-4.115492097238796e-06,-7.376959731791849e-06,-9.643738266163823e-06,-1.1965423326096818e-05,4.357407002055537e-06
desk,-1.3479279715174599e-05,-2.3114850740343884e-05,-3.0563419482984595e-05,-2.6048250982719425e-05,5.801132182104789e-06
despair,-8.740419975390173e-06,-1.5985066980022623e-05,-2.5230472845474032e-05,-3.9275398979919814e-05,-6.820572682755698e-05
desperate,-1.4547180548063692e-05,-2.531787054228627e-05,-3.338218515696403e-05,-3.015350728353049e-05,6.272434918826288e-06
desperately,-1.1999747256053211e-05,-2.140121305881446e-05,-3.272116352010599e-05,-3.806203839799213e-05,-6.008969000193972e-05
despite,-2.469295258343545e-05,-4.426175839075592e-05,-5.7862429596989346e-05,-7.179253995658845e-05,2.6144442012335766e-05
dessau,-1.5856829111035153e-05,-2.7153865628235018e-05,-3.4792675586483276e-05,-3.059775080032518e-05,1.4773128298172499e-06
dessert,-7.928414555517577e-06,-1.3576932814117509e-05,-1.7396337793241638e-05,-1.529887540016259e-05,7.386564149086249e-07
destination,-8.230984194477592e-06,-1.4753919463583698e-05,-1.9287476532327646e-05,-2.3930846652193635e-05,8.714814004111074e-06
destined,-1.7203867314279167e-05,-2.962753485223208e-05,-4.406576224276749e-05,-3.187666541441247e-05,-5.7110325788683595e-05
destiny,-1.3999816229536442e-05,-2.4517160990612232e-05,-3.4173450667735545e-05,-2.5585487111280575e-05,-3.297335062004147e-05
destroy,-2.8482782904284784e-05,-4.9798257484268675e-05,-7.369039138350917e-05,-5.961301369025517e-05,-8.529367196730581e-05
destroyed,-6.391323993613877e-05,-0.00011249689002077232,-0.00019975617923270232,0.00035089050500857887,-0.00015006198318989842
destroying,-1.6398437808171414e-05,-2.939367126259528e-05,-1.9280950931360912e-05,-3.282092614717375e-05,1.8172578670013242e-05
destruction,-2.2072791359919727e-05,-3.9074955930411094e-05,-6.494915818727607e-05,0.00010945435610076122,-6.591408745288909e-06
destructive,-9.260811473136898e-06,-1.6652504432408217e-05,-3.465533999120868e-05,0.00014786839378884208,5.6998877024992504e-06
detail,-8.230984194477592e-06,-1.4753919463583698e-05,-1.9287476532327646e-05,-2.3930846652193635e-05,8.714814004111074e-06
details,-1.0637321244643162e-05,-2.2270213414548852e-05,7.310979060368658e-05,1.978038104284252e-06,-2.0142887256128975e-05
determination,-6.933013497566917e-06,-1.126901311688474e-05,-1.567677891901629e-05,-5.3955815789465e-06,4.849045299734206e-07
determine,-6.933013497566917e-06,-1.126901311688474e-05,-1.567677891901629e-05,-5.3955815789465e-06,4.849045299734206e-07
determined,-7.701796971080249e-06,-1.3302071444386432e-05,-2.118298283289607e-05,-1.3966243667950595e-05,-3.9096045353798374e-05
devastated,-4.115492097238796e-06,-7.376959731791849e-06,-9.643738266163823e-06,-1.1965423326096818e-05,4.357407002055537e-06
devastation,-8.230984194477592e-06,-1.4753919463583698e-05,-1.9287476532327646e-05,-2.3930846652193635e-05,8.714814004111074e-06
develop,-4.115492097238796e-06,-7.376959731791849e-06,-9.643738266163823e-06,-1.1965423326096818e-05,4.357407002055537e-06
developed,-4.115492097238796e-06,-7.376959731791849e-06,-9.643738266163823e-06,-1.1965423326096818e-05,4.357407002055537e-06
developers,-2.8808444680675606e-05,-5.163871812255021e-05,-6.750616786315626e-05,-8.375796328268939e-05,3.0501849014392883e-05
developing,-1.2297219658398232e-05,-2.0766680579271475e-05,-2.445480115071309e-05,-1.9398356310156513e-05,2.2988980343004523e-06
development,-6.173238145859134e-05,-0.00011065439597689465,-0.00014465607399247958,-0.0001794813498914794,6.536110503084238e-05
devil,-5.642427208804352e-06,-9.974139249283243e-06,-1.2581648285484126e-05,-1.036648891901398e-05,-2.8113248700661777e-06
devonian,0.0005391680872013928,0.00013317508963693234,3.172936181243667e-05,9.407910530525515e-06,-1.1788226260618168e-06
devonynchus,0.0005391680872013928,0.00013317508963693234,3.172936181243667e-05,9.407910530525515e-06,-1.1788226260618168e-06
devote,-4.115492097238796e-06,-7.376959731791849e-06,-9.643738266163823e-06,-1.1965423326096818e-05,4.357407002055537e-06
devoted,-8.740419975390173e-06,-1.5985066980022623e-05,-2.5230472845474032e-05,-3.9275398979919814e-05,-6.820572682755698e-05
devoting,-8.740419975390173e-06,-1.5985066980022623e-05,-2.5230472845474032e-05,-3.9275398979919814e-05,-6.820572682755698e-05
devotion,-2.622125992617345e-05,-4.7955200940073226e-05,-7.569141853643049e-05,-0.00011782619693977263,-0.00020461718048269366
dew,-4.115492097238796e-06,-7.376959731791849e-06,-9.643738266163823e-06,-1.1965423326096818e-05,4.357407002055537e-06
diagnosed,-6.148609829199116e-06,-1.0383340289635737e-05,-1.2227400575356544e-05,-9.699178155078256e-06,1.1494490171502262e-06
dial,-1.0310919426322938e-05,-2.2826063759448474e-05,0.00010879576173084651,1.4648052819501154e-05,-3.167533546792437e-05
dialogue,-1.2297219658398232e-05,-2.0766680579271475e-05,-2.445480115071309e-05,-1.9398356310156513e-05,2.2988980343004523e-06
dials,-6.758156667650127e-06,-1.173561085338378e-05,-1.2816040009493688e-05,-1.0806638821821616e-05,2.4031576469201507e-08
diarreah,-2.3982628957401547e-05,-3.83942260792814e-05,-5.6224958887326e-05,-6.0417356675469624e-05,1.591274499024311e-05
diarrhea,-1.1991314478700102e-05,-1.919711303963962e-05,-2.8112479443661385e-05,-3.0208678337733182e-05,7.956372495121113e-06
dictionary,-7.928414555517577e-06,-1.3576932814117509e-05,-1.7396337793241638e-05,-1.529887540016259e-05,7.386564149086249e-07
did,-0.0,0.0,0.0,0.0,0.0
didarabotchi,-2.2569708835218678e-05,-3.989655699713522e-05,-5.032659314193929e-05,-4.1465955676058245e-05,-1.1245299480265316e-05
didn,-7.000084868136537e-05,-0.00014877603429919872,0.0005527248028728426,1.0430294052137835e-05,0.0001904718192357688
didntcha,-6.148609829199116e-06,-1.0383340289635737e-05,-1.2227400575356544e-05,-9.699178155078256e-06,1.1494490171502262e-06
didst,-6.933013497566917e-06,-1.126901311688474e-05,-1.567677891901629e-05,-5.3955815789465e-06,4.849045299734206e-07
die,-7.3384993975748156e-06,-1.2101224979339877e-05,-2.4905870417649943e-05,-1.2770757117073244e-05,-3.810260239150104e-05
died,-5.044432686422403e-05,-8.448062664841517e-05,-0.0001286717327116276,2.6352942993026534e-05,5.039458720859787e-07
dies,-0.00011539628443334288,0.00029531383906865316,8.364266304105028e-05,9.332661287921423e-06,-2.1067120544239877e-05
difference,-1.0310919426322938e-05,-2.2826063759448474e-05,0.00010879576173084651,1.4648052819501154e-05,-3.167533546792437e-05
different,-2.7033871229962956e-05,-4.751450251624137e-05,-6.779123981844089e-05,-7.859269107835532e-05,-9.584699713012968e-05
difficult,-3.502132902807652e-05,2.8198368818194105e-05,5.75028675796197e-06,1.3532832558484692e-05,1.984574395042274e-05
difficulty,-6.933013497566917e-06,-1.126901311688474e-05,-1.567677891901629e-05,-5.3955815789465e-06,4.849045299734206e-07
dig,-8.230984194477592e-06,-1.4753919463583698e-05,-1.9287476532327646e-05,-2.3930846652193635e-05,8.714814004111074e-06
digging,-1.136214396208465e-05,-1.993489267646031e-05,-3.45690105554855e-05,0.00010187913539109443,5.050361614920078e-06
dignity,-6.933013497566917e-06,-1.126901311688474e-05,-1.567677891901629e-05,-5.3955815789465e-06,4.849045299734206e-07
dillydallying,-6.758156667650127e-06,-1.173561085338378e-05,-1.2816040009493688e-05,-1.0806638821821616e-05,2.4031576469201507e-08
dime,-9.13063033200035e-06,-1.73872001735964e-05,1.0739477576333792e-05,-2.241625977582846e-05,8.58646258906266e-05
dinner,9.851129439640866e-05,4.842972575324777e-07,-2.460398355617464e-05,3.9432689896982395e-05,2.9882520831227203e-05
dipnorhynchus,0.0005391680872013928,0.00013317508963693234,3.172936181243667e-05,9.407910530525515e-06,-1.1788226260618168e-06
direct,-1.1991314478700102e-05,-1.919711303963962e-05,-2.8112479443661385e-05,-3.0208678337733182e-05,7.956372495121113e-06
direction,-2.5744789027546343e-05,-4.471317650069927e-05,-7.883715425640788e-05,0.0001844799940609389,-6.653397873348541e-06
directions,-8.267534381846718e-06,-1.620368610732571e-05,2.4208694940974476e-05,-1.8435669289962392e-05,0.00011209281574915771
dirigible,-6.758156667651214e-05,-0.0001173561085338568,-0.00012816040009495762,-0.00010806638821823372,2.4031576469196113e-07
dirigibles,-6.758156667650127e-06,-1.173561085338378e-05,-1.2816040009493688e-05,-1.0806638821821616e-05,2.4031576469201507e-08
dirt,-2.4303430389251244e-05,-4.458422361484307e-05,-2.48145968963484e-05,-6.652981204070571e-05,0.0001019293062856178
dirty,-7.012579429431828e-05,4.207067899241005e-05,6.656572704981827e-05,-3.266364085421535e-05,6.940115563879037e-05
dirtyminded,-6.148609829199116e-06,-1.0383340289635737e-05,-1.2227400575356544e-05,-9.699178155078256e-06,1.1494490171502262e-06
disagreeable,-7.701796971080249e-06,-1.3302071444386432e-05,-2.118298283289607e-05,-1.3966243667950595e-05,-3.9096045353798374e-05
disappear,-1.82612606640007e-05,-3.47744003471928e-05,2.1478955152667584e-05,-4.483251955165692e-05,0.0001717292517812532
disappeared,-5.588705368960282e-05,0.00010567570393350606,-1.7021048252735753e-05,-1.9031963568051827e-05,-2.0251617931987568e-05
disappearing,-4.115492097238796e-06,-7.376959731791849e-06,-9.643738266163823e-06,-1.1965423326096818e-05,4.357407002055537e-06
disappears,-1.1079200281734145e-05,-2.0601053604713304e-05,8.400379410886776e-06,-2.1561829482809725e-05,8.266940950571196e-05
disappointed,0.00026958404360068357,6.658754481846307e-05,1.5864680906217585e-05,4.703955265262531e-06,-5.894113130308773e-07
disaster,-8.230984194477592e-06,-1.4753919463583698e-05,-1.9287476532327646e-05,-2.3930846652193635e-05,8.714814004111074e-06
disastrous,-6.148609829199116e-06,-1.0383340289635737e-05,-1.2227400575356544e-05,-9.699178155078256e-06,1.1494490171502262e-06
disbanded,-4.115492097238796e-06,-7.376959731791849e-06,-9.643738266163823e-06,-1.1965423326096818e-05,4.357407002055537e-06
discipline,-4.115492097238796e-06,-7.376959731791849e-06,-9.643738266163823e-06,-1.1965423326096818e-05,4.357407002055537e-06
disco,-6.758156667650127e-06,-1.173561085338378e-05,-1.2816040009493688e-05,-1.0806638821821616e-05,2.4031576469201507e-08
discover,-1.2643980360644811e-05,-2.2392444489532785e-05,-3.505357332680332e-05,7.39533363314826e-05,1.7001114614425713e-06
discovered,-9.640604258221709e-06,-1.697821317450855e-05,-2.0454042876624103e-05,-1.9343314782277478e-05,9.164916005327579e-07
discovery,-9.260811473136898e-06,-1.6652504432408217e-05,-3.465533999120868e-05,0.00014786839378884208,5.6998877024992504e-06
discretion,-4.115492097238796e-06,-7.376959731791849e-06,-9.643738266163823e-06,-1.1965423326096818e-05,4.357407002055537e-06
discuss,-1.1876361317835143e-05,-1.959440491397145e-05,-2.7839564683578037e-05,-3.1097093471215276e-05,9.079571037693054e-06
discussing,-7.268236115734285e-05,0.00018880646917293593,1.7382053463637177e-06,-5.981953455889808e-06,-2.9419239615559603e-05
discussion,-8.230984194477592e-06,-1.4753919463583698e-05,-1.9287476532327646e-05,-2.3930846652193635e-05,8.714814004111074e-06
discussions,-4.115492097238796e-06,-7.376959731791849e-06,-9.643738266163823e-06,-1.1965423326096818e-05,4.357407002055537e-06
disease,-9.839369903605993e-06,-1.716272477754985e-05,-2.4896366454435814e-05,-1.7941751686814237e-05,-3.0900418919936764e-05
disguise,-2.584284371102968e-05,-5.593183086714887e-05,0.00023355100160013149,2.357953521880211e-05,-6.685453392638286e-05
disguised,-2.203398611203641e-05,-4.594034933863054e-05,0.00013488807994048473,0.00013063232602801615,-4.250883182258053e-05
disgust,-9.260811473136898e-06,-1.6652504432408217e-05,-3.465533999120868e-05,0.00014786839378884208,5.6998877024992504e-06
disgusted,-1.0310919426322938e-05,-2.2826063759448474e-05,0.00010879576173084651,1.4648052819501154e-05,-3.167533546792437e-05
disgusting,0.0003853636991499438,7.430112329455828e-05,5.9096244627111975e-05,-2.0250171441696313e-05,0.00016443417421182198
dish,-1.1991314478700102e-05,-1.919711303963962e-05,-2.8112479443661385e-05,-3.0208678337733182e-05,7.956372495121113e-06
dishwasher,-9.260811473136898e-06,-1.6652504432408217e-05,-3.465533999120868e-05,0.00014786839378884208,5.6998877024992504e-06
disintegrate,-5.642427208804352e-06,-9.974139249283243e-06,-1.2581648285484126e-05,-1.036648891901398e-05,-2.8113248700661777e-06
dislike,-5.642427208804352e-06,-9.974139249283243e-06,-1.2581648285484126e-05,-1.036648891901398e-05,-2.8113248700661777e-06
disobedience,-8.740419975390173e-06,-1.5985066980022623e-05,-2.5230472845474032e-05,-3.9275398979919814e-05,-6.820572682755698e-05
disobedient,-7.701796971080249e-06,-1.3302071444386432e-05,-2.118298283289607e-05,-1.3966243667950595e-05,-3.9096045353798374e-05
disobey,-8.740419975390173e-06,-1.5985066980022623e-05,-2.5230472845474032e-05,-3.9275398979919814e-05,-6.820572682755698e-05
disordered,-5.642427208804352e-06,-9.974139249283243e-06,-1.2581648285484126e-05,-1.036648891901398e-05,-2.8113248700661777e-06
dispatch,-7.701796971080249e-06,-1.3302071444386432e-05,-2.118298283289607e-05,-1.3966243667950595e-05,-3.9096045353798374e-05
displaced,-4.115492097238796e-06,-7.376959731791849e-06,-9.643738266163823e-06,-1.1965423326096818e-05,4.357407002055537e-06
display,-6.933013497566917e-06,-1.126901311688474e-05,-1.567677891901629e-05,-5.3955815789465e-06,4.849045299734206e-07
disreputable,-1.0310919426322938e-05,-2.2826063759448474e-05,0.00010879576173084651,1.4648052819501154e-05,-3.167533546792437e-05
disrupted,-7.701796971080249e-06,-1.3302071444386432e-05,-2.118298283289607e-05,-1.3966243667950595e-05,-3.9096045353798374e-05
distance,-5.934882331016881e-05,0.00010055394939930349,-2.83653437849444e-05,-2.9950936695532844e-05,-3.371051887713937e-05
distant,-2.1731306772034458e-05,-3.772819336608688e-05,-5.7936151556728324e-05,-8.019385041713199e-05,-9.471641382016263e-05
distasteful,-7.701796971080249e-06,-1.3302071444386432e-05,-2.118298283289607e-05,-1.3966243667950595e-05,-3.9096045353798374e-05
distract,-1.3246690792654276e-05,-2.7088076058654968e-05,7.20069264063057e-05,-9.195212154782328e-06,4.9483977951856486e-05
distracted,-4.115492097238796e-06,-7.376959731791849e-06,-9.643738266163823e-06,-1.1965423326096818e-05,4.357407002055537e-06
distressed,-6.758156667650127e-06,-1.173561085338378e-05,-1.2816040009493688e-05,-1.0806638821821616e-05,2.4031576469201507e-08
distribute,-1.1991314478700102e-05,-1.919711303963962e-05,-2.8112479443661385e-05,-3.0208678337733182e-05,7.956372495121113e-06
distribution,-1.1991314478700102e-05,-1.919711303963962e-05,-2.8112479443661385e-05,-3.0208678337733182e-05,7.956372495121113e-06
disturbing,-8.713483589125439e-06,-1.5247693252736297e-05,-2.2730097135671893e-05,-1.9120726715322566e-05,-2.5614551140834125e-05
dive,-7.928414555517577e-06,-1.3576932814117509e-05,-1.7396337793241638e-05,-1.529887540016259e-05,7.386564149086249e-07
dived,-9.260811473136898e-06,-1.6652504432408217e-05,-3.465533999120868e-05,0.00014786839378884208,5.6998877024992504e-06
diversion,-8.267534381846718e-06,-1.620368610732571e-05,2.4208694940974476e-05,-1.8435669289962392e-05,0.00011209281574915771
divide,-7.60707982125368e-05,0.00018330243615656376,-6.742714115510598e-07,-9.987324238349673e-06,1.1033411387659505e-06
divided,-1.1396893763455583e-05,-2.0087109655066544e-05,-3.299508995993081e-05,7.366645802930925e-05,6.541492144765213e-06
dividing,-4.918887863359524e-05,-8.306672231708984e-05,-9.781920460285702e-05,-7.75934252406297e-05,9.19559213720224e-06
dizzy,-9.645741042459956e-06,-1.5965372851838048e-05,-2.0575159724583076e-05,-1.1130128108385491e-05,1.20509134788528e-06
dna,0.0005391680872013928,0.00013317508963693234,3.172936181243667e-05,9.407910530525515e-06,-1.1788226260618168e-06
do,-0.0,0.0,0.0,0.0,0.0
dock,0.0001929318997365813,3.908739940936624e-05,-1.1293679178097378e-06,-7.812169287711246e-06,1.1004594526294738e-07
doctor,-0.00014085099046281583,0.00025570412718737325,-4.985458736938864e-05,-6.438031981612194e-05,6.294284722729962e-06
document,-5.642427208804352e-06,-9.974139249283243e-06,-1.2581648285484126e-05,-1.036648891901398e-05,-2.8113248700661777e-06
dodgeball,-6.148609829199116e-06,-1.0383340289635737e-05,-1.2227400575356544e-05,-9.699178155078256e-06,1.1494490171502262e-06
does,-0.0,0.0,0.0,0.0,0.0
doesn,-7.833006922909512e-05,-0.00016035539361651638,0.00043344554299188726,-6.806739983135057e-05,0.0005015084398785381
dog,-7.026673103038604e-05,-0.0001375113340165487,0.00022926077857932168,-3.0118141650199442e-05,-0.00011048306931992756
doggie,-2.0621838852645876e-05,-4.565212751889695e-05,0.00021759152346169302,2.929610563900231e-05,-6.335067093584874e-05
dogs,-7.335155371446292e-05,-0.0001296638102406933,-0.00016356142771130767,-0.00013476435594719327,-3.6547223310863325e-05
doing,-0.0,0.0,0.0,0.0,0.0
dokonjo,-6.148609829199116e-06,-1.0383340289635737e-05,-1.2227400575356544e-05,-9.699178155078256e-06,1.1494490171502262e-06
doll,-8.740419975390173e-06,-1.5985066980022623e-05,-2.5230472845474032e-05,-3.9275398979919814e-05,-6.820572682755698e-05
dollar,-4.115492097238796e-06,-7.376959731791849e-06,-9.643738266163823e-06,-1.1965423326096818e-05,4.357407002055537e-06
dolly,-1.1991314478700102e-05,-1.919711303963962e-05,-2.8112479443661385e-05,-3.0208678337733182e-05,7.956372495121113e-06
domain,-5.642427208804352e-06,-9.974139249283243e-06,-1.2581648285484126e-05,-1.036648891901398e-05,-2.8113248700661777e-06
dome,-7.701796971080249e-06,-1.3302071444386432e-05,-2.118298283289607e-05,-1.3966243667950595e-05,-3.9096045353798374e-05
domestic,-5.642427208804352e-06,-9.974139249283243e-06,-1.2581648285484126e-05,-1.036648891901398e-05,-2.8113248700661777e-06
don,-0.0005578775312857879,-0.0011608625790911213,0.0036513609692181916,-0.0002719875433866583,0.002973854626012409
donald,-6.933013497566917e-06,-1.126901311688474e-05,-1.567677891901629e-05,-5.3955815789465e-06,4.849045299734206e-07
donation,-4.115492097238796e-06,-7.376959731791849e-06,-9.643738266163823e-06,-1.1965423326096818e-05,4.357407002055537e-06
donations,-4.115492097238796e-06,-7.376959731791849e-06,-9.643738266163823e-06,-1.1965423326096818e-05,4.357407002055537e-06
done,-0.0,0.0,0.0,0.0,0.0
dontcha,-1.8445829487598546e-05,-3.115002086890924e-05,-3.668220172607203e-05,-2.909753446523663e-05,3.4483470514509546e-06
doomed,0.00026958404360068357,6.658754481846307e-05,1.5864680906217585e-05,4.703955265262531e-06,-5.894113130308773e-07
door,5.0449673416834724e-05,1.3440600007314407e-05,5.942385552984183e-05,1.0510154374325578e-05,-1.62219446164713e-05
dope,-2.4802603145541846e-05,-4.861105832198044e-05,7.262608482292834e-05,-5.530700786989098e-05,0.00033627844724749606
dopey,-1.0310919426322938e-05,-2.2826063759448474e-05,0.00010879576173084651,1.4648052819501154e-05,-3.167533546792437e-05
dora,-5.5920171757459675e-05,-9.963216567429688e-05,-0.00018166852551574088,0.0006302801330012475,2.527004816829471e-05
double,-1.0637321244643162e-05,-2.2270213414548852e-05,7.310979060368658e-05,1.978038104284252e-06,-2.0142887256128975e-05
doubleedged,-4.115492097238796e-06,-7.376959731791849e-06,-9.643738266163823e-06,-1.1965423326096818e-05,4.357407002055537e-06
doubt,-1.6329756162517037e-05,-2.834987160059644e-05,-3.6811962046781164e-05,-2.8286878203097696e-05,-2.096490862640061e-06
doubts,-8.740419975390173e-06,-1.5985066980022623e-05,-2.5230472845474032e-05,-3.9275398979919814e-05,-6.820572682755698e-05
doughnuts,-4.115492097238796e-06,-7.376959731791849e-06,-9.643738266163823e-06,-1.1965423326096818e-05,4.357407002055537e-06
down,-0.0,0.0,0.0,0.0,0.0
downfall,-4.115492097238796e-06,-7.376959731791849e-06,-9.643738266163823e-06,-1.1965423326096818e-05,4.357407002055537e-06
downhearted,-6.758156667650127e-06,-1.173561085338378e-05,-1.2816040009493688e-05,-1.0806638821821616e-05,2.4031576469201507e-08
downpour,-6.758156667650127e-06,-1.173561085338378e-05,-1.2816040009493688e-05,-1.0806638821821616e-05,2.4031576469201507e-08
downstairs,-1.494606335770418e-05,-2.902734523309037e-05,5.1249194732199065e-05,-1.1532115448546301e-05,3.873130500081086e-05
dozens,-1.191514018182793e-05,-2.0889767099754912e-05,-2.7048827549566948e-05,-2.8926053795665975e-05,6.970520808976466e-06
dr,-3.964207277758784e-05,-6.788466407058753e-05,-8.698168896620818e-05,-7.649437700081295e-05,3.69328207454306e-06
draft,-6.933013497566917e-06,-1.126901311688474e-05,-1.567677891901629e-05,-5.3955815789465e-06,4.849045299734206e-07
drag,-3.171365822207031e-05,-5.4307731256470036e-05,-6.958535117296655e-05,-6.119550160065036e-05,2.9546256596344997e-06
dragged,-7.195006337380369e-06,-1.2793840901311246e-05,-1.6387899107835544e-05,-1.6466445877440998e-05,1.1400043788932677e-06
dragon,-9.346452028556098e-05,3.533434951822122e-05,-0.00010350685625590899,0.00015418443714216922,-7.740080192758278e-05
drama,-1.213644154962799e-05,-2.448696951672978e-05,7.120472599869694e-05,3.6490550348550413e-06,-2.2508276567880185e-05
drank,-1.1876361317835143e-05,-1.959440491397145e-05,-2.7839564683578037e-05,-3.1097093471215276e-05,9.079571037693054e-06
draw,-3.823119699484198e-05,-6.832783533911832e-05,-1.754712491341867e-05,-4.350266610114318e-05,-1.985705700180897e-05
drawing,-1.9572362188580426e-05,-3.2916936631314765e-05,-4.040036592823552e-05,-2.4576317573633972e-05,1.2650878036948e-06
draws,-8.740419975390173e-06,-1.5985066980022623e-05,-2.5230472845474032e-05,-3.9275398979919814e-05,-6.820572682755698e-05
dreadful,-1.3999816229536442e-05,-2.4517160990612232e-05,-3.4173450667735545e-05,-2.5585487111280575e-05,-3.297335062004147e-05
dream,-3.744233204108556e-05,-6.86856471612723e-05,7.423172930055013e-06,-3.427334686548199e-05,4.641847613227923e-05
dreamed,-2.2335773246018477e-05,-4.022295012140631e-05,-5.996543524210508e-05,-8.469082199509917e-05,-0.00011646253830831495
dreaming,-6.062740401860868e-05,9.48442066984106e-05,3.281434651033311e-05,-3.6418025811577196e-05,0.00016166983172593376
dreams,-5.7147861746792794e-05,-9.775478029975329e-05,-0.00012446065934399445,-0.00010867738952986351,5.74938462607233e-06
dress,4.1151837199518817e-05,-1.472075373598605e-05,-7.4192654707965605e-06,1.2037077258643985e-05,-2.7781008882871645e-05
dressed,-1.7480839950781815e-05,-3.197013396004792e-05,-5.046094569095228e-05,-7.85507979598462e-05,-0.00013641145365512534
drew,-1.4452310759770974e-05,-2.5901085135722922e-05,-4.243682296242038e-05,5.707890672255381e-05,-3.6471276886466e-05
dried,9.798692944034593e-05,-1.7883696069727117e-05,-4.179899328886226e-05,-6.644009580499779e-05,6.826854409607369e-05
drifted,-7.568240327884655e-06,-1.3095565478678627e-05,-1.612669439406123e-05,-1.597440397537854e-05,4.060482846244693e-06
drills,-1.8445829487598546e-05,-3.115002086890924e-05,-3.668220172607203e-05,-2.909753446523663e-05,3.4483470514509546e-06
drink,5.6805048542498975e-05,-2.9612395369863124e-05,-2.0850374282604887e-05,-5.4091466553034177e-05,-8.788121548883668e-06
drinking,-9.47931274427452e-06,-1.722600125843098e-05,-2.5714515778378864e-05,-3.778244415242036e-05,-4.7078588310430935e-05
drinks,-8.230984194477592e-06,-1.4753919463583698e-05,-1.9287476532327646e-05,-2.3930846652193635e-05,8.714814004111074e-06
dripped,-1.0310919426322938e-05,-2.2826063759448474e-05,0.00010879576173084651,1.4648052819501154e-05,-3.167533546792437e-05
drive,-1.3670907996238713e-05,-2.4943745491773725e-05,-1.226191748625279e-05,-3.6920688594358426e-05,2.0044347910010236e-05
driven,-5.642427208804352e-06,-9.974139249283243e-06,-1.2581648285484126e-05,-1.036648891901398e-05,-2.8113248700661777e-06
driver,-7.003799759111724e-05,0.0001931753530491745,1.0246672692963991e-05,-4.506647646516566e-06,2.6211836832704214e-06
drop,0.00017050828220611702,-1.269612722438355e-05,-7.971690115682068e-05,-9.325141818328087e-05,2.3705817522141316e-05
dropped,-1.54723330424303e-05,-3.0707064430563135e-05,6.748165393044018e-05,-1.1140982585423987e-05,4.737167583024771e-05
dropping,-6.758156667650127e-06,-1.173561085338378e-05,-1.2816040009493688e-05,-1.0806638821821616e-05,2.4031576469201507e-08
drops,-0.00010237064280520831,0.00014199475683453292,-6.55575115686691e-05,-8.478146926650437e-05,2.2874787439052956e-05
drown,-2.0621838852645876e-05,-4.565212751889695e-05,0.00021759152346169302,2.929610563900231e-05,-6.335067093584874e-05
drowned,-8.267534381846718e-06,-1.620368610732571e-05,2.4208694940974476e-05,-1.8435669289962392e-05,0.00011209281574915771
drowning,-1.0310919426322938e-05,-2.2826063759448474e-05,0.00010879576173084651,1.4648052819501154e-05,-3.167533546792437e-05
drums,-4.115492097238796e-06,-7.376959731791849e-06,-9.643738266163823e-06,-1.1965423326096818e-05,4.357407002055537e-06
dry,0.00015842387635752597,1.600626219936147e-05,1.829076752382774e-05,-2.29666439719327e-05,-2.9647019067067663e-05
duck,-1.778811063840793e-05,-3.196971093186414e-05,-7.804103050123846e-06,-3.615481510228957e-05,8.374098711358989e-05
duckling,-1.5856829111035153e-05,-2.7153865628235018e-05,-3.4792675586483276e-05,-3.059775080032518e-05,1.4773128298172499e-06
due,-2.071472854882483e-05,-3.608259926640395e-05,-5.447031777309048e-05,4.2670405249445366e-05,-1.7753634032922567e-06
dug,-1.567026495203515e-05,-2.6433732111753158e-05,-4.6281880845002304e-05,8.675644589525771e-05,1.0069449806368455e-05
dumb,-1.0310919426322938e-05,-2.2826063759448474e-05,0.00010879576173084651,1.4648052819501154e-05,-3.167533546792437e-05
dummy,-0.0003634821744259985,0.0010774510476369798,9.416139766523342e-05,2.3413901592515158e-05,-3.210155408296574e-06
dump,-2.647204686315861e-05,-5.332990834238536e-05,0.00011862468794140364,-2.1598016134793485e-05,3.8625147756239065e-05
dumped,-2.0621838852645876e-05,-4.565212751889695e-05,0.00021759152346169302,2.929610563900231e-05,-6.335067093584874e-05
dumping,-1.2346476291717726e-05,-2.213087919537796e-05,-2.8931214798494673e-05,-3.589626997829423e-05,1.3072221006167883e-05
dumpling,-8.267534381846718e-06,-1.620368610732571e-05,2.4208694940974476e-05,-1.8435669289962392e-05,0.00011209281574915771
dumps,-4.115492097238796e-06,-7.376959731791849e-06,-9.643738266163823e-06,-1.1965423326096818e-05,4.357407002055537e-06
dunno,-6.933013497566917e-06,-1.126901311688474e-05,-1.567677891901629e-05,-5.3955815789465e-06,4.849045299734206e-07
during,-2.9665200480731803e-05,-4.874115396268226e-05,-6.728376296632505e-05,-6.658514479077037e-05,1.6463677843526766e-05
dusk,-4.115492097238796e-06,-7.376959731791849e-06,-9.643738266163823e-06,-1.1965423326096818e-05,4.357407002055537e-06
dust,-6.310753743651852e-05,0.0001373281795120572,6.80952580280604e-05,8.817497190088405e-06,-1.8674627150062444e-05
dusty,-1.606233024291784e-05,-2.925431172407908e-05,-1.0495336490960635e-06,-2.9530109642765628e-05,8.268712919979534e-05
duties,-1.1991314478700102e-05,-1.919711303963962e-05,-2.8112479443661385e-05,-3.0208678337733182e-05,7.956372495121113e-06
duty,-1.531871929389122e-05,-2.970038123311559e-05,3.9882185210292085e-05,-1.3570703494300364e-05,-3.622305947643964e-05
dwindled,-6.148609829199116e-06,-1.0383340289635737e-05,-1.2227400575356544e-05,-9.699178155078256e-06,1.1494490171502262e-06
dye,-1.213644154962799e-05,-2.448696951672978e-05,7.120472599869694e-05,3.6490550348550413e-06,-2.2508276567880185e-05
dyed,-1.2297219658398232e-05,-2.0766680579271475e-05,-2.445480115071309e-05,-1.9398356310156513e-05,2.2988980343004523e-06
dying,-2.1494286957609687e-05,-3.940436458655742e-05,-9.567253594099186e-06,-4.457559093784394e-05,8.592704822785089e-05
dynamite,-1.2297219658398232e-05,-2.0766680579271475e-05,-2.445480115071309e-05,-1.9398356310156513e-05,2.2988980343004523e-06
each,-3.577383725771276e-05,-6.187657202922701e-05,-8.225709237219044e-05,-7.733537745932239e-05,-6.975737049186962e-06
eager,-1.1052249984083523e-05,-1.9532067495863474e-05,-2.3671542849054463e-05,-2.561370106590524e-05,6.443591852079264e-06
eagerly,-1.3000819933817263e-05,-2.2745920926980325e-05,-2.6010641014501424e-05,-2.4759270772886448e-05,3.248375467164585e-06
earlier,-4.060496276990704e-05,6.448092059087414e-05,3.9123707420507445e-05,-9.761976102023533e-06,2.733698807676886e-05
early,-1.7693637909875393e-05,-3.265009757967758e-05,2.9888144387316457e-05,-1.3688138375533e-05,3.2210809090181346e-05
earn,-8.230984194477592e-06,-1.4753919463583698e-05,-1.9287476532327646e-05,-2.3930846652193635e-05,8.714814004111074e-06
earned,-4.115492097238796e-06,-7.376959731791849e-06,-9.643738266163823e-06,-1.1965423326096818e-05,4.357407002055537e-06
ears,-1.8186310801000945e-05,-3.189530901500541e-05,-5.679169553823224e-05,8.843479638880256e-05,-5.345215959199085e-05
earth,0.0001285232392916723,-4.037872724965082e-05,8.571186138012401e-06,0.0001553470963575,-0.00013053321104621558
earthquake,-1.5856829111035153e-05,-2.7153865628235018e-05,-3.4792675586483276e-05,-3.059775080032518e-05,1.4773128298172499e-06
ease,-5.642427208804352e-06,-9.974139249283243e-06,-1.2581648285484126e-05,-1.036648891901398e-05,-2.8113248700661777e-06
easier,-1.1284854417608704e-05,-1.9948278498566486e-05,-2.5163296570968253e-05,-2.073297783802796e-05,-5.6226497401323554e-06
easily,-2.7608712369736046e-05,-5.344222314065808e-05,9.434034159024046e-05,-1.3852774496742441e-05,-2.9878678598093348e-05
east,-3.824314057984362e-05,-6.817020716288738e-05,-0.00012598589925605792,0.00041052938404538856,1.3784579448223482e-05
eastern,-5.642427208804352e-06,-9.974139249283243e-06,-1.2581648285484126e-05,-1.036648891901398e-05,-2.8113248700661777e-06
easy,-1.417038888492644e-05,-2.5194232889877366e-05,-1.1402138751380647e-05,9.897343958508506e-06,-9.956504755507674e-06
eat,1.757357774488554e-05,2.3403100602303028e-05,-1.1038321737422427e-05,-2.8983936306806332e-05,4.2784023247913417e-05
eaten,-1.9984542363964467e-05,-3.7444494894673e-05,2.4647302425085185e-05,-2.8345265998843805e-05,4.958716841938383e-05
eating,-1.8416232845840487e-05,-3.271050878089275e-05,-2.0883669589813263e-05,-4.552048215150017e-05,4.6074174285807594e-05
eats,-1.0310919426322938e-05,-2.2826063759448474e-05,0.00010879576173084651,1.4648052819501154e-05,-3.167533546792437e-05
eboshi,-5.0781844879243004e-05,-8.97672532435559e-05,-0.00011323483456936561,-9.329840027113278e-05,-2.5301923830597407e-05
eboshisama,-0.00018620009789055986,-0.0003291465952263759,-0.0004151943934210124,-0.0003420941343274915,-9.277372071219197e-05
eclairs,-1.0310919426322938e-05,-2.2826063759448474e-05,0.00010879576173084651,1.4648052819501154e-05,-3.167533546792437e-05
economic,-4.115492097238796e-06,-7.376959731791849e-06,-9.643738266163823e-06,-1.1965423326096818e-05,4.357407002055537e-06
economize,-9.260811473136898e-06,-1.6652504432408217e-05,-3.465533999120868e-05,0.00014786839378884208,5.6998877024992504e-06
economy,-1.1942090479478568e-05,-2.1958753208604772e-05,5.023094710374264e-06,-2.4874182212570498e-05,8.319633846260921e-05
edge,-1.408040054216001e-05,-2.4223074410674008e-05,-3.95338002282292e-05,7.423274140270704e-05,4.041288537170401e-06
edible,-1.1991314478700102e-05,-1.919711303963962e-05,-2.8112479443661385e-05,-3.0208678337733182e-05,7.956372495121113e-06
edo,-6.148609829199116e-06,-1.0383340289635737e-05,-1.2227400575356544e-05,-9.699178155078256e-06,1.1494490171502262e-06
eeeh,-5.642427208804352e-06,-9.974139249283243e-06,-1.2581648285484126e-05,-1.036648891901398e-05,-2.8113248700661777e-06
eeevery,-6.758156667650127e-06,-1.173561085338378e-05,-1.2816040009493688e-05,-1.0806638821821616e-05,2.4031576469201507e-08
eek,-1.2297219658398232e-05,-2.0766680579271475e-05,-2.445480115071309e-05,-1.9398356310156513e-05,2.2988980343004523e-06
eerie,-4.115492097238796e-06,-7.376959731791849e-06,-9.643738266163823e-06,-1.1965423326096818e-05,4.357407002055537e-06
effect,-1.4807340858348497e-05,-2.523179990958152e-05,-4.2267374685666954e-05,6.169485078374785e-05,1.0514763736131201e-05
effected,-4.115492097238796e-06,-7.376959731791849e-06,-9.643738266163823e-06,-1.1965423326096818e-05,4.357407002055537e-06
effort,-1.0212603894110267e-05,-1.7464449354917222e-05,-2.463516174066153e-05,-1.7449709784751765e-05,-2.7979940452585346e-05
efforts,-1.6546702124142708e-05,-2.778050339173092e-05,-3.99981663607038e-05,-3.489115930820808e-05,-1.0414916720405763e-05
egg,-1.4726600329307427e-05,-2.5461320134765474e-05,-3.276521041552929e-05,-3.138397623241044e-05,4.302233380959262e-06
eggs,-3.447028955521459e-05,-6.248563434671411e-05,4.072112989675255e-05,3.594996803386203e-05,-1.6024780333308293e-05
eggthief,-6.758156667650127e-06,-1.173561085338378e-05,-1.2816040009493688e-05,-1.0806638821821616e-05,2.4031576469201507e-08
ego,-7.928414555517577e-06,-1.3576932814117509e-05,-1.7396337793241638e-05,-1.529887540016259e-05,7.386564149086249e-07
eh,-7.848448716079759e-05,-0.00014117410573407141,-0.0001884616727567064,0.000609323538578672,-1.9289762494316877e-05
ehh,-1.2585891194376948e-05,-2.5484066845665767e-05,7.077069243823955e-05,2.832468397303005e-06,-2.3338103641043575e-05
either,-2.9323946949214382e-05,-4.98470476286515e-05,-7.00806233994451e-05,-5.940207609787314e-05,-4.612602597141091e-05
elaborate,-4.115492097238796e-06,-7.376959731791849e-06,-9.643738266163823e-06,-1.1965423326096818e-05,4.357407002055537e-06
elder,-1.1556813458849816e-05,-2.0095808631590405e-05,-3.016298110890071e-05,-3.293816828542728e-05,-4.993397980879034e-05
elders,-4.1154920972393304e-05,-7.376959731792814e-05,-9.643738266165091e-05,-0.00011965423326098357,4.357407002056066e-05
eldest,-1.0310919426322938e-05,-2.2826063759448474e-05,0.00010879576173084651,1.4648052819501154e-05,-3.167533546792437e-05
electric,-6.758156667650127e-06,-1.173561085338378e-05,-1.2816040009493688e-05,-1.0806638821821616e-05,2.4031576469201507e-08
electrical,-7.701796971080249e-06,-1.3302071444386432e-05,-2.118298283289607e-05,-1.3966243667950595e-05,-3.9096045353798374e-05
electricity,0.0001937947899343257,4.0445099013257706e-05,2.2479167827027805e-06,-4.499816557950485e-06,-4.168830116342962e-07
elegant,-1.0605199058755076e-05,-1.914103278324454e-05,-2.7880785097142795e-05,-3.660346912391205e-05,-5.2364456089533554e-05
elementary,-2.0429504594955335e-05,-3.524721425732187e-05,-5.260076955453872e-05,8.75757483462848e-05,6.745455149413767e-06
elevator,-8.267534381846718e-06,-1.620368610732571e-05,2.4208694940974476e-05,-1.8435669289962392e-05,0.00011209281574915771
elixir,0.0005391680872013928,0.00013317508963693234,3.172936181243667e-05,9.407910530525515e-06,-1.1788226260618168e-06
eloquent,-1.0310919426322938e-05,-2.2826063759448474e-05,0.00010879576173084651,1.4648052819501154e-05,-3.167533546792437e-05
else,-2.1885062704271305e-05,-4.132542131103631e-05,3.860942200591642e-05,-3.0005449306635268e-05,4.664807599820342e-05
elsewhere,-2.3982628957401547e-05,-3.83942260792814e-05,-5.6224958887326e-05,-6.0417356675469624e-05,1.591274499024311e-05
em,-2.9989275603694428e-05,-5.4950687177616954e-05,3.420551442956147e-05,-5.626958255352417e-05,0.0001051440068582284
embarrassed,-6.148609829199116e-06,-1.0383340289635737e-05,-1.2227400575356544e-05,-9.699178155078256e-06,1.1494490171502262e-06
embarrassment,-1.1991314478700102e-05,-1.919711303963962e-05,-2.8112479443661385e-05,-3.0208678337733182e-05,7.956372495121113e-06
embraced,-8.740419975390173e-06,-1.5985066980022623e-05,-2.5230472845474032e-05,-3.9275398979919814e-05,-6.820572682755698e-05
emerged,-8.69412664236521e-06,-1.5010597003492176e-05,-1.8292963712825166e-05,-1.4795428946870228e-05,-1.2253849328579463e-06
emergency,-4.977952081647403e-05,2.6791785317349136e-05,-6.12940115055602e-05,-6.4310950869935115e-06,-4.4217182798266386e-05
emerges,-6.933013497566917e-06,-1.126901311688474e-05,-1.567677891901629e-05,-5.3955815789465e-06,4.849045299734206e-07
emishi,-5.642427208804352e-06,-9.974139249283243e-06,-1.2581648285484126e-05,-1.036648891901398e-05,-2.8113248700661777e-06
emperor,-3.037737349928883e-05,-5.315488364064508e-05,-7.524027299591258e-05,-8.768813739324002e-05,-8.154455614161393e-05
empire,-2.2306335459600154e-05,-3.841058781869315e-05,-6.923163116556784e-05,0.00014683926111158123,-1.1522382177943264e-05
employ,-4.115492097238796e-06,-7.376959731791849e-06,-9.643738266163823e-06,-1.1965423326096818e-05,4.357407002055537e-06
employees,-8.88058017037804e-06,-1.545036241150608e-05,-1.9938012655031165e-05,-2.0103343342691335e-05,3.757584729978528e-06
employer,-7.928414555517577e-06,-1.3576932814117509e-05,-1.7396337793241638e-05,-1.529887540016259e-05,7.386564149086249e-07
empty,-5.51462936989452e-05,0.00010445659519771812,4.7580505868006455e-05,-6.757822147988639e-06,-1.126893901813216e-05
enamel,-1.8445829487598546e-05,-3.115002086890924e-05,-3.668220172607203e-05,-2.909753446523663e-05,3.4483470514509546e-06
encircle,-5.642427208804352e-06,-9.974139249283243e-06,-1.2581648285484126e-05,-1.036648891901398e-05,-2.8113248700661777e-06
encountered,-9.087054360649962e-05,0.00026936276190924494,2.3540349416308355e-05,5.8534753981287895e-06,-8.025388520741435e-07
encourage,-7.568240327884655e-06,-1.3095565478678627e-05,-1.612669439406123e-05,-1.597440397537854e-05,4.060482846244693e-06
encouraged,-4.115492097238796e-06,-7.376959731791849e-06,-9.643738266163823e-06,-1.1965423326096818e-05,4.357407002055537e-06
end,1.2256660456502677e-05,-3.2040523686918535e-05,1.6645800220582382e-06,3.6681753994717183e-05,-1.0278054034824616e-05
ended,-8.713483589125439e-06,-1.5247693252736297e-05,-2.2730097135671893e-05,-1.9120726715322566e-05,-2.5614551140834125e-05
endless,-8.88058017037804e-06,-1.545036241150608e-05,-1.9938012655031165e-05,-2.0103343342691335e-05,3.757584729978528e-06
ends,-4.115492097238796e-06,-7.376959731791849e-06,-9.643738266163823e-06,-1.1965423326096818e-05,4.357407002055537e-06
endure,-5.642427208804352e-06,-9.974139249283243e-06,-1.2581648285484126e-05,-1.036648891901398e-05,-2.8113248700661777e-06
enemies,-7.701796971080249e-06,-1.3302071444386432e-05,-2.118298283289607e-05,-1.3966243667950595e-05,-3.9096045353798374e-05
enemy,-4.549082616846454e-05,-8.368599063097444e-05,6.0234044777831765e-05,-4.397766421421565e-05,-9.474725379237751e-05
energy,-7.371629221863596e-05,6.910809399162559e-05,6.718071447325026e-05,-3.9564360911939694e-05,-1.1825994128878674e-05
engaged,-8.88058017037804e-06,-1.545036241150608e-05,-1.9938012655031165e-05,-2.0103343342691335e-05,3.757584729978528e-06
engagement,-8.740419975390173e-06,-1.5985066980022623e-05,-2.5230472845474032e-05,-3.9275398979919814e-05,-6.820572682755698e-05
engine,0.00013674315568692528,-7.251105169353141e-05,-0.00017979046792439938,9.543212984494947e-05,-9.742611963724248e-05
engineer,-5.5731478269071494e-05,-9.554803856007287e-05,-0.00013092359985540249,-6.1382639180292285e-06,7.921740995276409e-06
engineers,-3.171365822207031e-05,-5.4307731256470036e-05,-6.958535117296655e-05,-6.119550160065036e-05,2.9546256596344997e-06
engines,-1.8870525481594338e-05,-3.245884129496672e-05,-5.0464400756683335e-05,4.6477406829849854e-05,-1.492172068760221e-05
english,-1.5856829111035153e-05,-2.7153865628235018e-05,-3.4792675586483276e-05,-3.059775080032518e-05,1.4773128298172499e-06
enjoined,-4.115492097238796e-06,-7.376959731791849e-06,-9.643738266163823e-06,-1.1965423326096818e-05,4.357407002055537e-06
enjoy,-1.8461069246572857e-05,-3.616619569699523e-05,6.179328001646826e-05,-2.3491802375599515e-05,9.380392258886276e-05
enomoto,-6.148609829199116e-06,-1.0383340289635737e-05,-1.2227400575356544e-05,-9.699178155078256e-06,1.1494490171502262e-06
enomotosan,-6.148609829199116e-06,-1.0383340289635737e-05,-1.2227400575356544e-05,-9.699178155078256e-06,1.1494490171502262e-06
enormous,-9.284805468259871e-06,-1.6188878869198688e-05,-2.0110447954661932e-05,-1.8696878544237195e-05,1.5734093931239679e-06
enough,-8.123422872063932e-06,-4.0264528733031424e-05,2.0860164197386766e-05,4.059371086988513e-05,8.380366753172802e-06
enraged,-5.642427208804352e-06,-9.974139249283243e-06,-1.2581648285484126e-05,-1.036648891901398e-05,-2.8113248700661777e-06
enshrined,-8.740419975390173e-06,-1.5985066980022623e-05,-2.5230472845474032e-05,-3.9275398979919814e-05,-6.820572682755698e-05
ensure,-4.115492097238796e-06,-7.376959731791849e-06,-9.643738266163823e-06,-1.1965423326096818e-05,4.357407002055537e-06
enter,-5.3142125480936806e-05,0.00011014543889668231,-1.9909769534297886e-05,6.066212781634734e-05,-1.416568787645163e-05
entered,-1.7692222963336636e-05,-3.321009204504745e-05,3.6865964420380904e-05,-1.0925042033223732e-05,-3.996809594378687e-05
enters,-5.642427208804352e-06,-9.974139249283243e-06,-1.2581648285484126e-05,-1.036648891901398e-05,-2.8113248700661777e-06
entertain,-1.0605199058755076e-05,-1.914103278324454e-05,-2.7880785097142795e-05,-3.660346912391205e-05,-5.2364456089533554e-05
enthusiasm,-1.349539114282372e-05,-2.4003527160082937e-05,-3.3122847295213604e-05,-4.255564942483231e-05,-3.405451544894041e-05
enthusiastic,-8.230984194477592e-06,-1.4753919463583698e-05,-1.9287476532327646e-05,-2.3930846652193635e-05,8.714814004111074e-06
entire,-1.486997243415242e-05,-2.8513664073389245e-05,4.309621334768628e-05,-8.56791944543486e-06,-1.3119249915270594e-05
entirely,-1.3522719001416475e-05,-2.6960465814375187e-05,4.314877315948351e-05,-2.1359577777059452e-05,-5.575814494009582e-05
entitled,-4.115492097238796e-06,-7.376959731791849e-06,-9.643738266163823e-06,-1.1965423326096818e-05,4.357407002055537e-06
entrance,-2.4336282489273078e-05,-4.444098411731976e-05,-5.389921315382253e-05,0.00024212481207679478,7.376998587452612e-05
entranced,-8.740419975390173e-06,-1.5985066980022623e-05,-2.5230472845474032e-05,-3.9275398979919814e-05,-6.820572682755698e-05
entrust,-5.642427208804352e-06,-9.974139249283243e-06,-1.2581648285484126e-05,-1.036648891901398e-05,-2.8113248700661777e-06
enviable,-8.69412664236521e-06,-1.5010597003492176e-05,-1.8292963712825166e-05,-1.4795428946870228e-05,-1.2253849328579463e-06
envied,-6.148609829199116e-06,-1.0383340289635737e-05,-1.2227400575356544e-05,-9.699178155078256e-06,1.1494490171502262e-06
enviously,-5.642427208804352e-06,-9.974139249283243e-06,-1.2581648285484126e-05,-1.036648891901398e-05,-2.8113248700661777e-06
environment,-4.115492097238796e-06,-7.376959731791849e-06,-9.643738266163823e-06,-1.1965423326096818e-05,4.357407002055537e-06
environmentalists,-4.115492097238796e-06,-7.376959731791849e-06,-9.643738266163823e-06,-1.1965423326096818e-05,4.357407002055537e-06
envy,-1.2714821959218454e-05,-2.5140020787708286e-05,6.866132527316477e-05,6.822313971277324e-06,-2.2998278754488387e-05
equally,-4.115492097238796e-06,-7.376959731791849e-06,-9.643738266163823e-06,-1.1965423326096818e-05,4.357407002055537e-06
equals,-7.928414555517577e-06,-1.3576932814117509e-05,-1.7396337793241638e-05,-1.529887540016259e-05,7.386564149086249e-07
equations,-7.928414555517577e-06,-1.3576932814117509e-05,-1.7396337793241638e-05,-1.529887540016259e-05,7.386564149086249e-07
equipment,-6.758156667650127e-06,-1.173561085338378e-05,-1.2816040009493688e-05,-1.0806638821821616e-05,2.4031576469201507e-08
er,-1.513648065576931e-05,-2.6191130957357253e-05,-3.225338878812246e-05,-3.194880795075708e-05,8.120965692489385e-06
era,0.00044926992880607694,7.609459029680848e-05,-2.4389323066064823e-05,-5.329899878730453e-05,1.9986516891967408e-05
erase,-1.6927281626414306e-05,-2.9922417747851945e-05,-3.7744944856455185e-05,-3.109946675704424e-05,-8.43397461019917e-06
erosion,-4.115492097238796e-06,-7.376959731791849e-06,-9.643738266163823e-06,-1.1965423326096818e-05,4.357407002055537e-06
errand,-1.0310919426322938e-05,-2.2826063759448474e-05,0.00010879576173084651,1.4648052819501154e-05,-3.167533546792437e-05
error,-6.148609829199116e-06,-1.0383340289635737e-05,-1.2227400575356544e-05,-9.699178155078256e-06,1.1494490171502262e-06
escape,-2.1353844834330193e-05,-3.7970568565604534e-05,-3.809118936977919e-05,2.67659899721311e-05,2.6505106532727922e-05
escaped,7.474706068528578e-05,0.00014245807626096102,-1.1090337717282742e-05,6.086479849294651e-05,5.821879377330217e-06
escaping,-1.0095190687208893e-05,-1.696247018077402e-05,-2.1009193285040464e-05,-1.1946714745937499e-05,3.7526427472185993e-07
escort,-1.9739202782821244e-05,-4.13177782430298e-05,0.00015142533149691933,1.4449803592113965e-05,-4.586409990300712e-05
esophagus,-8.267534381846718e-06,-1.620368610732571e-05,2.4208694940974476e-05,-1.8435669289962392e-05,0.00011209281574915771
especially,-1.4910921329285069e-05,-2.5033809602220316e-05,-3.495037957811386e-05,-3.9919803924189915e-05,1.2292507116691056e-05
essay,-1.2297219658398232e-05,-2.0766680579271475e-05,-2.445480115071309e-05,-1.9398356310156513e-05,2.2988980343004523e-06
essential,-7.195006337380369e-06,-1.2793840901311246e-05,-1.6387899107835544e-05,-1.6466445877440998e-05,1.1400043788932677e-06
establish,-7.701796971080249e-06,-1.3302071444386432e-05,-2.118298283289607e-05,-1.3966243667950595e-05,-3.9096045353798374e-05
establishment,-6.933013497566917e-06,-1.126901311688474e-05,-1.567677891901629e-05,-5.3955815789465e-06,4.849045299734206e-07
estate,-4.115492097238796e-06,-7.376959731791849e-06,-9.643738266163823e-06,-1.1965423326096818e-05,4.357407002055537e-06
estimated,-6.933013497566917e-06,-1.126901311688474e-05,-1.567677891901629e-05,-5.3955815789465e-06,4.849045299734206e-07
eternal,-5.642427208804352e-06,-9.974139249283243e-06,-1.2581648285484126e-05,-1.036648891901398e-05,-2.8113248700661777e-06
evacuated,0.00026958404360068357,6.658754481846307e-05,1.5864680906217585e-05,4.703955265262531e-06,-5.894113130308773e-07
evaded,-1.0310919426322938e-05,-2.2826063759448474e-05,0.00010879576173084651,1.4648052819501154e-05,-3.167533546792437e-05
even,-0.0,0.0,0.0,0.0,0.0
evening,-6.867785931441911e-05,8.074017975226313e-05,2.0173364490774895e-05,-3.350758180196432e-05,-7.097785271158859e-06
evenly,-6.933013497566917e-06,-1.126901311688474e-05,-1.567677891901629e-05,-5.3955815789465e-06,4.849045299734206e-07
event,-1.6253445208223276e-05,-2.9098869110086926e-05,-3.9095591922110405e-05,-5.0186426934538887e-05,-3.216796973568745e-05
events,-1.2346476291717726e-05,-2.213087919537796e-05,-2.8931214798494673e-05,-3.589626997829423e-05,1.3072221006167883e-05
eventually,-1.722098919952214e-05,-3.0189181158467806e-05,-4.122886266804946e-05,-4.109742555550238e-05,-4.146015145042984e-05
ever,-3.243225457831766e-05,-6.338328966491816e-05,0.00011494595468096352,-2.937278877596374e-05,1.787503375598861e-09
every,-4.668530683646904e-05,2.7143221899736776e-05,-3.8912697436286074e-05,-6.075509096519764e-05,-2.8280436252618133e-06
everybody,-1.1097894279174206e-06,-7.189626720939643e-05,-4.137864579539364e-05,5.906552558940011e-05,7.434646974818295e-05
everyone,-0.0,0.0,0.0,0.0,0.0
everything,1.428058335292642e-05,-2.3017098391320905e-05,-2.0227332532405188e-05,-2.1992105443540108e-05,2.8452109320508512e-05
everywhere,-3.197361554343999e-05,-6.540799195867398e-05,0.00018467839944082929,-1.1215111956449345e-05,8.281746131453985e-05
evidence,-9.863023657099817e-06,-1.771813657427938e-05,-3.2663945950495874e-05,0.0001002081184605237,7.415750926671262e-06
evil,9.163156627918312e-05,2.0029127026530273e-06,-1.0773161621295323e-05,-2.3028487404285095e-05,1.4885509671673024e-05
evoke,-4.115492097238796e-06,-7.376959731791849e-06,-9.643738266163823e-06,-1.1965423326096818e-05,4.357407002055537e-06
eww,-8.267534381846718e-06,-1.620368610732571e-05,2.4208694940974476e-05,-1.8435669289962392e-05,0.00011209281574915771
exact,-1.0629750636985196e-05,-1.960395627577733e-05,8.834412971344178e-06,-2.0745242845257706e-05,8.349923657887537e-05
exacted,-7.195006337380369e-06,-1.2793840901311246e-05,-1.6387899107835544e-05,-1.6466445877440998e-05,1.1400043788932677e-06
exacting,-4.115492097238796e-06,-7.376959731791849e-06,-9.643738266163823e-06,-1.1965423326096818e-05,4.357407002055537e-06
exactly,-4.679443777164583e-05,5.379189768010903e-05,8.432693840915922e-06,-3.381666370989152e-05,-5.487376433665333e-05
example,-1.967016097220525e-05,-3.3847291747789044e-05,-4.126926828765028e-05,-3.9100501473162815e-05,8.968512459736355e-06
excavate,-7.701796971080249e-06,-1.3302071444386432e-05,-2.118298283289607e-05,-1.3966243667950595e-05,-3.9096045353798374e-05
excavated,-8.713483589125439e-06,-1.5247693252736297e-05,-2.2730097135671893e-05,-1.9120726715322566e-05,-2.5614551140834125e-05
excellency,-5.556486883882776e-05,-9.991502659446083e-05,-0.00020793203994727612,0.0008872103627331545,3.419932621499945e-05
excellent,-5.05610604484145e-05,-8.912234760334504e-05,-0.00017005657905125071,0.0005889571437183592,2.428683252387562e-05
except,-1.6802525141316648e-05,-2.980734861478536e-05,-5.3223770115047486e-05,0.00015997876787143245,9.86857551151877e-06
exceptional,-9.260811473136898e-06,-1.6652504432408217e-05,-3.465533999120868e-05,0.00014786839378884208,5.6998877024992504e-06
excess,-7.928414555517577e-06,-1.3576932814117509e-05,-1.7396337793241638e-05,-1.529887540016259e-05,7.386564149086249e-07
exchange,-2.352962277169861e-05,-3.832095817470245e-05,-5.428469733857984e-05,-5.582939892619787e-05,1.22779185683709e-05
excited,0.0001937947899343257,4.0445099013257706e-05,2.2479167827027805e-06,-4.499816557950485e-06,-4.168830116342962e-07
exciting,0.0001473955965622491,1.8693831462719512e-05,6.528473385245249e-05,4.988020364860648e-06,-1.881923870921322e-05
exclusively,-4.115492097238796e-06,-7.376959731791849e-06,-9.643738266163823e-06,-1.1965423326096818e-05,4.357407002055537e-06
excuse,-1.3327129214348256e-05,8.983352106231678e-05,9.980419668590795e-05,-3.6758344552688866e-05,0.0001231038879446947
execute,-4.115492097238796e-06,-7.376959731791849e-06,-9.643738266163823e-06,-1.1965423326096818e-05,4.357407002055537e-06
executed,-8.230984194477592e-06,-1.4753919463583698e-05,-1.9287476532327646e-05,-2.3930846652193635e-05,8.714814004111074e-06
exercise,0.00015136773032096477,2.850096747298286e-05,-3.5060315803906763e-06,-9.900104503741984e-06,2.8703633023621012e-06
exercises,-1.2297219658398232e-05,-2.0766680579271475e-05,-2.445480115071309e-05,-1.9398356310156513e-05,2.2988980343004523e-06
exhausted,-8.230984194477592e-06,-1.4753919463583698e-05,-1.9287476532327646e-05,-2.3930846652193635e-05,8.714814004111074e-06
exist,-1.4091214922553798e-05,-2.5280672812426186e-05,-3.504451379007396e-05,-4.2011851074937536e-05,-4.05509229967318e-05
existed,-9.260811473136898e-06,-1.6652504432408217e-05,-3.465533999120868e-05,0.00014786839378884208,5.6998877024992504e-06
exists,-9.260811473136898e-06,-1.6652504432408217e-05,-3.465533999120868e-05,0.00014786839378884208,5.6998877024992504e-06
exotic,-4.115492097238796e-06,-7.376959731791849e-06,-9.643738266163823e-06,-1.1965423326096818e-05,4.357407002055537e-06
expanding,-7.701796971080249e-06,-1.3302071444386432e-05,-2.118298283289607e-05,-1.3966243667950595e-05,-3.9096045353798374e-05
expands,-7.928414555517577e-06,-1.3576932814117509e-05,-1.7396337793241638e-05,-1.529887540016259e-05,7.386564149086249e-07
expect,-1.533414808132416e-05,-2.6751624552277783e-05,-1.4689079384314753e-05,-3.603390501361566e-05,5.940656733936089e-05
expected,-2.5275548103684165e-05,-4.3573609690123025e-05,-5.3598316929991193e-05,-4.406772352003073e-05,-2.4790009539230278e-06
expecting,-1.3757192763294056e-05,-2.5710239000284593e-05,2.2126093312856324e-05,-1.2922462388146224e-05,-9.911984821160547e-06
expeditionary,-7.701796971080249e-06,-1.3302071444386432e-05,-2.118298283289607e-05,-1.3966243667950595e-05,-3.9096045353798374e-05
expenses,-1.3866026995135076e-05,-2.253802623377149e-05,-3.135355783803537e-05,-1.0791163157893955e-05,9.698090599469093e-07
expensive,-2.063488379705568e-05,-3.5954531294403656e-05,-4.9088142333374485e-05,-5.418776370849956e-05,-6.342176242490263e-05
experience,-2.007626804936986e-05,-3.388942025941992e-05,-4.383421539428633e-05,-3.159061709975413e-05,6.994905128394324e-06
experienced,-1.2346476291717726e-05,-2.213087919537796e-05,-2.8931214798494673e-05,-3.589626997829423e-05,1.3072221006167883e-05
experiences,-1.2297219658398232e-05,-2.0766680579271475e-05,-2.445480115071309e-05,-1.9398356310156513e-05,2.2988980343004523e-06
experts,-4.115492097238796e-06,-7.376959731791849e-06,-9.643738266163823e-06,-1.1965423326096818e-05,4.357407002055537e-06
explain,-1.9118061330933112e-05,-3.312299983355025e-05,-4.365603079323593e-05,-4.014058975503234e-05,-1.0911603696298056e-05
explode,-1.3068321924160903e-05,-2.253974996665309e-05,-3.0000003232363498e-05,-2.3390299267422507e-05,-2.2375576911172607e-05
exploded,-7.568240327884655e-06,-1.3095565478678627e-05,-1.612669439406123e-05,-1.597440397537854e-05,4.060482846244693e-06
exploited,-4.115492097238796e-06,-7.376959731791849e-06,-9.643738266163823e-06,-1.1965423326096818e-05,4.357407002055537e-06
explosion,0.00026958404360068357,6.658754481846307e-05,1.5864680906217585e-05,4.703955265262531e-06,-5.894113130308773e-07
expose,-5.642427208804352e-06,-9.974139249283243e-06,-1.2581648285484126e-05,-1.036648891901398e-05,-2.8113248700661777e-06
express,-1.6055680438280588e-05,-2.7635301885313773e-05,-3.695394705147781e-05,-3.143877608487095e-05,-1.5243537638469497e-05
expression,-0.00018174108721299924,0.0005387255238184899,4.708069883261671e-05,1.1706950796257579e-05,-1.605077704148287e-06
exterminate,-8.230984194477592e-06,-1.4753919463583698e-05,-1.9287476532327646e-05,-2.3930846652193635e-05,8.714814004111074e-06
extermination,-5.642427208804352e-06,-9.974139249283243e-06,-1.2581648285484126e-05,-1.036648891901398e-05,-2.8113248700661777e-06
exterminators,-4.115492097238796e-06,-7.376959731791849e-06,-9.643738266163823e-06,-1.1965423326096818e-05,4.357407002055537e-06
extra,-3.329815221916136e-05,-5.788476022793031e-05,-3.624498452628777e-05,-5.650371045728089e-05,8.773697041510965e-05
extraordinary,-4.115492097238796e-06,-7.376959731791849e-06,-9.643738266163823e-06,-1.1965423326096818e-05,4.357407002055537e-06
extreme,0.00019270879987260965,3.821954775612582e-05,-2.523799946385987e-06,-1.41769573039439e-05,5.991269452278282e-06
extremely,6.995647666561508e-05,-1.053784302190687e-05,5.266654469543478e-05,-8.78340729382857e-06,-1.670955563648725e-05
extruded,-7.928414555517577e-06,-1.3576932814117509e-05,-1.7396337793241638e-05,-1.529887540016259e-05,7.386564149086249e-07
eye,-2.072668275159417e-05,-3.860362776441721e-05,7.319209661444895e-07,-4.3480944543249276e-05,-7.911291252661885e-05
eyeballs,-9.087054360649962e-05,0.00026936276190924494,2.3540349416308355e-05,5.8534753981287895e-06,-8.025388520741435e-07
eyebrows,-8.740419975390173e-06,-1.5985066980022623e-05,-2.5230472845474032e-05,-3.9275398979919814e-05,-6.820572682755698e-05
eyes,2.22007957206714e-06,4.91343051998415e-06,-1.0756231756724082e-05,1.613961764326545e-05,-1.0655890529746037e-05
eyesight,-7.928414555517577e-06,-1.3576932814117509e-05,-1.7396337793241638e-05,-1.529887540016259e-05,7.386564149086249e-07
f,-6.933013497566917e-06,-1.126901311688474e-05,-1.567677891901629e-05,-5.3955815789465e-06,4.849045299734206e-07
fable,-9.087054360649962e-05,0.00026936276190924494,2.3540349416308355e-05,5.8534753981287895e-06,-8.025388520741435e-07
fabulous,-8.230984194477592e-06,-1.4753919463583698e-05,-1.9287476532327646e-05,-2.3930846652193635e-05,8.714814004111074e-06
face,2.3864542027323147e-06,-2.0834684312664108e-05,1.5647466963443954e-05,4.7010731450947644e-06,9.346224183886807e-06
faces,-5.642427208804352e-06,-9.974139249283243e-06,-1.2581648285484126e-05,-1.036648891901398e-05,-2.8113248700661777e-06
facilitate,-4.115492097238796e-06,-7.376959731791849e-06,-9.643738266163823e-06,-1.1965423326096818e-05,4.357407002055537e-06
facing,-4.115492097238796e-06,-7.376959731791849e-06,-9.643738266163823e-06,-1.1965423326096818e-05,4.357407002055537e-06
fact,-5.0015761086708354e-05,-8.824133863028478e-05,-0.0001123774172330179,-0.00012732760600292104,4.109787324972009e-05
factories,-1.1991314478700102e-05,-1.919711303963962e-05,-2.8112479443661385e-05,-3.0208678337733182e-05,7.956372495121113e-06
factory,-6.933013497566917e-06,-1.126901311688474e-05,-1.567677891901629e-05,-5.3955815789465e-06,4.849045299734206e-07
fades,-9.260811473136898e-06,-1.6652504432408217e-05,-3.465533999120868e-05,0.00014786839378884208,5.6998877024992504e-06
fail,-6.758156667650127e-06,-1.173561085338378e-05,-1.2816040009493688e-05,-1.0806638821821616e-05,2.4031576469201507e-08
failed,-1.1942090479478568e-05,-2.1958753208604772e-05,5.023094710374264e-06,-2.4874182212570498e-05,8.319633846260921e-05
fails,-9.13063033200035e-06,-1.73872001735964e-05,1.0739477576333792e-05,-2.241625977582846e-05,8.58646258906266e-05
failure,-1.6070141610978515e-05,-2.6629381846073744e-05,-3.5945758210610604e-05,-1.9237502061679874e-05,1.2597378122576335e-06
fainted,-7.701796971080249e-06,-1.3302071444386432e-05,-2.118298283289607e-05,-1.3966243667950595e-05,-3.9096045353798374e-05
fair,-2.065725443424303e-05,-3.7553275351372065e-05,-8.24725774766213e-06,-4.373392790080634e-05,9.429777876146547e-05
fairy,-8.146620737475113e-06,-1.3748616749657121e-05,-1.867009511959345e-05,-1.2801145038956248e-05,3.570480659636475e-06
fake,-6.409884491597628e-05,-0.00011802716461699475,-0.0001495830154837306,-0.00027423115261788474,-0.00036997202969326547
falcon,-4.757048733310553e-05,-8.146159688470517e-05,-0.00010437802675944997,-9.179325240097559e-05,4.431938489451879e-06
fall,-9.0650687172866e-05,0.00012580575755433916,2.6783302688910728e-05,4.844712578556932e-05,-4.386945600679907e-05
fallen,-1.516535282039863e-05,-2.8428686819674047e-05,1.8225412422611232e-05,-1.7851081469368648e-05,-9.757239733983267e-06
falling,1.733581005312191e-05,-4.151593697110058e-05,2.9652583277354357e-05,0.0001092646795293866,1.4893669783464796e-06
falls,-1.7162693958246196e-05,-2.8863872651847432e-05,-3.928291821564171e-05,-3.7561853867173305e-05,1.7207715584857792e-06
false,-7.701796971080249e-06,-1.3302071444386432e-05,-2.118298283289607e-05,-1.3966243667950595e-05,-3.9096045353798374e-05
fame,-1.3866026995135076e-05,-2.253802623377149e-05,-3.135355783803537e-05,-1.0791163157893955e-05,9.698090599469093e-07
familiar,-2.5284334658365568e-05,-4.966965416955118e-05,0.0001083517668753984,-2.361605540005433e-05,8.219386792174892e-05
families,-1.7984260204729114e-05,-3.176857647625506e-05,-4.127045733864175e-05,-4.6571474701619266e-05,1.3396392966973893e-05
family,-3.8649089771384366e-05,-7.286788390164616e-05,4.572741031492581e-05,0.00017143090584062403,1.1677244924595967e-06
famous,-1.7208141633026025e-05,-2.951497225542777e-05,-4.2021134340117016e-05,-3.0896103815334425e-05,-4.453942489356663e-05
fan,-7.568240327884655e-06,-1.3095565478678627e-05,-1.612669439406123e-05,-1.597440397537854e-05,4.060482846244693e-06
fancy,-4.115492097238796e-06,-7.376959731791849e-06,-9.643738266163823e-06,-1.1965423326096818e-05,4.357407002055537e-06
fangs,-1.6927281626414306e-05,-2.9922417747851945e-05,-3.7744944856455185e-05,-3.109946675704424e-05,-8.43397461019917e-06
fantastic,-7.726500981079524e-05,0.00013909595735488872,1.776112361339602e-05,-1.626171760555634e-05,-9.301527797481414e-06
far,-2.102748857156586e-06,-3.6139067779750816e-06,-5.029889533036358e-07,3.434357378210375e-06,-8.953152352316564e-06
faraway,-5.642427208804352e-06,-9.974139249283243e-06,-1.2581648285484126e-05,-1.036648891901398e-05,-2.8113248700661777e-06
farce,-8.740419975390173e-06,-1.5985066980022623e-05,-2.5230472845474032e-05,-3.9275398979919814e-05,-6.820572682755698e-05
farewell,-1.29335422317557e-05,-2.412257955350298e-05,2.288842062328658e-05,-8.887002309554457e-06,-1.1117190136014623e-05
farewells,-7.195006337380369e-06,-1.2793840901311246e-05,-1.6387899107835544e-05,-1.6466445877440998e-05,1.1400043788932677e-06
farm,-2.8444200348636716e-05,-4.79213773263471e-05,-6.970982070645532e-05,1.634046681176622e-05,1.603340070129573e-05
farmer,-6.148609829199116e-06,-1.0383340289635737e-05,-1.2227400575356544e-05,-9.699178155078256e-06,1.1494490171502262e-06
farmers,-1.2297219658398232e-05,-2.0766680579271475e-05,-2.445480115071309e-05,-1.9398356310156513e-05,2.2988980343004523e-06
farmhouse,-1.6635600960755317e-05,-2.8407887059540173e-05,-3.415845339311443e-05,-3.027779102018817e-05,5.755576380738398e-06
farming,-4.304026880439619e-05,-7.268338202745418e-05,-8.559180402750045e-05,-6.789424708555157e-05,8.046143120052055e-06
farmland,-4.115492097238796e-06,-7.376959731791849e-06,-9.643738266163823e-06,-1.1965423326096818e-05,4.357407002055537e-06
farms,-1.7945481340734993e-05,-3.047321429046919e-05,-4.2061194472649704e-05,-4.874251437716461e-05,1.5505443195689e-05
fart,-6.933013497566917e-06,-1.126901311688474e-05,-1.567677891901629e-05,-5.3955815789465e-06,4.849045299734206e-07
farther,-1.3698831553743693e-05,-2.877860421164756e-05,9.807089796909202e-05,-2.7928007655948944e-06,5.9295866476501694e-05
fascinated,-4.115492097238796e-06,-7.376959731791849e-06,-9.643738266163823e-06,-1.1965423326096818e-05,4.357407002055537e-06
fascinating,-2.1861797289440943e-05,-3.8817297317967925e-05,-5.5392569637443214e-05,-7.069547735702557e-05,-7.621898919128373e-05
fascist,-6.933013497566917e-06,-1.126901311688474e-05,-1.567677891901629e-05,-5.3955815789465e-06,4.849045299734206e-07
fascists,-6.933013497566917e-06,-1.126901311688474e-05,-1.567677891901629e-05,-5.3955815789465e-06,4.849045299734206e-07
fashion,-1.1427882694008294e-05,-2.0439854689547884e-05,-2.805361394382588e-05,-3.692801385940159e-05,-5.027380469534556e-05
fashionable,-9.260811473136898e-06,-1.6652504432408217e-05,-3.465533999120868e-05,0.00014786839378884208,5.6998877024992504e-06
fashions,-6.148609829199116e-06,-1.0383340289635737e-05,-1.2227400575356544e-05,-9.699178155078256e-06,1.1494490171502262e-06
fast,1.1181169200100115e-05,2.1878625453282142e-05,-1.394024538362756e-05,-9.29812412933108e-06,4.654957799930334e-06
fasten,-9.260811473136898e-06,-1.6652504432408217e-05,-3.465533999120868e-05,0.00014786839378884208,5.6998877024992504e-06
faster,-2.4958912624772663e-05,-4.479753727444326e-05,-7.723688921068249e-06,8.02205817530686e-05,3.0478415631992004e-05
fastest,-7.928414555517577e-06,-1.3576932814117509e-05,-1.7396337793241638e-05,-1.529887540016259e-05,7.386564149086249e-07
fat,7.406753013105336e-05,-2.4852296697069963e-06,2.854014781787427e-05,4.219500729165265e-05,2.901435070450711e-05
fatally,-5.642427208804352e-06,-9.974139249283243e-06,-1.2581648285484126e-05,-1.036648891901398e-05,-2.8113248700661777e-06
fate,0.00011760610697465956,1.36200659243661e-05,-2.23342450137678e-05,6.49439664539689e-05,1.3215939956032697e-06
father,-6.481369642582562e-05,0.00025040521185338985,-7.360237799470028e-07,2.854273030064584e-05,-1.7165761424352774e-05
fatigue,-4.115492097238796e-06,-7.376959731791849e-06,-9.643738266163823e-06,-1.1965423326096818e-05,4.357407002055537e-06
fatter,-1.3698831553743693e-05,-2.877860421164756e-05,9.807089796909202e-05,-2.7928007655948944e-06,5.9295866476501694e-05
fatty,-6.148609829199116e-06,-1.0383340289635737e-05,-1.2227400575356544e-05,-9.699178155078256e-06,1.1494490171502262e-06
fault,0.0001156749075907777,-2.635252533466556e-06,-1.6299781505837355e-06,-4.278693464357718e-05,-1.300102454948597e-05
faut,-2.3785243666552766e-05,-4.073079844235258e-05,-5.2189013379724986e-05,-4.5896626200487794e-05,2.2159692447259397e-06
favor,-4.0868739410497995e-05,3.8660023233616974e-05,3.96166448931348e-05,-1.1714248380230683e-05,-1.5928887307855524e-05
favorite,-1.213644154962799e-05,-2.448696951672978e-05,7.120472599869694e-05,3.6490550348550413e-06,-2.2508276567880185e-05
fear,-1.871637087648445e-05,-3.244276002019839e-05,-5.494495136104459e-05,8.943330192046786e-05,-7.0982563802638855e-06
feared,-1.4394972818623354e-05,-2.5670262952103905e-05,-4.05459061597258e-05,6.722591510753776e-05,2.588548102818001e-06
fears,-7.116388390559781e-05,0.00019126032152436096,8.080403374200045e-06,-3.32767261800826e-06,-2.6646840958322053e-06
featuring,-4.115492097238796e-06,-7.376959731791849e-06,-9.643738266163823e-06,-1.1965423326096818e-05,4.357407002055537e-06
fed,-1.3671881256093066e-05,-2.7709618102797706e-05,6.599897570915078e-05,-6.844672348690393e-06,-1.6929951177131016e-05
fee,-1.1427882694008294e-05,-2.0439854689547884e-05,-2.805361394382588e-05,-3.692801385940159e-05,-5.027380469534556e-05
feed,-2.374878636267471e-05,-4.3488706564346407e-05,7.659911387155226e-06,-3.282351085925044e-05,-2.8406387315149176e-05
feel,-0.0,0.0,0.0,0.0,0.0
feeling,1.9392463831936208e-05,3.6490554617872825e-05,4.063885162046937e-05,-2.5173237740960058e-05,2.1357611237505044e-05
feelings,-2.840161883134477e-05,-5.067211129140862e-05,-7.384286165058425e-05,-0.00010118258814315139,-0.00014917947963380456
feels,5.039910020848307e-05,9.638405148141766e-05,-1.5229856453085695e-05,-5.1626416094803066e-05,-9.166347192020896e-06
feet,0.00014038829075205283,7.849567889822281e-05,-1.6387702317103346e-05,8.563126321700757e-06,-2.8423081720809528e-05
feisty,-5.642427208804352e-06,-9.974139249283243e-06,-1.2581648285484126e-05,-1.036648891901398e-05,-2.8113248700661777e-06
fell,5.869502240953231e-06,1.1380999319852054e-05,-3.734750294406416e-06,6.847827663703177e-06,-2.1283861700509595e-06
fellow,-4.2297255524619196e-05,-7.437906779830098e-05,-0.00011582720853329445,3.6450582823441983e-06,-9.551596447311873e-05
fellows,-9.260811473136898e-06,-1.6652504432408217e-05,-3.465533999120868e-05,0.00014786839378884208,5.6998877024992504e-06
felt,-1.4709470836139863e-05,-2.8715321220342326e-05,4.164066276452635e-05,-2.003674704652308e-05,-5.76306631737687e-05
female,-4.115492097238796e-06,-7.376959731791849e-06,-9.643738266163823e-06,-1.1965423326096818e-05,4.357407002055537e-06
females,-1.6461968388956525e-05,-2.9507838927169806e-05,-3.857495306465848e-05,-4.786169330439109e-05,1.742962800822348e-05
fend,-8.230984194477592e-06,-1.4753919463583698e-05,-1.9287476532327646e-05,-2.3930846652193635e-05,8.714814004111074e-06
ferry,-8.230984194477592e-06,-1.4753919463583698e-05,-1.9287476532327646e-05,-2.3930846652193635e-05,8.714814004111074e-06
fertilizers,-6.148609829199116e-06,-1.0383340289635737e-05,-1.2227400575356544e-05,-9.699178155078256e-06,1.1494490171502262e-06
festival,0.00014688743540357756,2.09241038931676e-05,-1.2358180125189676e-05,-1.4628300504654407e-05,-6.431543161994653e-07
fetch,-5.642427208804352e-06,-9.974139249283243e-06,-1.2581648285484126e-05,-1.036648891901398e-05,-2.8113248700661777e-06
feuding,-4.115492097238796e-06,-7.376959731791849e-06,-9.643738266163823e-06,-1.1965423326096818e-05,4.357407002055537e-06
fever,-1.5750717645653447e-05,-2.6896919473886293e-05,-3.1909797402425105e-05,-2.6561079563722383e-05,1.7870794081523663e-06
few,-3.536996612417671e-05,-6.224641130411623e-05,-6.21817097373055e-05,-7.927029967092548e-05,6.284383007340531e-05
fewer,-6.148609829199116e-06,-1.0383340289635737e-05,-1.2227400575356544e-05,-9.699178155078256e-06,1.1494490171502262e-06
fiancée,-7.928414555517577e-06,-1.3576932814117509e-05,-1.7396337793241638e-05,-1.529887540016259e-05,7.386564149086249e-07
field,5.2680817748792526e-05,-1.4753775357106859e-05,-6.646234822081717e-06,-2.9607236394686872e-05,-5.4783092330456235e-05
fields,-5.565462634190499e-05,0.00010682118557318797,-1.713053584523641e-05,-2.7525641533391387e-05,8.078506312111414e-06
fierce,-5.642427208804352e-06,-9.974139249283243e-06,-1.2581648285484126e-05,-1.036648891901398e-05,-2.8113248700661777e-06
fierrali,-2.7732053990271395e-05,-4.5076052467545005e-05,-6.270711567607355e-05,-2.158232631578889e-05,1.939618119894e-06
fifth,-3.689165897519709e-05,-6.230004173781848e-05,-7.336440345214406e-05,-5.819506893047326e-05,6.896694102901909e-06
fifthgrade,-6.148609829199116e-06,-1.0383340289635737e-05,-1.2227400575356544e-05,-9.699178155078256e-06,1.1494490171502262e-06
fifty,-1.0310919426322938e-05,-2.2826063759448474e-05,0.00010879576173084651,1.4648052819501154e-05,-3.167533546792437e-05
fight,-6.015104155010982e-05,-3.273349117691619e-05,-7.492175735221002e-05,-7.552771935380406e-06,-1.846697398012217e-06
fighter,-3.872026281379062e-05,-6.497146707725803e-05,-8.598663171715986e-05,-5.7057835316816326e-05,3.2512283458381634e-06
fighters,-7.928414555517577e-06,-1.3576932814117509e-05,-1.7396337793241638e-05,-1.529887540016259e-05,7.386564149086249e-07
fighting,-1.926753970850129e-05,-3.3811763862541733e-05,-3.900278618696289e-05,-7.266278037607291e-06,1.3912580891264139e-05
fights,-1.1077024439736885e-05,-1.880884309564975e-05,-2.4934269778049955e-05,-1.9063909711053083e-05,3.2576686762605575e-06
figure,-2.0155903544777815e-05,-4.0542728058913083e-05,0.00010055221066309421,-7.02791307490373e-06,2.2154043826350086e-05
figures,-8.740419975390173e-06,-1.5985066980022623e-05,-2.5230472845474032e-05,-3.9275398979919814e-05,-6.820572682755698e-05
figurine,-4.115492097238796e-06,-7.376959731791849e-06,-9.643738266163823e-06,-1.1965423326096818e-05,4.357407002055537e-06
fill,0.0001516631943484607,2.873982234979358e-05,-3.71280963034384e-06,-1.0289620694064726e-05,5.584186453035674e-07
filled,-1.5226572503253613e-05,-2.6621147604464677e-05,-1.648660330593506e-05,-3.540130349108507e-05,4.049699736644988e-05
film,-1.3866026995135076e-05,-2.253802623377149e-05,-3.135355783803537e-05,-1.0791163157893955e-05,9.698090599469093e-07
filth,0.0001936658591694841,4.0789145071215124e-05,1.3854961762797415e-07,-5.099709839761716e-07,-7.705812507910247e-08
filthy,-1.3451302668035341e-05,-2.676404137806832e-05,5.258692760233995e-05,-1.2398964570499759e-05,3.8908179297567306e-05
final,-2.5221983222308175e-05,-4.6271370806317805e-05,-5.703442664629978e-06,-5.323271730048794e-05,0.00013160504359880328
finally,6.892616473438125e-06,7.015113731175235e-07,6.790800802630639e-06,-3.408067543035859e-06,5.478006205714421e-06
finance,-4.115492097238796e-06,-7.376959731791849e-06,-9.643738266163823e-06,-1.1965423326096818e-05,4.357407002055537e-06
find,9.678201820319765e-06,4.288813137805353e-05,2.151412604029985e-05,7.161440087889361e-06,5.923589393887212e-06
finding,-1.1876361317835143e-05,-1.959440491397145e-05,-2.7839564683578037e-05,-3.1097093471215276e-05,9.079571037693054e-06
fine,5.8510730899172945e-05,-1.3416887720756904e-05,1.3358151598525857e-05,-1.9090540366203364e-05,-2.1073513396121815e-05
fined,-4.115492097238796e-06,-7.376959731791849e-06,-9.643738266163823e-06,-1.1965423326096818e-05,4.357407002055537e-06
finest,-8.740419975390173e-06,-1.5985066980022623e-05,-2.5230472845474032e-05,-3.9275398979919814e-05,-6.820572682755698e-05
finger,-4.115492097238796e-06,-7.376959731791849e-06,-9.643738266163823e-06,-1.1965423326096818e-05,4.357407002055537e-06
finish,-3.169052712569067e-05,-5.869256491094827e-05,4.995643488095883e-05,-2.8064368289294302e-05,2.055706622683595e-05
finished,3.586307089658628e-05,7.074752854951993e-05,-3.672301854914226e-05,2.0518052324193517e-05,2.2811169633700063e-06
finishing,-1.1077024439736885e-05,-1.880884309564975e-05,-2.4934269778049955e-05,-1.9063909711053083e-05,3.2576686762605575e-06
fio,-0.00014559328344892884,-0.0002366492754546177,-0.0003292123572993952,-0.00011330721315789473,1.0182995129443343e-05
fire,-6.589092590581446e-05,-0.00012379856962693096,0.00010437371853148461,3.8280801568745636e-05,-0.00013814348083353916
fired,-5.642427208804352e-06,-9.974139249283243e-06,-1.2581648285484126e-05,-1.036648891901398e-05,-2.8113248700661777e-06
fireflies,-5.995657239350582e-05,-9.598556519820658e-05,-0.00014056239721831957,-0.00015104339168867863,3.9781862475609334e-05
firefly,-3.5973943436102904e-05,-5.7591339118923045e-05,-8.433743833099065e-05,-9.062603501320563e-05,2.3869117485365062e-05
fireplace,-1.8640057252485086e-05,-3.3210721891429665e-05,-6.055617517190892e-05,0.00021009337766706622,8.423349389430928e-06
fireplaces,-7.928414555517577e-06,-1.3576932814117509e-05,-1.7396337793241638e-05,-1.529887540016259e-05,7.386564149086249e-07
fireprevention,-1.1991314478700102e-05,-1.919711303963962e-05,-2.8112479443661385e-05,-3.0208678337733182e-05,7.956372495121113e-06
firerat,-1.7480839950781815e-05,-3.197013396004792e-05,-5.046094569095228e-05,-7.85507979598462e-05,-0.00013641145365512534
fires,-1.625006689507739e-05,-3.25023073736792e-05,5.7407395956126496e-05,8.410143895897775e-05,5.026759781276632e-05
firewood,-1.6444562539578498e-05,-3.098580895202262e-05,5.949185570918018e-05,-1.147363446098171e-05,-1.7489188376431768e-05
firing,-1.4520724884060776e-05,-2.396328879021007e-05,-3.6348032030178346e-05,-3.257239928058851e-05,-2.2960852261136925e-05
first,1.954925265675828e-05,-1.1436486008619168e-05,-4.538322896666734e-05,7.171099702723988e-06,-4.2297919352787024e-06
firstclass,-1.0310919426322938e-05,-2.2826063759448474e-05,0.00010879576173084651,1.4648052819501154e-05,-3.167533546792437e-05
firstly,-5.642427208804352e-06,-9.974139249283243e-06,-1.2581648285484126e-05,-1.036648891901398e-05,-2.8113248700661777e-06
fish,0.0008527413949882138,0.00033209061715562,8.788343560769267e-05,-1.623482301289447e-05,-5.022612886294349e-05
fishy,-8.267534381846718e-06,-1.620368610732571e-05,2.4208694940974476e-05,-1.8435669289962392e-05,0.00011209281574915771
fist,-9.260811473136898e-06,-1.6652504432408217e-05,-3.465533999120868e-05,0.00014786839378884208,5.6998877024992504e-06
fists,-9.260811473136898e-06,-1.6652504432408217e-05,-3.465533999120868e-05,0.00014786839378884208,5.6998877024992504e-06
fit,0.00039302215947461,9.054055347482346e-05,1.4379780185847326e-05,-2.147663183925734e-07,-2.1658644188592215e-08
fits,-6.933013497566917e-06,-1.126901311688474e-05,-1.567677891901629e-05,-5.3955815789465e-06,4.849045299734206e-07
fittest,-4.115492097238796e-06,-7.376959731791849e-06,-9.643738266163823e-06,-1.1965423326096818e-05,4.357407002055537e-06
fitting,-5.549890188862307e-05,-9.503852969882264e-05,-0.00012177436455269154,-0.00010709212780113815,5.170594904360354e-06
five,6.800850322782088e-05,-1.7077443490121e-05,-2.5941276595664932e-05,-4.3386462030378164e-05,-4.993882464271252e-05
fivecolored,-8.740419975390173e-06,-1.5985066980022623e-05,-2.5230472845474032e-05,-3.9275398979919814e-05,-6.820572682755698e-05
fix,0.0003000526740136668,4.942294725635605e-05,3.393875455677137e-05,-1.2528890024525311e-05,-3.9270390364796574e-05
fixed,0.000306277561014199,6.312092238662002e-05,-1.3248246027060728e-06,-8.968692947025162e-06,-2.34948292467077e-05
flag,-1.0310919426322938e-05,-2.2826063759448474e-05,0.00010879576173084651,1.4648052819501154e-05,-3.167533546792437e-05
flakes,-1.1991314478700102e-05,-1.919711303963962e-05,-2.8112479443661385e-05,-3.0208678337733182e-05,7.956372495121113e-06
flamboyant,-1.0310919426322938e-05,-2.2826063759448474e-05,0.00010879576173084651,1.4648052819501154e-05,-3.167533546792437e-05
flame,-7.701796971080249e-06,-1.3302071444386432e-05,-2.118298283289607e-05,-1.3966243667950595e-05,-3.9096045353798374e-05
flames,-1.4047513966017852e-05,-2.8617405296482137e-05,6.161690461437934e-05,-1.8158985142186765e-05,-7.364734772455578e-05
flange,-7.928414555517577e-06,-1.3576932814117509e-05,-1.7396337793241638e-05,-1.529887540016259e-05,7.386564149086249e-07
flaps,-7.928414555517577e-06,-1.3576932814117509e-05,-1.7396337793241638e-05,-1.529887540016259e-05,7.386564149086249e-07
flapters,-9.260811473136898e-06,-1.6652504432408217e-05,-3.465533999120868e-05,0.00014786839378884208,5.6998877024992504e-06
flare,-9.839369903605993e-06,-1.716272477754985e-05,-2.4896366454435814e-05,-1.7941751686814237e-05,-3.0900418919936764e-05
flares,-7.701796971080249e-06,-1.3302071444386432e-05,-2.118298283289607e-05,-1.3966243667950595e-05,-3.9096045353798374e-05
flashed,-9.087054360649962e-05,0.00026936276190924494,2.3540349416308355e-05,5.8534753981287895e-06,-8.025388520741435e-07
flashes,-1.1991314478700102e-05,-1.919711303963962e-05,-2.8112479443661385e-05,-3.0208678337733182e-05,7.956372495121113e-06
flathead,-7.928414555517577e-06,-1.3576932814117509e-05,-1.7396337793241638e-05,-1.529887540016259e-05,7.386564149086249e-07
flaunt,-5.642427208804352e-06,-9.974139249283243e-06,-1.2581648285484126e-05,-1.036648891901398e-05,-2.8113248700661777e-06
flavors,-1.1991314478700102e-05,-1.919711303963962e-05,-2.8112479443661385e-05,-3.0208678337733182e-05,7.956372495121113e-06
flee,-1.1991314478700102e-05,-1.919711303963962e-05,-2.8112479443661385e-05,-3.0208678337733182e-05,7.956372495121113e-06
fleeing,-9.839369903605993e-06,-1.716272477754985e-05,-2.4896366454435814e-05,-1.7941751686814237e-05,-3.0900418919936764e-05
fleet,-1.1991314478700102e-05,-1.919711303963962e-05,-2.8112479443661385e-05,-3.0208678337733182e-05,7.956372495121113e-06
fleets,-1.1991314478700102e-05,-1.919711303963962e-05,-2.8112479443661385e-05,-3.0208678337733182e-05,7.956372495121113e-06
flesh,-2.2569708835218678e-05,-3.989655699713522e-05,-5.032659314193929e-05,-4.1465955676058245e-05,-1.1245299480265316e-05
flew,-8.017689972633592e-06,-1.4092662807614593e-05,-1.656072795451862e-05,-1.679099061293056e-05,3.2306557730812857e-06
flies,-2.2634151243934254e-05,-3.89038239273658e-05,-5.872245848443515e-05,3.921501645057669e-05,-1.4571079800549562e-05
flight,-4.327178008253611e-05,-7.278653517640076e-05,-9.48557574951218e-05,-6.355633223903317e-05,3.3020095454839066e-06
fling,-6.933013497566917e-06,-1.126901311688474e-05,-1.567677891901629e-05,-5.3955815789465e-06,4.849045299734206e-07
float,-6.758156667650127e-06,-1.173561085338378e-05,-1.2816040009493688e-05,-1.0806638821821616e-05,2.4031576469201507e-08
floated,-2.203398611203641e-05,-4.594034933863054e-05,0.00013488807994048473,0.00013063232602801615,-4.250883182258053e-05
floating,-3.2296984543788066e-05,-5.776818566349645e-05,-0.00011166243728384095,0.0004281550354941138,1.6828979084779545e-05
floats,-9.260811473136898e-06,-1.6652504432408217e-05,-3.465533999120868e-05,0.00014786839378884208,5.6998877024992504e-06
flock,-6.758156667650127e-06,-1.173561085338378e-05,-1.2816040009493688e-05,-1.0806638821821616e-05,2.4031576469201507e-08
flood,-5.642427208804352e-06,-9.974139249283243e-06,-1.2581648285484126e-05,-1.036648891901398e-05,-2.8113248700661777e-06
flooded,0.0001930989963178339,3.929006856813602e-05,-3.921452398450471e-06,-6.829552660342466e-06,-2.9262089925549715e-05
floods,-5.642427208804352e-06,-9.974139249283243e-06,-1.2581648285484126e-05,-1.036648891901398e-05,-2.8113248700661777e-06
floor,-5.298177096288413e-05,7.423461587943231e-05,-2.4150669917224034e-05,9.490190340671373e-05,5.1419720693740556e-05
florist,-9.087054360649962e-05,0.00026936276190924494,2.3540349416308355e-05,5.8534753981287895e-06,-8.025388520741435e-07
flour,-6.758156667650127e-06,-1.173561085338378e-05,-1.2816040009493688e-05,-1.0806638821821616e-05,2.4031576469201507e-08
flourish,-6.758156667650127e-06,-1.173561085338378e-05,-1.2816040009493688e-05,-1.0806638821821616e-05,2.4031576469201507e-08
flower,-3.982652489731921e-05,-7.576379157721602e-05,-1.279789892100134e-05,-0.00013399791993998268,-0.0002748134452822942
flowers,-5.0654998347269105e-05,-9.415956598137486e-05,-5.795381432106808e-05,-0.00012092059578431034,-0.000242731000472135
flowing,-1.2453035172854927e-05,-2.2437241483885008e-05,-8.945941595209436e-06,-2.5665424682069848e-05,3.726574446152481e-05
flown,-6.933013497566917e-06,-1.126901311688474e-05,-1.567677891901629e-05,-5.3955815789465e-06,4.849045299734206e-07
flows,-2.3494704524405746e-05,-4.271422592361147e-05,-6.508818686483316e-05,-9.452293652280996e-05,-0.00015294750486840277
flu,-1.2297219658398232e-05,-2.0766680579271475e-05,-2.445480115071309e-05,-1.9398356310156513e-05,2.2988980343004523e-06
fluff,-9.087054360649962e-05,0.00026936276190924494,2.3540349416308355e-05,5.8534753981287895e-06,-8.025388520741435e-07
fluffy,-4.115492097238796e-06,-7.376959731791849e-06,-9.643738266163823e-06,-1.1965423326096818e-05,4.357407002055537e-06
flush,-3.171365822207031e-05,-5.4307731256470036e-05,-6.958535117296655e-05,-6.119550160065036e-05,2.9546256596344997e-06
flustered,-5.642427208804352e-06,-9.974139249283243e-06,-1.2581648285484126e-05,-1.036648891901398e-05,-2.8113248700661777e-06
fluttering,-1.0310919426322938e-05,-2.2826063759448474e-05,0.00010879576173084651,1.4648052819501154e-05,-3.167533546792437e-05
fly,-0.00013934817977466306,-0.0002422590831474497,-0.0002009533770150102,-1.8491075701579675e-05,-0.00015819663648937275
flyers,-1.0310919426322938e-05,-2.2826063759448474e-05,0.00010879576173084651,1.4648052819501154e-05,-3.167533546792437e-05
flying,-6.394141457908858e-05,-0.00010955486845795723,-0.00011841927722827073,2.332286462530288e-05,-2.3511527585533257e-05
flyrocks,-9.260811473136898e-06,-1.6652504432408217e-05,-3.465533999120868e-05,0.00014786839378884208,5.6998877024992504e-06
foam,0.00026958404360068357,6.658754481846307e-05,1.5864680906217585e-05,4.703955265262531e-06,-5.894113130308773e-07
focus,-8.88058017037804e-06,-1.545036241150608e-05,-1.9938012655031165e-05,-2.0103343342691335e-05,3.757584729978528e-06
focused,-8.230984194477592e-06,-1.4753919463583698e-05,-1.9287476532327646e-05,-2.3930846652193635e-05,8.714814004111074e-06
focusing,-7.928414555517577e-06,-1.3576932814117509e-05,-1.7396337793241638e-05,-1.529887540016259e-05,7.386564149086249e-07
foe,-1.343295337788614e-05,-2.3018084487533064e-05,-3.0113448651657114e-05,-1.926590543491431e-05,-3.7883188195708295e-06
foes,-5.642427208804352e-06,-9.974139249283243e-06,-1.2581648285484126e-05,-1.036648891901398e-05,-2.8113248700661777e-06
fog,-1.0637321244643162e-05,-2.2270213414548852e-05,7.310979060368658e-05,1.978038104284252e-06,-2.0142887256128975e-05
fogs,-4.115492097238796e-06,-7.376959731791849e-06,-9.643738266163823e-06,-1.1965423326096818e-05,4.357407002055537e-06
folgore,-6.933013497566917e-06,-1.126901311688474e-05,-1.567677891901629e-05,-5.3955815789465e-06,4.849045299734206e-07
folk,-7.568240327884655e-06,-1.3095565478678627e-05,-1.612669439406123e-05,-1.597440397537854e-05,4.060482846244693e-06
folks,-4.115492097238796e-06,-7.376959731791849e-06,-9.643738266163823e-06,-1.1965423326096818e-05,4.357407002055537e-06
follow,2.137432426884784e-05,-3.2936445391825456e-05,-6.016926616981248e-06,0.00013398661201245905,2.5415333691488642e-05
followed,-1.790497733394204e-05,-3.311803946940591e-05,-1.5032131246227854e-06,6.0564790306248536e-05,2.7240041312809703e-05
following,4.5268818102082465e-05,-3.100345513484216e-05,7.118028026021978e-05,-2.5693662809337596e-05,2.061546366174737e-05
folly,-5.642427208804352e-06,-9.974139249283243e-06,-1.2581648285484126e-05,-1.036648891901398e-05,-2.8113248700661777e-06
font,-5.761688936135121e-05,-0.00010327743624510042,-0.00013501233572631253,-0.00016751592656537878,6.1003698028785765e-05
food,-6.418728324094482e-05,-2.3510834473641185e-05,-4.233815753182096e-05,-0.00010756980772508477,0.00012249839519731454
foods,-6.148609829199116e-06,-1.0383340289635737e-05,-1.2227400575356544e-05,-9.699178155078256e-06,1.1494490171502262e-06
fool,9.845173766106804e-06,2.2469848966981938e-05,-4.286974095147559e-05,-1.0953556736157975e-05,-1.991307362658058e-05
fooling,-8.740419975390173e-06,-1.5985066980022623e-05,-2.5230472845474032e-05,-3.9275398979919814e-05,-6.820572682755698e-05
foolish,-1.7593399703817833e-05,-3.037252070059766e-05,-3.939053286495965e-05,-2.6909640859382898e-05,-5.861250519676141e-06
foolishness,0.00026958404360068357,6.658754481846307e-05,1.5864680906217585e-05,4.703955265262531e-06,-5.894113130308773e-07
fools,-3.299729271272621e-05,-5.827639483525527e-05,-0.00010512425670433286,0.0002284291804370386,-6.012204660958471e-05
foot,-1.4428887409248117e-05,-2.834381388581271e-05,4.850386609408316e-05,-1.4107771497323606e-05,2.1683788741852073e-05
footage,-4.115492097238796e-06,-7.376959731791849e-06,-9.643738266163823e-06,-1.1965423326096818e-05,4.357407002055537e-06
footprint,-5.642427208804352e-06,-9.974139249283243e-06,-1.2581648285484126e-05,-1.036648891901398e-05,-2.8113248700661777e-06
footprints,-1.1355452663310836e-05,-2.0148277114373645e-05,-2.5664983321135282e-05,-2.4110181301907347e-05,-9.329273212114288e-07
footsteps,-8.230984194477592e-06,-1.4753919463583698e-05,-1.9287476532327646e-05,-2.3930846652193635e-05,8.714814004111074e-06
for,-0.0,0.0,0.0,0.0,0.0
forbid,-5.642427208804352e-06,-9.974139249283243e-06,-1.2581648285484126e-05,-1.036648891901398e-05,-2.8113248700661777e-06
forbidden,-1.0310919426322938e-05,-2.2826063759448474e-05,0.00010879576173084651,1.4648052819501154e-05,-3.167533546792437e-05
forbidding,-8.740419975390173e-06,-1.5985066980022623e-05,-2.5230472845474032e-05,-3.9275398979919814e-05,-6.820572682755698e-05
force,3.513954363481126e-05,-2.3675387272613744e-05,-1.85729260486446e-05,-2.5267606080922765e-05,-1.110330252085048e-05
forced,-1.593214367999962e-05,-2.8596945950777082e-05,-4.688557573956747e-05,8.256269755457434e-05,1.3841623084667194e-05
forces,-4.115492097238796e-06,-7.376959731791849e-06,-9.643738266163823e-06,-1.1965423326096818e-05,4.357407002055537e-06
forcing,-7.701796971080249e-06,-1.3302071444386432e-05,-2.118298283289607e-05,-1.3966243667950595e-05,-3.9096045353798374e-05
forecast,0.0001937947899343257,4.0445099013257706e-05,2.2479167827027805e-06,-4.499816557950485e-06,-4.168830116342962e-07
forefingers,-8.267534381846718e-06,-1.620368610732571e-05,2.4208694940974476e-05,-1.8435669289962392e-05,0.00011209281574915771
forehead,-9.47931274427452e-06,-1.722600125843098e-05,-2.5714515778378864e-05,-3.778244415242036e-05,-4.7078588310430935e-05
foreign,-1.5891527471785797e-05,-2.7272737919404664e-05,-4.02544439817976e-05,-2.774772604709967e-05,-5.680742767241743e-05
foreman,-2.4134231120581142e-05,-4.585434417930318e-05,4.072367965211847e-05,-5.206128085828191e-05,0.0002484997180858895
forest,-0.00022508737603875776,5.436064706158798e-05,-0.00028417495035714286,-0.000270069589383952,-0.0001703003625104739
forests,-1.8893826570009358e-05,-3.34129094479728e-05,-4.262704677439731e-05,-4.6634243630898524e-05,1.174726341649932e-05
forever,0.00015677280345187167,1.4208264820907126e-05,-3.422881229979988e-05,1.4855400343329831e-05,-4.0265430535312664e-05
forget,-1.8903126288577776e-05,-8.481649328491563e-06,-1.7515032869949354e-05,1.0358874340139965e-05,3.619707281417925e-05
forgetting,-7.928414555517577e-06,-1.3576932814117509e-05,-1.7396337793241638e-05,-1.529887540016259e-05,7.386564149086249e-07
forging,-4.115492097238796e-06,-7.376959731791849e-06,-9.643738266163823e-06,-1.1965423326096818e-05,4.357407002055537e-06
forgive,4.9830537999320365e-06,-2.942572684159462e-05,-2.3294901816755272e-05,5.41067206098819e-08,-5.137910813692942e-05
forgo,-4.115492097238796e-06,-7.376959731791849e-06,-9.643738266163823e-06,-1.1965423326096818e-05,4.357407002055537e-06
forgot,-2.316003130582041e-06,7.008945842390624e-05,2.1157120692673325e-05,9.037519113445364e-06,-2.752189448285288e-06
forgotten,-1.780300803516188e-05,-3.266595647269677e-05,-1.5246468670443204e-06,2.8228366213365735e-05,-5.600968854894658e-06
form,-8.39287692540626e-05,0.0001272912408876024,-5.089670483095666e-05,-1.0419891769998625e-05,-2.3252595356968044e-05
formal,-1.2635686492071253e-05,-2.2241709226665826e-05,-2.9345402907198325e-05,-3.489491366066993e-05,-3.912741498104869e-05
formalities,-8.740419975390173e-06,-1.5985066980022623e-05,-2.5230472845474032e-05,-3.9275398979919814e-05,-6.820572682755698e-05
formally,-8.146620737475113e-06,-1.3748616749657121e-05,-1.867009511959345e-05,-1.2801145038956248e-05,3.570480659636475e-06
formations,-5.642427208804352e-06,-9.974139249283243e-06,-1.2581648285484126e-05,-1.036648891901398e-05,-2.8113248700661777e-06
former,-6.148609829199116e-06,-1.0383340289635737e-05,-1.2227400575356544e-05,-9.699178155078256e-06,1.1494490171502262e-06
formerly,-9.260811473136898e-06,-1.6652504432408217e-05,-3.465533999120868e-05,0.00014786839378884208,5.6998877024992504e-06
formidable,-4.115492097238796e-06,-7.376959731791849e-06,-9.643738266163823e-06,-1.1965423326096818e-05,4.357407002055537e-06
forms,-1.5199750354900172e-05,-2.8266009550094107e-05,-3.4821522127378336e-06,-4.006168068177778e-05,9.229049804862252e-05
formula,-8.267534381846718e-06,-1.620368610732571e-05,2.4208694940974476e-05,-1.8435669289962392e-05,0.00011209281574915771
formulate,-4.115492097238796e-06,-7.376959731791849e-06,-9.643738266163823e-06,-1.1965423326096818e-05,4.357407002055537e-06
fort,-9.260811473136898e-06,-1.6652504432408217e-05,-3.465533999120868e-05,0.00014786839378884208,5.6998877024992504e-06
forth,-2.455234102230676e-05,-4.2935460513986185e-05,-5.6222176878816164e-05,-4.4068884984324395e-05,-3.0354817427259352e-05
fortify,-5.642427208804352e-06,-9.974139249283243e-06,-1.2581648285484126e-05,-1.036648891901398e-05,-2.8113248700661777e-06
fortunate,-9.645741042459956e-06,-1.5965372851838048e-05,-2.0575159724583076e-05,-1.1130128108385491e-05,1.20509134788528e-06
fortune,-0.00010421967871865415,0.0002244052430897815,-4.611319973426712e-07,-2.9522060124180977e-05,2.0761863937958862e-05
fortunes,-6.758156667650127e-06,-1.173561085338378e-05,-1.2816040009493688e-05,-1.0806638821821616e-05,2.4031576469201507e-08
fortunetelling,-6.758156667650127e-06,-1.173561085338378e-05,-1.2816040009493688e-05,-1.0806638821821616e-05,2.4031576469201507e-08
forty,-7.928414555517577e-06,-1.3576932814117509e-05,-1.7396337793241638e-05,-1.529887540016259e-05,7.386564149086249e-07
forward,-2.695193485886646e-05,-5.079378816966746e-05,2.8994818115149133e-05,2.1872706925490985e-05,-2.9923927228446596e-05
fossilized,-1.5403593942161947e-05,-2.6604142888775358e-05,-4.236596566579612e-05,-2.7932487335903822e-05,-7.81920907076041e-05
fought,-7.195006337380369e-06,-1.2793840901311246e-05,-1.6387899107835544e-05,-1.6466445877440998e-05,1.1400043788932677e-06
foul,-6.148609829199116e-06,-1.0383340289635737e-05,-1.2227400575356544e-05,-9.699178155078256e-06,1.1494490171502262e-06
found,-5.582492174368115e-05,5.61889691682563e-05,1.3714526073334927e-05,2.8326558749557304e-06,-2.6566879765941978e-05
fountain,-8.740419975390173e-06,-1.5985066980022623e-05,-2.5230472845474032e-05,-3.9275398979919814e-05,-6.820572682755698e-05
four,-4.492194998710704e-05,5.888730377228159e-05,-1.2655244326192263e-05,-2.5612211592287628e-05,3.6587538511447166e-05
fourth,-2.459443931679762e-05,-4.153336115854492e-05,-4.890960230142851e-05,-3.879671262031485e-05,4.59779606860112e-06
fourwheel,-8.267534381846718e-06,-1.620368610732571e-05,2.4208694940974476e-05,-1.8435669289962392e-05,0.00011209281574915771
fox,-5.350139726411239e-05,-9.590047651330852e-05,-0.0001253685974601487,-0.00015555050323928175,5.664629102673011e-05
foxes,-3.292393677791439e-05,-5.9015677854342044e-05,-7.714990612932011e-05,-9.572338660878625e-05,3.48592560164485e-05
foxsquirrel,-1.5403593942161947e-05,-2.6604142888775358e-05,-4.236596566579612e-05,-2.7932487335903822e-05,-7.81920907076041e-05
fraction,-1.2297219658398232e-05,-2.0766680579271475e-05,-2.445480115071309e-05,-1.9398356310156513e-05,2.2988980343004523e-06
fractions,-4.304026880439619e-05,-7.268338202745418e-05,-8.559180402750045e-05,-6.789424708555157e-05,8.046143120052055e-06
fractured,-4.115492097238796e-06,-7.376959731791849e-06,-9.643738266163823e-06,-1.1965423326096818e-05,4.357407002055537e-06
fragile,-7.701796971080249e-06,-1.3302071444386432e-05,-2.118298283289607e-05,-1.3966243667950595e-05,-3.9096045353798374e-05
fragment,-1.1991314478700102e-05,-1.919711303963962e-05,-2.8112479443661385e-05,-3.0208678337733182e-05,7.956372495121113e-06
frank,-1.3375481622820001e-05,-2.181116101615241e-05,-2.974462928856767e-05,-2.9426076540644546e-05,6.714181725941923e-06
frankly,-4.115492097238796e-06,-7.376959731791849e-06,-9.643738266163823e-06,-1.1965423326096818e-05,4.357407002055537e-06
freaking,-1.0310919426322938e-05,-2.2826063759448474e-05,0.00010879576173084651,1.4648052819501154e-05,-3.167533546792437e-05
free,-2.2441968915742504e-05,-4.182324270972518e-05,7.366140587528677e-06,5.277970025406347e-05,-2.681451363716034e-05
freed,-9.260811473136898e-06,-1.6652504432408217e-05,-3.465533999120868e-05,0.00014786839378884208,5.6998877024992504e-06
freedom,-2.0061450609577494e-05,-3.426898641950763e-05,-3.990901940500841e-05,-2.788327506585128e-05,4.10703662888533e-07
freight,-6.758156667650127e-06,-1.173561085338378e-05,-1.2816040009493688e-05,-1.0806638821821616e-05,2.4031576469201507e-08
frequent,-4.115492097238796e-06,-7.376959731791849e-06,-9.643738266163823e-06,-1.1965423326096818e-05,4.357407002055537e-06
frequently,-7.701796971080249e-06,-1.3302071444386432e-05,-2.118298283289607e-05,-1.3966243667950595e-05,-3.9096045353798374e-05
fresh,-1.554777087192657e-05,-2.9605457817662854e-05,3.193096384153326e-05,-1.693986564020423e-05,1.5312775363670718e-05
fried,-1.6461968388956525e-05,-2.9507838927169806e-05,-3.857495306465848e-05,-4.786169330439109e-05,1.742962800822348e-05
friend,-5.2411927504723026e-05,1.923057924630886e-05,1.3430532543966043e-05,-3.6162979712170965e-05,8.167255711967495e-05
friendly,-7.701796971080249e-06,-1.3302071444386432e-05,-2.118298283289607e-05,-1.3966243667950595e-05,-3.9096045353798374e-05
friends,-2.160669524421539e-05,2.377123608187698e-07,5.943019908925575e-06,-4.269515018342186e-06,9.376528882389682e-06
friendship,-1.152494373660365e-05,-1.9819246287744665e-05,-2.8446480001631444e-05,-2.157864915206456e-05,-2.828283856885151e-05
frighten,-8.230984194477592e-06,-1.4753919463583698e-05,-1.9287476532327646e-05,-2.3930846652193635e-05,8.714814004111074e-06
frightened,-2.6140450767377753e-05,-4.574307975821138e-05,-6.819029140701963e-05,-5.736218014597028e-05,-7.684365342250971e-05
frightening,-1.3264126360280182e-05,-2.3672650277808942e-05,-3.060952889690717e-05,-3.411186678339026e-05,7.5658765368891375e-06
frightens,-1.0310919426322938e-05,-2.2826063759448474e-05,0.00010879576173084651,1.4648052819501154e-05,-3.167533546792437e-05
frog,-3.469692480030599e-05,-5.911101747852343e-05,-3.0117601446470528e-05,-7.757099153336053e-05,0.00014507516469512634
frogs,-1.1991314478700102e-05,-1.919711303963962e-05,-2.8112479443661385e-05,-3.0208678337733182e-05,7.956372495121113e-06
frolic,-8.740419975390173e-06,-1.5985066980022623e-05,-2.5230472845474032e-05,-3.9275398979919814e-05,-6.820572682755698e-05
from,-0.0,0.0,0.0,0.0,0.0
front,4.629802625630771e-06,9.690936839198276e-06,3.3496119858349384e-06,3.363990851460819e-07,-1.6098426903488487e-06
frost,-4.115492097238796e-06,-7.376959731791849e-06,-9.643738266163823e-06,-1.1965423326096818e-05,4.357407002055537e-06
fruit,-3.446615943688396e-05,-6.084741395213799e-05,-8.398920316579961e-05,-0.00010539109372896745,-0.00011166645509802505
fruits,-9.47931274427452e-06,-1.722600125843098e-05,-2.5714515778378864e-05,-3.778244415242036e-05,-4.7078588310430935e-05
frustration,-4.115492097238796e-06,-7.376959731791849e-06,-9.643738266163823e-06,-1.1965423326096818e-05,4.357407002055537e-06
fry,-4.115492097238796e-06,-7.376959731791849e-06,-9.643738266163823e-06,-1.1965423326096818e-05,4.357407002055537e-06
fudge,-4.115492097238796e-06,-7.376959731791849e-06,-9.643738266163823e-06,-1.1965423326096818e-05,4.357407002055537e-06
fuel,0.0001870858795776519,2.907644168610678e-05,-1.3956565678307828e-05,-1.909280217743034e-05,6.546945962436246e-07
fufu,-1.0310919426322938e-05,-2.2826063759448474e-05,0.00010879576173084651,1.4648052819501154e-05,-3.167533546792437e-05
fufufu,-1.0310919426322938e-05,-2.2826063759448474e-05,0.00010879576173084651,1.4648052819501154e-05,-3.167533546792437e-05
fufufufu,-1.0310919426322938e-05,-2.2826063759448474e-05,0.00010879576173084651,1.4648052819501154e-05,-3.167533546792437e-05
fujimoto,0.0005391680872013928,0.00013317508963693234,3.172936181243667e-05,9.407910530525515e-06,-1.1788226260618168e-06
fujimotosan,0.00026958404360068357,6.658754481846307e-05,1.5864680906217585e-05,4.703955265262531e-06,-5.894113130308773e-07
fujino,-2.0577460486196652e-05,-3.688479865896407e-05,-4.821869133082546e-05,-5.9827116630491785e-05,2.178703501028033e-05
fulfill,-5.642427208804352e-06,-9.974139249283243e-06,-1.2581648285484126e-05,-1.036648891901398e-05,-2.8113248700661777e-06
full,5.120125096662208e-05,-1.4111471208489263e-05,-3.114653726330232e-05,5.174823002346252e-05,2.825441631931032e-05
fullgrown,-7.928414555517577e-06,-1.3576932814117509e-05,-1.7396337793241638e-05,-1.529887540016259e-05,7.386564149086249e-07
fullspeed,-6.758156667650127e-06,-1.173561085338378e-05,-1.2816040009493688e-05,-1.0806638821821616e-05,2.4031576469201507e-08
fulltime,-6.758156667650127e-06,-1.173561085338378e-05,-1.2816040009493688e-05,-1.0806638821821616e-05,2.4031576469201507e-08
fully,-8.230984194477592e-06,-1.4753919463583698e-05,-1.9287476532327646e-05,-2.3930846652193635e-05,8.714814004111074e-06
fun,0.00015111861471453708,3.900768896686198e-06,3.8660003995795406e-05,-2.9032161906040433e-05,2.361748819579944e-05
fundamental,-4.115492097238796e-06,-7.376959731791849e-06,-9.643738266163823e-06,-1.1965423326096818e-05,4.357407002055537e-06
funeral,-6.933013497566917e-06,-1.126901311688474e-05,-1.567677891901629e-05,-5.3955815789465e-06,4.849045299734206e-07
funny,-3.14590869385611e-05,1.6661867637925988e-05,-2.810576374485159e-05,-3.3037609413342647e-06,-4.197980072351779e-06
fur,-7.795671710035808e-05,0.0001120138512571742,-5.295771690560078e-05,-9.329700001559558e-05,-0.00010973175939812266
furious,-8.267534381846718e-06,-1.620368610732571e-05,2.4208694940974476e-05,-1.8435669289962392e-05,0.00011209281574915771
furless,-5.642427208804352e-06,-9.974139249283243e-06,-1.2581648285484126e-05,-1.036648891901398e-05,-2.8113248700661777e-06
further,-3.8490777392344826e-05,4.502837709624641e-05,-2.8767810792965686e-05,-3.346589346740946e-05,-2.7823874678378257e-05
furthermore,-1.022956634883028e-05,-1.82332455895601e-05,-2.3498714002371364e-05,-2.528915633041564e-05,4.352940457891223e-06
fuselage,-2.2521190437969332e-05,-3.868613128913958e-05,-4.7931506341471626e-05,-4.1810178829108356e-05,1.6516656470251872e-06
fuses,-9.260811473136898e-06,-1.6652504432408217e-05,-3.465533999120868e-05,0.00014786839378884208,5.6998877024992504e-06
fuss,-1.4126706248297832e-05,-2.466095245179389e-05,-2.8176910333265356e-05,-2.358029574437815e-05,-2.037492311938022e-06
futile,-1.1284854417608704e-05,-1.9948278498566486e-05,-2.5163296570968253e-05,-2.073297783802796e-05,-5.6226497401323554e-06
futons,-1.1991314478700102e-05,-1.919711303963962e-05,-2.8112479443661385e-05,-3.0208678337733182e-05,7.956372495121113e-06
future,-2.828991637473374e-05,-5.0268496874328995e-05,-1.1728075726199681e-05,-4.7735059101875394e-05,-2.552599826528177e-06
futures,-6.758156667650127e-06,-1.173561085338378e-05,-1.2816040009493688e-05,-1.0806638821821616e-05,2.4031576469201507e-08
g38,-7.928414555517577e-06,-1.3576932814117509e-05,-1.7396337793241638e-05,-1.529887540016259e-05,7.386564149086249e-07
gain,-1.4520724884060776e-05,-2.396328879021007e-05,-3.6348032030178346e-05,-3.257239928058851e-05,-2.2960852261136925e-05
gained,-6.148609829199116e-06,-1.0383340289635737e-05,-1.2227400575356544e-05,-9.699178155078256e-06,1.1494490171502262e-06
gaining,-1.50132287322094e-05,-2.9104911360020024e-05,3.6139270394874494e-05,8.920101913595221e-05,-1.4491192074218895e-05
gale,-1.0829150120111823e-05,-1.866421584262299e-05,-2.2277110820478178e-05,-1.9248913049672594e-05,5.623683450639227e-07
game,-1.7449256019692458e-05,-3.2619099740204506e-05,5.778622018725949e-06,3.584560974128058e-05,-3.414753600478956e-05
games,-1.0095190687208893e-05,-1.696247018077402e-05,-2.1009193285040464e-05,-1.1946714745937499e-05,3.7526427472185993e-07
gang,-1.4411922461795804e-05,-2.495342518401345e-05,-3.376055429152556e-05,-3.359766788934214e-05,-3.178508862123571e-05
gangsters,-6.933013497566917e-06,-1.126901311688474e-05,-1.567677891901629e-05,-5.3955815789465e-06,4.849045299734206e-07
gangway,-6.148609829199116e-06,-1.0383340289635737e-05,-1.2227400575356544e-05,-9.699178155078256e-06,1.1494490171502262e-06
gap,-1.5856829111035153e-05,-2.7153865628235018e-05,-3.4792675586483276e-05,-3.059775080032518e-05,1.4773128298172499e-06
garbage,-9.863023657099817e-06,-1.771813657427938e-05,-3.2663945950495874e-05,0.0001002081184605237,7.415750926671262e-06
garde,-7.928414555517577e-06,-1.3576932814117509e-05,-1.7396337793241638e-05,-1.529887540016259e-05,7.386564149086249e-07
garden,-9.568270532033208e-05,0.0001688862644149613,-6.711609718668058e-06,-5.095651145210903e-05,-7.943250812541454e-05
gardening,-9.260811473136898e-06,-1.6652504432408217e-05,-3.465533999120868e-05,0.00014786839378884208,5.6998877024992504e-06
gardens,-9.260811473136898e-06,-1.6652504432408217e-05,-3.465533999120868e-05,0.00014786839378884208,5.6998877024992504e-06
gas,7.855348456355373e-05,-1.974136977143462e-05,-6.572971816942388e-05,9.157063451691527e-05,-2.5702452618718274e-05
gasoline,-6.933013497566917e-06,-1.126901311688474e-05,-1.567677891901629e-05,-5.3955815789465e-06,4.849045299734206e-07
gate,-1.0256516646480903e-05,-1.9302231698409945e-05,8.573208257569876e-06,-2.123728474732015e-05,8.057875811152396e-05
gates,-1.0256516646480903e-05,-1.9302231698409945e-05,8.573208257569876e-06,-2.123728474732015e-05,8.057875811152396e-05
gather,7.115073037306796e-05,-5.319254288398995e-06,-4.012195629875669e-05,7.510700809636348e-05,-6.030557790525093e-06
gathered,-2.0240820439451185e-05,-3.565166775485474e-05,-5.162612521337376e-05,-5.354784776173979e-05,-6.27441401378492e-05
gathering,-1.1836033220578859e-05,-2.0164404202290808e-05,-2.885946207187896e-05,-1.7352724254487637e-05,-2.4178721373690103e-05
gave,3.718343047284409e-05,1.4881182433511496e-05,1.5324091713596073e-05,2.3149196288032054e-05,3.920695685912209e-06
gaze,-1.7049951791579686e-05,-3.092762935342666e-05,-4.648448598098588e-05,-6.556320282335771e-05,-0.00010265598047896246
gazing,-5.642427208804352e-06,-9.974139249283243e-06,-1.2581648285484126e-05,-1.036648891901398e-05,-2.8113248700661777e-06
gee,-1.0629750636985196e-05,-1.960395627577733e-05,8.834412971344178e-06,-2.0745242845257706e-05,8.349923657887537e-05
geese,-6.758156667650127e-06,-1.173561085338378e-05,-1.2816040009493688e-05,-1.0806638821821616e-05,2.4031576469201507e-08
geez,-6.148609829199116e-06,-1.0383340289635737e-05,-1.2227400575356544e-05,-9.699178155078256e-06,1.1494490171502262e-06
geezers,-4.115492097238796e-06,-7.376959731791849e-06,-9.643738266163823e-06,-1.1965423326096818e-05,4.357407002055537e-06
gem,-8.740419975390173e-06,-1.5985066980022623e-05,-2.5230472845474032e-05,-3.9275398979919814e-05,-6.820572682755698e-05
gems,-8.740419975390173e-06,-1.5985066980022623e-05,-2.5230472845474032e-05,-3.9275398979919814e-05,-6.820572682755698e-05
general,-1.0988909971580377e-05,-1.963316809909294e-05,-3.48302152692598e-05,0.00010138709348903198,2.1298831475686264e-06
generally,-1.3264126360280182e-05,-2.3672650277808942e-05,-3.060952889690717e-05,-3.411186678339026e-05,7.5658765368891375e-06
generated,-4.115492097238796e-06,-7.376959731791849e-06,-9.643738266163823e-06,-1.1965423326096818e-05,4.357407002055537e-06
generation,-6.148609829199116e-06,-1.0383340289635737e-05,-1.2227400575356544e-05,-9.699178155078256e-06,1.1494490171502262e-06
generations,-9.260811473136898e-06,-1.6652504432408217e-05,-3.465533999120868e-05,0.00014786839378884208,5.6998877024992504e-06
generator,0.00026958404360068357,6.658754481846307e-05,1.5864680906217585e-05,4.703955265262531e-06,-5.894113130308773e-07
generously,-7.701796971080249e-06,-1.3302071444386432e-05,-2.118298283289607e-05,-1.3966243667950595e-05,-3.9096045353798374e-05
genius,0.0001929318997365813,3.908739940936624e-05,-1.1293679178097378e-06,-7.812169287711246e-06,1.1004594526294738e-07
gentle,-1.3281684810868789e-05,-2.6639097290787467e-05,6.460132325708633e-05,5.027322949110204e-07,-5.2183310554959e-05
gentleman,-3.236426391368176e-05,-5.757969708297899e-05,-8.048849800568204e-05,-9.82524702977334e-05,-0.0001230182708087186
gentlemen,-3.063897057804684e-05,-5.650109330418697e-05,-6.500696583558282e-05,-1.6150606237513077e-05,-9.04927324052813e-05
gently,-4.115492097238796e-06,-7.376959731791849e-06,-9.643738266163823e-06,-1.1965423326096818e-05,4.357407002055537e-06
genuine,-8.740419975390173e-06,-1.5985066980022623e-05,-2.5230472845474032e-05,-3.9275398979919814e-05,-6.820572682755698e-05
germ,-1.6535068763693436e-05,-3.240737221465142e-05,4.841738988194895e-05,-3.6871338579924785e-05,0.00022418563149831543
german,-2.3785243666552766e-05,-4.073079844235258e-05,-5.2189013379724986e-05,-4.5896626200487794e-05,2.2159692447259397e-06
germans,-3.964207277758784e-05,-6.788466407058753e-05,-8.698168896620818e-05,-7.649437700081295e-05,3.69328207454306e-06
germany,-4.757048733310553e-05,-8.146159688470517e-05,-0.00010437802675944997,-9.179325240097559e-05,4.431938489451879e-06
germs,-2.4802603145541846e-05,-4.861105832198044e-05,7.262608482292834e-05,-5.530700786989098e-05,0.00033627844724749606
get,-0.0,0.0,0.0,0.0,0.0
gets,-6.912401888708689e-05,0.0001025881027156197,2.8817399286272484e-05,1.1400112154951309e-05,8.568810289398973e-05
getting,-2.3162171981543867e-05,8.05031161767685e-06,2.1679931577255258e-05,-5.520504602837406e-06,1.0815633861911539e-05
ggg,-6.148609829199116e-06,-1.0383340289635737e-05,-1.2227400575356544e-05,-9.699178155078256e-06,1.1494490171502262e-06
ghastly,-1.0310919426322938e-05,-2.2826063759448474e-05,0.00010879576173084651,1.4648052819501154e-05,-3.167533546792437e-05
ghost,-6.66321556443887e-05,8.704041839976742e-05,-4.29774124136143e-05,-5.472437117297783e-05,9.734641672159147e-06
ghosts,-0.00020404487275046902,0.0005904048685240719,4.496164786796798e-05,4.125477966400721e-06,1.4376788918152173e-06
giant,-6.347675725573047e-05,-0.00010959339883715055,-0.0001694740324149873,-0.00011699342970002781,-0.00027541918572763575
giddy,-7.928414555517577e-06,-1.3576932814117509e-05,-1.7396337793241638e-05,-1.529887540016259e-05,7.386564149086249e-07
gift,-4.2362513895025294e-05,3.609981751527794e-05,2.0066962413204836e-05,-3.4747471452499433e-05,1.3925138953769231e-05
gifted,-1.0637321244643162e-05,-2.2270213414548852e-05,7.310979060368658e-05,1.978038104284252e-06,-2.0142887256128975e-05
gifts,-8.740419975390173e-06,-1.5985066980022623e-05,-2.5230472845474032e-05,-3.9275398979919814e-05,-6.820572682755698e-05
gigantic,-1.1284854417608704e-05,-1.9948278498566486e-05,-2.5163296570968253e-05,-2.073297783802796e-05,-5.6226497401323554e-06
gikkuri,-7.701796971080249e-06,-1.3302071444386432e-05,-2.118298283289607e-05,-1.3966243667950595e-05,-3.9096045353798374e-05
giliora,-6.933013497566917e-06,-1.126901311688474e-05,-1.567677891901629e-05,-5.3955815789465e-06,4.849045299734206e-07
gim,-3.0230301441131588e-05,-5.780213966465073e-05,5.857397212298806e-05,-6.565483018113566e-05,0.00033115140789751797
gina,-0.00011092821596108938,-0.00018030420987018614,-0.0002508284627043026,-8.632930526315852e-05,7.758472479576267e-06
ginger,-8.740419975390173e-06,-1.5985066980022623e-05,-2.5230472845474032e-05,-3.9275398979919814e-05,-6.820572682755698e-05
ginza,-6.148609829199116e-06,-1.0383340289635737e-05,-1.2227400575356544e-05,-9.699178155078256e-06,1.1494490171502262e-06
girl,-8.886613609607614e-06,2.2780019454659796e-05,-4.120675843769573e-05,0.0001240547077861471,-7.033763625745545e-07
girls,-3.1294237159745796e-05,-5.871607924982211e-05,5.958916144993438e-05,-2.5358067516526102e-05,-2.3807147079457233e-05
give,-0.0,0.0,0.0,0.0,0.0
given,-2.387758850762869e-05,-4.228568260971753e-05,-6.697647707000709e-05,1.1750557584929067e-05,-7.9906549221496e-05
gives,-1.0827356092945076e-05,-1.8733068580475678e-05,-2.196215327158128e-05,-1.8020484051741107e-05,-9.560266331401507e-07
giving,-3.800915321137742e-05,2.187917103211867e-05,2.3188998859917462e-05,6.408777221476209e-06,7.238428412023048e-05
glad,-2.8255855375076725e-05,-5.077002013313811e-05,-2.681861173487559e-05,2.178535820393264e-06,-6.002164580540959e-05
gladly,-6.933013497566917e-06,-1.126901311688474e-05,-1.567677891901629e-05,-5.3955815789465e-06,4.849045299734206e-07
glance,-8.740419975390173e-06,-1.5985066980022623e-05,-2.5230472845474032e-05,-3.9275398979919814e-05,-6.820572682755698e-05
glass,-1.0310919426322938e-05,-2.2826063759448474e-05,0.00010879576173084651,1.4648052819501154e-05,-3.167533546792437e-05
glasses,-1.9486031920021052e-05,-3.3943313370392817e-05,-5.9762480383345876e-05,0.00016054505124483016,7.368371903923955e-06
glimmering,-1.7480839950781815e-05,-3.197013396004792e-05,-5.046094569095228e-05,-7.85507979598462e-05,-0.00013641145365512534
glimpse,-1.1999747256053211e-05,-2.140121305881446e-05,-3.272116352010599e-05,-3.806203839799213e-05,-6.008969000193972e-05
glisten,-8.740419975390173e-06,-1.5985066980022623e-05,-2.5230472845474032e-05,-3.9275398979919814e-05,-6.820572682755698e-05
glistens,-2.622125992617345e-05,-4.7955200940073226e-05,-7.569141853643049e-05,-0.00011782619693977263,-0.00020461718048269366
globe,-6.758156667650127e-06,-1.173561085338378e-05,-1.2816040009493688e-05,-1.0806638821821616e-05,2.4031576469201507e-08
gloomy,-7.928414555517577e-06,-1.3576932814117509e-05,-1.7396337793241638e-05,-1.529887540016259e-05,7.386564149086249e-07
glorious,-8.230984194477592e-06,-1.4753919463583698e-05,-1.9287476532327646e-05,-2.3930846652193635e-05,8.714814004111074e-06
glowing,-1.4431224878843157e-05,-2.9109540612330535e-05,5.466747444226237e-05,0.00011983157747075725,-1.9153008487453617e-05
go,-0.0,0.0,0.0,0.0,0.0
goal,-8.230984194477592e-06,-1.4753919463583698e-05,-1.9287476532327646e-05,-2.3930846652193635e-05,8.714814004111074e-06
gobbled,-8.267534381846718e-06,-1.620368610732571e-05,2.4208694940974476e-05,-1.8435669289962392e-05,0.00011209281574915771
goblins,-4.115492097238796e-06,-7.376959731791849e-06,-9.643738266163823e-06,-1.1965423326096818e-05,4.357407002055537e-06
gochiso,-1.1991314478700102e-05,-1.919711303963962e-05,-2.8112479443661385e-05,-3.0208678337733182e-05,7.956372495121113e-06
gochisosama,-9.087054360649962e-05,0.00026936276190924494,2.3540349416308355e-05,5.8534753981287895e-06,-8.025388520741435e-07
god,-4.77535519692974e-05,-8.331485766595713e-05,-0.00011714337003393759,-2.319690090484241e-06,-4.863167074784863e-05
goddess,0.00026958404360068357,6.658754481846307e-05,1.5864680906217585e-05,4.703955265262531e-06,-5.894113130308773e-07
godfather,-7.701796971080249e-06,-1.3302071444386432e-05,-2.118298283289607e-05,-1.3966243667950595e-05,-3.9096045353798374e-05
godforsaken,-1.0310919426322938e-05,-2.2826063759448474e-05,0.00010879576173084651,1.4648052819501154e-05,-3.167533546792437e-05
gods,-0.0001075051869444159,0.00021825235304017183,-2.4147546962688857e-05,-3.477851022788347e-05,-6.689290091985163e-06
goes,3.437719563015086e-05,2.533335755349169e-05,-7.460604070601268e-06,3.274050388986741e-06,8.493779643042891e-06
going,-0.0,0.0,0.0,0.0,0.0
gokurohsama,-1.1991314478700102e-05,-1.919711303963962e-05,-2.8112479443661385e-05,-3.0208678337733182e-05,7.956372495121113e-06
gold,-8.522770756704948e-05,-0.00015964628350701574,3.7761892846489044e-05,-9.872489920648661e-05,0.0005403753636106521
golden,-2.554080131797432e-05,-4.6516195555584645e-05,-1.4461596871346814e-05,-5.296324506572367e-05,6.494063649922019e-05
goldencolored,-5.642427208804352e-06,-9.974139249283243e-06,-1.2581648285484126e-05,-1.036648891901398e-05,-2.8113248700661777e-06
goldfish,0.002426256392406359,0.0005992879033662186,0.0001427821281559704,4.2335597387366415e-05,-5.3047018172783074e-06
goldsmith,-6.933013497566917e-06,-1.126901311688474e-05,-1.567677891901629e-05,-5.3955815789465e-06,4.849045299734206e-07
golf,-4.115492097238796e-06,-7.376959731791849e-06,-9.643738266163823e-06,-1.1965423326096818e-05,4.357407002055537e-06
goliath,-7.408649178510485e-05,-0.0001332200354592831,-0.00027724271992970545,0.0011829471503108896,4.55991016199999e-05
goll,-2.310539091324365e-05,-3.9906214333164295e-05,-6.354894849869618e-05,-4.1898731003857047e-05,-0.00011728813606140987
gomorrah,-9.260811473136898e-06,-1.6652504432408217e-05,-3.465533999120868e-05,0.00014786839378884208,5.6998877024992504e-06
gon,-7.815644152613728e-05,-0.00014792720018535897,0.00021394768554719614,-6.124583318045154e-05,0.00023489940328968702
gondoa,-2.778243441941388e-05,-4.9957513297230413e-05,-0.00010396601997363806,0.00044360518136657727,1.7099663107499727e-05
gone,8.686098311915123e-06,4.078358411788623e-05,2.1871216921017682e-05,-5.39509344314307e-07,4.146986908115483e-06
gong,-2.0799040492703234e-05,-3.380703935065825e-05,-4.703033675705444e-05,-1.6186744736841448e-05,1.45471358992044e-06
gonta,-0.00016050419179233728,-0.0002877014295399258,-0.00037610579238044626,-0.00046665150971784595,0.0001699388730801909
gonza,-2.8212136044024255e-05,-4.987069624642065e-05,-6.290824142742622e-05,-5.183244459507455e-05,-1.4056624350332128e-05
good,-0.0,0.0,0.0,0.0,0.0
goodbye,0.00014710463504742142,5.364631121019577e-05,-7.89402531698998e-06,-5.6464239835971634e-06,1.3146922528117602e-05
goodfornothing,-5.642427208804352e-06,-9.974139249283243e-06,-1.2581648285484126e-05,-1.036648891901398e-05,-2.8113248700661777e-06
goodlooking,-2.8212136044024255e-05,-4.987069624642065e-05,-6.290824142742622e-05,-5.183244459507455e-05,-1.4056624350332128e-05
goodluck,-5.642427208804352e-06,-9.974139249283243e-06,-1.2581648285484126e-05,-1.036648891901398e-05,-2.8113248700661777e-06
goodnatured,-4.115492097238796e-06,-7.376959731791849e-06,-9.643738266163823e-06,-1.1965423326096818e-05,4.357407002055537e-06
goodness,-2.3873904985065426e-05,-4.6119434475898276e-05,8.226490490844288e-05,-2.537834222938321e-05,6.784158790494668e-05
goodnight,-6.933013497566917e-06,-1.126901311688474e-05,-1.567677891901629e-05,-5.3955815789465e-06,4.849045299734206e-07
goody,-6.148609829199116e-06,-1.0383340289635737e-05,-1.2227400575356544e-05,-9.699178155078256e-06,1.1494490171502262e-06
goofing,-6.148609829199116e-06,-1.0383340289635737e-05,-1.2227400575356544e-05,-9.699178155078256e-06,1.1494490171502262e-06
gopher,-4.115492097238796e-06,-7.376959731791849e-06,-9.643738266163823e-06,-1.1965423326096818e-05,4.357407002055537e-06
gordon,-6.933013497566917e-06,-1.126901311688474e-05,-1.567677891901629e-05,-5.3955815789465e-06,4.849045299734206e-07
gorgeous,-1.824008247783642e-05,-3.910102214084888e-05,0.00015333039610190897,1.2778786661543202e-05,-4.349871059125593e-05
gorilla,-4.115492097238796e-06,-7.376959731791849e-06,-9.643738266163823e-06,-1.1965423326096818e-05,4.357407002055537e-06
gossip,-8.740419975390173e-06,-1.5985066980022623e-05,-2.5230472845474032e-05,-3.9275398979919814e-05,-6.820572682755698e-05
gossosan,-1.1991314478700102e-05,-1.919711303963962e-05,-2.8112479443661385e-05,-3.0208678337733182e-05,7.956372495121113e-06
got,-0.0,0.0,0.0,0.0,0.0
gotcha,0.0001936658591694841,4.0789145071215124e-05,1.3854961762797415e-07,-5.099709839761716e-07,-7.705812507910247e-08
gotten,-5.977088863323861e-05,0.00010952936467515089,5.824008296370386e-06,9.380722997330548e-07,-7.830253965461387e-06
govern,-4.115492097238796e-06,-7.376959731791849e-06,-9.643738266163823e-06,-1.1965423326096818e-05,4.357407002055537e-06
government,-2.351784696681152e-05,-4.1052994239448156e-05,-6.601552427384412e-05,0.00011194046456506731,1.047988070298533e-05
grab,0.00011644297085822816,1.0441399858422391e-05,-3.5118394512611424e-06,5.854488512306977e-05,5.564791958023997e-05
grabbed,-5.642427208804352e-06,-9.974139249283243e-06,-1.2581648285484126e-05,-1.036648891901398e-05,-2.8113248700661777e-06
graceful,-1.873552562457735e-05,-3.35841508636215e-05,-5.003459952818147e-05,-6.920010028860807e-05,-0.00010003840012787715
gracefully,-8.740419975390173e-06,-1.5985066980022623e-05,-2.5230472845474032e-05,-3.9275398979919814e-05,-6.820572682755698e-05
graces,-8.740419975390173e-06,-1.5985066980022623e-05,-2.5230472845474032e-05,-3.9275398979919814e-05,-6.820572682755698e-05
grade,-7.378331795039418e-05,-0.00012460008347563696,-0.00014672880690428812,-0.00011639013786094652,1.3793388205803818e-05
grader,-6.148609829199116e-06,-1.0383340289635737e-05,-1.2227400575356544e-05,-9.699178155078256e-06,1.1494490171502262e-06
grades,-6.148609829199116e-06,-1.0383340289635737e-05,-1.2227400575356544e-05,-9.699178155078256e-06,1.1494490171502262e-06
gradually,-9.087054360649962e-05,0.00026936276190924494,2.3540349416308355e-05,5.8534753981287895e-06,-8.025388520741435e-07
graduate,-6.148609829199116e-06,-1.0383340289635737e-05,-1.2227400575356544e-05,-9.699178155078256e-06,1.1494490171502262e-06
gran,0.00026958404360068357,6.658754481846307e-05,1.5864680906217585e-05,4.703955265262531e-06,-5.894113130308773e-07
grand,-1.7101620737843126e-05,-3.07318618788527e-05,-4.7448451305564856e-05,-6.0987494738369735e-05,-9.990207773473695e-05
granddaughter,-2.5737111363443164e-05,-4.550023378768264e-05,-6.67121777608361e-06,-3.7278498426631095e-05,0.00013172262915646328
grandfather,-1.1181180748925017e-05,-1.918802143790596e-05,-2.578091001412925e-05,-2.162385549193091e-05,6.783416738634422e-06
grandma,-8.623047938440139e-05,-0.00015994615414286753,0.00010109669288591222,-7.03725768475214e-05,-0.00029493029782400927
grandmother,-3.5530459523499486e-05,-6.173249812356438e-05,-0.00010292499768561375,0.0002469647076783122,1.5713970051742153e-05
grandpa,-6.706841632848864e-05,-0.00011671197190019944,-0.00021472019080242622,0.0006690896845103993,2.870283113711662e-05
granny,-0.0008543690114724887,0.0023402594857748647,0.00036080176066194023,5.251084403238634e-07,0.00031858121016979787
grant,-6.148609829199116e-06,-1.0383340289635737e-05,-1.2227400575356544e-05,-9.699178155078256e-06,1.1494490171502262e-06
grapes,-2.1731306772034458e-05,-3.772819336608688e-05,-5.7936151556728324e-05,-8.019385041713199e-05,-9.471641382016263e-05
grass,-5.251493699673833e-05,-9.379783776437682e-05,-0.00014223138741273174,-0.00020234148180787437,-0.00028484925320937035
grasshopper,0.0005391680872013928,0.00013317508963693234,3.172936181243667e-05,9.407910530525515e-06,-1.1788226260618168e-06
grateful,0.0001476292216995585,2.1612193331695334e-05,-1.5621331741826455e-05,-2.9109820733635153e-05,-3.972527182421377e-05
gratefully,-5.642427208804352e-06,-9.974139249283243e-06,-1.2581648285484126e-05,-1.036648891901398e-05,-2.8113248700661777e-06
gratefulness,-1.1991314478700102e-05,-1.919711303963962e-05,-2.8112479443661385e-05,-3.0208678337733182e-05,7.956372495121113e-06
gratitude,-7.928414555517577e-06,-1.3576932814117509e-05,-1.7396337793241638e-05,-1.529887540016259e-05,7.386564149086249e-07
grave,-6.872107279034796e-05,-0.00011136373346609097,-0.00017065437957925866,-4.688985221418938e-05,4.5269259558540225e-05
gravely,-9.13063033200035e-06,-1.73872001735964e-05,1.0739477576333792e-05,-2.241625977582846e-05,8.58646258906266e-05
graveyard,0.00018993611858912418,3.494335690690088e-05,-9.030919946356599e-06,-1.8805919416235166e-05,5.432032252977437e-06
gravitational,0.00026958404360068357,6.658754481846307e-05,1.5864680906217585e-05,4.703955265262531e-06,-5.894113130308773e-07
great,-0.0,0.0,0.0,0.0,0.0
greater,-1.251387275572442e-05,-2.266540594667984e-05,-3.282533067291469e-05,-4.660515460539498e-05,-4.386565223143299e-05
greatest,-1.1556813458849816e-05,-2.0095808631590405e-05,-3.016298110890071e-05,-3.293816828542728e-05,-4.993397980879034e-05
greatgrandmother,-6.758156667650127e-06,-1.173561085338378e-05,-1.2816040009493688e-05,-1.0806638821821616e-05,2.4031576469201507e-08
greatness,-1.2346476291717726e-05,-2.213087919537796e-05,-2.8931214798494673e-05,-3.589626997829423e-05,1.3072221006167883e-05
greed,-1.0310919426322938e-05,-2.2826063759448474e-05,0.00010879576173084651,1.4648052819501154e-05,-3.167533546792437e-05
greedy,-1.6877421705388838e-05,-3.1525351887938974e-05,-4.017553783205008e-06,4.208942581689283e-05,0.00010986079636684371
green,-1.9327262987619152e-05,-3.4350850250760865e-05,-5.197372378143043e-05,-6.293326516901137e-05,-0.00010201437985634572
greenhorn,-9.260811473136898e-06,-1.6652504432408217e-05,-3.465533999120868e-05,0.00014786839378884208,5.6998877024992504e-06
greet,-1.2329974030253987e-05,-2.3094915529047976e-05,-6.225572029026996e-06,-4.067088833014043e-05,2.8160810932200623e-05
greeting,-0.00018174108721299924,0.0005387255238184899,4.708069883261671e-05,1.1706950796257579e-05,-1.605077704148287e-06
greetings,-9.087054360649962e-05,0.00026936276190924494,2.3540349416308355e-05,5.8534753981287895e-06,-8.025388520741435e-07
grenade,-9.260811473136898e-06,-1.6652504432408217e-05,-3.465533999120868e-05,0.00014786839378884208,5.6998877024992504e-06
grew,-1.2559602501976557e-05,-2.1685201281512277e-05,-3.427495359840972e-05,5.734776997555677e-05,5.550036297434579e-06
grief,-1.5899545321679948e-05,-2.87893134586163e-05,-4.2427763425690996e-05,-5.888628068386632e-05,-7.87223113446404e-05
grim,-4.115492097238796e-06,-7.376959731791849e-06,-9.643738266163823e-06,-1.1965423326096818e-05,4.357407002055537e-06
grimm,-6.148609829199116e-06,-1.0383340289635737e-05,-1.2227400575356544e-05,-9.699178155078256e-06,1.1494490171502262e-06
grip,-5.642427208804352e-06,-9.974139249283243e-06,-1.2581648285484126e-05,-1.036648891901398e-05,-2.8113248700661777e-06
gross,-1.0310919426322938e-05,-2.2826063759448474e-05,0.00010879576173084651,1.4648052819501154e-05,-3.167533546792437e-05
ground,-1.7104599543834362e-05,-2.9575567500450604e-05,-4.4935638168269405e-05,-2.971681993430891e-06,-3.50786396281179e-05
grounds,0.00026958404360068357,6.658754481846307e-05,1.5864680906217585e-05,4.703955265262531e-06,-5.894113130308773e-07
group,-2.3013349861223757e-05,-3.815834257474987e-05,-5.146402576007948e-05,-4.511858270762803e-05,1.0444557332270846e-05
grove,-3.496167990156509e-05,-6.394026792009854e-05,-0.00010092189138190876,-0.000157101595919699,-0.00027282290731026206
grow,-6.581615306968358e-05,6.653679746301198e-05,-2.9250404911245314e-05,-6.735691833469244e-05,-6.623217944938257e-05
growing,-2.428901764959083e-05,-4.52638488646895e-05,-1.782700681502084e-06,-5.816983741164971e-05,-0.00013049702151077532
grown,-1.4611872336447133e-05,-2.5170867944476207e-05,-3.578190073134035e-05,-3.263002474383672e-05,-4.0937606693659156e-05
grownup,-6.148609829199116e-06,-1.0383340289635737e-05,-1.2227400575356544e-05,-9.699178155078256e-06,1.1494490171502262e-06
growth,-4.115492097238796e-06,-7.376959731791849e-06,-9.643738266163823e-06,-1.1965423326096818e-05,4.357407002055537e-06
grr,-7.701796971080249e-06,-1.3302071444386432e-05,-2.118298283289607e-05,-1.3966243667950595e-05,-3.9096045353798374e-05
grrrrr,-1.1991314478700102e-05,-1.919711303963962e-05,-2.8112479443661385e-05,-3.0208678337733182e-05,7.956372495121113e-06
grudge,-6.148609829199116e-06,-1.0383340289635737e-05,-1.2227400575356544e-05,-9.699178155078256e-06,1.1494490171502262e-06
guarantee,-1.0637321244643162e-05,-2.2270213414548852e-05,7.310979060368658e-05,1.978038104284252e-06,-2.0142887256128975e-05
guard,-2.786493517528564e-05,-5.071369475919785e-05,-2.26207788519595e-05,2.4808092879869628e-05,-7.273746050340858e-05
guardian,-7.46726264651953e-05,-0.00012914055444109457,-0.00020029578361744344,-0.00013464258529990826,-0.00034393845853011813
guardians,-7.701796971080249e-06,-1.3302071444386432e-05,-2.118298283289607e-05,-1.3966243667950595e-05,-3.9096045353798374e-05
guarding,-5.642427208804352e-06,-9.974139249283243e-06,-1.2581648285484126e-05,-1.036648891901398e-05,-2.8113248700661777e-06
guards,-4.115492097238796e-06,-7.376959731791849e-06,-9.643738266163823e-06,-1.1965423326096818e-05,4.357407002055537e-06
guerrilla,-4.115492097238796e-06,-7.376959731791849e-06,-9.643738266163823e-06,-1.1965423326096818e-05,4.357407002055537e-06
guess,1.3356656485813272e-05,-2.8837967256844598e-05,-5.60059367891346e-06,-3.057784853803292e-05,-4.524112830048334e-06
guest,-4.273354431949854e-05,-8.355050840935721e-05,0.00012934999140286417,-7.524136286014832e-05,0.00040966430214744553
guests,-1.8970027025821888e-05,-3.498782390482243e-05,-3.3349927588998273e-06,-4.853923900781685e-05,7.440585449565986e-05
guide,-1.7101294908344667e-05,-3.273238229142597e-05,3.645240832047456e-05,-1.1704074413869203e-05,-4.459198525790394e-05
guiding,-7.195006337380369e-06,-1.2793840901311246e-05,-1.6387899107835544e-05,-1.6466445877440998e-05,1.1400043788932677e-06
guild,-8.740419975390173e-06,-1.5985066980022623e-05,-2.5230472845474032e-05,-3.9275398979919814e-05,-6.820572682755698e-05
guilty,-7.568240327884655e-06,-1.3095565478678627e-05,-1.612669439406123e-05,-1.597440397537854e-05,4.060482846244693e-06
gullible,-4.115492097238796e-06,-7.376959731791849e-06,-9.643738266163823e-06,-1.1965423326096818e-05,4.357407002055537e-06
gulliver,-9.260811473136898e-06,-1.6652504432408217e-05,-3.465533999120868e-05,0.00014786839378884208,5.6998877024992504e-06
gun,-4.240786899289132e-05,-7.214286604143224e-05,-0.00010898448800510418,-6.441284165842453e-05,-0.00013771646267625603
gunpowder,-1.0310919426322938e-05,-2.2826063759448474e-05,0.00010879576173084651,1.4648052819501154e-05,-3.167533546792437e-05
guns,-2.580896599139995e-05,-4.364601601684412e-05,-6.830167502793455e-05,1.9378953910296395e-05,-3.976507869841176e-05
gunship,-0.00010012336062405917,-0.0001729269287770511,-0.0002753787768276927,-0.00018156116768338677,-0.0005082485895994597
gunwale,-7.701796971080249e-06,-1.3302071444386432e-05,-2.118298283289607e-05,-1.3966243667950595e-05,-3.9096045353798374e-05
gust,-1.3516313335301455e-05,-2.347122170676966e-05,-2.5632080018989662e-05,-2.1613277643645184e-05,4.8063152938380925e-08
guten,-7.928414555517577e-06,-1.3576932814117509e-05,-1.7396337793241638e-05,-1.529887540016259e-05,7.386564149086249e-07
gutiokipanja,-1.3516313335301455e-05,-2.347122170676966e-05,-2.5632080018989662e-05,-2.1613277643645184e-05,4.8063152938380925e-08
guts,-1.724007409045444e-05,-2.9986474476449603e-05,-2.099966401108944e-05,-2.768367634906297e-05,4.5611112251332315e-05
guy,6.689962312134585e-05,-1.7052468025503788e-05,-3.910898482355697e-05,-3.6293493150334445e-05,2.321684711814931e-05
guys,-6.167629441886869e-05,-0.00011135013110538688,5.708811560874811e-05,-6.372558344592873e-05,0.00015879166952936205
gymnasium,-6.148609829199116e-06,-1.0383340289635737e-05,-1.2227400575356544e-05,-9.699178155078256e-06,1.1494490171502262e-06
gyobu,-3.292393677791439e-05,-5.9015677854342044e-05,-7.714990612932011e-05,-9.572338660878625e-05,3.48592560164485e-05
h,-9.260811473136898e-06,-1.6652504432408217e-05,-3.465533999120868e-05,0.00014786839378884208,5.6998877024992504e-06
ha,-0.0008384485418418371,0.0008862440551854197,-0.000830467147431419,0.0014160770971625403,-0.00037461465562223744
haa,-9.279827483691104e-05,-0.00020543457383504664,0.000979161855577668,0.00013183247537551689,-0.0002850780192113339
habit,-9.260811473136898e-06,-1.6652504432408217e-05,-3.465533999120868e-05,0.00014786839378884208,5.6998877024992504e-06
habits,-7.928414555517577e-06,-1.3576932814117509e-05,-1.7396337793241638e-05,-1.529887540016259e-05,7.386564149086249e-07
hack,-1.0310919426322938e-05,-2.2826063759448474e-05,0.00010879576173084651,1.4648052819501154e-05,-3.167533546792437e-05
had,-0.0,0.0,0.0,0.0,0.0
hage,-5.350139726411239e-05,-9.590047651330852e-05,-0.0001253685974601487,-0.00015555050323928175,5.664629102673011e-05
hah,-3.599737912157378e-05,-6.587225154874223e-05,2.1241942925339873e-06,-4.068933275448577e-05,-0.0001674932594343021
haha,-2.130159278693695e-05,-4.560941293794756e-05,0.00017829150346731446,8.007947791664017e-06,3.5940043141374775e-05
hahaha,-5.0495145143761244e-05,-0.0001062173522706946,0.00037327177485123477,3.107253651289663e-05,-0.0001229979117759565
hahahaha,-7.746387516927142e-05,-0.00016406421466265707,0.0006046565071326023,5.583104676020707e-05,-0.00019513831348144198
hahahahaha,-5.642427208804352e-06,-9.974139249283243e-06,-1.2581648285484126e-05,-1.036648891901398e-05,-2.8113248700661777e-06
hahahahahaha,-5.642427208804352e-06,-9.974139249283243e-06,-1.2581648285484126e-05,-1.036648891901398e-05,-2.8113248700661777e-06
haiku,-6.148609829199116e-06,-1.0383340289635737e-05,-1.2227400575356544e-05,-9.699178155078256e-06,1.1494490171502262e-06
hail,-4.115492097238796e-06,-7.376959731791849e-06,-9.643738266163823e-06,-1.1965423326096818e-05,4.357407002055537e-06
hair,-2.4413841673255805e-05,0.00018463660548590736,7.767609555017145e-05,1.4885165933264175e-05,-2.6456435385829036e-05
haircut,-9.260811473136898e-06,-1.6652504432408217e-05,-3.465533999120868e-05,0.00014786839378884208,5.6998877024992504e-06
haka,-1.1991314478700102e-05,-1.919711303963962e-05,-2.8112479443661385e-05,-3.0208678337733182e-05,7.956372495121113e-06
haku,-0.0005043195972926918,-0.0009884248525469511,0.0014767303913995667,-0.0011245758266878003,0.006837661760699192
hakus,-8.267534381846718e-06,-1.620368610732571e-05,2.4208694940974476e-05,-1.8435669289962392e-05,0.00011209281574915771
half,-2.7391141199723323e-05,-4.630194282860346e-05,-6.492514348865575e-05,-4.038920318100002e-05,-3.7060561033851464e-05
halfstarving,-8.740419975390173e-06,-1.5985066980022623e-05,-2.5230472845474032e-05,-3.9275398979919814e-05,-6.820572682755698e-05
halfway,-8.267534381846718e-06,-1.620368610732571e-05,2.4208694940974476e-05,-1.8435669289962392e-05,0.00011209281574915771
hall,-2.3640833908900023e-05,-4.043233107183611e-05,-4.865948835421886e-05,-4.1342920708743185e-05,4.257190481803634e-06
halls,-6.148609829199116e-06,-1.0383340289635737e-05,-1.2227400575356544e-05,-9.699178155078256e-06,1.1494490171502262e-06
hallucination,-4.115492097238796e-06,-7.376959731791849e-06,-9.643738266163823e-06,-1.1965423326096818e-05,4.357407002055537e-06
halt,-7.195006337380369e-06,-1.2793840901311246e-05,-1.6387899107835544e-05,-1.6466445877440998e-05,1.1400043788932677e-06
ham,0.0017838892183337672,0.0004335760021322539,9.372118835912507e-05,2.7237737832070876e-05,-3.5538797708206462e-06
hama,-6.148609829199116e-06,-1.0383340289635737e-05,-1.2227400575356544e-05,-9.699178155078256e-06,1.1494490171502262e-06
hamburgers,-1.2346476291717726e-05,-2.213087919537796e-05,-2.8931214798494673e-05,-3.589626997829423e-05,1.3072221006167883e-05
hamhock,-6.933013497566917e-06,-1.126901311688474e-05,-1.567677891901629e-05,-5.3955815789465e-06,4.849045299734206e-07
hanako,-4.115492097238796e-06,-7.376959731791849e-06,-9.643738266163823e-06,-1.1965423326096818e-05,4.357407002055537e-06
hand,2.430558333902383e-05,-3.328325370152564e-05,-4.250383952393273e-06,1.228912417016121e-05,-3.163522356495722e-05
handbag,-1.2297219658398232e-05,-2.0766680579271475e-05,-2.445480115071309e-05,-1.9398356310156513e-05,2.2988980343004523e-06
handed,-4.115492097238796e-06,-7.376959731791849e-06,-9.643738266163823e-06,-1.1965423326096818e-05,4.357407002055537e-06
handfuls,-8.267534381846718e-06,-1.620368610732571e-05,2.4208694940974476e-05,-1.8435669289962392e-05,0.00011209281574915771
handhooks,-7.701796971080249e-06,-1.3302071444386432e-05,-2.118298283289607e-05,-1.3966243667950595e-05,-3.9096045353798374e-05
handing,-1.0310919426322938e-05,-2.2826063759448474e-05,0.00010879576173084651,1.4648052819501154e-05,-3.167533546792437e-05
handle,8.558388117086763e-05,-9.811318157969649e-06,-1.5603082784795488e-05,9.138911601283221e-05,9.527214359209334e-05
handled,-1.0310919426322938e-05,-2.2826063759448474e-05,0.00010879576173084651,1.4648052819501154e-05,-3.167533546792437e-05
handmedowns,-1.2297219658398232e-05,-2.0766680579271475e-05,-2.445480115071309e-05,-1.9398356310156513e-05,2.2988980343004523e-06
hands,2.1442589169296174e-05,3.9909665488178185e-06,-7.783486979855448e-06,1.832152634529395e-05,5.609255558668171e-06
handsome,-1.1763207559123718e-05,-2.4185244939362412e-05,7.094352128492269e-05,3.1570131327925783e-06,-2.5428755035231624e-05
handweeding,-6.148609829199116e-06,-1.0383340289635737e-05,-1.2227400575356544e-05,-9.699178155078256e-06,1.1494490171502262e-06
handwriting,-8.740419975390173e-06,-1.5985066980022623e-05,-2.5230472845474032e-05,-3.9275398979919814e-05,-6.820572682755698e-05
handy,-9.260811473136898e-06,-1.6652504432408217e-05,-3.465533999120868e-05,0.00014786839378884208,5.6998877024992504e-06
hang,7.1159728153692686e-06,1.4850571222122822e-05,-3.7577845697795664e-06,8.572706878982189e-05,-1.7157377709897116e-06
hangar,-7.928414555517577e-06,-1.3576932814117509e-05,-1.7396337793241638e-05,-1.529887540016259e-05,7.386564149086249e-07
hanging,-8.740419975390173e-06,-1.5985066980022623e-05,-2.5230472845474032e-05,-3.9275398979919814e-05,-6.820572682755698e-05
hangs,-6.758156667650127e-06,-1.173561085338378e-05,-1.2816040009493688e-05,-1.0806638821821616e-05,2.4031576469201507e-08
happen,-2.7795262098378717e-05,3.604702441870135e-06,2.5692471956452933e-05,-1.5187948700095266e-06,-4.476282259631647e-06
happened,-5.811015297974788e-06,1.8781125264502327e-06,2.32035775848207e-06,5.5490902173329605e-06,-1.8972924519180934e-06
happening,0.00019952001044099265,3.1093072257824326e-05,3.788977779803519e-05,-4.776250606732592e-06,-2.746793316796852e-05
happens,-2.574479392125484e-05,-4.533291981748713e-05,-6.530075276546424e-05,8.214647395045276e-05,3.333706322086712e-06
happiest,-8.740419975390173e-06,-1.5985066980022623e-05,-2.5230472845474032e-05,-3.9275398979919814e-05,-6.820572682755698e-05
happily,-1.0978433049259357e-05,-1.944275736061192e-05,-2.7619580383368495e-05,-3.611142722184957e-05,-4.9443977622182136e-05
happiness,-6.118293982773998e-05,-0.0001118954688601744,-0.0001766133099183434,-0.0002749277928594781,-0.0004774400877929671
happy,-6.572062316853888e-06,4.5162609036578486e-05,-2.0555706127028115e-05,-4.5827451175155186e-05,-7.913365915524563e-05
harassment,-8.267534381846718e-06,-1.620368610732571e-05,2.4208694940974476e-05,-1.8435669289962392e-05,0.00011209281574915771
harbor,0.00018357239742912296,1.5436739680023438e-05,0.00017213904083913042,2.5069960716523252e-05,-4.71462493759715e-05
hard,-1.203419841369692e-05,-1.00050883427467e-05,7.792346596569307e-06,-5.171497813925212e-06,6.938187069049474e-06
harden,-5.642427208804352e-06,-9.974139249283243e-06,-1.2581648285484126e-05,-1.036648891901398e-05,-2.8113248700661777e-06
hardened,-7.701796971080249e-06,-1.3302071444386432e-05,-2.118298283289607e-05,-1.3966243667950595e-05,-3.9096045353798374e-05
harder,-1.705258509770031e-05,-2.8897156008847067e-05,-4.8671691506075344e-05,0.00010107395974153515,4.917904008950392e-06
hardheaded,-5.642427208804352e-06,-9.974139249283243e-06,-1.2581648285484126e-05,-1.036648891901398e-05,-2.8113248700661777e-06
hardly,-2.0376258776404875e-05,-3.8504450202883195e-05,2.8469078502820955e-05,-3.2235459910005084e-05,-5.7439285677470615e-05
hardworking,-7.701796971080249e-06,-1.3302071444386432e-05,-2.118298283289607e-05,-1.3966243667950595e-05,-3.9096045353798374e-05
harm,0.0001142941432268298,6.542838890082736e-06,-9.373093623024945e-06,5.3832842761318355e-05,5.2967434708255486e-05
harming,-4.115492097238796e-06,-7.376959731791849e-06,-9.643738266163823e-06,-1.1965423326096818e-05,4.357407002055537e-06
harmony,-5.642427208804352e-06,-9.974139249283243e-06,-1.2581648285484126e-05,-1.036648891901398e-05,-2.8113248700661777e-06
harsh,-1.1991314478700102e-05,-1.919711303963962e-05,-2.8112479443661385e-05,-3.0208678337733182e-05,7.956372495121113e-06
harvest,-7.344819031249193e-05,0.00018682816116724122,-1.2462132963432637e-06,-2.4643670892987592e-05,-5.08832767851564e-05
harvesting,-1.2297219658398232e-05,-2.0766680579271475e-05,-2.445480115071309e-05,-1.9398356310156513e-05,2.2988980343004523e-06
has,4.833922560178603e-06,-3.72640901166675e-05,-5.32480711083013e-05,2.2436077262311153e-05,-1.5822154434988823e-05
hasn,-1.3698831553743693e-05,-2.877860421164756e-05,9.807089796909202e-05,-2.7928007655948944e-06,5.9295866476501694e-05
haste,-8.740419975390173e-06,-1.5985066980022623e-05,-2.5230472845474032e-05,-3.9275398979919814e-05,-6.820572682755698e-05
hasty,-7.701796971080249e-06,-1.3302071444386432e-05,-2.118298283289607e-05,-1.3966243667950595e-05,-3.9096045353798374e-05
hat,-0.0001681165656356617,0.00018409419374515375,0.0005050599091977666,4.844489175734186e-05,-0.00014755718199868198
hatch,-7.928414555517577e-06,-1.3576932814117509e-05,-1.7396337793241638e-05,-1.529887540016259e-05,7.386564149086249e-07
hatches,-1.5856829111035153e-05,-2.7153865628235018e-05,-3.4792675586483276e-05,-3.059775080032518e-05,1.4773128298172499e-06
hate,-2.6430009809342404e-05,7.553532285008671e-06,7.861750170855937e-06,1.958375559383664e-06,9.21400223044336e-06
hated,-1.2585891194376948e-05,-2.5484066845665767e-05,7.077069243823955e-05,2.832468397303005e-06,-2.3338103641043575e-05
hatred,-2.3836791641104713e-05,-4.221158575356522e-05,-5.349623596104e-05,-4.704138757531094e-05,-7.151722421526758e-06
hats,-1.0310919426322938e-05,-2.2826063759448474e-05,0.00010879576173084651,1.4648052819501154e-05,-3.167533546792437e-05
hattori,-1.5856829111035153e-05,-2.7153865628235018e-05,-3.4792675586483276e-05,-3.059775080032518e-05,1.4773128298172499e-06
haul,-7.928414555517577e-06,-1.3576932814117509e-05,-1.7396337793241638e-05,-1.529887540016259e-05,7.386564149086249e-07
hauled,-7.928414555517577e-06,-1.3576932814117509e-05,-1.7396337793241638e-05,-1.529887540016259e-05,7.386564149086249e-07
haunted,-0.00045435271803249803,0.0013468138095462249,0.00011770174708154188,2.9267376990643926e-05,-4.012694260370753e-06
haunting,-1.2346476291717726e-05,-2.213087919537796e-05,-2.8931214798494673e-05,-3.589626997829423e-05,1.3072221006167883e-05
haunts,-5.642427208804352e-06,-9.974139249283243e-06,-1.2581648285484126e-05,-1.036648891901398e-05,-2.8113248700661777e-06
have,-0.0,0.0,0.0,0.0,0.0
haven,-2.589097219484629e-05,-5.2674195182345984e-05,0.00013377148291083621,-2.9979899411306363e-05,0.000224599246099782
having,-3.1768505478423277e-05,-5.433765215629738e-05,-7.427042258960307e-05,-7.653709079498223e-05,-4.556770227984409e-05
havoc,-4.115492097238796e-06,-7.376959731791849e-06,-9.643738266163823e-06,-1.1965423326096818e-05,4.357407002055537e-06
hay,-1.1991314478700102e-05,-1.919711303963962e-05,-2.8112479443661385e-05,-3.0208678337733182e-05,7.956372495121113e-06
haze,-7.701796971080249e-06,-1.3302071444386432e-05,-2.118298283289607e-05,-1.3966243667950595e-05,-3.9096045353798374e-05
hazing,-1.5856829111035153e-05,-2.7153865628235018e-05,-3.4792675586483276e-05,-3.059775080032518e-05,1.4773128298172499e-06
he,-0.0,0.0,0.0,0.0,0.0
head,-5.149862309984227e-05,-9.729518790846252e-05,8.826900640163639e-05,1.4164723865435356e-05,-3.152414399555351e-05
headache,-6.758156667650127e-06,-1.173561085338378e-05,-1.2816040009493688e-05,-1.0806638821821616e-05,2.4031576469201507e-08
headed,-2.015656884407424e-05,-4.192788593746179e-05,0.00013379724861129405,2.88322220415126e-07,2.681029434797647e-05
heading,-2.8866195305419604e-05,-5.0571661391384423e-05,-6.722266877737812e-05,-6.786887164163827e-05,-4.3441901734761885e-05
headquarters,-1.4949700193277848e-05,-2.6329171788003773e-05,-3.415964244410276e-05,-3.774876424864066e-05,1.0183456887974439e-05
heads,-1.4288424410464425e-05,-2.7274940504126138e-05,2.764884728938641e-05,-1.9931909296816536e-05,-4.511498336637491e-05
heal,-7.195006337380369e-06,-1.2793840901311246e-05,-1.6387899107835544e-05,-1.6466445877440998e-05,1.1400043788932677e-06
healed,-1.9676345315173014e-05,-3.485714954050066e-05,-4.4219151747737536e-05,-3.939765215084232e-05,-5.07879072142142e-06
health,-1.060280033933457e-05,-1.8534970166927486e-05,-2.3237509288597055e-05,-2.4797114428353213e-05,7.273418925242687e-06
healthy,-7.198656754085104e-05,0.00018996149961805767,7.907574527516967e-06,-3.652217353497821e-06,-5.740327016441796e-07
hear,-8.29514959442039e-06,-1.4922563691554985e-05,2.1560565574344867e-06,-8.178913953169168e-06,3.142435627649137e-05
heard,3.316855174510107e-07,-2.2673084417789353e-05,-2.47479170144423e-05,-3.094740256006071e-05,-8.487794366441094e-06
hearing,0.00014878628928122675,2.4092644795764913e-05,-8.374898978218377e-06,-1.2492311172423886e-05,1.0114338816211178e-07
hears,-6.758156667650127e-06,-1.173561085338378e-05,-1.2816040009493688e-05,-1.0806638821821616e-05,2.4031576469201507e-08
heart,-4.314118221961647e-05,-4.481390219623857e-05,0.00014395616567847665,2.158393922146092e-05,-0.00011213383383883863
hearted,-6.758156667650127e-06,-1.173561085338378e-05,-1.2816040009493688e-05,-1.0806638821821616e-05,2.4031576469201507e-08
heartfelt,-9.260811473136898e-06,-1.6652504432408217e-05,-3.465533999120868e-05,0.00014786839378884208,5.6998877024992504e-06
hearth,-1.0310919426322938e-05,-2.2826063759448474e-05,0.00010879576173084651,1.4648052819501154e-05,-3.167533546792437e-05
heartily,-6.933013497566917e-06,-1.126901311688474e-05,-1.567677891901629e-05,-5.3955815789465e-06,4.849045299734206e-07
heartless,-1.824008247783642e-05,-3.910102214084888e-05,0.00015333039610190897,1.2778786661543202e-05,-4.349871059125593e-05
hearts,-1.936668403811983e-05,-3.752524978201413e-05,5.575962120456461e-05,-1.54917906632985e-05,-6.748712677777408e-05
hearttoheart,-1.0310919426322938e-05,-2.2826063759448474e-05,0.00010879576173084651,1.4648052819501154e-05,-3.167533546792437e-05
heat,-4.115492097238796e-06,-7.376959731791849e-06,-9.643738266163823e-06,-1.1965423326096818e-05,4.357407002055537e-06
heatrashes,-1.1991314478700102e-05,-1.919711303963962e-05,-2.8112479443661385e-05,-3.0208678337733182e-05,7.956372495121113e-06
heats,-1.0256516646480903e-05,-1.9302231698409945e-05,8.573208257569876e-06,-2.123728474732015e-05,8.057875811152396e-05
heave,0.00016829756829275382,-1.0640620294120962e-05,0.00010094929219704362,-6.449928301227111e-05,0.0004128238463524715
heaveho,-7.701796971080249e-06,-1.3302071444386432e-05,-2.118298283289607e-05,-1.3966243667950595e-05,-3.9096045353798374e-05
heaven,-6.022002635535384e-05,-1.838183275156226e-05,-7.314304407911716e-05,-0.00011566873966643058,-0.00022735122964709289
heavenly,-9.863023657099817e-06,-1.771813657427938e-05,-3.2663945950495874e-05,0.0001002081184605237,7.415750926671262e-06
heavens,0.0005906548361089047,0.00013748678283339558,1.9474207286923798e-05,1.0737454366928753e-07,-3.013129533698512e-05
heavier,-2.622125992617345e-05,-4.7955200940073226e-05,-7.569141853643049e-05,-0.00011782619693977263,-0.00020461718048269366
heavy,-5.698149382210481e-05,6.357051140929773e-05,6.558798889513431e-05,-1.152047963354485e-05,-2.6600868459210676e-05
heck,-7.568240327884655e-06,-1.3095565478678627e-05,-1.612669439406123e-05,-1.597440397537854e-05,4.060482846244693e-06
hee,-6.58796315255094e-05,-0.0001117031567615401,-0.0001711913788293312,-9.829786844271735e-05,-0.00022918971943612466
heehee,-9.087054360649962e-05,0.00026936276190924494,2.3540349416308355e-05,5.8534753981287895e-06,-8.025388520741435e-07
heen,-5.1554597131617015e-05,-0.00011413031879724752,0.0005439788086542575,7.32402640975091e-05,-0.00015837667733962913
heh,-5.464612863894e-05,-9.769304272494476e-05,-0.00011581838045958603,0.0003021164671526541,-0.00012194845239295318
hehe,-1.0310919426322938e-05,-2.2826063759448474e-05,0.00010879576173084651,1.4648052819501154e-05,-3.167533546792437e-05
hehehe,-3.0932758278968805e-05,-6.847819127834545e-05,0.0003263872851925397,4.394415845850346e-05,-9.502600640377318e-05
heigh,-6.933013497566917e-06,-1.126901311688474e-05,-1.567677891901629e-05,-5.3955815789465e-06,4.849045299734206e-07
held,-1.3851189932785564e-05,-2.4792861465392794e-05,-3.346644221717578e-05,-4.3202085662872606e-05,-3.471143324153159e-05
helium,-1.3516313335301455e-05,-2.347122170676966e-05,-2.5632080018989662e-05,-2.1613277643645184e-05,4.8063152938380925e-08
hell,-3.131706285959644e-05,-5.2297770113573644e-05,-7.280629179100945e-05,-3.600157793428408e-05,-2.4687545613843462e-05
hello,6.902624803485759e-05,8.956881807459917e-05,3.7138373415081804e-05,1.7912018749958875e-05,3.974746400887304e-05
helmeted,-5.642427208804352e-06,-9.974139249283243e-06,-1.2581648285484126e-05,-1.036648891901398e-05,-2.8113248700661777e-06
help,-0.0,0.0,0.0,0.0,0.0
helped,1.919887906643619e-05,3.7047320964374354e-05,-6.584395789167523e-06,9.4082593505657e-06,2.5696045224118652e-05
helper,-8.267534381846718e-06,-1.620368610732571e-05,2.4208694940974476e-05,-1.8435669289962392e-05,0.00011209281574915771
helping,-2.259232080855964e-05,-3.884640152146847e-05,-2.3690459663927386e-05,-4.537874012816605e-05,7.208678783920055e-05
helps,-5.642427208804352e-06,-9.974139249283243e-06,-1.2581648285484126e-05,-1.036648891901398e-05,-2.8113248700661777e-06
hem,-5.642427208804352e-06,-9.974139249283243e-06,-1.2581648285484126e-05,-1.036648891901398e-05,-2.8113248700661777e-06
hemorrhage,-7.928414555517577e-06,-1.3576932814117509e-05,-1.7396337793241638e-05,-1.529887540016259e-05,7.386564149086249e-07
hemp,-5.642427208804352e-06,-9.974139249283243e-06,-1.2581648285484126e-05,-1.036648891901398e-05,-2.8113248700661777e-06
henchman,-8.267534381846718e-06,-1.620368610732571e-05,2.4208694940974476e-05,-1.8435669289962392e-05,0.00011209281574915771
henchmen,-6.186551655793993e-05,-0.00013695638255669607,0.0006527745703851041,8.788831691701025e-05,-0.00019005201280755354
her,-0.0,0.0,0.0,0.0,0.0
herbal,-3.307013752738858e-05,-6.481474442930618e-05,9.683477976390271e-05,-7.374267715985326e-05,0.0004483712629966536
herbicides,-6.148609829199116e-06,-1.0383340289635737e-05,-1.2227400575356544e-05,-9.699178155078256e-06,1.1494490171502262e-06
herd,-4.621078182648875e-05,-7.981242866633107e-05,-0.00012709789699739637,-8.379746200771671e-05,-0.00023457627212282702
herdsman,-1.1284854417608704e-05,-1.9948278498566486e-05,-2.5163296570968253e-05,-2.073297783802796e-05,-5.6226497401323554e-06
herdsmen,-1.1284854417608704e-05,-1.9948278498566486e-05,-2.5163296570968253e-05,-2.073297783802796e-05,-5.6226497401323554e-06
here,-0.0,0.0,0.0,0.0,0.0
heritage,0.00026958404360068357,6.658754481846307e-05,1.5864680906217585e-05,4.703955265262531e-06,-5.894113130308773e-07
hero,-2.045921117746826e-05,-3.4995596261016384e-05,-5.2428492161315195e-05,4.4865910513724176e-05,5.935858185500163e-06
heroic,-5.642427208804352e-06,-9.974139249283243e-06,-1.2581648285484126e-05,-1.036648891901398e-05,-2.8113248700661777e-06
herring,-1.3824931267568941e-05,-2.2808258345088377e-05,-3.0178662849025052e-05,-3.0242663178196575e-05,5.884354652778521e-06
herself,-2.157102456226289e-05,-4.0198986997218056e-05,1.6546873421870247e-05,-4.17973300233068e-05,-2.0759770711425492e-05
hesitant,-4.115492097238796e-06,-7.376959731791849e-06,-9.643738266163823e-06,-1.1965423326096818e-05,4.357407002055537e-06
hesitate,-1.90654049316767e-05,-3.3693002254511835e-05,-5.462280045213719e-05,3.3159696407613494e-05,-6.677803031846877e-05
hey,-0.0,0.0,0.0,0.0,0.0
hham,0.00026958404360068357,6.658754481846307e-05,1.5864680906217585e-05,4.703955265262531e-06,-5.894113130308773e-07
hhurry,-1.0310919426322938e-05,-2.2826063759448474e-05,0.00010879576173084651,1.4648052819501154e-05,-3.167533546792437e-05
hi,5.434709423909593e-05,-1.4486595337353747e-05,5.8453718862125206e-05,-1.18205856800286e-05,3.3098003622939324e-05
hick,-6.933013497566917e-06,-1.126901311688474e-05,-1.567677891901629e-05,-5.3955815789465e-06,4.849045299734206e-07
hid,-6.148609829199116e-06,-1.0383340289635737e-05,-1.2227400575356544e-05,-9.699178155078256e-06,1.1494490171502262e-06
hidden,-2.2304261746743548e-05,-4.3896150989992015e-05,5.8625057793910474e-05,0.00011090516346650129,2.406736841757952e-05
hide,-4.818055080127819e-05,4.9532028069588706e-05,5.642245909405159e-05,4.054462686419432e-05,-8.785482690857427e-06
hideaway,-7.460619881286054e-05,0.0001817839490111234,9.75780930857222e-05,1.5116811363717004e-05,-2.3947575730854443e-05
hideous,-1.0310919426322938e-05,-2.2826063759448474e-05,0.00010879576173084651,1.4648052819501154e-05,-3.167533546792437e-05
hideout,-1.3866026995135076e-05,-2.253802623377149e-05,-3.135355783803537e-05,-1.0791163157893955e-05,9.698090599469093e-07
hides,-5.642427208804352e-06,-9.974139249283243e-06,-1.2581648285484126e-05,-1.036648891901398e-05,-2.8113248700661777e-06
hiding,-2.3231701451736812e-05,-4.378261953816511e-05,2.299608865122409e-05,7.372088436384014e-05,0.00010107826075262346
hier,-7.928414555517577e-06,-1.3576932814117509e-05,-1.7396337793241638e-05,-1.529887540016259e-05,7.386564149086249e-07
high,-2.9451493589050786e-05,-5.076148649486129e-05,-6.165899729996055e-05,-5.27553331097792e-05,-9.733633604822351e-06
highclass,-8.267534381846718e-06,-1.620368610732571e-05,2.4208694940974476e-05,-1.8435669289962392e-05,0.00011209281574915771
higher,-2.5823420066438353e-05,-4.4216330443073584e-05,-3.4988051527261276e-05,-4.360385673479012e-05,5.748205399406752e-05
highest,-1.6195009349175927e-05,-2.902816833542705e-05,-4.2220985375737825e-05,-5.8496764493543574e-05,-7.641036668758184e-05
highestborn,-8.740419975390173e-06,-1.5985066980022623e-05,-2.5230472845474032e-05,-3.9275398979919814e-05,-6.820572682755698e-05
highhigh,-6.758156667650127e-06,-1.173561085338378e-05,-1.2816040009493688e-05,-1.0806638821821616e-05,2.4031576469201507e-08
highlands,-4.115492097238796e-06,-7.376959731791849e-06,-9.643738266163823e-06,-1.1965423326096818e-05,4.357407002055537e-06
highly,-1.2346476291717726e-05,-2.213087919537796e-05,-2.8931214798494673e-05,-3.589626997829423e-05,1.3072221006167883e-05
highness,-0.00017892141820880533,-0.0003260680879537369,-0.0005149347874622338,-0.0007735491087103489,-0.0013652346085649295
highspirited,-5.642427208804352e-06,-9.974139249283243e-06,-1.2581648285484126e-05,-1.036648891901398e-05,-2.8113248700661777e-06
higo,-8.230984194477592e-06,-1.4753919463583698e-05,-1.9287476532327646e-05,-2.3930846652193635e-05,8.714814004111074e-06
hiii,-9.087054360649962e-05,0.00026936276190924494,2.3540349416308355e-05,5.8534753981287895e-06,-8.025388520741435e-07
hiisama,-3.9496990461632974e-05,-6.981897474498712e-05,-8.807153799839451e-05,-7.256542243310244e-05,-1.967927409046452e-05
hill,-1.5899545321679948e-05,-2.87893134586163e-05,-4.2427763425690996e-05,-5.888628068386632e-05,-7.87223113446404e-05
hills,-0.00010696894402350761,-0.0001917790865982619,-0.00026021002257566717,-0.0001821186160346962,0.00011022970545461629
hilt,-4.115492097238796e-06,-7.376959731791849e-06,-9.643738266163823e-06,-1.1965423326096818e-05,4.357407002055537e-06
him,-0.0,0.0,0.0,0.0,0.0
hime,-5.642427208804352e-06,-9.974139249283243e-06,-1.2581648285484126e-05,-1.036648891901398e-05,-2.8113248700661777e-06
himself,-3.0690866595938183e-05,-5.762812020711212e-05,5.893898691848424e-06,-8.95396712058349e-06,-8.133788997363732e-05
hinder,-5.642427208804352e-06,-9.974139249283243e-06,-1.2581648285484126e-05,-1.036648891901398e-05,-2.8113248700661777e-06
hindering,-7.701796971080249e-06,-1.3302071444386432e-05,-2.118298283289607e-05,-1.3966243667950595e-05,-3.9096045353798374e-05
hindrance,-7.701796971080249e-06,-1.3302071444386432e-05,-2.118298283289607e-05,-1.3966243667950595e-05,-3.9096045353798374e-05
hinge,-7.928414555517577e-06,-1.3576932814117509e-05,-1.7396337793241638e-05,-1.529887540016259e-05,7.386564149086249e-07
hint,-8.267534381846718e-06,-1.620368610732571e-05,2.4208694940974476e-05,-1.8435669289962392e-05,0.00011209281574915771
hip,-8.740419975390173e-06,-1.5985066980022623e-05,-2.5230472845474032e-05,-3.9275398979919814e-05,-6.820572682755698e-05
hirayama,-1.5856829111035153e-05,-2.7153865628235018e-05,-3.4792675586483276e-05,-3.059775080032518e-05,1.4773128298172499e-06
hire,-4.115492097238796e-06,-7.376959731791849e-06,-9.643738266163823e-06,-1.1965423326096818e-05,4.357407002055537e-06
hired,-1.0310919426322938e-05,-2.2826063759448474e-05,0.00010879576173084651,1.4648052819501154e-05,-3.167533546792437e-05
hiring,-6.933013497566917e-06,-1.126901311688474e-05,-1.567677891901629e-05,-5.3955815789465e-06,4.849045299734206e-07
hiro,-3.074304914599671e-05,-5.1916701448180636e-05,-6.113700287678499e-05,-4.849589077539312e-05,5.7472450857512875e-06
hirota,-4.304026880439619e-05,-7.268338202745418e-05,-8.559180402750045e-05,-6.789424708555157e-05,8.046143120052055e-06
hirotakun,-2.459443931679762e-05,-4.153336115854492e-05,-4.890960230142851e-05,-3.879671262031485e-05,4.59779606860112e-06
his,-1.5062741115488503e-05,-2.927097056716914e-05,5.023278507041455e-05,-1.304939714743844e-05,-4.534999850437048e-05
history,-4.115492097238796e-06,-7.376959731791849e-06,-9.643738266163823e-06,-1.1965423326096818e-05,4.357407002055537e-06
hit,3.487791441481443e-05,-2.327454967014271e-05,-4.53580643608769e-05,-3.814110402927982e-05,3.830064601031639e-06
hitaki,-1.8521622946275386e-05,-3.330500886481932e-05,-6.931067998242342e-05,0.0002957367875777097,1.1399775404999465e-05
hitler,-7.928414555517577e-06,-1.3576932814117509e-05,-1.7396337793241638e-05,-1.529887540016259e-05,7.386564149086249e-07
hits,-4.115492097238796e-06,-7.376959731791849e-06,-9.643738266163823e-06,-1.1965423326096818e-05,4.357407002055537e-06
hitting,-6.933013497566917e-06,-1.126901311688474e-05,-1.567677891901629e-05,-5.3955815789465e-06,4.849045299734206e-07
hm,-0.00010925685328499434,-0.00021417896894978443,0.0003170394752982299,0.00047306132701876866,-0.0002673268767024122
hmm,-9.973174168546654e-05,-0.00019636223854562772,0.0003817154377399213,-9.637429947520282e-05,0.00048216271241339586
hmmm,-1.4757801768485147e-05,-2.427458491324629e-05,-3.21344399496407e-05,-1.5108562694367084e-05,1.5626359285238147e-06
hmmmm,-7.153711789610206e-05,0.0001909585969469936,8.341608087974363e-06,-2.835630715945795e-06,2.5579437151922555e-07
hmmmmm,-0.00018174108721299924,0.0005387255238184899,4.708069883261671e-05,1.1706950796257579e-05,-1.605077704148287e-06
hmpf,-8.267534381846718e-06,-1.620368610732571e-05,2.4208694940974476e-05,-1.8435669289962392e-05,0.00011209281574915771
hmph,-2.8296763015592157e-05,-5.6450442008780546e-05,0.00011028451063262191,9.656030673897807e-05,-1.4477302334654701e-05
ho,-5.178754116080208e-05,-9.210430770619048e-05,-0.0001833448651629645,0.0006791967812139208,4.078944945226124e-06
hoax,-4.115492097238796e-06,-7.376959731791849e-06,-9.643738266163823e-06,-1.1965423326096818e-05,4.357407002055537e-06
hoho,-7.701796971080249e-06,-1.3302071444386432e-05,-2.118298283289607e-05,-1.3966243667950595e-05,-3.9096045353798374e-05
hold,-0.0,0.0,0.0,0.0,0.0
holder,-9.260811473136898e-06,-1.6652504432408217e-05,-3.465533999120868e-05,0.00014786839378884208,5.6998877024992504e-06
holding,-2.168329225792402e-05,-3.782604003970925e-05,-4.6791431844307655e-05,-4.659580945671285e-05,-2.052758627514941e-05
holds,-1.0605199058755076e-05,-1.914103278324454e-05,-2.7880785097142795e-05,-3.660346912391205e-05,-5.2364456089533554e-05
hole,-0.0001245786780154225,0.000284283993387712,-1.7702325139950155e-05,-3.658500817494081e-05,-1.4469232494122526e-05
holed,-5.642427208804352e-06,-9.974139249283243e-06,-1.2581648285484126e-05,-1.036648891901398e-05,-2.8113248700661777e-06
holes,-9.087054360649962e-05,0.00026936276190924494,2.3540349416308355e-05,5.8534753981287895e-06,-8.025388520741435e-07
holiday,-7.153711789610206e-05,0.0001909585969469936,8.341608087974363e-06,-2.835630715945795e-06,2.5579437151922555e-07
holidays,-4.115492097238796e-06,-7.376959731791849e-06,-9.643738266163823e-06,-1.1965423326096818e-05,4.357407002055537e-06
holler,-4.115492097238796e-06,-7.376959731791849e-06,-9.643738266163823e-06,-1.1965423326096818e-05,4.357407002055537e-06
hollywood,-2.7732053990271395e-05,-4.5076052467545005e-05,-6.270711567607355e-05,-2.158232631578889e-05,1.939618119894e-06
holmes,-7.928414555517577e-06,-1.3576932814117509e-05,-1.7396337793241638e-05,-1.529887540016259e-05,7.386564149086249e-07
holy,-3.7043245892552424e-05,-6.661001772964155e-05,-0.00013862135996485272,0.0005914735751554448,2.279955080999995e-05
home,-0.0,0.0,0.0,0.0,0.0
homeland,-1.1763207559123718e-05,-2.4185244939362412e-05,7.094352128492269e-05,3.1570131327925783e-06,-2.5428755035231624e-05
homes,-1.670644126754297e-05,-3.314902279104655e-05,5.888816081461498e-05,-1.5667382801665035e-05,-1.3717015098133104e-05
hometown,-1.6670121866062754e-05,-3.214313030715956e-05,6.218884649917152e-05,-3.5026384875488677e-06,-2.166072980063342e-05
hometowns,-4.115492097238796e-06,-7.376959731791849e-06,-9.643738266163823e-06,-1.1965423326096818e-05,4.357407002055537e-06
homework,-2.3785243666552766e-05,-4.073079844235258e-05,-5.2189013379724986e-05,-4.5896626200487794e-05,2.2159692447259397e-06
honcho,-8.267534381846718e-06,-1.620368610732571e-05,2.4208694940974476e-05,-1.8435669289962392e-05,0.00011209281574915771
honest,-1.6514588797802854e-05,-3.0785495863053286e-05,3.9574665160299444e-05,-4.733034910855233e-06,-1.5379669634930964e-05
honestly,-1.0619159910808488e-05,-1.8291866711950444e-05,-2.2920831985617143e-05,-2.1575963515092448e-05,3.645570162246632e-06
honey,-6.39683129193088e-05,-0.0001238483734328844,0.0001393201875542339,-0.00014881007526461955,0.0007535040165417207
honjo,-7.135573099965828e-05,-0.00012219239532705774,-0.0001565670401391749,-0.00013768987860146334,6.647907734177666e-06
honor,-2.1742603404527505e-05,-3.8558252700539224e-05,2.523047941067518e-06,-1.7386910001651452e-05,-1.0709907843638737e-05
honored,-1.3048743044838936e-05,-2.55548130109368e-05,4.772163876414537e-05,-7.364233138985887e-06,-1.5514595823064603e-05
honors,-4.115492097238796e-06,-7.376959731791849e-06,-9.643738266163823e-06,-1.1965423326096818e-05,4.357407002055537e-06
hooded,-5.642427208804352e-06,-9.974139249283243e-06,-1.2581648285484126e-05,-1.036648891901398e-05,-2.8113248700661777e-06
hoodlums,-7.928414555517577e-06,-1.3576932814117509e-05,-1.7396337793241638e-05,-1.529887540016259e-05,7.386564149086249e-07
hoof,-5.642427208804352e-06,-9.974139249283243e-06,-1.2581648285484126e-05,-1.036648891901398e-05,-2.8113248700661777e-06
hook,-2.3865234378677913e-05,-4.1703597579495345e-05,-7.241097777937227e-05,7.813678012645204e-05,-8.22796468118303e-05
hooray,-6.179139200423583e-05,0.00014176761565070606,-4.998409161208898e-06,-1.685989523030044e-05,4.632504268160713e-06
hop,-1.0310919426322938e-05,-2.2826063759448474e-05,0.00010879576173084651,1.4648052819501154e-05,-3.167533546792437e-05
hope,0.00028666098153395014,2.197958854147544e-05,5.776290183016662e-05,0.00010656113794475971,5.4223287919209374e-05
hoped,-4.115492097238796e-06,-7.376959731791849e-06,-9.643738266163823e-06,-1.1965423326096818e-05,4.357407002055537e-06
hopeless,-1.1940524371675102e-05,-2.0587943947438787e-05,-3.71124112810177e-05,0.00010505239432751672,4.560359428311836e-06
hopelessness,-4.115492097238796e-06,-7.376959731791849e-06,-9.643738266163823e-06,-1.1965423326096818e-05,4.357407002055537e-06
hoping,-1.251387275572442e-05,-2.266540594667984e-05,-3.282533067291469e-05,-4.660515460539498e-05,-4.386565223143299e-05
hoppers,-4.115492097238796e-06,-7.376959731791849e-06,-9.643738266163823e-06,-1.1965423326096818e-05,4.357407002055537e-06
horikoshi,-4.757048733310553e-05,-8.146159688470517e-05,-0.00010437802675944997,-9.179325240097559e-05,4.431938489451879e-06
horrible,-7.701796971080249e-06,-1.3302071444386432e-05,-2.118298283289607e-05,-1.3966243667950595e-05,-3.9096045353798374e-05
horse,-1.0958080884953333e-05,-1.83201697846655e-05,-2.4386477985553007e-05,-1.525906747569828e-05,9.021932316191184e-07
horsepower,-7.928414555517577e-06,-1.3576932814117509e-05,-1.7396337793241638e-05,-1.529887540016259e-05,7.386564149086249e-07
hospitably,-5.642427208804352e-06,-9.974139249283243e-06,-1.2581648285484126e-05,-1.036648891901398e-05,-2.8113248700661777e-06
hospital,-0.0011832674453864079,0.003305675880407985,0.00019143354004231726,-3.799884738141008e-05,1.9273384066107656e-05
hostage,-6.933013497566917e-06,-1.126901311688474e-05,-1.567677891901629e-05,-5.3955815789465e-06,4.849045299734206e-07
hostages,-2.6694029333426657e-05,-4.4544213313199704e-05,-6.591640515744511e-05,-3.2531336282640566e-05,-5.658234069774856e-05
hot,0.0005146979830973137,8.266887790538577e-05,0.00010427049701269903,-1.0810163507841093e-05,-4.26367118579345e-05
hotaru,-1.1991314478700102e-05,-1.919711303963962e-05,-2.8112479443661385e-05,-3.0208678337733182e-05,7.956372495121113e-06
hotcake,-6.758156667650127e-06,-1.173561085338378e-05,-1.2816040009493688e-05,-1.0806638821821616e-05,2.4031576469201507e-08
hotcakes,-1.3516313335301455e-05,-2.347122170676966e-05,-2.5632080018989662e-05,-2.1613277643645184e-05,4.8063152938380925e-08
hotel,0.0001319157110997835,-3.2935116022990685e-06,-4.7651257706450535e-05,-2.7712303043908325e-05,1.6504524375527246e-06
hotheaded,-4.115492097238796e-06,-7.376959731791849e-06,-9.643738266163823e-06,-1.1965423326096818e-05,4.357407002055537e-06
hour,-2.055885688650057e-05,-3.583317720677708e-05,-5.5010022272082504e-05,2.7114280169314257e-05,-4.433505185189543e-05
hours,-0.00011298202488075219,0.0003023890923533702,9.487614806371099e-06,-8.303113873224884e-06,-2.121420271535235e-05
house,-0.0,0.0,0.0,0.0,0.0
houses,-0.00014010294547989362,0.0003852817199895244,5.256526764587138e-05,-4.961423709937089e-06,8.146818502017354e-05
housing,-8.230984194477592e-06,-1.4753919463583698e-05,-1.9287476532327646e-05,-2.3930846652193635e-05,8.714814004111074e-06
how,-0.0,0.0,0.0,0.0,0.0
however,-2.8043146808757685e-05,-4.983994344888033e-05,-7.088145848277047e-05,-1.6779205517856673e-05,-2.466982359889872e-05
howl,-0.001103268378616629,-0.002442388822261153,0.011641146505201374,0.0015673416516867288,-0.0033892608950681397
howls,-1.0310919426322938e-05,-2.2826063759448474e-05,0.00010879576173084651,1.4648052819501154e-05,-3.167533546792437e-05
huff,-0.0008351844735322136,-0.0018489111645154516,0.008812456700199157,0.0011864922783796723,-0.002565702172902047
huge,-1.569468976690704e-05,0.0001567285255983395,3.2559660892966815e-05,5.542116536896257e-05,-3.4673570755748726e-05
huh,-1.5316958121812053e-05,-2.8389926199065877e-05,2.4511080277057665e-05,-1.213177080757315e-05,2.13911714730861e-05
hum,-1.5199750354900172e-05,-2.8266009550094107e-05,-3.4821522127378336e-06,-4.006168068177778e-05,9.229049804862252e-05
human,0.00035259034950409397,-7.353010110523989e-06,-2.0247642513187617e-05,-4.748097225639599e-05,0.00013207644241468007
humanity,-7.928414555517577e-06,-1.3576932814117509e-05,-1.7396337793241638e-05,-1.529887540016259e-05,7.386564149086249e-07
humans,-7.103323494985946e-05,-0.0002372583122754538,-0.00025655427939934696,-0.00034009138226339953,0.00011661999493641764
humble,-8.740419975390173e-06,-1.5985066980022623e-05,-2.5230472845474032e-05,-3.9275398979919814e-05,-6.820572682755698e-05
humbled,-4.115492097238796e-06,-7.376959731791849e-06,-9.643738266163823e-06,-1.1965423326096818e-05,4.357407002055537e-06
humbly,-6.143749211769386e-05,0.00014207717130217416,-8.330580664792658e-06,-2.5559748979631784e-05,-4.1921837340790815e-05
humidified,0.00026958404360068357,6.658754481846307e-05,1.5864680906217585e-05,4.703955265262531e-06,-5.894113130308773e-07
humidity,-4.115492097238796e-06,-7.376959731791849e-06,-9.643738266163823e-06,-1.1965423326096818e-05,4.357407002055537e-06
humiliated,-6.148609829199116e-06,-1.0383340289635737e-05,-1.2227400575356544e-05,-9.699178155078256e-06,1.1494490171502262e-06
hundred,-1.8836064546180616e-05,-3.2277725779209175e-05,-4.021251426630281e-05,-3.616758575852251e-05,4.747676818650484e-06
hundreds,-1.152494373660365e-05,-1.9819246287744665e-05,-2.8446480001631444e-05,-2.157864915206456e-05,-2.828283856885151e-05
hung,-5.642427208804352e-06,-9.974139249283243e-06,-1.2581648285484126e-05,-1.036648891901398e-05,-2.8113248700661777e-06
hungarian,-6.148609829199116e-06,-1.0383340289635737e-05,-1.2227400575356544e-05,-9.699178155078256e-06,1.1494490171502262e-06
hungarians,-6.148609829199116e-06,-1.0383340289635737e-05,-1.2227400575356544e-05,-9.699178155078256e-06,1.1494490171502262e-06
hunger,-1.5403593942161947e-05,-2.6604142888775358e-05,-4.236596566579612e-05,-2.7932487335903822e-05,-7.81920907076041e-05
hungry,1.7148427702375797e-05,-5.3947896230701574e-05,-7.703274237772389e-05,-2.7913154440163266e-05,3.565481698557773e-05
hunh,-1.8186310801000945e-05,-3.189530901500541e-05,-5.679169553823224e-05,8.843479638880256e-05,-5.345215959199085e-05
hunt,-1.8011307787377197e-05,-3.468806465705742e-05,2.8588454195079514e-05,8.276047621418067e-05,-1.8444136116166093e-05
hunted,-7.195006337380369e-06,-1.2793840901311246e-05,-1.6387899107835544e-05,-1.6466445877440998e-05,1.1400043788932677e-06
hunter,-2.8431481520751203e-05,-4.925485225231205e-05,-6.578344981733325e-05,-6.089313188981507e-05,1.9992705635266138e-05
hunters,-1.343295337788614e-05,-2.3018084487533064e-05,-3.0113448651657114e-05,-1.926590543491431e-05,-3.7883188195708295e-06
hunting,-1.3347442174922897e-05,-2.5257719729132794e-05,3.354199010112463e-05,-6.417762375939805e-06,-1.2726253603388025e-05
hup,-1.0310919426322938e-05,-2.2826063759448474e-05,0.00010879576173084651,1.4648052819501154e-05,-3.167533546792437e-05
hurrah,-8.230984194477592e-06,-1.4753919463583698e-05,-1.9287476532327646e-05,-2.3930846652193635e-05,8.714814004111074e-06
hurray,-4.115492097238796e-06,-7.376959731791849e-06,-9.643738266163823e-06,-1.1965423326096818e-05,4.357407002055537e-06
hurried,-4.115492097238796e-06,-7.376959731791849e-06,-9.643738266163823e-06,-1.1965423326096818e-05,4.357407002055537e-06
hurry,-0.0,0.0,0.0,0.0,0.0
hurt,1.2084626636108773e-06,-2.1930939894165933e-05,-1.604211872803914e-05,8.99736856969027e-06,1.7486994455557518e-05
hurting,-6.148609829199116e-06,-1.0383340289635737e-05,-1.2227400575356544e-05,-9.699178155078256e-06,1.1494490171502262e-06
hurts,-5.522067939260051e-05,0.00010582490673020571,-2.0424640890050233e-06,5.695809451792406e-05,5.5885980814618614e-05
husband,-2.1459511184757862e-05,-4.1230733072377395e-05,5.233490510128966e-05,-2.0954926532259345e-05,-6.677940326084405e-05
husbands,-5.642427208804352e-06,-9.974139249283243e-06,-1.2581648285484126e-05,-1.036648891901398e-05,-2.8113248700661777e-06
husky,-4.115492097238796e-06,-7.376959731791849e-06,-9.643738266163823e-06,-1.1965423326096818e-05,4.357407002055537e-06
hut,-9.260811473136898e-06,-1.6652504432408217e-05,-3.465533999120868e-05,0.00014786839378884208,5.6998877024992504e-06
hydra,-4.115492097238796e-06,-7.376959731791849e-06,-9.643738266163823e-06,-1.1965423326096818e-05,4.357407002055537e-06
hysterically,-1.3516313335301455e-05,-2.347122170676966e-05,-2.5632080018989662e-05,-2.1613277643645184e-05,4.8063152938380925e-08
i,-0.0,0.0,0.0,0.0,0.0
ice,-1.58508363950149e-05,-2.639540802891789e-05,-3.681854212781237e-05,-3.475125706710286e-05,1.001418766140662e-05
idea,-3.0716432115580055e-05,-5.387179022044138e-05,-5.1124000438341516e-05,-2.3136291986698973e-05,5.426805404708062e-05
ideal,-7.568240327884655e-06,-1.3095565478678627e-05,-1.612669439406123e-05,-1.597440397537854e-05,4.060482846244693e-06
identical,-8.267534381846718e-06,-1.620368610732571e-05,2.4208694940974476e-05,-1.8435669289962392e-05,0.00011209281574915771
identification,-6.758156667650127e-06,-1.173561085338378e-05,-1.2816040009493688e-05,-1.0806638821821616e-05,2.4031576469201507e-08
idiot,-2.5261878536538254e-05,-4.5300466366675546e-05,-1.0409986286679946e-05,7.920615649002237e-05,1.791849239378758e-05
idiotic,-1.0310919426322938e-05,-2.2826063759448474e-05,0.00010879576173084651,1.4648052819501154e-05,-3.167533546792437e-05
idiots,5.536292529049333e-05,-1.1842866838646101e-05,2.2360929016589754e-05,2.1444109052891192e-05,4.393169958428409e-05
idol,-6.148609829199116e-06,-1.0383340289635737e-05,-1.2227400575356544e-05,-9.699178155078256e-06,1.1494490171502262e-06
if,-0.0,0.0,0.0,0.0,0.0
ignite,-7.701796971080249e-06,-1.3302071444386432e-05,-2.118298283289607e-05,-1.3966243667950595e-05,-3.9096045353798374e-05
ignore,-1.0637321244643162e-05,-2.2270213414548852e-05,7.310979060368658e-05,1.978038104284252e-06,-2.0142887256128975e-05
ignoring,-8.740419975390173e-06,-1.5985066980022623e-05,-2.5230472845474032e-05,-3.9275398979919814e-05,-6.820572682755698e-05
ii,-8.88058017037804e-06,-1.545036241150608e-05,-1.9938012655031165e-05,-2.0103343342691335e-05,3.757584729978528e-06
iii,-8.230984194477592e-06,-1.4753919463583698e-05,-1.9287476532327646e-05,-2.3930846652193635e-05,8.714814004111074e-06
iit,-2.0621838852645876e-05,-4.565212751889695e-05,0.00021759152346169302,2.929610563900231e-05,-6.335067093584874e-05
il,-1.5856829111035153e-05,-2.7153865628235018e-05,-3.4792675586483276e-05,-3.059775080032518e-05,1.4773128298172499e-06
ill,-1.422755475351676e-05,-2.4969820014183608e-05,-7.907829069192909e-06,-3.537854977645036e-05,7.26174155285337e-05
illegal,-8.146620737475113e-06,-1.3748616749657121e-05,-1.867009511959345e-05,-1.2801145038956248e-05,3.570480659636475e-06
illness,-1.6488336042013943e-05,-2.9128811901496713e-05,-4.728148248451001e-05,6.605801559324798e-05,-2.2775681178010006e-05
ima,-4.115492097238796e-06,-7.376959731791849e-06,-9.643738266163823e-06,-1.1965423326096818e-05,4.357407002055537e-06
imagination,-1.2897583668549712e-05,-2.3157541262528218e-05,-3.977476084503171e-05,9.138540800754905e-05,1.062868700566919e-05
imagine,-1.6670121866062754e-05,-3.214313030715956e-05,6.218884649917152e-05,-3.5026384875488677e-06,-2.166072980063342e-05
imagining,-9.260811473136898e-06,-1.6652504432408217e-05,-3.465533999120868e-05,0.00014786839378884208,5.6998877024992504e-06
immediate,-4.115492097238796e-06,-7.376959731791849e-06,-9.643738266163823e-06,-1.1965423326096818e-05,4.357407002055537e-06
immediately,-2.855697958914829e-05,-5.0238388810374436e-05,-2.2885419241064145e-05,-5.211546595600251e-05,7.589916354113506e-07
immigration,-6.148609829199116e-06,-1.0383340289635737e-05,-1.2227400575356544e-05,-9.699178155078256e-06,1.1494490171502262e-06
immortal,-5.642427208804352e-06,-9.974139249283243e-06,-1.2581648285484126e-05,-1.036648891901398e-05,-2.8113248700661777e-06
imp,-1.8521622946275386e-05,-3.330500886481932e-05,-6.931067998242342e-05,0.0002957367875777097,1.1399775404999465e-05
impart,-5.642427208804352e-06,-9.974139249283243e-06,-1.2581648285484126e-05,-1.036648891901398e-05,-2.8113248700661777e-06
imperial,-5.642427208804352e-06,-9.974139249283243e-06,-1.2581648285484126e-05,-1.036648891901398e-05,-2.8113248700661777e-06
impersonating,-4.115492097238796e-06,-7.376959731791849e-06,-9.643738266163823e-06,-1.1965423326096818e-05,4.357407002055537e-06
impertinently,-5.642427208804352e-06,-9.974139249283243e-06,-1.2581648285484126e-05,-1.036648891901398e-05,-2.8113248700661777e-06
implied,-9.087054360649962e-05,0.00026936276190924494,2.3540349416308355e-05,5.8534753981287895e-06,-8.025388520741435e-07
important,-1.2253484263491935e-05,-2.1610807293849576e-05,-1.2364287856765372e-05,-5.924561582160033e-06,3.220821860727088e-06
imported,-7.928414555517577e-06,-1.3576932814117509e-05,-1.7396337793241638e-05,-1.529887540016259e-05,7.386564149086249e-07
impose,-6.758156667650127e-06,-1.173561085338378e-05,-1.2816040009493688e-05,-1.0806638821821616e-05,2.4031576469201507e-08
impossible,2.2208395170087365e-05,-3.0027748884418327e-05,-3.7908335847455935e-05,5.1337276164011504e-06,-8.164261476059203e-05
impressed,-1.8938178795394198e-05,-3.59377472826796e-05,5.9334680326594246e-05,-8.509784357293316e-06,4.750660201838133e-05
impression,-6.758156667650127e-06,-1.173561085338378e-05,-1.2816040009493688e-05,-1.0806638821821616e-05,2.4031576469201507e-08
impressive,-1.2435784178508221e-05,-2.195124262100755e-05,-3.6012252040839175e-05,7.039785686813126e-05,6.301708256829346e-06
improve,-8.88058017037804e-06,-1.545036241150608e-05,-1.9938012655031165e-05,-2.0103343342691335e-05,3.757584729978528e-06
improved,-4.115492097238796e-06,-7.376959731791849e-06,-9.643738266163823e-06,-1.1965423326096818e-05,4.357407002055537e-06
imps,-1.8521622946275386e-05,-3.330500886481932e-05,-6.931067998242342e-05,0.0002957367875777097,1.1399775404999465e-05
impulsive,-6.758156667650127e-06,-1.173561085338378e-05,-1.2816040009493688e-05,-1.0806638821821616e-05,2.4031576469201507e-08
impurities,-8.740419975390173e-06,-1.5985066980022623e-05,-2.5230472845474032e-05,-3.9275398979919814e-05,-6.820572682755698e-05
impurity,-1.7480839950781815e-05,-3.197013396004792e-05,-5.046094569095228e-05,-7.85507979598462e-05,-0.00013641145365512534
in,-0.0,0.0,0.0,0.0,0.0
inactive,-9.260811473136898e-06,-1.6652504432408217e-05,-3.465533999120868e-05,0.00014786839378884208,5.6998877024992504e-06
inbe,-8.740419975390173e-06,-1.5985066980022623e-05,-2.5230472845474032e-05,-3.9275398979919814e-05,-6.820572682755698e-05
incantation,-2.778243441941388e-05,-4.9957513297230413e-05,-0.00010396601997363806,0.00044360518136657727,1.7099663107499727e-05
incantations,-9.260811473136898e-06,-1.6652504432408217e-05,-3.465533999120868e-05,0.00014786839378884208,5.6998877024992504e-06
incensed,-4.115492097238796e-06,-7.376959731791849e-06,-9.643738266163823e-06,-1.1965423326096818e-05,4.357407002055537e-06
inch,-4.115492097238796e-06,-7.376959731791849e-06,-9.643738266163823e-06,-1.1965423326096818e-05,4.357407002055537e-06
incidence,-1.3866026995135076e-05,-2.253802623377149e-05,-3.135355783803537e-05,-1.0791163157893955e-05,9.698090599469093e-07
incident,-9.863023657099817e-06,-1.771813657427938e-05,-3.2663945950495874e-05,0.0001002081184605237,7.415750926671262e-06
incidents,-8.230984194477592e-06,-1.4753919463583698e-05,-1.9287476532327646e-05,-2.3930846652193635e-05,8.714814004111074e-06
included,-6.933013497566917e-06,-1.126901311688474e-05,-1.567677891901629e-05,-5.3955815789465e-06,4.849045299734206e-07
incompetent,-6.933013497566917e-06,-1.126901311688474e-05,-1.567677891901629e-05,-5.3955815789465e-06,4.849045299734206e-07
inconvenience,-4.115492097238796e-06,-7.376959731791849e-06,-9.643738266163823e-06,-1.1965423326096818e-05,4.357407002055537e-06
increase,-5.642427208804352e-06,-9.974139249283243e-06,-1.2581648285484126e-05,-1.036648891901398e-05,-2.8113248700661777e-06
increased,-1.0212603894110267e-05,-1.7464449354917222e-05,-2.463516174066153e-05,-1.7449709784751765e-05,-2.7979940452585346e-05
increasing,-1.1991314478700102e-05,-1.919711303963962e-05,-2.8112479443661385e-05,-3.0208678337733182e-05,7.956372495121113e-06
incredible,-3.6687894394499166e-05,-6.860519590107189e-05,7.513537445771546e-05,-2.667442706032582e-05,-3.367212145707833e-05
incredibly,-1.2297219658398232e-05,-2.0766680579271475e-05,-2.445480115071309e-05,-1.9398356310156513e-05,2.2988980343004523e-06
incurable,-5.642427208804352e-06,-9.974139249283243e-06,-1.2581648285484126e-05,-1.036648891901398e-05,-2.8113248700661777e-06
indecent,-6.933013497566917e-06,-1.126901311688474e-05,-1.567677891901629e-05,-5.3955815789465e-06,4.849045299734206e-07
indeed,-3.073965239509261e-05,-5.537908628531948e-05,-8.403294387941572e-05,-1.7541879748069546e-05,-9.222444398365268e-05
independence,-6.758156667650127e-06,-1.173561085338378e-05,-1.2816040009493688e-05,-1.0806638821821616e-05,2.4031576469201507e-08
independent,-6.758156667650127e-06,-1.173561085338378e-05,-1.2816040009493688e-05,-1.0806638821821616e-05,2.4031576469201507e-08
india,-8.740419975390173e-06,-1.5985066980022623e-05,-2.5230472845474032e-05,-3.9275398979919814e-05,-6.820572682755698e-05
indicate,-1.1991314478700102e-05,-1.919711303963962e-05,-2.8112479443661385e-05,-3.0208678337733182e-05,7.956372495121113e-06
indicates,-9.260811473136898e-06,-1.6652504432408217e-05,-3.465533999120868e-05,0.00014786839378884208,5.6998877024992504e-06
indicating,-2.3982628957401547e-05,-3.83942260792814e-05,-5.6224958887326e-05,-6.0417356675469624e-05,1.591274499024311e-05
indora,-9.260811473136898e-06,-1.6652504432408217e-05,-3.465533999120868e-05,0.00014786839378884208,5.6998877024992504e-06
industrial,-7.928414555517577e-06,-1.3576932814117509e-05,-1.7396337793241638e-05,-1.529887540016259e-05,7.386564149086249e-07
inevitably,-4.115492097238796e-06,-7.376959731791849e-06,-9.643738266163823e-06,-1.1965423326096818e-05,4.357407002055537e-06
infamous,-6.933013497566917e-06,-1.126901311688474e-05,-1.567677891901629e-05,-5.3955815789465e-06,4.849045299734206e-07
infernal,-4.115492097238796e-06,-7.376959731791849e-06,-9.643738266163823e-06,-1.1965423326096818e-05,4.357407002055537e-06
infirmary,-6.148609829199116e-06,-1.0383340289635737e-05,-1.2227400575356544e-05,-9.699178155078256e-06,1.1494490171502262e-06
inflict,-4.115492097238796e-06,-7.376959731791849e-06,-9.643738266163823e-06,-1.1965423326096818e-05,4.357407002055537e-06
inflicted,-5.642427208804352e-06,-9.974139249283243e-06,-1.2581648285484126e-05,-1.036648891901398e-05,-2.8113248700661777e-06
influence,-9.645741042459956e-06,-1.5965372851838048e-05,-2.0575159724583076e-05,-1.1130128108385491e-05,1.20509134788528e-06
inform,-2.203398611203641e-05,-4.594034933863054e-05,0.00013488807994048473,0.00013063232602801615,-4.250883182258053e-05
information,-1.0310919426322938e-05,-2.2826063759448474e-05,0.00010879576173084651,1.4648052819501154e-05,-3.167533546792437e-05
infuriating,-8.740419975390173e-06,-1.5985066980022623e-05,-2.5230472845474032e-05,-3.9275398979919814e-05,-6.820572682755698e-05
inhabit,-1.1284854417608704e-05,-1.9948278498566486e-05,-2.5163296570968253e-05,-2.073297783802796e-05,-5.6226497401323554e-06
inhale,-7.701796971080249e-06,-1.3302071444386432e-05,-2.118298283289607e-05,-1.3966243667950595e-05,-3.9096045353798374e-05
inherited,-2.778243441941388e-05,-4.9957513297230413e-05,-0.00010396601997363806,0.00044360518136657727,1.7099663107499727e-05
inhuman,-7.701796971080249e-06,-1.3302071444386432e-05,-2.118298283289607e-05,-1.3966243667950595e-05,-3.9096045353798374e-05
injuries,-4.115492097238796e-06,-7.376959731791849e-06,-9.643738266163823e-06,-1.1965423326096818e-05,4.357407002055537e-06
injury,-1.1991314478700102e-05,-1.919711303963962e-05,-2.8112479443661385e-05,-3.0208678337733182e-05,7.956372495121113e-06
injustice,-4.115492097238796e-06,-7.376959731791849e-06,-9.643738266163823e-06,-1.1965423326096818e-05,4.357407002055537e-06
inner,-1.3516313335301455e-05,-2.347122170676966e-05,-2.5632080018989662e-05,-2.1613277643645184e-05,4.8063152938380925e-08
innocent,0.0001936658591694841,4.0789145071215124e-05,1.3854961762797415e-07,-5.099709839761716e-07,-7.705812507910247e-08
inofuki,-1.1991314478700102e-05,-1.919711303963962e-05,-2.8112479443661385e-05,-3.0208678337733182e-05,7.956372495121113e-06
insane,-4.115492097238796e-06,-7.376959731791849e-06,-9.643738266163823e-06,-1.1965423326096818e-05,4.357407002055537e-06
insanity,-4.115492097238796e-06,-7.376959731791849e-06,-9.643738266163823e-06,-1.1965423326096818e-05,4.357407002055537e-06
insect,-3.080718788432536e-05,-5.320828577755322e-05,-8.473193133159626e-05,-5.586497467181023e-05,-0.00015638418141521556
insects,-0.00013093054850838598,-0.00022613521455460689,-0.00036011070815929305,-0.00023742614235519957,-0.0006646327710146828
insectwhistle,-7.701796971080249e-06,-1.3302071444386432e-05,-2.118298283289607e-05,-1.3966243667950595e-05,-3.9096045353798374e-05
insectwhistles,-7.701796971080249e-06,-1.3302071444386432e-05,-2.118298283289607e-05,-1.3966243667950595e-05,-3.9096045353798374e-05
insensitive,-1.5856829111035153e-05,-2.7153865628235018e-05,-3.4792675586483276e-05,-3.059775080032518e-05,1.4773128298172499e-06
inside,-2.6732541694927906e-06,-4.9257074114918415e-06,1.966546800729268e-05,0.00011558111909180969,3.3327359539946265e-05
insinuating,-1.1991314478700102e-05,-1.919711303963962e-05,-2.8112479443661385e-05,-3.0208678337733182e-05,7.956372495121113e-06
insist,-1.3698831553743693e-05,-2.877860421164756e-05,9.807089796909202e-05,-2.7928007655948944e-06,5.9295866476501694e-05
insistent,-6.148609829199116e-06,-1.0383340289635737e-05,-1.2227400575356544e-05,-9.699178155078256e-06,1.1494490171502262e-06
insists,-6.758156667650127e-06,-1.173561085338378e-05,-1.2816040009493688e-05,-1.0806638821821616e-05,2.4031576469201507e-08
insolence,-1.1284854417608704e-05,-1.9948278498566486e-05,-2.5163296570968253e-05,-2.073297783802796e-05,-5.6226497401323554e-06
insolent,-1.6927281626414306e-05,-2.9922417747851945e-05,-3.7744944856455185e-05,-3.109946675704424e-05,-8.43397461019917e-06
inspect,-7.928414555517577e-06,-1.3576932814117509e-05,-1.7396337793241638e-05,-1.529887540016259e-05,7.386564149086249e-07
inspiration,-1.7247472589634502e-05,-2.927802882352664e-05,-3.6940397275766336e-05,-2.731762692086103e-05,1.1593940342304665e-06
inspired,-8.017689972633592e-06,-1.4092662807614593e-05,-1.656072795451862e-05,-1.679099061293056e-05,3.2306557730812857e-06
inspiring,-7.928414555517577e-06,-1.3576932814117509e-05,-1.7396337793241638e-05,-1.529887540016259e-05,7.386564149086249e-07
install,-6.933013497566917e-06,-1.126901311688474e-05,-1.567677891901629e-05,-5.3955815789465e-06,4.849045299734206e-07
installed,-7.928414555517577e-06,-1.3576932814117509e-05,-1.7396337793241638e-05,-1.529887540016259e-05,7.386564149086249e-07
instant,-4.115492097238796e-06,-7.376959731791849e-06,-9.643738266163823e-06,-1.1965423326096818e-05,4.357407002055537e-06
instantly,-8.740419975390173e-06,-1.5985066980022623e-05,-2.5230472845474032e-05,-3.9275398979919814e-05,-6.820572682755698e-05
instead,-2.977467939824613e-05,-5.6298778385772574e-05,5.8217788019325725e-05,3.0089962916901017e-05,-2.4701367546837203e-05
instigating,-5.642427208804352e-06,-9.974139249283243e-06,-1.2581648285484126e-05,-1.036648891901398e-05,-2.8113248700661777e-06
instruction,-8.740419975390173e-06,-1.5985066980022623e-05,-2.5230472845474032e-05,-3.9275398979919814e-05,-6.820572682755698e-05
instructor,-1.2297219658398232e-05,-2.0766680579271475e-05,-2.445480115071309e-05,-1.9398356310156513e-05,2.2988980343004523e-06
instructors,-7.568240327884655e-06,-1.3095565478678627e-05,-1.612669439406123e-05,-1.597440397537854e-05,4.060482846244693e-06
insufficient,-6.933013497566917e-06,-1.126901311688474e-05,-1.567677891901629e-05,-5.3955815789465e-06,4.849045299734206e-07
insult,-8.267534381846718e-06,-1.620368610732571e-05,2.4208694940974476e-05,-1.8435669289962392e-05,0.00011209281574915771
intend,-2.7041709464445845e-05,-4.755684537651853e-05,-6.81459830404783e-05,2.943337471216332e-05,-2.3314773756528854e-05
intends,-5.642427208804352e-06,-9.974139249283243e-06,-1.2581648285484126e-05,-1.036648891901398e-05,-2.8113248700661777e-06
intense,-4.115492097238796e-06,-7.376959731791849e-06,-9.643738266163823e-06,-1.1965423326096818e-05,4.357407002055537e-06
intention,-1.022956634883028e-05,-1.82332455895601e-05,-2.3498714002371364e-05,-2.528915633041564e-05,4.352940457891223e-06
intentions,-1.0310919426322938e-05,-2.2826063759448474e-05,0.00010879576173084651,1.4648052819501154e-05,-3.167533546792437e-05
interest,-4.115492097238796e-06,-7.376959731791849e-06,-9.643738266163823e-06,-1.1965423326096818e-05,4.357407002055537e-06
interested,-8.740419975390173e-06,-1.5985066980022623e-05,-2.5230472845474032e-05,-3.9275398979919814e-05,-6.820572682755698e-05
interesting,-2.0721941876994215e-05,-3.590695939293037e-05,-4.618554733556977e-05,-4.750718845505863e-05,-3.057334333080011e-05
interfere,-1.1355452663310836e-05,-2.0148277114373645e-05,-2.5664983321135282e-05,-2.4110181301907347e-05,-9.329273212114288e-07
interference,-5.642427208804352e-06,-9.974139249283243e-06,-1.2581648285484126e-05,-1.036648891901398e-05,-2.8113248700661777e-06
intern,-7.928414555517577e-06,-1.3576932814117509e-05,-1.7396337793241638e-05,-1.529887540016259e-05,7.386564149086249e-07
internal,-1.2435784178508221e-05,-2.195124262100755e-05,-3.6012252040839175e-05,7.039785686813126e-05,6.301708256829346e-06
intervention,-7.701796971080249e-06,-1.3302071444386432e-05,-2.118298283289607e-05,-1.3966243667950595e-05,-3.9096045353798374e-05
interview,-8.230984194477592e-06,-1.4753919463583698e-05,-1.9287476532327646e-05,-2.3930846652193635e-05,8.714814004111074e-06
into,1.0875248228155955e-05,-2.7896312373215482e-05,-8.4839696470794e-06,9.726045519150445e-06,3.341056791330678e-05
intolerable,0.00026958404360068357,6.658754481846307e-05,1.5864680906217585e-05,4.703955265262531e-06,-5.894113130308773e-07
intown,-6.758156667650127e-06,-1.173561085338378e-05,-1.2816040009493688e-05,-1.0806638821821616e-05,2.4031576469201507e-08
intrepid,-9.260811473136898e-06,-1.6652504432408217e-05,-3.465533999120868e-05,0.00014786839378884208,5.6998877024992504e-06
introduce,-1.5602856225982704e-05,-2.700619703386016e-05,-3.34188490883763e-05,-3.1152511455436734e-05,3.419813753889402e-06
introduced,-6.758156667650127e-06,-1.173561085338378e-05,-1.2816040009493688e-05,-1.0806638821821616e-05,2.4031576469201507e-08
introductions,-6.933013497566917e-06,-1.126901311688474e-05,-1.567677891901629e-05,-5.3955815789465e-06,4.849045299734206e-07
intruder,-8.267534381846718e-06,-1.620368610732571e-05,2.4208694940974476e-05,-1.8435669289962392e-05,0.00011209281574915771
intruders,-4.115492097238796e-06,-7.376959731791849e-06,-9.643738266163823e-06,-1.1965423326096818e-05,4.357407002055537e-06
intruding,-6.758156667650127e-06,-1.173561085338378e-05,-1.2816040009493688e-05,-1.0806638821821616e-05,2.4031576469201507e-08
invalid,-7.701796971080249e-06,-1.3302071444386432e-05,-2.118298283289607e-05,-1.3966243667950595e-05,-3.9096045353798374e-05
investigate,-1.2435784178508221e-05,-2.195124262100755e-05,-3.6012252040839175e-05,7.039785686813126e-05,6.301708256829346e-06
investigating,-7.701796971080249e-06,-1.3302071444386432e-05,-2.118298283289607e-05,-1.3966243667950595e-05,-3.9096045353798374e-05
investigation,-1.2303505152122766e-05,-2.1790803198492172e-05,-3.822255588975783e-05,7.117572778448315e-05,-1.695021890238988e-05
investment,-9.260811473136898e-06,-1.6652504432408217e-05,-3.465533999120868e-05,0.00014786839378884208,5.6998877024992504e-06
invisibility,-1.0310919426322938e-05,-2.2826063759448474e-05,0.00010879576173084651,1.4648052819501154e-05,-3.167533546792437e-05
invitation,-4.247818152002935e-05,-8.808399805426576e-05,0.00029019961717602414,2.1982964830625927e-05,-0.00011523881438155641
invite,-1.4262454996421416e-05,-2.543991777709672e-05,-4.126380029357888e-05,3.8606807660063824e-05,-2.7252473915449004e-05
invited,-2.1650275199211097e-05,-4.544821402278213e-05,0.00014183751011260175,-7.35823658492785e-06,-9.700317105968273e-05
invoke,-6.933013497566917e-06,-1.126901311688474e-05,-1.567677891901629e-05,-5.3955815789465e-06,4.849045299734206e-07
involved,-1.213644154962799e-05,-2.448696951672978e-05,7.120472599869694e-05,3.6490550348550413e-06,-2.2508276567880185e-05
iodine,-7.928414555517577e-06,-1.3576932814117509e-05,-1.7396337793241638e-05,-1.529887540016259e-05,7.386564149086249e-07
iq,-6.148609829199116e-06,-1.0383340289635737e-05,-1.2227400575356544e-05,-9.699178155078256e-06,1.1494490171502262e-06
iron,-4.513941767043863e-05,-7.979311399427267e-05,-0.0001006531862838815,-8.293191135211877e-05,-2.2490598960531194e-05
ironclad,-4.115492097238796e-06,-7.376959731791849e-06,-9.643738266163823e-06,-1.1965423326096818e-05,4.357407002055537e-06
ironic,-1.037970047536287e-05,-1.7667118513686998e-05,-2.1843077260020783e-05,-1.8432326412120574e-05,1.3921954182273158e-06
irony,-7.928414555517577e-06,-1.3576932814117509e-05,-1.7396337793241638e-05,-1.529887540016259e-05,7.386564149086249e-07
irrational,-5.642427208804352e-06,-9.974139249283243e-06,-1.2581648285484126e-05,-1.036648891901398e-05,-2.8113248700661777e-06
irrefutable,-4.115492097238796e-06,-7.376959731791849e-06,-9.643738266163823e-06,-1.1965423326096818e-05,4.357407002055537e-06
is,-0.0,0.0,0.0,0.0,0.0
ishibiya,-9.027883534087726e-05,-0.00015958622798854533,-0.000201306372567763,-0.00016586382270423753,-4.498119792106239e-05
island,-9.314301810886368e-05,-0.00016546644279035215,-0.00027249188580191774,0.0004998545824577254,6.71454615741497e-05
islands,-1.1181180748925017e-05,-1.918802143790596e-05,-2.578091001412925e-05,-2.162385549193091e-05,6.783416738634422e-06
isn,-8.061699173984484e-05,-0.00017537286950740553,0.0007576860344257902,7.001963836962929e-05,-4.489903039289948e-05
issued,-6.933013497566917e-06,-1.126901311688474e-05,-1.567677891901629e-05,-5.3955815789465e-06,4.849045299734206e-07
ist,-7.928414555517577e-06,-1.3576932814117509e-05,-1.7396337793241638e-05,-1.529887540016259e-05,7.386564149086249e-07
istria,-6.933013497566917e-06,-1.126901311688474e-05,-1.567677891901629e-05,-5.3955815789465e-06,4.849045299734206e-07
it,-0.0,0.0,0.0,0.0,0.0
itadakimasu,-7.60707982125368e-05,0.00018330243615656376,-6.742714115510598e-07,-9.987324238349673e-06,1.1033411387659505e-06
italian,-3.651838451507935e-05,-5.9866230091706795e-05,-8.218287911084116e-05,-3.515124040560626e-05,2.6899161348117385e-06
italians,-7.928414555517577e-06,-1.3576932814117509e-05,-1.7396337793241638e-05,-1.529887540016259e-05,7.386564149086249e-07
italy,-6.933013497566917e-06,-1.126901311688474e-05,-1.567677891901629e-05,-5.3955815789465e-06,4.849045299734206e-07
itashimasu,-0.0002726116308194988,0.000808088285727735,7.06210482489251e-05,1.7560426194386367e-05,-2.407616556222428e-06
itches,-1.1991314478700102e-05,-1.919711303963962e-05,-2.8112479443661385e-05,-3.0208678337733182e-05,7.956372495121113e-06
itemitem,-1.1991314478700102e-05,-1.919711303963962e-05,-2.8112479443661385e-05,-3.0208678337733182e-05,7.956372495121113e-06
items,-4.796525791480438e-05,-7.678845215856489e-05,-0.00011244991777465495,-0.00012083471335094269,3.182548998048709e-05
its,-4.682998492429692e-05,-8.091007306886274e-05,-0.00010528646586967577,-9.108217578956694e-05,-6.548281840696472e-05
itself,-2.8044549749685358e-05,-5.0119351821739763e-05,-8.057762093289192e-05,8.373123655891009e-05,-6.280113098998147e-05
iv,-8.230984194477592e-06,-1.4753919463583698e-05,-1.9287476532327646e-05,-2.3930846652193635e-05,8.714814004111074e-06
ja4ll,0.0005391680872013928,0.00013317508963693234,3.172936181243667e-05,9.407910530525515e-06,-1.1788226260618168e-06
jackpot,-4.115492097238796e-06,-7.376959731791849e-06,-9.643738266163823e-06,-1.1965423326096818e-05,4.357407002055537e-06
jacks,-6.148609829199116e-06,-1.0383340289635737e-05,-1.2227400575356544e-05,-9.699178155078256e-06,1.1494490171502262e-06
jail,-4.115492097238796e-06,-7.376959731791849e-06,-9.643738266163823e-06,-1.1965423326096818e-05,4.357407002055537e-06
jammed,-2.0799040492703234e-05,-3.380703935065825e-05,-4.703033675705444e-05,-1.6186744736841448e-05,1.45471358992044e-06
jamming,-9.260811473136898e-06,-1.6652504432408217e-05,-3.465533999120868e-05,0.00014786839378884208,5.6998877024992504e-06
janin,-6.933013497566917e-06,-1.126901311688474e-05,-1.567677891901629e-05,-5.3955815789465e-06,4.849045299734206e-07
japan,-6.730200289567254e-05,-0.00011426457745830536,-0.00014900072739400922,-0.00013508071191541937,1.1313121468501327e-05
japanese,-8.000692419339814e-05,-0.00013614135660483065,-0.00017586313763746873,-0.00015724630386237384,1.1782582899215542e-05
jasfa,-9.260811473136898e-06,-1.6652504432408217e-05,-3.465533999120868e-05,0.00014786839378884208,5.6998877024992504e-06
jaunt,-7.928414555517577e-06,-1.3576932814117509e-05,-1.7396337793241638e-05,-1.529887540016259e-05,7.386564149086249e-07
jealous,-6.758156667650127e-06,-1.173561085338378e-05,-1.2816040009493688e-05,-1.0806638821821616e-05,2.4031576469201507e-08
jeez,-6.148609829199116e-06,-1.0383340289635737e-05,-1.2227400575356544e-05,-9.699178155078256e-06,1.1494490171502262e-06
jeff,-4.0548940005906845e-05,-7.041366512031321e-05,-7.68962400569736e-05,-6.483983293093946e-05,1.441894588151558e-07
jelly,-2.3982628957401547e-05,-3.83942260792814e-05,-5.6224958887326e-05,-6.0417356675469624e-05,1.591274499024311e-05
jenkins,-4.124367770529406e-05,-9.130425503779906e-05,0.000435183046923411,5.859221127800794e-05,-0.00012670134187170478
jerk,0.001396912305221671,0.00031795529911066004,4.161679014313538e-05,3.940334487909431e-06,-9.053873779640063e-07
jerks,-8.267534381846718e-06,-1.620368610732571e-05,2.4208694940974476e-05,-1.8435669289962392e-05,0.00011209281574915771
jerky,-4.115492097238796e-06,-7.376959731791849e-06,-9.643738266163823e-06,-1.1965423326096818e-05,4.357407002055537e-06
jerseys,-7.928414555517577e-06,-1.3576932814117509e-05,-1.7396337793241638e-05,-1.529887540016259e-05,7.386564149086249e-07
jewel,-2.8176059504860524e-05,-4.951478993627168e-05,-7.653985244057563e-05,-0.00010915358411658419,-0.00014500793820960292
jeweled,-7.866377977852322e-05,-0.00014386560282022496,-0.00022707425560929985,-0.0003534785908193308,-0.000613851541448104
jibashiri,-2.2569708835218678e-05,-3.989655699713522e-05,-5.032659314193929e-05,-4.1465955676058245e-05,-1.1245299480265316e-05
jiiji,-2.2569708835218678e-05,-3.989655699713522e-05,-5.032659314193929e-05,-4.1465955676058245e-05,-1.1245299480265316e-05
jiisan,-6.148609829199116e-06,-1.0383340289635737e-05,-1.2227400575356544e-05,-9.699178155078256e-06,1.1494490171502262e-06
jiji,-0.00023653548336779426,-0.0004107463798685017,-0.0004485614003323546,-0.0003782323587638209,8.41105176421623e-07
jiko,-5.642427208804352e-06,-9.974139249283243e-06,-1.2581648285484126e-05,-1.036648891901398e-05,-2.8113248700661777e-06
jikobou,-1.1284854417608704e-05,-1.9948278498566486e-05,-2.5163296570968253e-05,-2.073297783802796e-05,-5.6226497401323554e-06
jikobousama,-1.6927281626414306e-05,-2.9922417747851945e-05,-3.7744944856455185e-05,-3.109946675704424e-05,-8.43397461019917e-06
jiro,-0.0003726354841093262,-0.0006381158422635233,-0.0008176278762823576,-0.0007190471438076418,3.4716851500705785e-05
jiru,-3.850898485540707e-05,-6.651035722194218e-05,-0.00010591491416449632,-6.983121833976348e-05,-0.0001954802267690213
jiya,-7.928414555517577e-06,-1.3576932814117509e-05,-1.7396337793241638e-05,-1.529887540016259e-05,7.386564149086249e-07
job,-4.551588475767152e-05,-8.44298928180815e-05,5.762117640210205e-05,-7.045836665201347e-05,0.00028492456467078836
jobs,-1.7581448696682345e-05,-2.9629539624358697e-05,-3.715395754295852e-05,-2.5140912043431253e-05,3.631531264931535e-06
join,-3.0466583088160976e-05,-5.092053494795983e-05,-6.765082182239486e-05,-6.535576189462397e-05,1.1765471696322418e-05
joined,-6.148609829199116e-06,-1.0383340289635737e-05,-1.2227400575356544e-05,-9.699178155078256e-06,1.1494490171502262e-06
joining,-1.3698831553743693e-05,-2.877860421164756e-05,9.807089796909202e-05,-2.7928007655948944e-06,5.9295866476501694e-05
joke,-1.4530580835569701e-05,-2.5875256500175814e-05,-1.820517207473715e-05,5.427633819966403e-05,5.6692135015593756e-05
joking,-4.115492097238796e-06,-7.376959731791849e-06,-9.643738266163823e-06,-1.1965423326096818e-05,4.357407002055537e-06
journey,-2.404290053978155e-05,-4.337506415609582e-05,-4.384163728757067e-05,-6.9739682206639e-05,1.3274497143828563e-06
journeys,-4.115492097238796e-06,-7.376959731791849e-06,-9.643738266163823e-06,-1.1965423326096818e-05,4.357407002055537e-06
joy,-2.5180278357403407e-05,-4.53707474338063e-05,-6.863830041202872e-05,-9.815983398806033e-05,-0.0001503299245173175
joyous,-4.115492097238796e-06,-7.376959731791849e-06,-9.643738266163823e-06,-1.1965423326096818e-05,4.357407002055537e-06
judgment,-1.2346476291717726e-05,-2.213087919537796e-05,-2.8931214798494673e-05,-3.589626997829423e-05,1.3072221006167883e-05
julie,-6.148609829199116e-06,-1.0383340289635737e-05,-1.2227400575356544e-05,-9.699178155078256e-06,1.1494490171502262e-06
july,-1.3953862032410447e-05,-2.246421228713087e-05,-3.228803001409988e-05,-2.6252817604222175e-05,6.224179539333688e-06
jump,5.153607945913456e-05,-1.6020058451994407e-05,-4.073613306787191e-05,1.0793375182360424e-05,8.05866785034094e-07
jumped,-9.087054360649962e-05,0.00026936276190924494,2.3540349416308355e-05,5.8534753981287895e-06,-8.025388520741435e-07
jumping,-6.148609829199116e-06,-1.0383340289635737e-05,-1.2227400575356544e-05,-9.699178155078256e-06,1.1494490171502262e-06
junior,-6.148609829199116e-06,-1.0383340289635737e-05,-1.2227400575356544e-05,-9.699178155078256e-06,1.1494490171502262e-06
junkers,-5.549890188862307e-05,-9.503852969882264e-05,-0.00012177436455269154,-0.00010709212780113815,5.170594904360354e-06
just,-0.0,0.0,0.0,0.0,0.0
justice,-4.115492097238796e-06,-7.376959731791849e-06,-9.643738266163823e-06,-1.1965423326096818e-05,4.357407002055537e-06
justified,-7.928414555517577e-06,-1.3576932814117509e-05,-1.7396337793241638e-05,-1.529887540016259e-05,7.386564149086249e-07
juvenile,-1.3516313335301455e-05,-2.347122170676966e-05,-2.5632080018989662e-05,-2.1613277643645184e-05,4.8063152938380925e-08
kaguya,-0.00020977007940939789,-0.00038364160752060456,-0.0006055313482914734,-0.0009426095755182267,-0.0016369374438616297
kaisei,-2.3982628957401547e-05,-3.83942260792814e-05,-5.6224958887326e-05,-6.0417356675469624e-05,1.591274499024311e-05
kako,-6.148609829199116e-06,-1.0383340289635737e-05,-1.2227400575356544e-05,-9.699178155078256e-06,1.1494490171502262e-06
kakochan,-6.148609829199116e-06,-1.0383340289635737e-05,-1.2227400575356544e-05,-9.699178155078256e-06,1.1494490171502262e-06
kamaji,-8.267534381847395e-05,-0.00016203686107327025,0.00024208694940976443,-0.00018435669289963908,0.0011209281574916688
kamikaze,-1.4910921329285069e-05,-2.5033809602220316e-05,-3.495037957811386e-05,-3.9919803924189915e-05,1.2292507116691056e-05
kanchan,-9.087054360649962e-05,0.00026936276190924494,2.3540349416308355e-05,5.8534753981287895e-06,-8.025388520741435e-07
kanta,-0.0008178348924584959,0.002424264857183205,0.0002118631447467753,5.268127858315909e-05,-7.222849668667319e-06
karikiya,-1.3516313335301455e-05,-2.347122170676966e-05,-2.5632080018989662e-05,-2.1613277643645184e-05,4.8063152938380925e-08
kaya,-1.6927281626414306e-05,-2.9922417747851945e-05,-3.7744944856455185e-05,-3.109946675704424e-05,-8.43397461019917e-06
kayo,-3.964207277758784e-05,-6.788466407058753e-05,-8.698168896620818e-05,-7.649437700081295e-05,3.69328207454306e-06
kayosan,0.00026958404360068357,6.658754481846307e-05,1.5864680906217585e-05,4.703955265262531e-06,-5.894113130308773e-07
kazuo,-1.8445829487598546e-05,-3.115002086890924e-05,-3.668220172607203e-05,-2.909753446523663e-05,3.4483470514509546e-06
keep,-0.0,0.0,0.0,0.0,0.0
keeper,-9.087054360649962e-05,0.00026936276190924494,2.3540349416308355e-05,5.8534753981287895e-06,-8.025388520741435e-07
keeping,-5.642427208804352e-06,-9.974139249283243e-06,-1.2581648285484126e-05,-1.036648891901398e-05,-2.8113248700661777e-06
keeps,0.00035258050804099915,2.9097784551614185e-05,0.0002430027303555727,5.649839125117631e-06,4.9573430955548694e-05
keepsake,-2.3982628957401547e-05,-3.83942260792814e-05,-5.6224958887326e-05,-6.0417356675469624e-05,1.591274499024311e-05
kenchan,-1.1991314478700102e-05,-1.919711303963962e-05,-2.8112479443661385e-05,-3.0208678337733182e-05,7.956372495121113e-06
kept,-1.6770998338978872e-05,-3.130678306047245e-05,1.4462940095227648e-05,-2.2519351481198553e-05,-8.057211921956957e-06
kerpow,-6.148609829199116e-06,-1.0383340289635737e-05,-1.2227400575356544e-05,-9.699178155078256e-06,1.1494490171502262e-06
kettle,-2.0621838852645876e-05,-4.565212751889695e-05,0.00021759152346169302,2.929610563900231e-05,-6.335067093584874e-05
ketto,-3.379078333825543e-05,-5.867805426692726e-05,-6.408020004747756e-05,-5.4033194109115855e-05,1.2015788234592622e-07
key,-4.115492097238796e-06,-7.376959731791849e-06,-9.643738266163823e-06,-1.1965423326096818e-05,4.357407002055537e-06
keys,-8.267534381846718e-06,-1.620368610732571e-05,2.4208694940974476e-05,-1.8435669289962392e-05,0.00011209281574915771
khindall,-1.1991314478700102e-05,-1.919711303963962e-05,-2.8112479443661385e-05,-3.0208678337733182e-05,7.956372495121113e-06
kick,-2.0577460486196652e-05,-3.688479865896407e-05,-4.821869133082546e-05,-5.9827116630491785e-05,2.178703501028033e-05
kicking,-6.758156667650127e-06,-1.173561085338378e-05,-1.2816040009493688e-05,-1.0806638821821616e-05,2.4031576469201507e-08
kickoff,-6.758156667650127e-06,-1.173561085338378e-05,-1.2816040009493688e-05,-1.0806638821821616e-05,2.4031576469201507e-08
kid,-8.950489534296522e-05,0.00018164465392539792,-2.273950715582307e-05,-3.761446272352323e-05,-1.1904231524571416e-05
kidding,-1.3627927110948827e-05,-2.5368549027857298e-05,2.0871777003611443e-05,-1.1071705517466864e-05,-1.1277459499986321e-05
kidnap,-9.260811473136898e-06,-1.6652504432408217e-05,-3.465533999120868e-05,0.00014786839378884208,5.6998877024992504e-06
kidnapped,-1.799499315486271e-05,-3.064047442251682e-05,-5.089480196946931e-05,7.186115558197217e-05,-1.892759483586503e-05
kidnapping,-9.260811473136898e-06,-1.6652504432408217e-05,-3.465533999120868e-05,0.00014786839378884208,5.6998877024992504e-06
kids,-7.450852241899437e-05,0.0001424683393670895,-2.9367361703352344e-05,3.5587324574109014e-05,-7.350234761757716e-06
kiki,-0.0003581823033855159,-0.000621987375229444,-0.0006792501205032782,-0.0005727518575566423,1.2736735528653877e-06
kill,-7.460618407848363e-05,-0.00013190583135498697,-0.00017019748054411128,-2.129083920562501e-05,-9.460594054878853e-05
killed,-2.5577717901211652e-05,-4.620473500491437e-05,-1.5467289837728544e-05,-3.995150955046995e-05,-1.9043516442598214e-05
killer,0.0005391680872013928,0.00013317508963693234,3.172936181243667e-05,9.407910530525515e-06,-1.1788226260618168e-06
killing,-2.1959750112881024e-05,-4.0838990755664085e-05,3.1383235639051946e-06,5.404516675984375e-05,-5.211750444149333e-05
kilo,-1.1991314478700102e-05,-1.919711303963962e-05,-2.8112479443661385e-05,-3.0208678337733182e-05,7.956372495121113e-06
kilometers,-1.5856829111035153e-05,-2.7153865628235018e-05,-3.4792675586483276e-05,-3.059775080032518e-05,1.4773128298172499e-06
kilos,-7.928414555517577e-06,-1.3576932814117509e-05,-1.7396337793241638e-05,-1.529887540016259e-05,7.386564149086249e-07
kimono,-3.3278250317270115e-05,-5.5069034836881844e-05,-7.823044246211675e-05,-8.714783078269897e-05,-2.4537846597848007e-05
kimonos,-6.148609829199116e-06,-1.0383340289635737e-05,-1.2227400575356544e-05,-9.699178155078256e-06,1.1494490171502262e-06
kinchô,-5.761688936135121e-05,-0.00010327743624510042,-0.00013501233572631253,-0.00016751592656537878,6.1003698028785765e-05
kind,-2.241456752337607e-05,-4.2423401986058566e-05,4.300478327092278e-05,1.0643682416467257e-05,-3.680745896686086e-05
kinda,-1.3671881256093066e-05,-2.7709618102797706e-05,6.599897570915078e-05,-6.844672348690393e-06,-1.6929951177131016e-05
kindness,-7.928414555517577e-06,-1.3576932814117509e-05,-1.7396337793241638e-05,-1.529887540016259e-05,7.386564149086249e-07
kinds,-9.516810277618436e-06,-1.630941890979553e-05,-1.846579255950825e-05,-1.5119973682359797e-05,8.652664613300786e-07
king,-8.23544817173521e-05,-0.00016708187916079307,0.00040074705494027305,0.00039387519164126765,-0.00014995822469624287
kingdom,-3.4500324017437255e-05,-7.05143416254166e-05,0.00021500742097367375,9.84097989234098e-06,-6.897817270341948e-05
kingsbury,-2.0621838852645876e-05,-4.565212751889695e-05,0.00021759152346169302,2.929610563900231e-05,-6.335067093584874e-05
kinu,-4.757048733310553e-05,-8.146159688470517e-05,-0.00010437802675944997,-9.179325240097559e-05,4.431938489451879e-06
kiss,0.0001132743527061283,1.887956382194127e-06,7.758231652337524e-05,-1.3996440057577466e-05,9.317348760340562e-05
kisses,0.00026958404360068357,6.658754481846307e-05,1.5864680906217585e-05,4.703955265262531e-06,-5.894113130308773e-07
kissing,-6.933013497566917e-06,-1.126901311688474e-05,-1.567677891901629e-05,-5.3955815789465e-06,4.849045299734206e-07
kitchen,-1.4807340858348497e-05,-2.523179990958152e-05,-4.2267374685666954e-05,6.169485078374785e-05,1.0514763736131201e-05
kite,-1.2507387223325423e-05,-2.208702045051797e-05,-4.117241329709614e-05,9.873281265115046e-05,-2.4624672372158777e-05
kiyo,-7.195006337380369e-06,-1.2793840901311246e-05,-1.6387899107835544e-05,-1.6466445877440998e-05,1.1400043788932677e-06
klutz,-8.267534381846718e-06,-1.620368610732571e-05,2.4208694940974476e-05,-1.8435669289962392e-05,0.00011209281574915771
knees,9.244447275086032e-05,3.659142208762875e-06,-3.155541097187208e-05,3.664847572355469e-05,-3.968040940966074e-05
knew,1.9422701225489622e-05,-1.8822808989176708e-05,-2.1535562033141632e-07,-4.131536298515127e-06,3.715952775928734e-05
knife,-1.364938224915921e-05,-2.3883179492304153e-05,-3.82833823348932e-05,5.4038284361763743e-05,-1.6642081105811003e-05
knight,-2.3785243666552766e-05,-4.073079844235258e-05,-5.2189013379724986e-05,-4.5896626200487794e-05,2.2159692447259397e-06
knit,-2.4802603145541846e-05,-4.861105832198044e-05,7.262608482292834e-05,-5.530700786989098e-05,0.00033627844724749606
knock,-1.3328131019688522e-05,-2.3737689817907924e-05,-1.4139603581491372e-05,-2.7062675546060226e-05,3.091611241156651e-05
knocked,-4.115492097238796e-06,-7.376959731791849e-06,-9.643738266163823e-06,-1.1965423326096818e-05,4.357407002055537e-06
knots,-4.530024240562289e-05,-7.66841704623663e-05,-0.00010008174701309563,-7.564066651027045e-05,3.982981067160891e-06
knotted,-9.260811473136898e-06,-1.6652504432408217e-05,-3.465533999120868e-05,0.00014786839378884208,5.6998877024992504e-06
know,-0.0,0.0,0.0,0.0,0.0
knowing,0.00011576663433852226,7.802299755247588e-06,4.265349623961223e-05,-6.335545205926747e-06,-1.5916717205080544e-05
knowledge,-6.148609829199116e-06,-1.0383340289635737e-05,-1.2227400575356544e-05,-9.699178155078256e-06,1.1494490171502262e-06
known,-1.795359777622708e-05,-3.164699672494373e-05,-3.148648680629233e-05,-3.9081436880246187e-05,3.7716139432353382e-06
knows,-1.9066494536653385e-05,-3.5330478805512066e-05,-8.60582213724543e-06,1.4727593803258756e-05,-5.238660466795144e-05
kobayashisan,-6.148609829199116e-06,-1.0383340289635737e-05,-1.2227400575356544e-05,-9.699178155078256e-06,1.1494490171502262e-06
kobutori,-6.148609829199116e-06,-1.0383340289635737e-05,-1.2227400575356544e-05,-9.699178155078256e-06,1.1494490171502262e-06
kodama,-1.1284854417608704e-05,-1.9948278498566486e-05,-2.5163296570968253e-05,-2.073297783802796e-05,-5.6226497401323554e-06
koganei,0.00026958404360068357,6.658754481846307e-05,1.5864680906217585e-05,4.703955265262531e-06,-5.894113130308773e-07
kohaku,-3.307013752738858e-05,-6.481474442930618e-05,9.683477976390271e-05,-7.374267715985326e-05,0.0004483712629966536
koharu,-8.230984194477592e-06,-1.4753919463583698e-05,-1.9287476532327646e-05,-2.3930846652193635e-05,8.714814004111074e-06
kohkaido,-1.1991314478700102e-05,-1.919711303963962e-05,-2.8112479443661385e-05,-3.0208678337733182e-05,7.956372495121113e-06
koi,-1.1991314478700102e-05,-1.919711303963962e-05,-2.8112479443661385e-05,-3.0208678337733182e-05,7.956372495121113e-06
koichi,0.002965424479607751,0.0007324629930031517,0.0001745114899684071,5.1743507917891905e-05,-6.483524443340068e-06
koinobori,-1.1991314478700102e-05,-1.919711303963962e-05,-2.8112479443661385e-05,-3.0208678337733182e-05,7.956372495121113e-06
koisan,-3.5973943436102904e-05,-5.7591339118923045e-05,-8.433743833099065e-05,-9.062603501320563e-05,2.3869117485365062e-05
kokiri,-6.758156667650127e-06,-1.173561085338378e-05,-1.2816040009493688e-05,-1.0806638821821616e-05,2.4031576469201507e-08
kopori,-1.3516313335301455e-05,-2.347122170676966e-05,-2.5632080018989662e-05,-2.1613277643645184e-05,4.8063152938380925e-08
koto,-2.622125992617345e-05,-4.7955200940073226e-05,-7.569141853643049e-05,-0.00011782619693977263,-0.00020461718048269366
kouroku,-4.513941767043863e-05,-7.979311399427267e-05,-0.0001006531862838815,-8.293191135211877e-05,-2.2490598960531194e-05
kuh,-6.148609829199116e-06,-1.0383340289635737e-05,-1.2227400575356544e-05,-9.699178155078256e-06,1.1494490171502262e-06
kumamoto,-8.230984194477592e-06,-1.4753919463583698e-05,-1.9287476532327646e-05,-2.3930846652193635e-05,8.714814004111074e-06
kumikochan,0.0010783361744028117,0.00026635017927387113,6.345872362487487e-05,1.8815821061051473e-05,-2.3576452521236655e-06
kuramochi,-3.496167990156509e-05,-6.394026792009854e-05,-0.00010092189138190876,-0.000157101595919699,-0.00027282290731026206
kuro,-9.087054360649962e-05,0.00026936276190924494,2.3540349416308355e-05,5.8534753981287895e-06,-8.025388520741435e-07
kurokawa,-8.721256011069348e-05,-0.0001493462609552928,-0.0001913597157256583,-0.00016828762940178848,8.125220563995054e-06
kurokawas,-7.928414555517577e-06,-1.3576932814117509e-05,-1.7396337793241638e-05,-1.529887540016259e-05,7.386564149086249e-07
kurosuke,-0.0008178348924584959,0.002424264857183205,0.0002118631447467753,5.268127858315909e-05,-7.222849668667319e-06
kurotawa,-2.310539091324365e-05,-3.9906214333164295e-05,-6.354894849869618e-05,-4.1898731003857047e-05,-0.00011728813606140987
kusakabe,-0.00045435271803249803,0.0013468138095462249,0.00011770174708154188,2.9267376990643926e-05,-4.012694260370753e-06
kushana,-2.310539091324365e-05,-3.9906214333164295e-05,-6.354894849869618e-05,-4.1898731003857047e-05,-0.00011728813606140987
l,-0.00023599133933557267,-0.00043159680846068053,-0.0006812227668279082,-0.001060435772458006,-0.0018415546243443347
la,-1.8521622946275386e-05,-3.330500886481932e-05,-6.931067998242342e-05,0.0002957367875777097,1.1399775404999465e-05
labelle,-4.115492097238796e-06,-7.376959731791849e-06,-9.643738266163823e-06,-1.1965423326096818e-05,4.357407002055537e-06
labor,-1.2101920644319414e-05,-2.0751726269108426e-05,-2.5142573893586693e-05,-2.3126097497782426e-05,4.908029613491455e-06
lack,-1.1551000396314419e-05,-2.0214495899088123e-05,-2.9507135382711813e-05,-3.3059254349126664e-05,-3.698588044077065e-05
lacquer,-1.7480839950781815e-05,-3.197013396004792e-05,-5.046094569095228e-05,-7.85507979598462e-05,-0.00013641145365512534
lad,-6.758156667650127e-06,-1.173561085338378e-05,-1.2816040009493688e-05,-1.0806638821821616e-05,2.4031576469201507e-08
ladies,0.0001441633759465946,1.6381510479578833e-05,-2.3768305345672375e-05,-2.6478622505504497e-05,-3.959034563608015e-05
lady,-0.00012609544058805183,-0.00025128258626887093,0.0005352447606515757,-8.514706301130856e-05,-0.00041362851615238486
lag,-5.642427208804352e-06,-9.974139249283243e-06,-1.2581648285484126e-05,-1.036648891901398e-05,-2.8113248700661777e-06
lake,-2.58467309055262e-05,-4.678781409696762e-05,2.8162239895668763e-06,-2.4482847467436705e-05,-3.847302514615486e-05
lalalala,-1.0310919426322938e-05,-2.2826063759448474e-05,0.00010879576173084651,1.4648052819501154e-05,-3.167533546792437e-05
lamps,-8.267534381846718e-06,-1.620368610732571e-05,2.4208694940974476e-05,-1.8435669289962392e-05,0.00011209281574915771
lan,-3.5973943436102904e-05,-5.7591339118923045e-05,-8.433743833099065e-05,-9.062603501320563e-05,2.3869117485365062e-05
land,1.547733335644277e-05,-4.268028625404682e-05,-5.3657464485338665e-05,-5.722604133027498e-05,-0.00011088452614418492
landed,-1.4010267783399926e-05,-2.6751846139972113e-05,4.687365773570156e-05,-9.071836812724675e-07,-1.8192149447378888e-05
landing,-1.3866026995135076e-05,-2.253802623377149e-05,-3.135355783803537e-05,-1.0791163157893955e-05,9.698090599469093e-07
landings,-6.933013497566917e-06,-1.126901311688474e-05,-1.567677891901629e-05,-5.3955815789465e-06,4.849045299734206e-07
landlady,-1.0310919426322938e-05,-2.2826063759448474e-05,0.00010879576173084651,1.4648052819501154e-05,-3.167533546792437e-05
landlord,-7.928414555517577e-06,-1.3576932814117509e-05,-1.7396337793241638e-05,-1.529887540016259e-05,7.386564149086249e-07
landowner,-4.115492097238796e-06,-7.376959731791849e-06,-9.643738266163823e-06,-1.1965423326096818e-05,4.357407002055537e-06
lands,-2.5483586610108358e-05,-4.3572745077974425e-05,-5.783708664224393e-05,-5.284932471610837e-05,-2.425091841724245e-06
landslides,-4.115492097238796e-06,-7.376959731791849e-06,-9.643738266163823e-06,-1.1965423326096818e-05,4.357407002055537e-06
lapis,-8.740419975390173e-06,-1.5985066980022623e-05,-2.5230472845474032e-05,-3.9275398979919814e-05,-6.820572682755698e-05
laputa,-0.00048156219660318647,-0.0008659302304853494,-0.001802077679543103,0.007689156477020857,0.00029639416053000336
laputan,-1.8521622946275386e-05,-3.330500886481932e-05,-6.931067998242342e-05,0.0002957367875777097,1.1399775404999465e-05
large,-2.5270231144823642e-05,-4.2896457151178855e-05,-5.923858255571415e-05,-5.6459212141444544e-05,-8.647134441559902e-06
largest,-4.115492097238796e-06,-7.376959731791849e-06,-9.643738266163823e-06,-1.1965423326096818e-05,4.357407002055537e-06
larva,-1.0212603894110267e-05,-1.7464449354917222e-05,-2.463516174066153e-05,-1.7449709784751765e-05,-2.7979940452585346e-05
last,-5.157746307798983e-06,-9.038362848121265e-06,-5.586073447146056e-06,1.1197404798479622e-06,-3.2952103314973397e-06
lastelle,-3.080718788432536e-05,-5.320828577755322e-05,-8.473193133159626e-05,-5.586497467181023e-05,-0.00015638418141521556
late,-8.42749466820131e-07,2.5370221200257502e-05,6.69913850658395e-07,-3.00434293259867e-05,-2.4985387834801592e-05
lately,-1.2635686492071253e-05,-2.2241709226665826e-05,-2.9345402907198325e-05,-3.489491366066993e-05,-3.912741498104869e-05
later,-0.0,0.0,0.0,0.0,0.0
latest,-1.5856829111035153e-05,-2.7153865628235018e-05,-3.4792675586483276e-05,-3.059775080032518e-05,1.4773128298172499e-06
lathe,-8.740419975390173e-06,-1.5985066980022623e-05,-2.5230472845474032e-05,-3.9275398979919814e-05,-6.820572682755698e-05
latobarita,-4.630405736569085e-05,-8.326252216205257e-05,-0.0001732766999560675,0.0007393419689443126,2.8499438512500298e-05
laugh,-7.749644111948799e-05,0.00011332939358154944,-5.4319103763648904e-05,-9.143454800640244e-05,-0.00015943495736811002
laughable,-8.740419975390173e-06,-1.5985066980022623e-05,-2.5230472845474032e-05,-3.9275398979919814e-05,-6.820572682755698e-05
laughed,-1.0978433049259357e-05,-1.944275736061192e-05,-2.7619580383368495e-05,-3.611142722184957e-05,-4.9443977622182136e-05
laughing,-0.00011298202488075219,0.0003023890923533702,9.487614806371099e-06,-8.303113873224884e-06,-2.121420271535235e-05
laughingly,-1.1991314478700102e-05,-1.919711303963962e-05,-2.8112479443661385e-05,-3.0208678337733182e-05,7.956372495121113e-06
laughs,-8.785603667946592e-05,-0.00015256294109401413,-0.00016660852012344518,-0.0001404863046837043,3.124104940992218e-07
laughter,-2.0274470002952776e-05,-3.520683256015552e-05,-3.844812002848561e-05,-3.241991646546873e-05,7.209472940754867e-08
launch,-9.863023657099817e-06,-1.771813657427938e-05,-3.2663945950495874e-05,0.0001002081184605237,7.415750926671262e-06
launches,-7.701796971080249e-06,-1.3302071444386432e-05,-2.118298283289607e-05,-1.3966243667950595e-05,-3.9096045353798374e-05
laundry,-0.00014921239762572965,0.0003635678980222719,0.00019515618617144665,3.0233622727434556e-05,-4.789515146170896e-05
laura,-6.933013497566917e-06,-1.126901311688474e-05,-1.567677891901629e-05,-5.3955815789465e-06,4.849045299734206e-07
law,-6.933013497566917e-06,-1.126901311688474e-05,-1.567677891901629e-05,-5.3955815789465e-06,4.849045299734206e-07
laws,-9.640604258221709e-06,-1.697821317450855e-05,-2.0454042876624103e-05,-1.9343314782277478e-05,9.164916005327579e-07
lay,-9.645741042459956e-06,-1.5965372851838048e-05,-2.0575159724583076e-05,-1.1130128108385491e-05,1.20509134788528e-06
lazuli,-8.740419975390173e-06,-1.5985066980022623e-05,-2.5230472845474032e-05,-3.9275398979919814e-05,-6.820572682755698e-05
lazy,-2.189580729003723e-05,-4.207432335993764e-05,5.345377316730827e-05,-3.0150694749047027e-05,9.782039664499442e-05
ld,-1.1991314478700102e-05,-1.919711303963962e-05,-2.8112479443661385e-05,-3.0208678337733182e-05,7.956372495121113e-06
le,-2.3785243666552766e-05,-4.073079844235258e-05,-5.2189013379724986e-05,-4.5896626200487794e-05,2.2159692447259397e-06
lead,-2.7696473914348578e-05,-5.457829351895802e-05,0.00010742019144700705,-1.6770981875540208e-05,-4.61820867345428e-06
leader,-7.195006337380369e-06,-1.2793840901311246e-05,-1.6387899107835544e-05,-1.6466445877440998e-05,1.1400043788932677e-06
leading,-1.8327359136720785e-05,-3.2074266362446664e-05,-4.0658450400397394e-05,-3.4211839163118044e-05,-5.674146449334078e-06
leads,-1.1991314478700102e-05,-1.919711303963962e-05,-2.8112479443661385e-05,-3.0208678337733182e-05,7.956372495121113e-06
leaf,-8.88058017037804e-06,-1.545036241150608e-05,-1.9938012655031165e-05,-2.0103343342691335e-05,3.757584729978528e-06
leafs,-4.115492097238796e-06,-7.376959731791849e-06,-9.643738266163823e-06,-1.1965423326096818e-05,4.357407002055537e-06
league,-7.928414555517577e-06,-1.3576932814117509e-05,-1.7396337793241638e-05,-1.529887540016259e-05,7.386564149086249e-07
leagues,-1.5403593942161947e-05,-2.6604142888775358e-05,-4.236596566579612e-05,-2.7932487335903822e-05,-7.81920907076041e-05
leak,-7.928414555517577e-06,-1.3576932814117509e-05,-1.7396337793241638e-05,-1.529887540016259e-05,7.386564149086249e-07
leaks,0.0005391680872013928,0.00013317508963693234,3.172936181243667e-05,9.407910530525515e-06,-1.1788226260618168e-06
lean,-6.758156667650127e-06,-1.173561085338378e-05,-1.2816040009493688e-05,-1.0806638821821616e-05,2.4031576469201507e-08
leaning,-9.087054360649962e-05,0.00026936276190924494,2.3540349416308355e-05,5.8534753981287895e-06,-8.025388520741435e-07
leaping,-8.740419975390173e-06,-1.5985066980022623e-05,-2.5230472845474032e-05,-3.9275398979919814e-05,-6.820572682755698e-05
learn,6.664721442428344e-05,-1.5123926485663852e-05,6.811874480880173e-07,-4.76796254729323e-05,8.965163033233811e-05
learned,-1.1101429735959588e-05,-1.9848254778255775e-05,-3.3201868009883984e-05,7.32769418389865e-05,4.2295474877066905e-06
learning,-8.88058017037804e-06,-1.545036241150608e-05,-1.9938012655031165e-05,-2.0103343342691335e-05,3.757584729978528e-06
least,-4.8093769007535183e-05,3.055286418142389e-06,4.816234331966277e-05,-3.9294358289833613e-05,-7.239709226890955e-05
leave,-0.0,0.0,0.0,0.0,0.0
leaves,-2.456394187433335e-05,-4.259203605372019e-05,-5.79921490520292e-05,-6.747037567866864e-05,-4.7821173414255735e-05
leaving,7.906798871645827e-06,2.8298695745585206e-06,3.5019489879367815e-07,-2.0365198288579883e-06,-2.2239980012574762e-07
lecture,-1.060280033933457e-05,-1.8534970166927486e-05,-2.3237509288597055e-05,-2.4797114428353213e-05,7.273418925242687e-06
lectures,-7.928414555517577e-06,-1.3576932814117509e-05,-1.7396337793241638e-05,-1.529887540016259e-05,7.386564149086249e-07
led,-2.072948482772826e-05,-3.987848874845518e-05,2.626132404468277e-05,-4.2312601592054476e-05,-4.812775442256466e-05
lee,-6.933013497566917e-06,-1.126901311688474e-05,-1.567677891901629e-05,-5.3955815789465e-06,4.849045299734206e-07
leete,-6.482568031196623e-05,-0.00011656753102687185,-0.000242587379938491,0.0010350787565220222,3.989921391749972e-05
leeward,0.00026958404360068357,6.658754481846307e-05,1.5864680906217585e-05,4.703955265262531e-06,-5.894113130308773e-07
left,-2.4109318776414827e-05,-4.206345018874454e-05,-4.161562927298365e-05,-2.174293969528601e-06,-1.320483180401731e-05
leftovers,-8.267534381846718e-06,-1.620368610732571e-05,2.4208694940974476e-05,-1.8435669289962392e-05,0.00011209281574915771
leg,-1.3285448268321038e-05,-2.3800601963833824e-05,-8.543046291796691e-06,-2.5539010554666615e-05,5.277231074835228e-05
legend,-1.7817373617231864e-05,-3.191189998512633e-05,-6.038334632522584e-05,0.00021041792240255572,6.3326979952428985e-06
legs,0.00018956787633892972,1.1211053154062632e-05,8.795377548247097e-05,-9.409164366214754e-06,2.028482688118402e-05
lem,-1.213644154962799e-05,-2.448696951672978e-05,7.120472599869694e-05,3.6490550348550413e-06,-2.2508276567880185e-05
lemon,-6.148609829199116e-06,-1.0383340289635737e-05,-1.2227400575356544e-05,-9.699178155078256e-06,1.1494490171502262e-06
lend,-6.195289961985197e-05,9.252136177975919e-05,3.284620834935507e-05,-1.5081754707963028e-05,-2.074402345058697e-05
lending,-4.115492097238796e-06,-7.376959731791849e-06,-9.643738266163823e-06,-1.1965423326096818e-05,4.357407002055537e-06
lenient,-1.0212603894110267e-05,-1.7464449354917222e-05,-2.463516174066153e-05,-1.7449709784751765e-05,-2.7979940452585346e-05
lent,-6.028042453602553e-05,0.00014455762276624373,-1.0841479011846053e-06,-8.94223941842052e-06,-2.0954221284149078e-06
less,-8.230984194477592e-06,-1.4753919463583698e-05,-1.9287476532327646e-05,-2.3930846652193635e-05,8.714814004111074e-06
lesser,-4.115492097238796e-06,-7.376959731791849e-06,-9.643738266163823e-06,-1.1965423326096818e-05,4.357407002055537e-06
lesson,-1.5548432767174335e-05,-2.8104810634928687e-05,-3.993614556745048e-05,-5.5427865058369666e-05,-4.065271615243501e-05
lest,-5.642427208804352e-06,-9.974139249283243e-06,-1.2581648285484126e-05,-1.036648891901398e-05,-2.8113248700661777e-06
let,-0.0,0.0,0.0,0.0,0.0
lets,-4.115492097238796e-06,-7.376959731791849e-06,-9.643738266163823e-06,-1.1965423326096818e-05,4.357407002055537e-06
letter,-5.031533707251054e-05,-8.622065502371116e-05,-0.00011245375030621961,-0.00012145941645420518,-3.816593419636855e-05
letters,-1.813679305068212e-05,-3.180851201669874e-05,-4.425809640483654e-05,-5.152099947888148e-05,-4.9202227087467585e-05
lettie,-5.1554597131617015e-05,-0.00011413031879724752,0.0005439788086542575,7.32402640975091e-05,-0.00015837667733962913
lettieshaped,-1.0310919426322938e-05,-2.2826063759448474e-05,0.00010879576173084651,1.4648052819501154e-05,-3.167533546792437e-05
letting,-1.574457336317372e-05,-2.8728712945519133e-05,-1.7898879695010498e-05,-4.601788331368841e-05,2.5320813121743594e-05
level,-1.2346476291717726e-05,-2.213087919537796e-05,-2.8931214798494673e-05,-3.589626997829423e-05,1.3072221006167883e-05
leveled,-4.115492097238796e-06,-7.376959731791849e-06,-9.643738266163823e-06,-1.1965423326096818e-05,4.357407002055537e-06
leveling,-4.115492097238796e-06,-7.376959731791849e-06,-9.643738266163823e-06,-1.1965423326096818e-05,4.357407002055537e-06
lever,-1.745391747590149e-05,-3.156437261432244e-05,-1.3388272011402561e-05,-3.4189581847549593e-05,2.499671537196445e-05
levistone,-0.0001852162294627634,-0.0003330500886482103,-0.00069310679982427,0.0029573678757772504,0.00011399775405000119
li,-0.00023599133933557267,-0.00043159680846068053,-0.0006812227668279082,-0.001060435772458006,-0.0018415546243443347
liar,4.7724488477992165e-05,9.095675947461899e-05,-1.3740186559891717e-05,3.812048233499109e-05,3.434172664324023e-06
liars,-4.115492097238796e-06,-7.376959731791849e-06,-9.643738266163823e-06,-1.1965423326096818e-05,4.357407002055537e-06
license,-7.928414555517577e-06,-1.3576932814117509e-05,-1.7396337793241638e-05,-1.529887540016259e-05,7.386564149086249e-07
lick,0.00018993611858912418,3.494335690690088e-05,-9.030919946356599e-06,-1.8805919416235166e-05,5.432032252977437e-06
licked,0.0005391680872013928,0.00013317508963693234,3.172936181243667e-05,9.407910530525515e-06,-1.1788226260618168e-06
licking,-1.1991314478700102e-05,-1.919711303963962e-05,-2.8112479443661385e-05,-3.0208678337733182e-05,7.956372495121113e-06
lid,-1.1991314478700102e-05,-1.919711303963962e-05,-2.8112479443661385e-05,-3.0208678337733182e-05,7.956372495121113e-06
lie,-7.595427335992537e-05,0.00014346125750780203,-2.7203253785935667e-05,-2.6612968143842834e-05,-2.3419348409360967e-05
lies,-2.1185925609260816e-05,-4.2556106953692075e-05,0.00010313243562199217,-8.974473407499865e-06,-7.650778537290335e-05
life,5.499035158600414e-06,-1.391916417277365e-05,-8.020829833474509e-07,3.892418115606666e-06,-2.464662998361523e-06
lifesaver,-6.148609829199116e-06,-1.0383340289635737e-05,-1.2227400575356544e-05,-9.699178155078256e-06,1.1494490171502262e-06
lifestyle,-8.230984194477592e-06,-1.4753919463583698e-05,-1.9287476532327646e-05,-2.3930846652193635e-05,8.714814004111074e-06
lifetimes,-8.740419975390173e-06,-1.5985066980022623e-05,-2.5230472845474032e-05,-3.9275398979919814e-05,-6.820572682755698e-05
lift,-1.3397308917069202e-05,-2.3148275750042845e-05,-3.686023306928299e-05,7.685490632584472e-05,3.6241546325150614e-06
lifting,-5.642427208804352e-06,-9.974139249283243e-06,-1.2581648285484126e-05,-1.036648891901398e-05,-2.8113248700661777e-06
lifts,-6.103375309244991e-05,0.00014380179150573372,-2.890807643664283e-06,-6.040669424058428e-06,-1.713789573424238e-07
light,9.099651207819877e-05,-4.497060234959328e-05,-0.00010708641414553159,0.00030332502783275266,-3.7794745811470136e-05
lighter,-1.5852486643787943e-05,-2.7376351659578973e-05,-3.493147973429317e-05,-3.0205001203902104e-05,-9.83634398143416e-07
lighthouse,0.00026958404360068357,6.658754481846307e-05,1.5864680906217585e-05,4.703955265262531e-06,-5.894113130308773e-07
lighting,-8.267534381846718e-06,-1.620368610732571e-05,2.4208694940974476e-05,-1.8435669289962392e-05,0.00011209281574915771
lights,0.00045376427735022574,8.385158565844154e-05,4.817822045507714e-06,-2.6980571148816802e-05,-4.064698592752381e-06
like,-0.0,0.0,0.0,0.0,0.0
liked,-2.3126679613789458e-05,-4.055190862292416e-05,-2.189902996004441e-05,-3.971507966177279e-05,6.812754372741342e-05
likes,5.307470331639641e-05,-4.213692551609278e-05,5.434951097893859e-05,-4.250798346936407e-05,-7.906702022538495e-05
liking,-1.355240325447152e-05,-2.6234869756272798e-05,4.8887095528134395e-05,-3.419237485311816e-06,-1.7804247961392837e-05
lily,-1.3516313335301455e-05,-2.347122170676966e-05,-2.5632080018989662e-05,-2.1613277643645184e-05,4.8063152938380925e-08
limit,-4.115492097238796e-06,-7.376959731791849e-06,-9.643738266163823e-06,-1.1965423326096818e-05,4.357407002055537e-06
limits,-7.928414555517577e-06,-1.3576932814117509e-05,-1.7396337793241638e-05,-1.529887540016259e-05,7.386564149086249e-07
lin,-0.00013228055010955765,-0.0002592589777172313,0.000387339119055621,-0.0002949707086394206,0.001793485051986661
line,-1.5372729059010345e-05,-2.85415405740085e-05,1.7750076785957737e-05,-1.3363525480415963e-05,-1.2653097021438468e-05
lines,-1.557070076721949e-05,-2.6387089397618035e-05,-3.328107624735196e-05,-2.3953077681666644e-05,3.375760228995006e-07
lipstick,-6.148609829199116e-06,-1.0383340289635737e-05,-1.2227400575356544e-05,-9.699178155078256e-06,1.1494490171502262e-06
lisa,0.0086266893952226,0.0021308014341909973,0.0005076697889990052,0.00015052656848841376,-1.8861162016989588e-05
lisasan,0.002695840436007042,0.0006658754481846812,0.000158646809062188,4.7039552652628936e-05,-5.894113130309199e-06
listen,5.849506507056376e-05,8.4961326685944e-06,-1.1920275821472422e-05,2.3044281545377112e-05,2.5119486604401512e-05
listening,-1.775290075489337e-05,-3.3157080273085536e-05,2.5247299175789506e-05,-1.548977101035365e-05,-1.5997393222025053e-05
lit,-8.267534381846718e-06,-1.620368610732571e-05,2.4208694940974476e-05,-1.8435669289962392e-05,0.00011209281574915771
literally,-4.115492097238796e-06,-7.376959731791849e-06,-9.643738266163823e-06,-1.1965423326096818e-05,4.357407002055537e-06
litter,-4.115492097238796e-06,-7.376959731791849e-06,-9.643738266163823e-06,-1.1965423326096818e-05,4.357407002055537e-06
little,-0.0,0.0,0.0,0.0,0.0
littlemisswitch,-6.758156667650127e-06,-1.173561085338378e-05,-1.2816040009493688e-05,-1.0806638821821616e-05,2.4031576469201507e-08
live,-1.803488668087654e-05,-8.32710573376841e-06,-7.129734725512018e-06,-5.175545371264183e-06,-1.9026604539626086e-05
lived,-1.7049951791579686e-05,-3.092762935342666e-05,-4.648448598098588e-05,-6.556320282335771e-05,-0.00010265598047896246
livein,-9.260811473136898e-06,-1.6652504432408217e-05,-3.465533999120868e-05,0.00014786839378884208,5.6998877024992504e-06
livelihood,-7.701796971080249e-06,-1.3302071444386432e-05,-2.118298283289607e-05,-1.3966243667950595e-05,-3.9096045353798374e-05
lives,-2.8372428393123088e-05,-5.09742261916674e-05,-1.3278917648553157e-05,-6.302557605580919e-05,0.00013810539985857683
livestock,-1.2297219658398232e-05,-2.0766680579271475e-05,-2.445480115071309e-05,-1.9398356310156513e-05,2.2988980343004523e-06
living,-2.2278193724753134e-05,-4.002860930962215e-05,-2.1423626301457258e-05,-6.382344857685858e-07,-2.1067657952489227e-05
ll,-0.0,0.0,0.0,0.0,0.0
lo,-4.115492097238796e-06,-7.376959731791849e-06,-9.643738266163823e-06,-1.1965423326096818e-05,4.357407002055537e-06
load,-1.1991314478700102e-05,-1.919711303963962e-05,-2.8112479443661385e-05,-3.0208678337733182e-05,7.956372495121113e-06
loaded,-9.13063033200035e-06,-1.73872001735964e-05,1.0739477576333792e-05,-2.241625977582846e-05,8.58646258906266e-05
loading,-7.928414555517577e-06,-1.3576932814117509e-05,-1.7396337793241638e-05,-1.529887540016259e-05,7.386564149086249e-07
loan,-1.3866026995135076e-05,-2.253802623377149e-05,-3.135355783803537e-05,-1.0791163157893955e-05,9.698090599469093e-07
local,-7.195006337380369e-06,-1.2793840901311246e-05,-1.6387899107835544e-05,-1.6466445877440998e-05,1.1400043788932677e-06
locate,-4.115492097238796e-06,-7.376959731791849e-06,-9.643738266163823e-06,-1.1965423326096818e-05,4.357407002055537e-06
located,-5.642427208804352e-06,-9.974139249283243e-06,-1.2581648285484126e-05,-1.036648891901398e-05,-2.8113248700661777e-06
location,-9.863023657099817e-06,-1.771813657427938e-05,-3.2663945950495874e-05,0.0001002081184605237,7.415750926671262e-06
lock,-9.260811473136898e-06,-1.6652504432408217e-05,-3.465533999120868e-05,0.00014786839378884208,5.6998877024992504e-06
locked,-1.0310919426322938e-05,-2.2826063759448474e-05,0.00010879576173084651,1.4648052819501154e-05,-3.167533546792437e-05
lodged,-5.642427208804352e-06,-9.974139249283243e-06,-1.2581648285484126e-05,-1.036648891901398e-05,-2.8113248700661777e-06
loft,-4.115492097238796e-06,-7.376959731791849e-06,-9.643738266163823e-06,-1.1965423326096818e-05,4.357407002055537e-06
logical,-7.928414555517577e-06,-1.3576932814117509e-05,-1.7396337793241638e-05,-1.529887540016259e-05,7.386564149086249e-07
logs,-6.758156667650127e-06,-1.173561085338378e-05,-1.2816040009493688e-05,-1.0806638821821616e-05,2.4031576469201507e-08
loiter,-9.260811473136898e-06,-1.6652504432408217e-05,-3.465533999120868e-05,0.00014786839378884208,5.6998877024992504e-06
loitering,-9.260811473136898e-06,-1.6652504432408217e-05,-3.465533999120868e-05,0.00014786839378884208,5.6998877024992504e-06
lone,-7.701796971080249e-06,-1.3302071444386432e-05,-2.118298283289607e-05,-1.3966243667950595e-05,-3.9096045353798374e-05
lonely,-1.968521944912898e-05,-3.656175310495521e-05,-2.121371413176115e-06,5.586001670358895e-05,0.00013461771506931972
long,-0.0,0.0,0.0,0.0,0.0
longer,-4.112012602338476e-05,1.5724375812853497e-05,3.7040425391016904e-05,-3.498208707475224e-05,2.9644740199962524e-05
longest,-7.701796971080249e-06,-1.3302071444386432e-05,-2.118298283289607e-05,-1.3966243667950595e-05,-3.9096045353798374e-05
longsleeved,-1.2297219658398232e-05,-2.0766680579271475e-05,-2.445480115071309e-05,-1.9398356310156513e-05,2.2988980343004523e-06
look,-0.0,0.0,0.0,0.0,0.0
looked,-1.9482503593747365e-05,-3.530841492534984e-05,-1.251602256788001e-05,3.340288985205501e-05,9.039682375031035e-06
looking,-6.513731676522425e-05,4.5937141424284316e-05,5.753982363999239e-05,-3.973895630398907e-05,4.994656819923544e-05
lookout,0.0003770704488540917,6.136051860715586e-05,-5.326373348251938e-05,0.0003340294139445571,1.1739239131586546e-05
looks,-0.0,0.0,0.0,0.0,0.0
looong,-6.758156667650127e-06,-1.173561085338378e-05,-1.2816040009493688e-05,-1.0806638821821616e-05,2.4031576469201507e-08
looping,-1.3866026995135076e-05,-2.253802623377149e-05,-3.135355783803537e-05,-1.0791163157893955e-05,9.698090599469093e-07
loose,0.00019233316716268478,3.7311760562441296e-05,-6.905871041157442e-06,-2.5491270097440253e-05,-5.072612709514651e-05
loosely,-0.00018174108721299924,0.0005387255238184899,4.708069883261671e-05,1.1706950796257579e-05,-1.605077704148287e-06
lop,-5.642427208804352e-06,-9.974139249283243e-06,-1.2581648285484126e-05,-1.036648891901398e-05,-2.8113248700661777e-06
lord,-0.00016756258672313487,-0.0002955445045803006,-0.00044825980428201827,-0.0004277829760424486,-0.0008099570325537094
lose,1.3287676363682631e-05,-2.9904754105802685e-05,5.868835877857439e-06,1.04565594158167e-05,3.299614996928259e-07
loser,-4.115492097238796e-06,-7.376959731791849e-06,-9.643738266163823e-06,-1.1965423326096818e-05,4.357407002055537e-06
losers,-6.933013497566917e-06,-1.126901311688474e-05,-1.567677891901629e-05,-5.3955815789465e-06,4.849045299734206e-07
losing,-1.4339868926804585e-05,-2.3605400913380153e-05,-3.290428086778808e-05,-2.6833601255222912e-05,3.2862612648310103e-06
lost,-1.1121868730397996e-05,2.92761415483708e-05,-4.711485142283128e-06,-1.4390789057252406e-06,9.194186720889683e-07
lot,-5.5268759030637706e-05,4.5473269223919915e-05,-8.251812484895174e-06,5.435492166644332e-05,-7.192864243293032e-06
lots,0.0003703103891844172,7.168151213582929e-05,-1.0987070446914036e-05,-3.354763068073658e-05,-2.908916593718184e-05
loud,0.00011613548692745853,1.0766672940868688e-05,-2.8338653794860324e-05,5.1220879964922585e-05,-2.972118942554293e-05
loudly,-4.115492097238796e-06,-7.376959731791849e-06,-9.643738266163823e-06,-1.1965423326096818e-05,4.357407002055537e-06
louie,-9.260811473136898e-06,-1.6652504432408217e-05,-3.465533999120868e-05,0.00014786839378884208,5.6998877024992504e-06
love,0.00019827953322283168,4.862209020138178e-05,0.00014380764011196953,1.1618275754145378e-05,7.292187780359163e-08
loved,0.00011019274575950385,4.110221660565731e-08,-3.751688604367618e-05,-5.525994323758662e-05,-6.2264691070949e-05
lovefortunes,-6.758156667650127e-06,-1.173561085338378e-05,-1.2816040009493688e-05,-1.0806638821821616e-05,2.4031576469201507e-08
lovely,0.00011019274575950385,4.110221660565731e-08,-3.751688604367618e-05,-5.525994323758662e-05,-6.2264691070949e-05
lovers,-4.115492097238796e-06,-7.376959731791849e-06,-9.643738266163823e-06,-1.1965423326096818e-05,4.357407002055537e-06
loves,0.0006309581948873938,0.00014288008089872968,1.557963919239978e-05,-3.706214335866921e-06,-1.7659249790636754e-05
low,-2.2755169706460505e-05,-3.872590986163203e-05,-5.883892030134766e-05,6.21531729633163e-05,4.755493707588189e-06
lower,-1.603958918227515e-05,-2.7942094741770382e-05,-4.4067454347115815e-05,7.106079964211346e-05,3.281283831590744e-07
lowest,-6.933013497566917e-06,-1.126901311688474e-05,-1.567677891901629e-05,-5.3955815789465e-06,4.849045299734206e-07
lshitsukuri,-4.370209987695672e-05,-7.992533490012385e-05,-0.00012615236422738697,-0.0001963769948996254,-0.00034102863413783046
lsonokami,-1.7480839950781815e-05,-3.197013396004792e-05,-5.046094569095228e-05,-7.85507979598462e-05,-0.00013641145365512534
lt,-2.3982628957401547e-05,-3.83942260792814e-05,-5.6224958887326e-05,-6.0417356675469624e-05,1.591274499024311e-05
lucid,-7.928414555517577e-06,-1.3576932814117509e-05,-1.7396337793241638e-05,-1.529887540016259e-05,7.386564149086249e-07
luck,0.00020569117888240407,1.3060441536232955e-05,3.501794673699424e-05,7.911914702657582e-05,4.422426924697086e-05
luckily,-1.1991314478700102e-05,-1.919711303963962e-05,-2.8112479443661385e-05,-3.0208678337733182e-05,7.956372495121113e-06
lucky,-2.4064370293385048e-05,-4.2312755394353274e-05,2.1535423106299687e-05,-2.9865472475484483e-05,-8.917743199885037e-06
lucrative,-4.115492097238796e-06,-7.376959731791849e-06,-9.643738266163823e-06,-1.1965423326096818e-05,4.357407002055537e-06
luggage,-7.928414555517577e-06,-1.3576932814117509e-05,-1.7396337793241638e-05,-1.529887540016259e-05,7.386564149086249e-07
luh,-1.2297219658398232e-05,-2.0766680579271475e-05,-2.445480115071309e-05,-1.9398356310156513e-05,2.2988980343004523e-06
lump,-1.177499389822597e-05,-2.1756084049834986e-05,2.2310102297335297e-06,-2.38915655852017e-05,5.382420259179655e-05
lunatics,-4.115492097238796e-06,-7.376959731791849e-06,-9.643738266163823e-06,-1.1965423326096818e-05,4.357407002055537e-06
lunch,-0.00021567954667248954,0.00046113028219980966,-2.3178882932563725e-05,-7.217602756291211e-05,5.6793621913013326e-05
lunchtime,-7.928414555517577e-06,-1.3576932814117509e-05,-1.7396337793241638e-05,-1.529887540016259e-05,7.386564149086249e-07
lung,-7.928414555517577e-06,-1.3576932814117509e-05,-1.7396337793241638e-05,-1.529887540016259e-05,7.386564149086249e-07
lungs,-1.5403593942161947e-05,-2.6604142888775358e-05,-4.236596566579612e-05,-2.7932487335903822e-05,-7.81920907076041e-05
lure,-1.3281684810868789e-05,-2.6639097290787467e-05,6.460132325708633e-05,5.027322949110204e-07,-5.2183310554959e-05
lusheeta,-4.630405736569085e-05,-8.326252216205257e-05,-0.0001732766999560675,0.0007393419689443126,2.8499438512500298e-05
luxurious,-4.115492097238796e-06,-7.376959731791849e-06,-9.643738266163823e-06,-1.1965423326096818e-05,4.357407002055537e-06
luxury,-1.468782146531337e-05,-2.416595794897984e-05,-3.355594754953761e-05,-3.3555015907957256e-05,6.411283609675723e-06
lying,-1.7230930855939858e-05,-3.0384051329207848e-05,-2.250735951937216e-05,5.791810133730975e-05,7.340103538944356e-05
lève,-2.3785243666552766e-05,-4.073079844235258e-05,-5.2189013379724986e-05,-4.5896626200487794e-05,2.2159692447259397e-06
m,-0.0,0.0,0.0,0.0,0.0
ma,-9.636308149212158e-05,-0.00020164121971206984,0.0006774565594400908,-1.4798257771108122e-05,0.0003577058401272485
maam,-6.184552578642433e-05,5.910779758813303e-05,-4.9557611732408415e-05,-4.201374344468581e-05,-2.3036167186935514e-05
machine,-2.3084875022438694e-05,-3.7789268964217096e-05,-5.1342493524440035e-05,-3.338943477711377e-05,5.507375701665877e-06
machinegun,-6.148609829199116e-06,-1.0383340289635737e-05,-1.2227400575356544e-05,-9.699178155078256e-06,1.1494490171502262e-06
machines,-1.1396893763455583e-05,-2.0087109655066544e-05,-3.299508995993081e-05,7.366645802930925e-05,6.541492144765213e-06
mackerel,-4.757048733310553e-05,-8.146159688470517e-05,-0.00010437802675944997,-9.179325240097559e-05,4.431938489451879e-06
mad,3.4797723991234984e-05,6.709930197395993e-05,-1.880586302920964e-05,2.581277978401286e-05,1.6838511407546431e-06
madam,-0.00010508280113943193,-0.00020685993867963342,0.00044546549015921566,-1.9779970422518542e-05,-4.333331346042807e-05
madame,-6.933013497566917e-06,-1.126901311688474e-05,-1.567677891901629e-05,-5.3955815789465e-06,4.849045299734206e-07
maddened,-7.701796971080249e-06,-1.3302071444386432e-05,-2.118298283289607e-05,-1.3966243667950595e-05,-3.9096045353798374e-05
made,-0.0,0.0,0.0,0.0,0.0
madge,-9.260811473136898e-06,-1.6652504432408217e-05,-3.465533999120868e-05,0.00014786839378884208,5.6998877024992504e-06
madness,-4.115492097238796e-06,-7.376959731791849e-06,-9.643738266163823e-06,-1.1965423326096818e-05,4.357407002055537e-06
magazine,-1.037970047536287e-05,-1.7667118513686998e-05,-2.1843077260020783e-05,-1.8432326412120574e-05,1.3921954182273158e-06
magazines,-1.5856829111035153e-05,-2.7153865628235018e-05,-3.4792675586483276e-05,-3.059775080032518e-05,1.4773128298172499e-06
magic,0.00029601205805420495,-2.9723738965397052e-05,0.0003155305610975052,3.258458793527617e-05,9.484584491622856e-06
magnificent,-1.3290322171121073e-05,-2.5517119147097997e-05,3.283697987382337e-05,-1.090992559402771e-05,-1.3951743689479625e-05
maiden,-1.873552562457735e-05,-3.35841508636215e-05,-5.003459952818147e-05,-6.920010028860807e-05,-0.00010003840012787715
mail,-1.468782146531337e-05,-2.416595794897984e-05,-3.355594754953761e-05,-3.3555015907957256e-05,6.411283609675723e-06
main,-9.13063033200035e-06,-1.73872001735964e-05,1.0739477576333792e-05,-2.241625977582846e-05,8.58646258906266e-05
mainland,-1.1991314478700102e-05,-1.919711303963962e-05,-2.8112479443661385e-05,-3.0208678337733182e-05,7.956372495121113e-06
mainly,-6.148609829199116e-06,-1.0383340289635737e-05,-1.2227400575356544e-05,-9.699178155078256e-06,1.1494490171502262e-06
maintain,-4.115492097238796e-06,-7.376959731791849e-06,-9.643738266163823e-06,-1.1965423326096818e-05,4.357407002055537e-06
maintenance,-7.928414555517577e-06,-1.3576932814117509e-05,-1.7396337793241638e-05,-1.529887540016259e-05,7.386564149086249e-07
majesty,-0.00011830381257131797,-0.000228462216534576,0.00023016292578357993,-0.00017399682261133747,-0.0006134981510964882
major,-6.933013497566917e-06,-1.126901311688474e-05,-1.567677891901629e-05,-5.3955815789465e-06,4.849045299734206e-07
make,-0.0,0.0,0.0,0.0,0.0
makebelieve,-1.1991314478700102e-05,-1.919711303963962e-05,-2.8112479443661385e-05,-3.0208678337733182e-05,7.956372495121113e-06
makes,1.2387724882737448e-05,-2.973939773493604e-05,-4.616870857976125e-05,-5.555039946340438e-05,-3.084892794036458e-05
makeup,-5.642427208804352e-06,-9.974139249283243e-06,-1.2581648285484126e-05,-1.036648891901398e-05,-2.8113248700661777e-06
maki,-1.3516313335301455e-05,-2.347122170676966e-05,-2.5632080018989662e-05,-2.1613277643645184e-05,4.8063152938380925e-08
making,-1.3044473881107173e-05,-2.281950663533593e-05,-3.047128984208563e-05,1.8523984679049973e-05,-7.22761906592195e-06
makkuro,-0.0008178348924584959,0.002424264857183205,0.0002118631447467753,5.268127858315909e-05,-7.222849668667319e-06
male,-1.6461968388956525e-05,-2.9507838927169806e-05,-3.857495306465848e-05,-4.786169330439109e-05,1.742962800822348e-05
males,-4.115492097238796e-06,-7.376959731791849e-06,-9.643738266163823e-06,-1.1965423326096818e-05,4.357407002055537e-06
malnutrition,-1.1991314478700102e-05,-1.919711303963962e-05,-2.8112479443661385e-05,-3.0208678337733182e-05,7.956372495121113e-06
mama,-0.0001738780881614338,-0.00031759234703343997,-0.0004473642898209161,0.002221679660569671,0.0005015175608593471
mamare,0.00026958404360068357,6.658754481846307e-05,1.5864680906217585e-05,4.703955265262531e-06,-5.894113130308773e-07
mamma,-4.1598080985407715e-05,-6.761407870131853e-05,-9.406067351411174e-05,-3.2373489473683776e-05,2.9094271798410043e-06
man,-2.162304328201391e-05,-3.787778625115646e-05,-3.134123603651116e-05,1.5335471835727676e-05,-2.7400713284658677e-06
man1,-2.3982628957401547e-05,-3.83942260792814e-05,-5.6224958887326e-05,-6.0417356675469624e-05,1.591274499024311e-05
man2,-3.5973943436102904e-05,-5.7591339118923045e-05,-8.433743833099065e-05,-9.062603501320563e-05,2.3869117485365062e-05
man3,-1.1991314478700102e-05,-1.919711303963962e-05,-2.8112479443661385e-05,-3.0208678337733182e-05,7.956372495121113e-06
manage,-1.4778625573700299e-05,-2.5877547305224334e-05,-1.251480776703261e-05,-3.390143613243076e-05,5.906733426400575e-05
managed,-1.2435784178508221e-05,-2.195124262100755e-05,-3.6012252040839175e-05,7.039785686813126e-05,6.301708256829346e-06
manages,-1.0310919426322938e-05,-2.2826063759448474e-05,0.00010879576173084651,1.4648052819501154e-05,-3.167533546792437e-05
manchuria,-7.928414555517577e-06,-1.3576932814117509e-05,-1.7396337793241638e-05,-1.529887540016259e-05,7.386564149086249e-07
maneuver,-6.933013497566917e-06,-1.126901311688474e-05,-1.567677891901629e-05,-5.3955815789465e-06,4.849045299734206e-07
maniac,-1.3866026995135076e-05,-2.253802623377149e-05,-3.135355783803537e-05,-1.0791163157893955e-05,9.698090599469093e-07
manifestation,-5.642427208804352e-06,-9.974139249283243e-06,-1.2581648285484126e-05,-1.036648891901398e-05,-2.8113248700661777e-06
mann,-7.928414555517577e-06,-1.3576932814117509e-05,-1.7396337793241638e-05,-1.529887540016259e-05,7.386564149086249e-07
manner,-2.622125992617345e-05,-4.7955200940073226e-05,-7.569141853643049e-05,-0.00011782619693977263,-0.00020461718048269366
manners,-2.130159278693695e-05,-4.560941293794756e-05,0.00017829150346731446,8.007947791664017e-06,3.5940043141374775e-05
manpooko,-1.2346476291717726e-05,-2.213087919537796e-05,-2.8931214798494673e-05,-3.589626997829423e-05,1.3072221006167883e-05
mansion,-6.118293982773998e-05,-0.0001118954688601744,-0.0001766133099183434,-0.0002749277928594781,-0.0004774400877929671
manufacturers,-6.933013497566917e-06,-1.126901311688474e-05,-1.567677891901629e-05,-5.3955815789465e-06,4.849045299734206e-07
manuscript,-9.260811473136898e-06,-1.6652504432408217e-05,-3.465533999120868e-05,0.00014786839378884208,5.6998877024992504e-06
many,-1.7447476340868755e-05,-3.087731107923507e-05,-3.5144378096836095e-05,1.97433249091152e-05,-7.26731024753735e-06
map,-6.758156667650127e-06,-1.173561085338378e-05,-1.2816040009493688e-05,-1.0806638821821616e-05,2.4031576469201507e-08
marble,-1.1991314478700102e-05,-1.919711303963962e-05,-2.8112479443661385e-05,-3.0208678337733182e-05,7.956372495121113e-06
march,-1.2674483804578025e-05,-2.228968960928776e-05,-3.8380328816455416e-05,9.775019602378166e-05,4.747463498653897e-06
marco,-4.853109448297585e-05,-7.888309181820527e-05,-0.00010973745243313075,-3.77690710526313e-05,3.3943317098144505e-06
maria,-6.933013497566917e-06,-1.126901311688474e-05,-1.567677891901629e-05,-5.3955815789465e-06,4.849045299734206e-07
marietta,-6.933013497566917e-06,-1.126901311688474e-05,-1.567677891901629e-05,-5.3955815789465e-06,4.849045299734206e-07
marine,-1.1991314478700102e-05,-1.919711303963962e-05,-2.8112479443661385e-05,-3.0208678337733182e-05,7.956372495121113e-06
marines,-1.1991314478700102e-05,-1.919711303963962e-05,-2.8112479443661385e-05,-3.0208678337733182e-05,7.956372495121113e-06
mark,-2.055722571452365e-05,-4.0005391548011774e-05,5.468205070871233e-05,-2.2619365424951524e-05,-5.153173580908384e-05
market,-6.758156667650127e-06,-1.173561085338378e-05,-1.2816040009493688e-05,-1.0806638821821616e-05,2.4031576469201507e-08
markets,-1.213644154962799e-05,-2.448696951672978e-05,7.120472599869694e-05,3.6490550348550413e-06,-2.2508276567880185e-05
markl,-0.00017528563024750155,-0.00038804308391065015,0.0018495279494245142,0.000249016897931536,-0.0005384807029547502
marks,-1.1763207559123718e-05,-2.4185244939362412e-05,7.094352128492269e-05,3.1570131327925783e-06,-2.5428755035231624e-05
marriage,-1.5856829111035153e-05,-2.7153865628235018e-05,-3.4792675586483276e-05,-3.059775080032518e-05,1.4773128298172499e-06
married,-3.412508093187875e-05,-6.00195364982285e-05,-2.387929423726146e-05,-4.6048550478972596e-05,-4.640746667342667e-06
marry,-2.7189213960242956e-05,-4.7813142464933674e-05,-7.552332967728767e-05,1.876093215941826e-06,-9.36152137113839e-05
martha,-1.0310919426322938e-05,-2.2826063759448474e-05,0.00010879576173084651,1.4648052819501154e-05,-3.167533546792437e-05
maru,0.00026958404360068357,6.658754481846307e-05,1.5864680906217585e-05,4.703955265262531e-06,-5.894113130308773e-07
marvelous,-7.928414555517577e-06,-1.3576932814117509e-05,-1.7396337793241638e-05,-1.529887540016259e-05,7.386564149086249e-07
mask,-3.522308153403044e-05,-6.132017470847273e-05,-0.00010364954226164846,5.754074760175358e-05,-0.0001399346212515018
masks,-1.4392407166800959e-05,-2.505598181722373e-05,-3.834937937680797e-05,-2.9418742977670444e-05,-5.444203836066621e-05
massacre,-8.713483589125439e-06,-1.5247693252736297e-05,-2.2730097135671893e-05,-1.9120726715322566e-05,-2.5614551140834125e-05
massive,-8.230984194477592e-06,-1.4753919463583698e-05,-1.9287476532327646e-05,-2.3930846652193635e-05,8.714814004111074e-06
master,-0.00014240707242876044,-0.0002829784986105204,0.0005256287373553323,-0.00016721318815949405,0.00047985871211825087
mastered,-1.1052249984083523e-05,-1.9532067495863474e-05,-2.3671542849054463e-05,-2.561370106590524e-05,6.443591852079264e-06
masterful,-7.928414555517577e-06,-1.3576932814117509e-05,-1.7396337793241638e-05,-1.529887540016259e-05,7.386564149086249e-07
mastermind,-4.115492097238796e-06,-7.376959731791849e-06,-9.643738266163823e-06,-1.1965423326096818e-05,4.357407002055537e-06
masterpiece,-4.115492097238796e-06,-7.376959731791849e-06,-9.643738266163823e-06,-1.1965423326096818e-05,4.357407002055537e-06
masters,-5.423188376087949e-05,-9.683876357647875e-05,-0.00012939232055372168,-0.00015146138350995823,2.257949004414088e-05
mastery,-4.115492097238796e-06,-7.376959731791849e-06,-9.643738266163823e-06,-1.1965423326096818e-05,4.357407002055537e-06
match,0.0001200485948671614,1.8023175619313075e-05,-1.0461214415964157e-05,-1.092929516403817e-05,6.843171586962935e-07
matched,-6.933013497566917e-06,-1.126901311688474e-05,-1.567677891901629e-05,-5.3955815789465e-06,4.849045299734206e-07
matches,-8.267534381846718e-06,-1.620368610732571e-05,2.4208694940974476e-05,-1.8435669289962392e-05,0.00011209281574915771
materials,-1.0944745413351448e-05,-1.864840367313439e-05,-2.714457362696859e-05,-1.8286038794701247e-05,-1.9994258482958675e-05
math,-1.2297219658398232e-05,-2.0766680579271475e-05,-2.445480115071309e-05,-1.9398356310156513e-05,2.2988980343004523e-06
matsu,-1.1991314478700102e-05,-1.919711303963962e-05,-2.8112479443661385e-05,-3.0208678337733182e-05,7.956372495121113e-06
matsugo,-0.00018174108721299924,0.0005387255238184899,4.708069883261671e-05,1.1706950796257579e-05,-1.605077704148287e-06
matter,-1.4209747840582433e-05,-2.2987378866427497e-05,-4.644516394113809e-05,1.5493656934220434e-05,-2.899688986117245e-05
matters,-4.115492097238796e-06,-7.376959731791849e-06,-9.643738266163823e-06,-1.1965423326096818e-05,4.357407002055537e-06
maudlin,-9.260811473136898e-06,-1.6652504432408217e-05,-3.465533999120868e-05,0.00014786839378884208,5.6998877024992504e-06
may,-0.0,0.0,0.0,0.0,0.0
maybe,6.951349697769418e-05,2.7311234234578683e-05,4.4853934460512204e-05,-1.505227852264345e-05,2.0133240749445568e-05
mayor,-1.0310919426322938e-05,-2.2826063759448474e-05,0.00010879576173084651,1.4648052819501154e-05,-3.167533546792437e-05
maze,-4.115492097238796e-06,-7.376959731791849e-06,-9.643738266163823e-06,-1.1965423326096818e-05,4.357407002055537e-06
me,-0.0,0.0,0.0,0.0,0.0
meadow,-1.7480839950781815e-05,-3.197013396004792e-05,-5.046094569095228e-05,-7.85507979598462e-05,-0.00013641145365512534
meadows,-8.740419975390173e-06,-1.5985066980022623e-05,-2.5230472845474032e-05,-3.9275398979919814e-05,-6.820572682755698e-05
meal,-3.136549726669419e-05,-5.442686973173942e-05,-5.015664868052454e-06,-5.785397183679257e-05,2.8986482544711237e-05
meals,-2.7498283066142462e-05,-4.5287024438782183e-05,-7.134916559100641e-05,4.4747160794545976e-05,1.3181604666192855e-05
mean,-0.0,0.0,0.0,0.0,0.0
meaning,-8.740419975390173e-06,-1.5985066980022623e-05,-2.5230472845474032e-05,-3.9275398979919814e-05,-6.820572682755698e-05
means,-0.00011530045669842532,0.00024805473049937355,-2.9434965471780485e-05,4.3234952168264366e-05,-2.931882000976041e-05
meant,-1.9187866850105824e-05,-3.581240614631355e-05,3.6464280645276395e-05,-1.5418653060059976e-05,-1.393292139078896e-05
meantime,-6.758156667650127e-06,-1.173561085338378e-05,-1.2816040009493688e-05,-1.0806638821821616e-05,2.4031576469201507e-08
meanwhile,-2.469295258343545e-05,-4.426175839075592e-05,-5.7862429596989346e-05,-7.179253995658845e-05,2.6144442012335766e-05
measly,-4.115492097238796e-06,-7.376959731791849e-06,-9.643738266163823e-06,-1.1965423326096818e-05,4.357407002055537e-06
meat,-5.642427208804352e-06,-9.974139249283243e-06,-1.2581648285484126e-05,-1.036648891901398e-05,-2.8113248700661777e-06
meatballs,-9.260811473136898e-06,-1.6652504432408217e-05,-3.465533999120868e-05,0.00014786839378884208,5.6998877024992504e-06
mebbe,-6.933013497566917e-06,-1.126901311688474e-05,-1.567677891901629e-05,-5.3955815789465e-06,4.849045299734206e-07
mechanic,-1.3866026995135076e-05,-2.253802623377149e-05,-3.135355783803537e-05,-1.0791163157893955e-05,9.698090599469093e-07
media,-4.115492097238796e-06,-7.376959731791849e-06,-9.643738266163823e-06,-1.1965423326096818e-05,4.357407002055537e-06
medicine,-3.1181302933235915e-05,-5.261736050187441e-05,-4.896880035119163e-05,-6.929392582743436e-05,6.491471265135294e-05
medicinemaking,-6.758156667650127e-06,-1.173561085338378e-05,-1.2816040009493688e-05,-1.0806638821821616e-05,2.4031576469201507e-08
medicines,-1.1991314478700102e-05,-1.919711303963962e-05,-2.8112479443661385e-05,-3.0208678337733182e-05,7.956372495121113e-06
mediterranean,-1.3866026995135076e-05,-2.253802623377149e-05,-3.135355783803537e-05,-1.0791163157893955e-05,9.698090599469093e-07
meet,-0.0,0.0,0.0,0.0,0.0
meeting,6.601463324982806e-05,-1.6319185879734027e-05,-9.105244166774738e-08,-4.0586311241379594e-05,-2.288793558178615e-05
meets,-6.148609829199116e-06,-1.0383340289635737e-05,-1.2227400575356544e-05,-9.699178155078256e-06,1.1494490171502262e-06
meg,-6.148609829199116e-06,-1.0383340289635737e-05,-1.2227400575356544e-05,-9.699178155078256e-06,1.1494490171502262e-06
meguchan,-6.148609829199116e-06,-1.0383340289635737e-05,-1.2227400575356544e-05,-9.699178155078256e-06,1.1494490171502262e-06
mehve,-3.080718788432536e-05,-5.320828577755322e-05,-8.473193133159626e-05,-5.586497467181023e-05,-0.00015638418141521556
mei,-0.008450960555404471,0.025050736857559805,0.002189252495716679,0.0005443732120259783,-7.463611324289577e-05
meichan,-0.0002726116308194988,0.000808088285727735,7.06210482489251e-05,1.7560426194386367e-05,-2.407616556222428e-06
melody,-1.7480839950781815e-05,-3.197013396004792e-05,-5.046094569095228e-05,-7.85507979598462e-05,-0.00013641145365512534
melons,-1.1991314478700102e-05,-1.919711303963962e-05,-2.8112479443661385e-05,-3.0208678337733182e-05,7.956372495121113e-06
melted,-4.115492097238796e-06,-7.376959731791849e-06,-9.643738266163823e-06,-1.1965423326096818e-05,4.357407002055537e-06
melting,0.00026958404360068357,6.658754481846307e-05,1.5864680906217585e-05,4.703955265262531e-06,-5.894113130308773e-07
melts,-5.642427208804352e-06,-9.974139249283243e-06,-1.2581648285484126e-05,-1.036648891901398e-05,-2.8113248700661777e-06
member,-6.148609829199116e-06,-1.0383340289635737e-05,-1.2227400575356544e-05,-9.699178155078256e-06,1.1494490171502262e-06
memorable,-7.568240327884655e-06,-1.3095565478678627e-05,-1.612669439406123e-05,-1.597440397537854e-05,4.060482846244693e-06
memories,-1.969711126985582e-05,-3.491627785663883e-05,-9.197346027708985e-06,-3.50486298900673e-05,8.519433011336905e-05
memory,-1.7480839950781815e-05,-3.197013396004792e-05,-5.046094569095228e-05,-7.85507979598462e-05,-0.00013641145365512534
men,-4.149264817671358e-05,-7.568618921243711e-05,-3.7630047221703155e-05,6.04877219068953e-05,-5.336086593824845e-05
menstruation,-6.148609829199116e-06,-1.0383340289635737e-05,-1.2227400575356544e-05,-9.699178155078256e-06,1.1494490171502262e-06
mental,-1.2346476291717726e-05,-2.213087919537796e-05,-2.8931214798494673e-05,-3.589626997829423e-05,1.3072221006167883e-05
mentally,-4.115492097238796e-06,-7.376959731791849e-06,-9.643738266163823e-06,-1.1965423326096818e-05,4.357407002055537e-06
mentioned,-6.148609829199116e-06,-1.0383340289635737e-05,-1.2227400575356544e-05,-9.699178155078256e-06,1.1494490171502262e-06
meow,-1.3516313335301455e-05,-2.347122170676966e-05,-2.5632080018989662e-05,-2.1613277643645184e-05,4.8063152938380925e-08
merchants,-7.928414555517577e-06,-1.3576932814117509e-05,-1.7396337793241638e-05,-1.529887540016259e-05,7.386564149086249e-07
mere,-1.4765645384685554e-05,-2.649546899630696e-05,-3.715786931044258e-05,-4.424720454837841e-05,-5.4437387789638224e-05
merely,-1.7480839950781815e-05,-3.197013396004792e-05,-5.046094569095228e-05,-7.85507979598462e-05,-0.00013641145365512534
mermaid,-6.148609829199116e-06,-1.0383340289635737e-05,-1.2227400575356544e-05,-9.699178155078256e-06,1.1494490171502262e-06
merrier,-6.148609829199116e-06,-1.0383340289635737e-05,-1.2227400575356544e-05,-9.699178155078256e-06,1.1494490171502262e-06
mess,-2.6364124472869485e-05,-5.063377957056225e-05,6.452519572296345e-05,-4.464966078913315e-05,0.00011534222603735015
message,-1.3347000688789164e-05,-2.295441131782853e-05,-3.2773723331903224e-05,-2.527038006636757e-05,-1.7450794977114476e-05
messed,-1.0310919426322938e-05,-2.2826063759448474e-05,0.00010879576173084651,1.4648052819501154e-05,-3.167533546792437e-05
messenger,-1.8160262555468173e-05,-3.187159720367686e-05,-4.345053488103808e-05,-3.3229222535749244e-05,-3.504628232014675e-05
messengers,-1.1763207559123718e-05,-2.4185244939362412e-05,7.094352128492269e-05,3.1570131327925783e-06,-2.5428755035231624e-05
met,-0.0001347060854479769,0.00030837991950656335,2.3481837783938966e-06,-2.3376520588545157e-06,1.8624842834262855e-05
metal,-2.0533841624242735e-05,-3.417691567223918e-05,-4.6383145310035644e-05,-4.483564879767639e-05,6.955932260656386e-06
metallic,-9.260811473136898e-06,-1.6652504432408217e-05,-3.465533999120868e-05,0.00014786839378884208,5.6998877024992504e-06
meter,-7.928414555517577e-06,-1.3576932814117509e-05,-1.7396337793241638e-05,-1.529887540016259e-05,7.386564149086249e-07
meters,-7.701796971080249e-06,-1.3302071444386432e-05,-2.118298283289607e-05,-1.3966243667950595e-05,-3.9096045353798374e-05
metropolitan,-1.1991314478700102e-05,-1.919711303963962e-05,-2.8112479443661385e-05,-3.0208678337733182e-05,7.956372495121113e-06
mhm,-7.701796971080249e-06,-1.3302071444386432e-05,-2.118298283289607e-05,-1.3966243667950595e-05,-3.9096045353798374e-05
mice,-7.307255760256715e-05,0.0001877359483609257,3.1358577984281742e-06,-1.3329358099491255e-05,5.834119762268387e-06
michelle,-6.148609829199116e-06,-1.0383340289635737e-05,-1.2227400575356544e-05,-9.699178155078256e-06,1.1494490171502262e-06
micro,0.00026958404360068357,6.658754481846307e-05,1.5864680906217585e-05,4.703955265262531e-06,-5.894113130308773e-07
midair,-6.758156667650127e-06,-1.173561085338378e-05,-1.2816040009493688e-05,-1.0806638821821616e-05,2.4031576469201507e-08
middle,-1.990475163505074e-05,-3.724763252090692e-05,6.3458053813105e-06,-4.7733392409065317e-05,-3.795193580080142e-05
midnight,-4.115492097238796e-06,-7.376959731791849e-06,-9.643738266163823e-06,-1.1965423326096818e-05,4.357407002055537e-06
midst,-7.701796971080249e-06,-1.3302071444386432e-05,-2.118298283289607e-05,-1.3966243667950595e-05,-3.9096045353798374e-05
might,-2.7287796970003997e-05,-8.593879961739064e-06,-2.5835243612459594e-05,-3.9875673013303135e-05,-1.1473496866435736e-05
mighty,-5.642427208804352e-06,-9.974139249283243e-06,-1.2581648285484126e-05,-1.036648891901398e-05,-2.8113248700661777e-06
mikado,-1.1284854417608704e-05,-1.9948278498566486e-05,-2.5163296570968253e-05,-2.073297783802796e-05,-5.6226497401323554e-06
milady,-8.740419975390173e-06,-1.5985066980022623e-05,-2.5230472845474032e-05,-3.9275398979919814e-05,-6.820572682755698e-05
milan,-2.0799040492703234e-05,-3.380703935065825e-05,-4.703033675705444e-05,-1.6186744736841448e-05,1.45471358992044e-06
miles,-1.531871929389122e-05,-2.970038123311559e-05,3.9882185210292085e-05,-1.3570703494300364e-05,-3.622305947643964e-05
military,-1.4520724884060776e-05,-2.396328879021007e-05,-3.6348032030178346e-05,-3.257239928058851e-05,-2.2960852261136925e-05
milk,0.0005045977398695422,8.911531075221329e-05,8.668521027999664e-05,-1.0285705861152737e-05,-5.112133725991353e-05
milkbased,-1.1991314478700102e-05,-1.919711303963962e-05,-2.8112479443661385e-05,-3.0208678337733182e-05,7.956372495121113e-06
milkgruel,-6.758156667650127e-06,-1.173561085338378e-05,-1.2816040009493688e-05,-1.0806638821821616e-05,2.4031576469201507e-08
mincemeat,-9.260811473136898e-06,-1.6652504432408217e-05,-3.465533999120868e-05,0.00014786839378884208,5.6998877024992504e-06
mind,-2.5039432484463083e-05,-4.6634088893618426e-05,3.298846929282634e-05,-2.7404739591944437e-05,-2.7347509007310416e-05
minds,-7.928414555517577e-06,-1.3576932814117509e-05,-1.7396337793241638e-05,-1.529887540016259e-05,7.386564149086249e-07
mine,-3.377361427011688e-05,1.6584823136122952e-05,2.729715212785923e-05,5.6312933982208e-05,-3.3186858978519983e-06
miners,-9.260811473136898e-06,-1.6652504432408217e-05,-3.465533999120868e-05,0.00014786839378884208,5.6998877024992504e-06
mines,-9.260811473136898e-06,-1.6652504432408217e-05,-3.465533999120868e-05,0.00014786839378884208,5.6998877024992504e-06
minimize,-1.5856829111035153e-05,-2.7153865628235018e-05,-3.4792675586483276e-05,-3.059775080032518e-05,1.4773128298172499e-06
mining,-6.933013497566917e-06,-1.126901311688474e-05,-1.567677891901629e-05,-5.3955815789465e-06,4.849045299734206e-07
miniskirt,-6.148609829199116e-06,-1.0383340289635737e-05,-1.2227400575356544e-05,-9.699178155078256e-06,1.1494490171502262e-06
minister,-4.7429286130512454e-05,-9.259460030351602e-05,6.742270657722111e-05,-0.00012319717138272376,-0.00029816926861742115
minor,-1.3824931267568941e-05,-2.2808258345088377e-05,-3.0178662849025052e-05,-3.0242663178196575e-05,5.884354652778521e-06
mints,-1.1991314478700102e-05,-1.919711303963962e-05,-2.8112479443661385e-05,-3.0208678337733182e-05,7.956372495121113e-06
minute,-7.47258662024073e-05,8.198650060874975e-05,1.2995782149532004e-05,-1.967631045042763e-05,0.00011054050506697892
minutes,4.328946221792402e-05,-3.137426416746904e-05,-1.442982987590993e-05,1.1881404741312153e-05,2.4677609935567833e-06
miracle,-1.5403593942161947e-05,-2.6604142888775358e-05,-4.236596566579612e-05,-2.7932487335903822e-05,-7.81920907076041e-05
miraculous,-1.2123676310500137e-05,-2.1594885134669573e-05,-3.4222983124979136e-05,-3.9257749961793595e-05,-7.911901160926097e-05
miraculously,-4.115492097238796e-06,-7.376959731791849e-06,-9.643738266163823e-06,-1.1965423326096818e-05,4.357407002055537e-06
mirald,-7.701796971080249e-06,-1.3302071444386432e-05,-2.118298283289607e-05,-1.3966243667950595e-05,-3.9096045353798374e-05
miserable,-8.740419975390173e-06,-1.5985066980022623e-05,-2.5230472845474032e-05,-3.9275398979919814e-05,-6.820572682755698e-05
misfortune,-1.1284854417608704e-05,-1.9948278498566486e-05,-2.5163296570968253e-05,-2.073297783802796e-05,-5.6226497401323554e-06
mispronounces,-9.087054360649962e-05,0.00026936276190924494,2.3540349416308355e-05,5.8534753981287895e-06,-8.025388520741435e-07
miss,-4.306980899955958e-05,-7.520464084055654e-05,-5.975238787944014e-05,-8.144336807980016e-05,6.267409447817853e-05
missed,-6.636880106751426e-05,4.321128750393743e-05,0.0001642855301342813,-1.4905533524138818e-06,-6.860872555227161e-06
missing,-1.868999214453977e-05,-3.683687372152467e-05,8.121564382782048e-05,-9.641854395774232e-07,-4.633290170327342e-05
mission,-1.5226700652550797e-05,-2.9334995658943944e-05,2.8589770047203442e-05,-3.600980909868232e-05,0.00016851631570225523
mist,-4.115492097238796e-06,-7.376959731791849e-06,-9.643738266163823e-06,-1.1965423326096818e-05,4.357407002055537e-06
mistake,1.4337287747122182e-05,0.00016945686738279359,1.0830533773389488e-07,-2.3957902135731838e-05,1.1172402273457435e-05
mistaken,-1.8521622946275386e-05,-3.330500886481932e-05,-6.931067998242342e-05,0.0002957367875777097,1.1399775404999465e-05
mistakes,-1.2297219658398232e-05,-2.0766680579271475e-05,-2.445480115071309e-05,-1.9398356310156513e-05,2.2988980343004523e-06
mister,1.9346189940771235e-05,0.00021075381495668687,-6.437434179493962e-06,-1.5124268361483044e-05,1.2503505286998642e-06
mistress,-7.701796971080249e-06,-1.3302071444386432e-05,-2.118298283289607e-05,-1.3966243667950595e-05,-3.9096045353798374e-05
misunderstand,-6.148609829199116e-06,-1.0383340289635737e-05,-1.2227400575356544e-05,-9.699178155078256e-06,1.1494490171502262e-06
mitchan,-0.0002726116308194988,0.000808088285727735,7.06210482489251e-05,1.7560426194386367e-05,-2.407616556222428e-06
mito,-0.00013093054850838598,-0.00022613521455460689,-0.00036011070815929305,-0.00023742614235519957,-0.0006646327710146828
mitsubishi,-1.5856829111035153e-05,-2.7153865628235018e-05,-3.4792675586483276e-05,-3.059775080032518e-05,1.4773128298172499e-06
mitsuo,-1.2297219658398232e-05,-2.0766680579271475e-05,-2.445480115071309e-05,-1.9398356310156513e-05,2.2988980343004523e-06
mix,-6.933013497566917e-06,-1.126901311688474e-05,-1.567677891901629e-05,-5.3955815789465e-06,4.849045299734206e-07
mixed,-1.2924533966200329e-05,-2.422652737137806e-05,-7.702838585090464e-06,9.543727959064452e-05,8.685450465930198e-05
miyatsuko,-4.370209987695672e-05,-7.992533490012385e-05,-0.00012615236422738697,-0.0001963769948996254,-0.00034102863413783046
mizukusai,-1.1991314478700102e-05,-1.919711303963962e-05,-2.8112479443661385e-05,-3.0208678337733182e-05,7.956372495121113e-06
mm,-0.00024361503545760596,-8.998501268573086e-05,0.001608724705578756,0.00020880428713851234,-0.0004833780430809223
mmarkl,-1.0310919426322938e-05,-2.2826063759448474e-05,0.00010879576173084651,1.4648052819501154e-05,-3.167533546792437e-05
mmhm,-4.124367770529406e-05,-9.130425503779906e-05,0.000435183046923411,5.859221127800794e-05,-0.00012670134187170478
mmhmm,-1.0629750636985196e-05,-1.960395627577733e-05,8.834412971344178e-06,-2.0745242845257706e-05,8.349923657887537e-05
mmm,-0.00011929966829371133,-0.00013289649826470564,0.0007916088752158322,0.00010909637587188954,-0.0001472790745261708
mmmhmmm,-6.148609829199116e-06,-1.0383340289635737e-05,-1.2227400575356544e-05,-9.699178155078256e-06,1.1494490171502262e-06
mmmm,-2.0621838852645876e-05,-4.565212751889695e-05,0.00021759152346169302,2.929610563900231e-05,-6.335067093584874e-05
mmmmm,-1.422755475351676e-05,-2.4969820014183608e-05,-7.907829069192909e-06,-3.537854977645036e-05,7.26174155285337e-05
moaning,-8.267534381846718e-06,-1.620368610732571e-05,2.4208694940974476e-05,-1.8435669289962392e-05,0.00011209281574915771
mob,-7.701796971080249e-06,-1.3302071444386432e-05,-2.118298283289607e-05,-1.3966243667950595e-05,-3.9096045353798374e-05
mobilized,-9.260811473136898e-06,-1.6652504432408217e-05,-3.465533999120868e-05,0.00014786839378884208,5.6998877024992504e-06
mockery,-9.260811473136898e-06,-1.6652504432408217e-05,-3.465533999120868e-05,0.00014786839378884208,5.6998877024992504e-06
model,-1.3516313335301455e-05,-2.347122170676966e-05,-2.5632080018989662e-05,-2.1613277643645184e-05,4.8063152938380925e-08
modern,-1.5856829111035153e-05,-2.7153865628235018e-05,-3.4792675586483276e-05,-3.059775080032518e-05,1.4773128298172499e-06
modest,-6.148609829199116e-06,-1.0383340289635737e-05,-1.2227400575356544e-05,-9.699178155078256e-06,1.1494490171502262e-06
modify,-7.928414555517577e-06,-1.3576932814117509e-05,-1.7396337793241638e-05,-1.529887540016259e-05,7.386564149086249e-07
moles,-8.146620737475113e-06,-1.3748616749657121e-05,-1.867009511959345e-05,-1.2801145038956248e-05,3.570480659636475e-06
molten,-5.642427208804352e-06,-9.974139249283243e-06,-1.2581648285484126e-05,-1.036648891901398e-05,-2.8113248700661777e-06
mom,-0.00012615424096268634,-0.00022015326081289106,-0.00010138466779283987,-0.0003041468638293786,0.0003400501028228709
moment,5.406354181924096e-06,1.1109479624041053e-05,-1.1448647208292015e-05,-8.793669841096995e-06,-1.9533878475052593e-05
moments,-5.642427208804352e-06,-9.974139249283243e-06,-1.2581648285484126e-05,-1.036648891901398e-05,-2.8113248700661777e-06
mommm,-6.148609829199116e-06,-1.0383340289635737e-05,-1.2227400575356544e-05,-9.699178155078256e-06,1.1494490171502262e-06
mommy,5.1888552221778744e-05,-0.00013517913199190466,-0.00016167110812461777,-0.00025876805607222687,0.00025631997922783377
monarchy,-9.260811473136898e-06,-1.6652504432408217e-05,-3.465533999120868e-05,0.00014786839378884208,5.6998877024992504e-06
monday,-7.153711789610206e-05,0.0001909585969469936,8.341608087974363e-06,-2.835630715945795e-06,2.5579437151922555e-07
money,-4.753662668100718e-05,-8.125091371145549e-05,-9.145184485443037e-05,-2.4085738714012e-06,6.954676967979237e-05
monica,-6.933013497566917e-06,-1.126901311688474e-05,-1.567677891901629e-05,-5.3955815789465e-06,4.849045299734206e-07
monitor,-1.967016097220525e-05,-3.3847291747789044e-05,-4.126926828765028e-05,-3.9100501473162815e-05,8.968512459736355e-06
monitored,-4.115492097238796e-06,-7.376959731791849e-06,-9.643738266163823e-06,-1.1965423326096818e-05,4.357407002055537e-06
monitors,-1.2297219658398232e-05,-2.0766680579271475e-05,-2.445480115071309e-05,-1.9398356310156513e-05,2.2988980343004523e-06
monk,-7.195006337380369e-06,-1.2793840901311246e-05,-1.6387899107835544e-05,-1.6466445877440998e-05,1.1400043788932677e-06
monkey,-5.642427208804352e-06,-9.974139249283243e-06,-1.2581648285484126e-05,-1.036648891901398e-05,-2.8113248700661777e-06
monkeycrab,-9.087054360649962e-05,0.00026936276190924494,2.3540349416308355e-05,5.8534753981287895e-06,-8.025388520741435e-07
monks,-5.642427208804352e-06,-9.974139249283243e-06,-1.2581648285484126e-05,-1.036648891901398e-05,-2.8113248700661777e-06
monocoque,-6.933013497566917e-06,-1.126901311688474e-05,-1.567677891901629e-05,-5.3955815789465e-06,4.849045299734206e-07
monogrammed,-8.267534381846718e-06,-1.620368610732571e-05,2.4208694940974476e-05,-1.8435669289962392e-05,0.00011209281574915771
mononoke,-5.0781844879243004e-05,-8.97672532435559e-05,-0.00011323483456936561,-9.329840027113278e-05,-2.5301923830597407e-05
mononokehime,-2.2569708835218678e-05,-3.989655699713522e-05,-5.032659314193929e-05,-4.1465955676058245e-05,-1.1245299480265316e-05
monopolize,-6.933013497566917e-06,-1.126901311688474e-05,-1.567677891901629e-05,-5.3955815789465e-06,4.849045299734206e-07
monopolizing,-5.642427208804352e-06,-9.974139249283243e-06,-1.2581648285484126e-05,-1.036648891901398e-05,-2.8113248700661777e-06
monster,-3.172090282686231e-05,-6.057615773350237e-05,6.050054347691172e-05,-3.6103725327078194e-05,1.539918911273173e-05
monsters,-1.9812442235829512e-05,-3.7885848631421436e-05,3.192968523538948e-05,-2.450485744291207e-05,-1.4140828965387531e-05
month,-2.0611252603633062e-05,-3.4781069597255765e-05,-4.341752800914392e-05,-2.7844918734811965e-05,1.0253039157589306e-06
monthly,-4.115492097238796e-06,-7.376959731791849e-06,-9.643738266163823e-06,-1.1965423326096818e-05,4.357407002055537e-06
months,-2.0883993289301717e-05,-3.7566136722142016e-05,-2.316558095562498e-05,-4.883225381351087e-05,7.843009647455699e-05
moon,3.524285987550687e-05,-7.1045991788647e-05,-0.00012944899978065816,-0.0001874500385179263,-0.0002553431540562076
moonlight,-4.115492097238796e-06,-7.376959731791849e-06,-9.643738266163823e-06,-1.1965423326096818e-05,4.357407002055537e-06
moonlit,-4.115492097238796e-06,-7.376959731791849e-06,-9.643738266163823e-06,-1.1965423326096818e-05,4.357407002055537e-06
mooska,-0.00012965136062393406,-0.00023313506205374654,-0.00048517475987698756,0.002070157513044069,7.97984278350006e-05
mop,-1.0310919426322938e-05,-2.2826063759448474e-05,0.00010879576173084651,1.4648052819501154e-05,-3.167533546792437e-05
more,-0.0,0.0,0.0,0.0,0.0
morning,8.388652412800214e-05,5.473104396074106e-05,2.964609445259836e-05,4.641144874262514e-07,-5.375725675343228e-06
mornings,-8.740419975390173e-06,-1.5985066980022623e-05,-2.5230472845474032e-05,-3.9275398979919814e-05,-6.820572682755698e-05
moro,-8.463640813207289e-05,-0.0001496120887392621,-0.00018872472428227885,-0.00015549733378522363,-4.21698730509963e-05
morons,-1.3866026995135076e-05,-2.253802623377149e-05,-3.135355783803537e-05,-1.0791163157893955e-05,9.698090599469093e-07
mortal,-5.642427208804352e-06,-9.974139249283243e-06,-1.2581648285484126e-05,-1.036648891901398e-05,-2.8113248700661777e-06
mosquitoes,-7.928414555517577e-06,-1.3576932814117509e-05,-1.7396337793241638e-05,-1.529887540016259e-05,7.386564149086249e-07
mosquitos,-1.1991314478700102e-05,-1.919711303963962e-05,-2.8112479443661385e-05,-3.0208678337733182e-05,7.956372495121113e-06
most,-1.820035911971491e-05,-3.356319788414139e-05,2.1538262035687596e-06,-3.472772928581692e-05,2.7616566520029287e-06
mostly,-4.115492097238796e-06,-7.376959731791849e-06,-9.643738266163823e-06,-1.1965423326096818e-05,4.357407002055537e-06
moth,-9.260811473136898e-06,-1.6652504432408217e-05,-3.465533999120868e-05,0.00014786839378884208,5.6998877024992504e-06
mother,-2.629150102966691e-05,0.00017420921216369995,2.4315428048669735e-05,-3.5478049108489692e-06,-6.637157268462146e-06
mothers,-6.933013497566917e-06,-1.126901311688474e-05,-1.567677891901629e-05,-5.3955815789465e-06,4.849045299734206e-07
motion,-1.4782603612025262e-05,-2.612650262923401e-05,-3.69517269247435e-05,-3.676614762127187e-05,-1.9188678982838188e-05
motto,-4.115492097238796e-06,-7.376959731791849e-06,-9.643738266163823e-06,-1.1965423326096818e-05,4.357407002055537e-06
mound,-5.642427208804352e-06,-9.974139249283243e-06,-1.2581648285484126e-05,-1.036648891901398e-05,-2.8113248700661777e-06
mount,-4.370209987695672e-05,-7.992533490012385e-05,-0.00012615236422738697,-0.0001963769948996254,-0.00034102863413783046
mountain,0.000193219916446519,-8.874260301310128e-05,-0.00020630518598519697,-0.00014033496093933685,-0.0001695755861683623
mountainbred,-9.260811473136898e-06,-1.6652504432408217e-05,-3.465533999120868e-05,0.00014786839378884208,5.6998877024992504e-06
mountains,-3.445770753573234e-05,-6.120263622786393e-05,-8.764551972093392e-05,-3.588949126410753e-05,-7.779993272467094e-05
mouse,-2.4935175283751395e-05,-4.542232075101781e-05,-3.261722062301143e-05,-6.570250635120164e-05,8.159298031517142e-05
moustache,-7.928414555517577e-06,-1.3576932814117509e-05,-1.7396337793241638e-05,-1.529887540016259e-05,7.386564149086249e-07
mouth,-5.317738337641668e-05,1.7833401175316085e-05,5.561996474643199e-06,-6.51220769785868e-05,0.00016262364628533482
mouthpiece,-7.701796971080249e-06,-1.3302071444386432e-05,-2.118298283289607e-05,-1.3966243667950595e-05,-3.9096045353798374e-05
mouths,-8.88058017037804e-06,-1.545036241150608e-05,-1.9938012655031165e-05,-2.0103343342691335e-05,3.757584729978528e-06
move,-5.954869104766343e-05,9.175606792978768e-06,2.645682820627659e-05,3.356969519164092e-05,-4.3273724764319324e-05
moved,-5.312356299287969e-05,4.0982588270548425e-05,2.7900170910006373e-05,7.972756913124898e-05,-2.569850964332181e-05
movers,-1.6535068763693436e-05,-3.240737221465142e-05,4.841738988194895e-05,-3.6871338579924785e-05,0.00022418563149831543
moves,-4.115492097238796e-06,-7.376959731791849e-06,-9.643738266163823e-06,-1.1965423326096818e-05,4.357407002055537e-06
movie,-1.0212603894110267e-05,-1.7464449354917222e-05,-2.463516174066153e-05,-1.7449709784751765e-05,-2.7979940452585346e-05
moving,3.223088697433237e-05,-5.874310991857682e-05,0.000146700212160398,0.00011767763325892305,-7.153539819773241e-05
mowing,-9.260811473136898e-06,-1.6652504432408217e-05,-3.465533999120868e-05,0.00014786839378884208,5.6998877024992504e-06
mr,-0.0001283267840461814,0.00013278366044221156,-5.029682650827275e-05,-0.00010583680076136166,-3.845620787809938e-05
mrs,-6.301758167211595e-05,-0.00012357022291726007,0.0002523320787567379,-1.2956804904699118e-05,-9.149961591978853e-05
much,-0.0,0.0,0.0,0.0,0.0
muchanticipated,-6.148609829199116e-06,-1.0383340289635737e-05,-1.2227400575356544e-05,-9.699178155078256e-06,1.1494490171502262e-06
mud,-9.087054360649962e-05,0.00026936276190924494,2.3540349416308355e-05,5.8534753981287895e-06,-8.025388520741435e-07
mudslides,-5.642427208804352e-06,-9.974139249283243e-06,-1.2581648285484126e-05,-1.036648891901398e-05,-2.8113248700661777e-06
mugwort,-8.740419975390173e-06,-1.5985066980022623e-05,-2.5230472845474032e-05,-3.9275398979919814e-05,-6.820572682755698e-05
mugworth,-8.267534381846718e-06,-1.620368610732571e-05,2.4208694940974476e-05,-1.8435669289962392e-05,0.00011209281574915771
multiple,-4.115492097238796e-06,-7.376959731791849e-06,-9.643738266163823e-06,-1.1965423326096818e-05,4.357407002055537e-06
multiply,-1.8445829487598546e-05,-3.115002086890924e-05,-3.668220172607203e-05,-2.909753446523663e-05,3.4483470514509546e-06
multiplying,-1.0212603894110267e-05,-1.7464449354917222e-05,-2.463516174066153e-05,-1.7449709784751765e-05,-2.7979940452585346e-05
murder,-4.115492097238796e-06,-7.376959731791849e-06,-9.643738266163823e-06,-1.1965423326096818e-05,4.357407002055537e-06
murdered,-5.642427208804352e-06,-9.974139249283243e-06,-1.2581648285484126e-05,-1.036648891901398e-05,-2.8113248700661777e-06
murderer,-4.115492097238796e-06,-7.376959731791849e-06,-9.643738266163823e-06,-1.1965423326096818e-05,4.357407002055537e-06
murderers,-1.3281684810868789e-05,-2.6639097290787467e-05,6.460132325708633e-05,5.027322949110204e-07,-5.2183310554959e-05
murky,-8.267534381846718e-06,-1.620368610732571e-05,2.4208694940974476e-05,-1.8435669289962392e-05,0.00011209281574915771
mushrooms,-2.622125992617345e-05,-4.7955200940073226e-05,-7.569141853643049e-05,-0.00011782619693977263,-0.00020461718048269366
music,-1.6224693602230995e-05,-2.8302572277324688e-05,-3.648266300708697e-05,-4.0556424201795966e-05,-3.845646970887882e-05
must,-0.0,0.0,0.0,0.0,0.0
mustard,-8.267534381846718e-06,-1.620368610732571e-05,2.4208694940974476e-05,-1.8435669289962392e-05,0.00011209281574915771
muttering,-7.701796971080249e-06,-1.3302071444386432e-05,-2.118298283289607e-05,-1.3966243667950595e-05,-3.9096045353798374e-05
muzsikas,-6.148609829199116e-06,-1.0383340289635737e-05,-1.2227400575356544e-05,-9.699178155078256e-06,1.1494490171502262e-06
my,-0.0,0.0,0.0,0.0,0.0
myself,1.6248298794983433e-05,-2.3974636390932523e-05,-1.284580218066659e-09,-2.8051513272374882e-05,-8.245773958161274e-06
mysterious,-2.5014774446652435e-05,-4.417404090103878e-05,-8.234482659419826e-05,0.00019746562530232627,-4.924934474431658e-05
mystery,-4.115492097238796e-06,-7.376959731791849e-06,-9.643738266163823e-06,-1.1965423326096818e-05,4.357407002055537e-06
n,-2.459443931679762e-05,-4.153336115854492e-05,-4.890960230142851e-05,-3.879671262031485e-05,4.59779606860112e-06
na,-4.382340444756579e-05,-0.00017665004174272084,0.0002261735244518878,-0.0001335443519543044,0.0005544245418719056
naca,-7.928414555517577e-06,-1.3576932814117509e-05,-1.7396337793241638e-05,-1.529887540016259e-05,7.386564149086249e-07
nagano,-6.148609829199116e-06,-1.0383340289635737e-05,-1.2227400575356544e-05,-9.699178155078256e-06,1.1494490171502262e-06
nago,-1.6927281626414306e-05,-2.9922417747851945e-05,-3.7744944856455185e-05,-3.109946675704424e-05,-8.43397461019917e-06
nagonokami,-2.8212136044024255e-05,-4.987069624642065e-05,-6.290824142742622e-05,-5.183244459507455e-05,-1.4056624350332128e-05
nagoya,-7.928414555517577e-06,-1.3576932814117509e-05,-1.7396337793241638e-05,-1.529887540016259e-05,7.386564149086249e-07
nah,-2.459443931679762e-05,-4.153336115854492e-05,-4.890960230142851e-05,-3.879671262031485e-05,4.59779606860112e-06
nahnaughty,-6.148609829199116e-06,-1.0383340289635737e-05,-1.2227400575356544e-05,-9.699178155078256e-06,1.1494490171502262e-06
nahoko,-0.00011099780377724614,-0.00019007705939764528,-0.0002435487291053831,-0.0002141842556022763,1.0341189808720709e-05
nails,-6.933013497566917e-06,-1.126901311688474e-05,-1.567677891901629e-05,-5.3955815789465e-06,4.849045299734206e-07
nakayama,-2.459443931679762e-05,-4.153336115854492e-05,-4.890960230142851e-05,-3.879671262031485e-05,4.59779606860112e-06
nakayamakun,-3.074304914599671e-05,-5.1916701448180636e-05,-6.113700287678499e-05,-4.849589077539312e-05,5.7472450857512875e-06
naked,-5.642427208804352e-06,-9.974139249283243e-06,-1.2581648285484126e-05,-1.036648891901398e-05,-2.8113248700661777e-06
namasu,-1.2297219658398232e-05,-2.0766680579271475e-05,-2.445480115071309e-05,-1.9398356310156513e-05,2.2988980343004523e-06
name,3.943827816886104e-05,-2.9993023856565313e-06,1.397752557232374e-05,1.4341711104523183e-05,7.576519074697136e-05
named,-2.3618818168837892e-05,-4.30343917776584e-05,-2.8983387340971144e-06,-4.303706332672496e-05,-6.447365732226155e-05
nameless,-8.740419975390173e-06,-1.5985066980022623e-05,-2.5230472845474032e-05,-3.9275398979919814e-05,-6.820572682755698e-05
nami,-0.00018174108721299924,0.0005387255238184899,4.708069883261671e-05,1.1706950796257579e-05,-1.605077704148287e-06
naming,-1.7480839950781815e-05,-3.197013396004792e-05,-5.046094569095228e-05,-7.85507979598462e-05,-0.00013641145365512534
nanako,-4.918887863359524e-05,-8.306672231708984e-05,-9.781920460285702e-05,-7.75934252406297e-05,9.19559213720224e-06
naoko,-1.2297219658398232e-05,-2.0766680579271475e-05,-2.445480115071309e-05,-1.9398356310156513e-05,2.2988980343004523e-06
naokochan,-1.8445829487598546e-05,-3.115002086890924e-05,-3.668220172607203e-05,-2.909753446523663e-05,3.4483470514509546e-06
naps,-6.758156667650127e-06,-1.173561085338378e-05,-1.2816040009493688e-05,-1.0806638821821616e-05,2.4031576469201507e-08
nasty,-1.0310919426322938e-05,-2.2826063759448474e-05,0.00010879576173084651,1.4648052819501154e-05,-3.167533546792437e-05
nation,-1.3866026995135076e-05,-2.253802623377149e-05,-3.135355783803537e-05,-1.0791163157893955e-05,9.698090599469093e-07
nations,-1.152494373660365e-05,-1.9819246287744665e-05,-2.8446480001631444e-05,-2.157864915206456e-05,-2.828283856885151e-05
nationwide,-4.115492097238796e-06,-7.376959731791849e-06,-9.643738266163823e-06,-1.1965423326096818e-05,4.357407002055537e-06
native,-7.701796971080249e-06,-1.3302071444386432e-05,-2.118298283289607e-05,-1.3966243667950595e-05,-3.9096045353798374e-05
natural,-1.8028442873978854e-05,-3.701448939464621e-05,0.00011424401149495241,4.45458785717597e-06,-3.376403264827728e-05
nature,0.00014537646793536725,1.813409677762991e-05,-1.6272441385213938e-05,-2.254595631653433e-05,6.084772080376157e-06
naughty,-1.474628421054502e-05,-2.5120610145347e-05,-3.365104124018695e-05,-2.4601403307155664e-05,-2.7132393685338588e-05
nausicaa,-0.0001463341424505494,-0.00025273935744338477,-0.0004024766738250931,-0.00026535862969110605,-0.000742824861722294
navigate,0.00026958404360068357,6.658754481846307e-05,1.5864680906217585e-05,4.703955265262531e-06,-5.894113130308773e-07
navy,-3.964207277758784e-05,-6.788466407058753e-05,-8.698168896620818e-05,-7.649437700081295e-05,3.69328207454306e-06
nay,-9.260811473136898e-06,-1.6652504432408217e-05,-3.465533999120868e-05,0.00014786839378884208,5.6998877024992504e-06
nazis,-7.928414555517577e-06,-1.3576932814117509e-05,-1.7396337793241638e-05,-1.529887540016259e-05,7.386564149086249e-07
near,-2.863104291462899e-05,-4.999605022497169e-05,-5.31739275510503e-05,-7.954591455920435e-05,1.827768094103431e-05
nearby,-1.4520226621871752e-05,-2.7234203560508822e-05,2.8175565944014648e-05,-7.158614084660298e-06,-3.469959418702755e-05
nearing,-1.1991314478700102e-05,-1.919711303963962e-05,-2.8112479443661385e-05,-3.0208678337733182e-05,7.956372495121113e-06
nearly,0.00014772863688265907,2.079756381462963e-05,1.2132944275926663e-05,-2.1984025952382765e-05,7.017261669519155e-05
nearsighted,-7.928414555517577e-06,-1.3576932814117509e-05,-1.7396337793241638e-05,-1.529887540016259e-05,7.386564149086249e-07
neat,-1.507832064839257e-05,-2.5615728300139748e-05,-3.0459106345023256e-05,-1.991499490589341e-05,3.929839688051879e-07
necessary,-1.0619159910808488e-05,-1.8291866711950444e-05,-2.2920831985617143e-05,-2.1575963515092448e-05,3.645570162246632e-06
necessity,-5.642427208804352e-06,-9.974139249283243e-06,-1.2581648285484126e-05,-1.036648891901398e-05,-2.8113248700661777e-06
nechan,-4.918887863359524e-05,-8.306672231708984e-05,-9.781920460285702e-05,-7.75934252406297e-05,9.19559213720224e-06
neck,-2.971121554293187e-05,-5.6057499315463246e-05,-9.760311760899221e-06,-9.147454678297931e-05,-9.937334606575415e-05
necklace,-9.260811473136898e-06,-1.6652504432408217e-05,-3.465533999120868e-05,0.00014786839378884208,5.6998877024992504e-06
need,2.8610156595278406e-05,-1.9916537384592212e-05,2.216443539898561e-05,-9.503967184229008e-06,2.6153274580321616e-05
needed,-1.6671920362235724e-05,-2.9413779543427596e-05,-3.745913907767184e-05,-4.244253533430639e-05,1.3699291083239977e-05
needles,-4.115492097238796e-06,-7.376959731791849e-06,-9.643738266163823e-06,-1.1965423326096818e-05,4.357407002055537e-06
needless,-4.115492097238796e-06,-7.376959731791849e-06,-9.643738266163823e-06,-1.1965423326096818e-05,4.357407002055537e-06
needs,6.832593385329853e-05,-1.4951670668477134e-05,7.518709174847662e-05,-2.0842862286457408e-05,3.095708729956364e-05
negative,-6.148609829199116e-06,-1.0383340289635737e-05,-1.2227400575356544e-05,-9.699178155078256e-06,1.1494490171502262e-06
negotiated,-4.115492097238796e-06,-7.376959731791849e-06,-9.643738266163823e-06,-1.1965423326096818e-05,4.357407002055537e-06
neighborhood,-7.928414555517577e-06,-1.3576932814117509e-05,-1.7396337793241638e-05,-1.529887540016259e-05,7.386564149086249e-07
neighboring,-1.0310919426322938e-05,-2.2826063759448474e-05,0.00010879576173084651,1.4648052819501154e-05,-3.167533546792437e-05
neighborlady,-9.087054360649962e-05,0.00026936276190924494,2.3540349416308355e-05,5.8534753981287895e-06,-8.025388520741435e-07
neither,-1.7204184219799612e-05,-3.0216851049936927e-05,-4.623930677848197e-05,3.3307166290537e-05,-1.9773399731257215e-05
nephew,-1.0095190687208893e-05,-1.696247018077402e-05,-2.1009193285040464e-05,-1.1946714745937499e-05,3.7526427472185993e-07
neptune,-6.933013497566917e-06,-1.126901311688474e-05,-1.567677891901629e-05,-5.3955815789465e-06,4.849045299734206e-07
nerve,-9.260811473136898e-06,-1.6652504432408217e-05,-3.465533999120868e-05,0.00014786839378884208,5.6998877024992504e-06
nervous,0.00014686299415294816,2.14061516549254e-05,-1.4670167265144967e-05,-1.0537507436789318e-05,2.765505602559853e-06
nervousness,-6.148609829199116e-06,-1.0383340289635737e-05,-1.2227400575356544e-05,-9.699178155078256e-06,1.1494490171502262e-06
nesan,-6.148609829199116e-06,-1.0383340289635737e-05,-1.2227400575356544e-05,-9.699178155078256e-06,1.1494490171502262e-06
nest,-3.996419978707917e-05,-7.098050534272895e-05,-0.00013335370785685954,0.0004089491208595195,-2.8992087236624923e-05
nests,-9.260811473136898e-06,-1.6652504432408217e-05,-3.465533999120868e-05,0.00014786839378884208,5.6998877024992504e-06
net,-2.3982628957401547e-05,-3.83942260792814e-05,-5.6224958887326e-05,-6.0417356675469624e-05,1.591274499024311e-05
netherlands,-7.928414555517577e-06,-1.3576932814117509e-05,-1.7396337793241638e-05,-1.529887540016259e-05,7.386564149086249e-07
netoreel,-4.630405736569085e-05,-8.326252216205257e-05,-0.0001732766999560675,0.0007393419689443126,2.8499438512500298e-05
never,-0.0,0.0,0.0,0.0,0.0
nevertheless,-8.230984194477592e-06,-1.4753919463583698e-05,-1.9287476532327646e-05,-2.3930846652193635e-05,8.714814004111074e-06
new,-5.83656010181709e-06,-1.085885663185054e-05,1.2678888949859766e-05,-1.3088218856619782e-05,2.1604773644207255e-05
newcomer,-6.758156667650127e-06,-1.173561085338378e-05,-1.2816040009493688e-05,-1.0806638821821616e-05,2.4031576469201507e-08
news,-6.573708397518767e-05,8.783606839023545e-05,-3.9790350262790374e-05,-5.505364230139367e-05,1.6528804006892423e-05
newspaper,-1.0310919426322938e-05,-2.2826063759448474e-05,0.00010879576173084651,1.4648052819501154e-05,-3.167533546792437e-05
newspapers,-8.230984194477592e-06,-1.4753919463583698e-05,-1.9287476532327646e-05,-2.3930846652193635e-05,8.714814004111074e-06
newt,-1.6535068763693436e-05,-3.240737221465142e-05,4.841738988194895e-05,-3.6871338579924785e-05,0.00022418563149831543
next,-6.645747362484452e-05,-6.3000536290941954e-06,-8.25926990488766e-05,-5.4731368202417435e-06,1.9393515201477033e-05
ngh,-0.0002680839050844128,-0.0005934776577456969,0.0028286898050021827,0.0003808493733070532,-0.0008235587221660843
nice,-0.0,0.0,0.0,0.0,0.0
nicely,-1.1876361317835143e-05,-1.959440491397145e-05,-2.7839564683578037e-05,-3.1097093471215276e-05,9.079571037693054e-06
nicer,-1.3516313335301455e-05,-2.347122170676966e-05,-2.5632080018989662e-05,-2.1613277643645184e-05,4.8063152938380925e-08
nichidai,-1.2297219658398232e-05,-2.0766680579271475e-05,-2.445480115071309e-05,-1.9398356310156513e-05,2.2988980343004523e-06
niece,-6.933013497566917e-06,-1.126901311688474e-05,-1.567677891901629e-05,-5.3955815789465e-06,4.849045299734206e-07
night,-0.0,0.0,0.0,0.0,0.0
nightgown,-7.928414555517577e-06,-1.3576932814117509e-05,-1.7396337793241638e-05,-1.529887540016259e-05,7.386564149086249e-07
nights,-1.302331408966606e-05,-2.3077653010486226e-05,-3.222574811609771e-05,-3.790659477413038e-05,-4.1022225733451904e-05
nighttime,-1.1284854417608704e-05,-1.9948278498566486e-05,-2.5163296570968253e-05,-2.073297783802796e-05,-5.6226497401323554e-06
nihon,-1.1991314478700102e-05,-1.919711303963962e-05,-2.8112479443661385e-05,-3.0208678337733182e-05,7.956372495121113e-06
niichan,-0.0003357568054036339,-0.0005375191651099589,-0.000787149424422591,-0.0008458429934566049,0.00022277842986341066
niisan,-2.3982628957401547e-05,-3.83942260792814e-05,-5.6224958887326e-05,-6.0417356675469624e-05,1.591274499024311e-05
ninetyyearold,-1.0310919426322938e-05,-2.2826063759448474e-05,0.00010879576173084651,1.4648052819501154e-05,-3.167533546792437e-05
nirvana,-8.230984194477592e-06,-1.4753919463583698e-05,-1.9287476532327646e-05,-2.3930846652193635e-05,8.714814004111074e-06
nisan,-1.2297219658398232e-05,-2.0766680579271475e-05,-2.445480115071309e-05,-1.9398356310156513e-05,2.2988980343004523e-06
nishinomiya,-5.995657239350582e-05,-9.598556519820658e-05,-0.00014056239721831957,-0.00015104339168867863,3.9781862475609334e-05
nnno,-1.0637321244643162e-05,-2.2270213414548852e-05,7.310979060368658e-05,1.978038104284252e-06,-2.0142887256128975e-05
no,-0.0,0.0,0.0,0.0,0.0
no2,-6.933013497566917e-06,-1.126901311688474e-05,-1.567677891901629e-05,-5.3955815789465e-06,4.849045299734206e-07
nobility,-8.740419975390173e-06,-1.5985066980022623e-05,-2.5230472845474032e-05,-3.9275398979919814e-05,-6.820572682755698e-05
noble,-9.970585100382773e-05,-0.00018223835324099682,-0.00028616632815220704,-0.00044321871594469936,-0.0007511599297625038
nobles,-3.496167990156509e-05,-6.394026792009854e-05,-0.00010092189138190876,-0.000157101595919699,-0.00027282290731026206
nobody,-8.014243594255741e-05,0.00013298355850991473,-7.053834925520598e-06,0.0001311204840078972,-2.713239167227151e-05
nods,-1.1991314478700102e-05,-1.919711303963962e-05,-2.8112479443661385e-05,-3.0208678337733182e-05,7.956372495121113e-06
noface,-6.614027505477883e-05,-0.00012962948885861565,0.0001936695595278105,-0.0001474853543197103,0.0008967425259933304
noise,-2.8337133659356806e-05,-4.7129032644996985e-05,-7.262535028381614e-05,1.5413290587086084e-05,-4.511087014507712e-06
noisy,-9.260811473136898e-06,-1.6652504432408217e-05,-3.465533999120868e-05,0.00014786839378884208,5.6998877024992504e-06
non,-6.148609829199116e-06,-1.0383340289635737e-05,-1.2227400575356544e-05,-9.699178155078256e-06,1.1494490171502262e-06
nonchan,-6.148609829199116e-06,-1.0383340289635737e-05,-1.2227400575356544e-05,-9.699178155078256e-06,1.1494490171502262e-06
nonchemical,-6.148609829199116e-06,-1.0383340289635737e-05,-1.2227400575356544e-05,-9.699178155078256e-06,1.1494490171502262e-06
none,-9.260811473136898e-06,-1.6652504432408217e-05,-3.465533999120868e-05,0.00014786839378884208,5.6998877024992504e-06
nonplussed,-6.758156667650127e-06,-1.173561085338378e-05,-1.2816040009493688e-05,-1.0806638821821616e-05,2.4031576469201507e-08
nonsense,0.00019775181900958416,2.9971222099337533e-05,3.064606935569712e-07,-2.5945040334008563e-05,4.836508892052392e-05
noo,-1.1991314478700102e-05,-1.919711303963962e-05,-2.8112479443661385e-05,-3.0208678337733182e-05,7.956372495121113e-06
noon,-7.928414555517577e-06,-1.3576932814117509e-05,-1.7396337793241638e-05,-1.529887540016259e-05,7.386564149086249e-07
nooo,-6.758156667650127e-06,-1.173561085338378e-05,-1.2816040009493688e-05,-1.0806638821821616e-05,2.4031576469201507e-08
nope,-2.0045793682130043e-05,-3.475507894147347e-05,-4.565133938242171e-05,-5.0414814266659235e-05,-4.774888408768842e-05
nor,-1.618111036599523e-05,-2.8388466134652826e-05,-4.242593580351494e-05,8.107309329069473e-06,-2.743502859083255e-05
norikosan,0.0005391680872013928,0.00013317508963693234,3.172936181243667e-05,9.407910530525515e-06,-1.1788226260618168e-06
normal,-1.5853060727029297e-05,-3.009885135662396e-05,3.367912568910907e-05,-1.7758651062854672e-05,3.2874717969413594e-05
normally,-6.148609829199116e-06,-1.0383340289635737e-05,-1.2227400575356544e-05,-9.699178155078256e-06,1.1494490171502262e-06
north,-3.634029021615768e-05,-6.774701232208458e-05,-4.498222827554542e-05,0.00043406074231412223,-3.4948032642631223e-06
northern,-1.842367582710235e-05,-3.424960161453504e-05,2.6866985669138367e-05,7.722941189039075e-05,-1.0517920482852874e-05
northwest,-1.3516313335301455e-05,-2.347122170676966e-05,-2.5632080018989662e-05,-2.1613277643645184e-05,4.8063152938380925e-08
nose,-1.3698831553743693e-05,-2.877860421164756e-05,9.807089796909202e-05,-2.7928007655948944e-06,5.9295866476501694e-05
noses,-4.115492097238796e-06,-7.376959731791849e-06,-9.643738266163823e-06,-1.1965423326096818e-05,4.357407002055537e-06
nostalgic,-6.148609829199116e-06,-1.0383340289635737e-05,-1.2227400575356544e-05,-9.699178155078256e-06,1.1494490171502262e-06
not,-0.0,0.0,0.0,0.0,0.0
note,-1.213644154962799e-05,-2.448696951672978e-05,7.120472599869694e-05,3.6490550348550413e-06,-2.2508276567880185e-05
nothing,-2.0974281782673932e-05,1.0649409830776457e-05,-2.340715262473328e-06,4.397011156461833e-06,-9.289452654025228e-06
nothingness,-5.642427208804352e-06,-9.974139249283243e-06,-1.2581648285484126e-05,-1.036648891901398e-05,-2.8113248700661777e-06
nothings,-4.115492097238796e-06,-7.376959731791849e-06,-9.643738266163823e-06,-1.1965423326096818e-05,4.357407002055537e-06
notice,-1.8714563022844124e-05,-3.718884504875362e-05,8.437116317006735e-05,-4.165420867180561e-06,-2.7642108549968412e-05
noticed,-1.4166377737902143e-05,-2.574484301420859e-05,-1.369199483553826e-05,-3.1662195302111536e-05,3.745402656997875e-05
notices,-1.1991314478700102e-05,-1.919711303963962e-05,-2.8112479443661385e-05,-3.0208678337733182e-05,7.956372495121113e-06
notified,-9.260811473136898e-06,-1.6652504432408217e-05,-3.465533999120868e-05,0.00014786839378884208,5.6998877024992504e-06
notify,-1.1733967481612296e-05,-2.043676212390136e-05,-2.7189619201408287e-05,-2.051121429656728e-05,-2.4447737680295248e-05
notnot,-4.115492097238796e-06,-7.376959731791849e-06,-9.643738266163823e-06,-1.1965423326096818e-05,4.357407002055537e-06
notoriously,-4.115492097238796e-06,-7.376959731791849e-06,-9.643738266163823e-06,-1.1965423326096818e-05,4.357407002055537e-06
nourishment,-3.5973943436102904e-05,-5.7591339118923045e-05,-8.433743833099065e-05,-9.062603501320563e-05,2.3869117485365062e-05
nourishments,-1.1991314478700102e-05,-1.919711303963962e-05,-2.8112479443661385e-05,-3.0208678337733182e-05,7.956372495121113e-06
novice,-9.260811473136898e-06,-1.6652504432408217e-05,-3.465533999120868e-05,0.00014786839378884208,5.6998877024992504e-06
now,-0.0,0.0,0.0,0.0,0.0
nowadays,-1.1991314478700102e-05,-1.919711303963962e-05,-2.8112479443661385e-05,-3.0208678337733182e-05,7.956372495121113e-06
nowhere,-1.925928790040707e-05,-3.830119052894345e-05,8.462968147271685e-05,-1.8633472142350247e-05,0.00011304119487736165
nt,9.591557510303551e-05,0.00022761925824300858,-0.0010176432401383369,0.0003595940713276374,-0.0003543264156525309
nude,-6.758156667650127e-06,-1.173561085338378e-05,-1.2816040009493688e-05,-1.0806638821821616e-05,2.4031576469201507e-08
nugget,-1.1284854417608704e-05,-1.9948278498566486e-05,-2.5163296570968253e-05,-2.073297783802796e-05,-5.6226497401323554e-06
nuisance,-6.933013497566917e-06,-1.126901311688474e-05,-1.567677891901629e-05,-5.3955815789465e-06,4.849045299734206e-07
numb,-6.933013497566917e-06,-1.126901311688474e-05,-1.567677891901629e-05,-5.3955815789465e-06,4.849045299734206e-07
number,-5.768355219991891e-05,6.613256728724423e-05,-4.466139655283699e-05,2.248360534113312e-05,5.065641792392927e-06
numbers,-1.5223270064372918e-05,-2.70044247911292e-05,-3.675791845510096e-05,-4.142842023793041e-05,-3.2627292968583385e-05
numerator,-1.8445829487598546e-05,-3.115002086890924e-05,-3.668220172607203e-05,-2.909753446523663e-05,3.4483470514509546e-06
numerous,-4.115492097238796e-06,-7.376959731791849e-06,-9.643738266163823e-06,-1.1965423326096818e-05,4.357407002055537e-06
numnums,-8.740419975390173e-06,-1.5985066980022623e-05,-2.5230472845474032e-05,-3.9275398979919814e-05,-6.820572682755698e-05
nuns,-8.740419975390173e-06,-1.5985066980022623e-05,-2.5230472845474032e-05,-3.9275398979919814e-05,-6.820572682755698e-05
nurse,-1.978401645933568e-05,-3.508903138608592e-05,-4.935824547562651e-05,-6.415827503466964e-05,-7.573942141541195e-05
nursed,-4.115492097238796e-06,-7.376959731791849e-06,-9.643738266163823e-06,-1.1965423326096818e-05,4.357407002055537e-06
nursery,-4.115492097238796e-06,-7.376959731791849e-06,-9.643738266163823e-06,-1.1965423326096818e-05,4.357407002055537e-06
nurtured,-7.701796971080249e-06,-1.3302071444386432e-05,-2.118298283289607e-05,-1.3966243667950595e-05,-3.9096045353798374e-05
nutrients,-1.1991314478700102e-05,-1.919711303963962e-05,-2.8112479443661385e-05,-3.0208678337733182e-05,7.956372495121113e-06
nutritious,-7.701796971080249e-06,-1.3302071444386432e-05,-2.118298283289607e-05,-1.3966243667950595e-05,-3.9096045353798374e-05
nuts,-6.09527130713791e-05,9.458583317400676e-05,2.8075438553259613e-05,-1.583726964028084e-05,-6.902559924336004e-05
nyah,-1.8445829487598546e-05,-3.115002086890924e-05,-3.668220172607203e-05,-2.909753446523663e-05,3.4483470514509546e-06
o,-3.51169647632995e-05,-6.603791650049527e-05,-1.7268488377309105e-05,-0.0001117385724080334,-0.0002168802141049576
oath,-2.130159278693695e-05,-4.560941293794756e-05,0.00017829150346731446,8.007947791664017e-06,3.5940043141374775e-05
obedient,-1.0310919426322938e-05,-2.2826063759448474e-05,0.00010879576173084651,1.4648052819501154e-05,-3.167533546792437e-05
obey,-2.522082297809457e-05,-4.373043190615739e-05,-6.428379729055924e-05,-4.496793665442644e-05,-9.29100350052584e-05
obeys,-1.0310919426322938e-05,-2.2826063759448474e-05,0.00010879576173084651,1.4648052819501154e-05,-3.167533546792437e-05
objections,-6.933013497566917e-06,-1.126901311688474e-05,-1.567677891901629e-05,-5.3955815789465e-06,4.849045299734206e-07
objective,-7.701796971080249e-06,-1.3302071444386432e-05,-2.118298283289607e-05,-1.3966243667950595e-05,-3.9096045353798374e-05
objectives,-4.115492097238796e-06,-7.376959731791849e-06,-9.643738266163823e-06,-1.1965423326096818e-05,4.357407002055537e-06
objects,-9.47931274427452e-06,-1.722600125843098e-05,-2.5714515778378864e-05,-3.778244415242036e-05,-4.7078588310430935e-05
obliged,-5.642427208804352e-06,-9.974139249283243e-06,-1.2581648285484126e-05,-1.036648891901398e-05,-2.8113248700661777e-06
obnoxious,-8.267534381846718e-06,-1.620368610732571e-05,2.4208694940974476e-05,-1.8435669289962392e-05,0.00011209281574915771
observation,-4.115492097238796e-06,-7.376959731791849e-06,-9.643738266163823e-06,-1.1965423326096818e-05,4.357407002055537e-06
observe,-1.0605199058755076e-05,-1.914103278324454e-05,-2.7880785097142795e-05,-3.660346912391205e-05,-5.2364456089533554e-05
obsessed,-6.148609829199116e-06,-1.0383340289635737e-05,-1.2227400575356544e-05,-9.699178155078256e-06,1.1494490171502262e-06
obtain,-1.0605199058755076e-05,-1.914103278324454e-05,-2.7880785097142795e-05,-3.660346912391205e-05,-5.2364456089533554e-05
obtained,-4.115492097238796e-06,-7.376959731791849e-06,-9.643738266163823e-06,-1.1965423326096818e-05,4.357407002055537e-06
obvious,-5.642427208804352e-06,-9.974139249283243e-06,-1.2581648285484126e-05,-1.036648891901398e-05,-2.8113248700661777e-06
obviously,-1.0310919426322938e-05,-2.2826063759448474e-05,0.00010879576173084651,1.4648052819501154e-05,-3.167533546792437e-05
occasionally,-6.758156667650127e-06,-1.173561085338378e-05,-1.2816040009493688e-05,-1.0806638821821616e-05,2.4031576469201507e-08
occasions,-1.7480839950781815e-05,-3.197013396004792e-05,-5.046094569095228e-05,-7.85507979598462e-05,-0.00013641145365512534
occupied,-4.115492097238796e-06,-7.376959731791849e-06,-9.643738266163823e-06,-1.1965423326096818e-05,4.357407002055537e-06
occur,-8.230984194477592e-06,-1.4753919463583698e-05,-1.9287476532327646e-05,-2.3930846652193635e-05,8.714814004111074e-06
occurring,-4.115492097238796e-06,-7.376959731791849e-06,-9.643738266163823e-06,-1.1965423326096818e-05,4.357407002055537e-06
ocean,0.0003962087612013844,5.9305277822671595e-05,1.4046398280314044e-05,0.00010946677577711986,-8.603582339814671e-06
oceans,-7.701796971080249e-06,-1.3302071444386432e-05,-2.118298283289607e-05,-1.3966243667950595e-05,-3.9096045353798374e-05
oclock,-2.0274470002952776e-05,-3.520683256015552e-05,-3.844812002848561e-05,-3.241991646546873e-05,7.209472940754867e-08
odd,0.0001957433598840595,4.3658952444374584e-05,4.587014948149819e-06,-5.3542468509692495e-06,2.778333373280335e-06
oddly,-4.115492097238796e-06,-7.376959731791849e-06,-9.643738266163823e-06,-1.1965423326096818e-05,4.357407002055537e-06
of,-0.0,0.0,0.0,0.0,0.0
off,-0.0,0.0,0.0,0.0,0.0
offender,-1.1991314478700102e-05,-1.919711303963962e-05,-2.8112479443661385e-05,-3.0208678337733182e-05,7.956372495121113e-06
offense,-5.642427208804352e-06,-9.974139249283243e-06,-1.2581648285484126e-05,-1.036648891901398e-05,-2.8113248700661777e-06
offer,-6.251545436330357e-05,9.210839378136347e-05,1.6573210648443006e-05,0.0001357785348873944,-6.2288957337464e-06
offered,-9.087054360649962e-05,0.00026936276190924494,2.3540349416308355e-05,5.8534753981287895e-06,-8.025388520741435e-07
offering,-1.0310919426322938e-05,-2.2826063759448474e-05,0.00010879576173084651,1.4648052819501154e-05,-3.167533546792437e-05
offerings,-4.115492097238796e-06,-7.376959731791849e-06,-9.643738266163823e-06,-1.1965423326096818e-05,4.357407002055537e-06
offguard,-6.148609829199116e-06,-1.0383340289635737e-05,-1.2227400575356544e-05,-9.699178155078256e-06,1.1494490171502262e-06
office,-1.3448781392121386e-05,-2.6841766449557246e-05,6.739340773772706e-05,-4.798843324577567e-07,-2.2811174684146348e-05
officers,-7.928414555517577e-06,-1.3576932814117509e-05,-1.7396337793241638e-05,-1.529887540016259e-05,7.386564149086249e-07
official,-4.115492097238796e-06,-7.376959731791849e-06,-9.643738266163823e-06,-1.1965423326096818e-05,4.357407002055537e-06
offs,-6.933013497566917e-06,-1.126901311688474e-05,-1.567677891901629e-05,-5.3955815789465e-06,4.849045299734206e-07
offscreen,-6.933013497566917e-06,-1.126901311688474e-05,-1.567677891901629e-05,-5.3955815789465e-06,4.849045299734206e-07
offshore,0.00026958404360068357,6.658754481846307e-05,1.5864680906217585e-05,4.703955265262531e-06,-5.894113130308773e-07
offspring,-6.758156667650127e-06,-1.173561085338378e-05,-1.2816040009493688e-05,-1.0806638821821616e-05,2.4031576469201507e-08
offtrack,-6.148609829199116e-06,-1.0383340289635737e-05,-1.2227400575356544e-05,-9.699178155078256e-06,1.1494490171502262e-06
often,4.585211604481449e-05,8.808386978904438e-05,-1.3919064615748858e-05,-2.2092444666464933e-05,-2.12141624280659e-05
oh,-0.0,0.0,0.0,0.0,0.0
ohagi,-9.087054360649962e-05,0.00026936276190924494,2.3540349416308355e-05,5.8534753981287895e-06,-8.025388520741435e-07
ohh,-0.00023498296261142583,-0.0005124710042482949,0.002293217840008776,0.0002916100970836462,-0.0006761014244516789
ohhh,-2.6502951312646172e-05,-5.2119435167827514e-05,0.00012970318312821103,-3.2138852015124247e-06,-4.0774983855679326e-05
ohmiai,-6.148609829199116e-06,-1.0383340289635737e-05,-1.2227400575356544e-05,-9.699178155078256e-06,1.1494490171502262e-06
ohmu,-0.0003157736758143438,-0.000545384929219936,-0.0008685022961488862,-0.0005726159903860716,-0.0016029378595060055
ohnohya,-3.074304914599671e-05,-5.1916701448180636e-05,-6.113700287678499e-05,-4.849589077539312e-05,5.7472450857512875e-06
oho,-1.0662053538859219e-05,-1.8461546683853197e-05,-2.506919530111891e-05,-1.8266296422303804e-05,-2.8809767525748742e-05
ohohoho,-1.0310919426322938e-05,-2.2826063759448474e-05,0.00010879576173084651,1.4648052819501154e-05,-3.167533546792437e-05
oi,-1.3824931267568941e-05,-2.2808258345088377e-05,-3.0178662849025052e-05,-3.0242663178196575e-05,5.884354652778521e-06
oil,-9.260811473136898e-06,-1.6652504432408217e-05,-3.465533999120868e-05,0.00014786839378884208,5.6998877024992504e-06
ojiisan,-6.148609829199116e-06,-1.0383340289635737e-05,-1.2227400575356544e-05,-9.699178155078256e-06,1.1494490171502262e-06
ok,-0.00010733168170554437,-0.00018589229062712713,-0.00028847837157953727,0.00041246327481117524,-4.867694112983588e-05
okajima,-4.918887863359524e-05,-8.306672231708984e-05,-9.781920460285702e-05,-7.75934252406297e-05,9.19559213720224e-06
okajimasan,-3.074304914599671e-05,-5.1916701448180636e-05,-6.113700287678499e-05,-4.849589077539312e-05,5.7472450857512875e-06
okami,-1.8521622946275386e-05,-3.330500886481932e-05,-6.931067998242342e-05,0.0002957367875777097,1.1399775404999465e-05
okara,-1.1991314478700102e-05,-1.919711303963962e-05,-2.8112479443661385e-05,-3.0208678337733182e-05,7.956372495121113e-06
okay,0.00017550294715341043,0.0004898779509725065,0.0002557125592388799,-5.676633312885937e-05,0.00012362916329525172
oke,-3.7039428875154576e-05,-6.639263758613634e-05,-8.679364439548708e-05,-0.00010768880993488681,3.9216663018505114e-05
okino,-6.758156667650127e-06,-1.173561085338378e-05,-1.2816040009493688e-05,-1.0806638821821616e-05,2.4031576469201507e-08
okiyo,-1.2346476291717726e-05,-2.213087919537796e-05,-2.8931214798494673e-05,-3.589626997829423e-05,1.3072221006167883e-05
okkotonushi,-6.77091265056585e-05,-0.00011968967099141003,-0.0001509797794258236,-0.00012439786702817925,-3.373589844079723e-05
okkotonushisama,-3.385456325282861e-05,-5.984483549570389e-05,-7.548988971291037e-05,-6.219893351408848e-05,-1.686794922039834e-05
old,9.00433320499106e-06,2.8983991764362533e-05,2.5555604532319567e-05,4.898748107034268e-05,-8.59833110937052e-06
older,-1.542029972467924e-05,-2.8835370299510806e-05,4.1466516119317605e-05,-1.606723922336932e-05,-1.1301540343762726e-05
oldfashioned,-1.0829150120111823e-05,-1.866421584262299e-05,-2.2277110820478178e-05,-1.9248913049672594e-05,5.623683450639227e-07
omigosh,-6.148609829199116e-06,-1.0383340289635737e-05,-1.2227400575356544e-05,-9.699178155078256e-06,1.1494490171502262e-06
ominous,-9.839369903605993e-06,-1.716272477754985e-05,-2.4896366454435814e-05,-1.7941751686814237e-05,-3.0900418919936764e-05
on,-0.0,0.0,0.0,0.0,0.0
once,-0.0,0.0,0.0,0.0,0.0
oncoming,-6.758156667650127e-06,-1.173561085338378e-05,-1.2816040009493688e-05,-1.0806638821821616e-05,2.4031576469201507e-08
one,-0.0,0.0,0.0,0.0,0.0
onegai,-0.0002726116308194988,0.000808088285727735,7.06210482489251e-05,1.7560426194386367e-05,-2.407616556222428e-06
onehanded,-7.928414555517577e-06,-1.3576932814117509e-05,-1.7396337793241638e-05,-1.529887540016259e-05,7.386564149086249e-07
onenight,-6.148609829199116e-06,-1.0383340289635737e-05,-1.2227400575356544e-05,-9.699178155078256e-06,1.1494490171502262e-06
oneonone,-6.933013497566917e-06,-1.126901311688474e-05,-1.567677891901629e-05,-5.3955815789465e-06,4.849045299734206e-07
ones,-4.941089797834457e-05,3.3698944556893163e-06,-4.9508060153637904e-05,-3.0378237372104573e-05,4.161813106775516e-05
oneway,-8.267534381846718e-06,-1.620368610732571e-05,2.4208694940974476e-05,-1.8435669289962392e-05,0.00011209281574915771
ongaeshi,-6.148609829199116e-06,-1.0383340289635737e-05,-1.2227400575356544e-05,-9.699178155078256e-06,1.1494490171502262e-06
oni,-6.148609829199116e-06,-1.0383340289635737e-05,-1.2227400575356544e-05,-9.699178155078256e-06,1.1494490171502262e-06
onion,-1.2297219658398232e-05,-2.0766680579271475e-05,-2.445480115071309e-05,-1.9398356310156513e-05,2.2988980343004523e-06
onions,-6.148609829199116e-06,-1.0383340289635737e-05,-1.2227400575356544e-05,-9.699178155078256e-06,1.1494490171502262e-06
only,-0.0,0.0,0.0,0.0,0.0
onobu,-6.148609829199116e-06,-1.0383340289635737e-05,-1.2227400575356544e-05,-9.699178155078256e-06,1.1494490171502262e-06
onto,-4.215054740691749e-05,6.17840914355795e-05,3.00612563543244e-05,4.307742830802823e-05,2.664432500837305e-05
oodles,-6.148609829199116e-06,-1.0383340289635737e-05,-1.2227400575356544e-05,-9.699178155078256e-06,1.1494490171502262e-06
oof,-0.00010337016446614396,-0.00017901963748233454,-0.00029108092915530135,-6.603544754643424e-05,-0.00048586446788952364
ooh,-2.1748627933881445e-05,-4.28942716999536e-05,6.762861171529747e-05,6.61103686117403e-05,-4.1788879185789214e-05
ooo,-4.115492097238796e-06,-7.376959731791849e-06,-9.643738266163823e-06,-1.1965423326096818e-05,4.357407002055537e-06
ooops,-9.087054360649962e-05,0.00026936276190924494,2.3540349416308355e-05,5.8534753981287895e-06,-8.025388520741435e-07
oop,-9.260811473136898e-06,-1.6652504432408217e-05,-3.465533999120868e-05,0.00014786839378884208,5.6998877024992504e-06
oops,-9.516810277618436e-06,-1.630941890979553e-05,-1.846579255950825e-05,-1.5119973682359797e-05,8.652664613300786e-07
ooze,-5.642427208804352e-06,-9.974139249283243e-06,-1.2581648285484126e-05,-1.036648891901398e-05,-2.8113248700661777e-06
open,-1.363532813928531e-05,2.3976197382399923e-05,9.414574054930478e-06,1.731601432539317e-05,1.4443465251692155e-05
opened,-6.0299316766296556e-05,9.820921429767347e-05,-4.104475875827066e-05,0.000123904108662459,7.472876938439826e-06
opening,-1.857725882227944e-05,-3.307280769160228e-05,-1.854270492994638e-05,-3.677355490866068e-05,4.34712921526378e-05
openly,-4.115492097238796e-06,-7.376959731791849e-06,-9.643738266163823e-06,-1.1965423326096818e-05,4.357407002055537e-06
opera,-6.933013497566917e-06,-1.126901311688474e-05,-1.567677891901629e-05,-5.3955815789465e-06,4.849045299734206e-07
operation,-6.901448737290472e-05,-0.00012296526620571272,-0.00016634404747846524,-0.00018822753113123,3.3908110613026313e-06
operational,-4.115492097238796e-06,-7.376959731791849e-06,-9.643738266163823e-06,-1.1965423326096818e-05,4.357407002055537e-06
operations,-4.115492097238796e-06,-7.376959731791849e-06,-9.643738266163823e-06,-1.1965423326096818e-05,4.357407002055537e-06
opinion,-1.4913380791797607e-05,-2.5323279304116776e-05,-3.08589567595462e-05,-2.5584019934524444e-05,2.239742185474052e-06
opponent,-8.146620737475113e-06,-1.3748616749657121e-05,-1.867009511959345e-05,-1.2801145038956248e-05,3.570480659636475e-06
opportunity,-1.152494373660365e-05,-1.9819246287744665e-05,-2.8446480001631444e-05,-2.157864915206456e-05,-2.828283856885151e-05
oppose,-4.115492097238796e-06,-7.376959731791849e-06,-9.643738266163823e-06,-1.1965423326096818e-05,4.357407002055537e-06
opposed,-8.146620737475113e-06,-1.3748616749657121e-05,-1.867009511959345e-05,-1.2801145038956248e-05,3.570480659636475e-06
opposing,-7.568240327884655e-06,-1.3095565478678627e-05,-1.612669439406123e-05,-1.597440397537854e-05,4.060482846244693e-06
opposite,-1.1378168691650445e-05,-1.9647427818591483e-05,-2.6846024279446106e-05,-1.9864778058526978e-05,-2.379081988770406e-05
opposites,-8.267534381846718e-06,-1.620368610732571e-05,2.4208694940974476e-05,-1.8435669289962392e-05,0.00011209281574915771
or,-0.0,0.0,0.0,0.0,0.0
order,-2.1029770643538385e-05,-3.6894130672952496e-05,-5.142158397748136e-05,-5.370994312789387e-05,-5.763837019570079e-05
ordered,-1.3281684810868789e-05,-2.6639097290787467e-05,6.460132325708633e-05,5.027322949110204e-07,-5.2183310554959e-05
orders,-2.8632171219062545e-05,-5.213905021981086e-05,-2.3180308446710317e-05,6.307322542480108e-05,-3.394756913457128e-05
ordinary,-2.442349944069334e-05,-4.15055504693128e-05,-5.511335783142412e-05,-3.458579167727105e-05,-1.5304032902724268e-06
organic,-2.459443931679762e-05,-4.153336115854492e-05,-4.890960230142851e-05,-3.879671262031485e-05,4.59779606860112e-06
organically,-6.148609829199116e-06,-1.0383340289635737e-05,-1.2227400575356544e-05,-9.699178155078256e-06,1.1494490171502262e-06
organize,-4.115492097238796e-06,-7.376959731791849e-06,-9.643738266163823e-06,-1.1965423326096818e-05,4.357407002055537e-06
organized,-1.0310919426322938e-05,-2.2826063759448474e-05,0.00010879576173084651,1.4648052819501154e-05,-3.167533546792437e-05
oriental,-9.260811473136898e-06,-1.6652504432408217e-05,-3.465533999120868e-05,0.00014786839378884208,5.6998877024992504e-06
original,-1.3258681463500312e-05,-2.2057828811065374e-05,-3.0229375344651086e-05,-1.677957962493785e-05,3.928025240275011e-06
originally,-9.260811473136898e-06,-1.6652504432408217e-05,-3.465533999120868e-05,0.00014786839378884208,5.6998877024992504e-06
ornament,-1.1991314478700102e-05,-1.919711303963962e-05,-2.8112479443661385e-05,-3.0208678337733182e-05,7.956372495121113e-06
oroku,-3.292393677791439e-05,-5.9015677854342044e-05,-7.714990612932011e-05,-9.572338660878625e-05,3.48592560164485e-05
orphans,-1.1991314478700102e-05,-1.919711303963962e-05,-2.8112479443661385e-05,-3.0208678337733182e-05,7.956372495121113e-06
osho,-4.9385905166872285e-05,-8.85235167815143e-05,-0.00011572485919398167,-0.0001435850799131813,5.228888402467332e-05
osono,-4.0548940005906845e-05,-7.041366512031321e-05,-7.68962400569736e-05,-6.483983293093946e-05,1.441894588151558e-07
other,-1.7972010881455794e-06,-2.6419122324593626e-05,-3.556633783098589e-05,-1.5117137448397839e-05,6.937421052751704e-06
others,-3.0082305892384394e-05,2.269379872119805e-06,-4.9908875125207296e-05,6.770581023323935e-05,-2.3024339750217196e-05
otherwise,-1.1355452663310836e-05,-2.0148277114373645e-05,-2.5664983321135282e-05,-2.4110181301907347e-05,-9.329273212114288e-07
otomo,-1.7480839950781815e-05,-3.197013396004792e-05,-5.046094569095228e-05,-7.85507979598462e-05,-0.00013641145365512534
otsukuri,-1.1991314478700102e-05,-1.919711303963962e-05,-2.8112479443661385e-05,-3.0208678337733182e-05,7.956372495121113e-06
ouch,9.943318578486355e-05,-1.91438487335803e-05,-8.199462855075146e-05,0.0002636388734119552,7.085202799900956e-06
ouchouchouch,-7.701796971080249e-06,-1.3302071444386432e-05,-2.118298283289607e-05,-1.3966243667950595e-05,-3.9096045353798374e-05
ouchouchouchouch,-5.642427208804352e-06,-9.974139249283243e-06,-1.2581648285484126e-05,-1.036648891901398e-05,-2.8113248700661777e-06
ought,-1.2297219658398232e-05,-2.0766680579271475e-05,-2.445480115071309e-05,-1.9398356310156513e-05,2.2988980343004523e-06
ounce,-7.928414555517577e-06,-1.3576932814117509e-05,-1.7396337793241638e-05,-1.529887540016259e-05,7.386564149086249e-07
our,-0.0,0.0,0.0,0.0,0.0
ours,-2.366453221864783e-05,-4.577816802106942e-05,0.00010044645429335068,-9.462789819027121e-06,-3.190306317852008e-05
ourselves,-4.115492097238796e-06,-7.376959731791849e-06,-9.643738266163823e-06,-1.1965423326096818e-05,4.357407002055537e-06
out,-0.0,0.0,0.0,0.0,0.0
outbursts,-1.0310919426322938e-05,-2.2826063759448474e-05,0.00010879576173084651,1.4648052819501154e-05,-3.167533546792437e-05
outcome,-4.115492097238796e-06,-7.376959731791849e-06,-9.643738266163823e-06,-1.1965423326096818e-05,4.357407002055537e-06
outdo,-4.115492097238796e-06,-7.376959731791849e-06,-9.643738266163823e-06,-1.1965423326096818e-05,4.357407002055537e-06
outlaws,-6.933013497566917e-06,-1.126901311688474e-05,-1.567677891901629e-05,-5.3955815789465e-06,4.849045299734206e-07
outoftown,-6.758156667650127e-06,-1.173561085338378e-05,-1.2816040009493688e-05,-1.0806638821821616e-05,2.4031576469201507e-08
outrageous,-6.933013497566917e-06,-1.126901311688474e-05,-1.567677891901629e-05,-5.3955815789465e-06,4.849045299734206e-07
outside,1.811319437466599e-05,-2.2362904392474715e-05,2.232863878542752e-05,-9.561656366400273e-06,-1.6212821436984158e-05
outta,-5.642427208804352e-06,-9.974139249283243e-06,-1.2581648285484126e-05,-1.036648891901398e-05,-2.8113248700661777e-06
outwit,-1.0310919426322938e-05,-2.2826063759448474e-05,0.00010879576173084651,1.4648052819501154e-05,-3.167533546792437e-05
oven,-3.379078333825543e-05,-5.867805426692726e-05,-6.408020004747756e-05,-5.4033194109115855e-05,1.2015788234592622e-07
ovens,-6.758156667650127e-06,-1.173561085338378e-05,-1.2816040009493688e-05,-1.0806638821821616e-05,2.4031576469201507e-08
over,-0.0,0.0,0.0,0.0,0.0
overall,-6.758156667650127e-06,-1.173561085338378e-05,-1.2816040009493688e-05,-1.0806638821821616e-05,2.4031576469201507e-08
overdo,-6.933013497566917e-06,-1.126901311688474e-05,-1.567677891901629e-05,-5.3955815789465e-06,4.849045299734206e-07
overhaul,-6.933013497566917e-06,-1.126901311688474e-05,-1.567677891901629e-05,-5.3955815789465e-06,4.849045299734206e-07
overhead,-6.758156667650127e-06,-1.173561085338378e-05,-1.2816040009493688e-05,-1.0806638821821616e-05,2.4031576469201507e-08
overlooking,-6.758156667650127e-06,-1.173561085338378e-05,-1.2816040009493688e-05,-1.0806638821821616e-05,2.4031576469201507e-08
overly,-4.115492097238796e-06,-7.376959731791849e-06,-9.643738266163823e-06,-1.1965423326096818e-05,4.357407002055537e-06
overslept,-7.198656754085104e-05,0.00018996149961805767,7.907574527516967e-06,-3.652217353497821e-06,-5.740327016441796e-07
overstayed,-1.1991314478700102e-05,-1.919711303963962e-05,-2.8112479443661385e-05,-3.0208678337733182e-05,7.956372495121113e-06
overtake,-7.928414555517577e-06,-1.3576932814117509e-05,-1.7396337793241638e-05,-1.529887540016259e-05,7.386564149086249e-07
overtaxed,-6.758156667650127e-06,-1.173561085338378e-05,-1.2816040009493688e-05,-1.0806638821821616e-05,2.4031576469201507e-08
overthrow,-5.642427208804352e-06,-9.974139249283243e-06,-1.2581648285484126e-05,-1.036648891901398e-05,-2.8113248700661777e-06
overtime,-2.249872859768664e-05,-3.871246399778654e-05,-7.183501190096834e-05,0.00019578727480878144,1.4272264654042747e-05
overweight,-6.148609829199116e-06,-1.0383340289635737e-05,-1.2227400575356544e-05,-9.699178155078256e-06,1.1494490171502262e-06
overwhelmed,-8.230984194477592e-06,-1.4753919463583698e-05,-1.9287476532327646e-05,-2.3930846652193635e-05,8.714814004111074e-06
overwhelmingly,-4.115492097238796e-06,-7.376959731791849e-06,-9.643738266163823e-06,-1.1965423326096818e-05,4.357407002055537e-06
ow,0.00041110542514208217,6.450957246744457e-05,8.453155083539323e-05,3.876746472997291e-05,5.121280139082465e-05
owe,-1.3698831553743693e-05,-2.877860421164756e-05,9.807089796909202e-05,-2.7928007655948944e-06,5.9295866476501694e-05
own,-2.7124283562866635e-05,-5.069540964763871e-05,1.4583423074948134e-05,-3.25857494916191e-05,-7.306216886343184e-06
owner,-7.701796971080249e-06,-1.3302071444386432e-05,-2.118298283289607e-05,-1.3966243667950595e-05,-3.9096045353798374e-05
oww,-5.642427208804352e-06,-9.974139249283243e-06,-1.2581648285484126e-05,-1.036648891901398e-05,-2.8113248700661777e-06
oxen,-2.3785243666552766e-05,-4.073079844235258e-05,-5.2189013379724986e-05,-4.5896626200487794e-05,2.2159692447259397e-06
p,0.00018742007274015837,2.9481780003648498e-05,-1.954073463958656e-05,-1.7127568922690358e-05,-5.808957714538181e-05
pachinko,-4.115492097238796e-06,-7.376959731791849e-06,-9.643738266163823e-06,-1.1965423326096818e-05,4.357407002055537e-06
pacifier,-6.758156667650127e-06,-1.173561085338378e-05,-1.2816040009493688e-05,-1.0806638821821616e-05,2.4031576469201507e-08
pack,-7.701796971080249e-06,-1.3302071444386432e-05,-2.118298283289607e-05,-1.3966243667950595e-05,-3.9096045353798374e-05
package,-6.555958487869696e-05,0.00013560443756752117,-1.137538695399296e-05,-1.8129271168444045e-05,-9.233879713571297e-09
packing,-9.260811473136898e-06,-1.6652504432408217e-05,-3.465533999120868e-05,0.00014786839378884208,5.6998877024992504e-06
padded,-6.933013497566917e-06,-1.126901311688474e-05,-1.567677891901629e-05,-5.3955815789465e-06,4.849045299734206e-07
paggot,-1.3866026995135076e-05,-2.253802623377149e-05,-3.135355783803537e-05,-1.0791163157893955e-05,9.698090599469093e-07
paid,-1.0978433049259357e-05,-1.944275736061192e-05,-2.7619580383368495e-05,-3.611142722184957e-05,-4.9443977622182136e-05
pain,-1.985107791156908e-05,-3.642160674805202e-05,1.7199605803129292e-05,-2.858860242327278e-05,-9.79156052846737e-06
painful,-5.642427208804352e-06,-9.974139249283243e-06,-1.2581648285484126e-05,-1.036648891901398e-05,-2.8113248700661777e-06
pains,-7.701796971080249e-06,-1.3302071444386432e-05,-2.118298283289607e-05,-1.3966243667950595e-05,-3.9096045353798374e-05
paint,-1.787080114772922e-05,-3.027146371848261e-05,-3.7433385229736144e-05,-2.5666624651791953e-05,3.0972945592857405e-06
painting,-1.0829150120111823e-05,-1.866421584262299e-05,-2.2277110820478178e-05,-1.9248913049672594e-05,5.623683450639227e-07
pair,-1.5895824278519402e-05,-2.7591053466890096e-05,-4.35848900550109e-05,9.472744186869054e-05,5.897908382166806e-06
palace,-7.18497589633591e-05,-0.00014973507825119406,0.0004417884959074624,-2.9351093413094894e-05,-0.00030880431602125174
palanquin,-8.740419975390173e-06,-1.5985066980022623e-05,-2.5230472845474032e-05,-3.9275398979919814e-05,-6.820572682755698e-05
pale,-8.267534381846718e-06,-1.620368610732571e-05,2.4208694940974476e-05,-1.8435669289962392e-05,0.00011209281574915771
pampers,-5.642427208804352e-06,-9.974139249283243e-06,-1.2581648285484126e-05,-1.036648891901398e-05,-2.8113248700661777e-06
pancakes,-6.933013497566917e-06,-1.126901311688474e-05,-1.567677891901629e-05,-5.3955815789465e-06,4.849045299734206e-07
panic,-1.1496246807703006e-05,-2.0121993891478988e-05,-2.6689779423864918e-05,-2.2360689864602038e-05,-1.7813594648363757e-05
panicking,-1.6444562539578498e-05,-3.098580895202262e-05,5.949185570918018e-05,-1.147363446098171e-05,-1.7489188376431768e-05
pansy,-3.074304914599671e-05,-5.1916701448180636e-05,-6.113700287678499e-05,-4.849589077539312e-05,5.7472450857512875e-06
pants,-8.267534381846718e-06,-1.620368610732571e-05,2.4208694940974476e-05,-1.8435669289962392e-05,0.00011209281574915771
paper,5.4102797192289576e-05,-1.4137680883911922e-05,3.534614342067963e-05,-2.1996415463678354e-05,7.994600385482742e-05
parachute,-1.0958080884953333e-05,-1.83201697846655e-05,-2.4386477985553007e-05,-1.525906747569828e-05,9.021932316191184e-07
parade,-5.761688936135121e-05,-0.00010327743624510042,-0.00013501233572631253,-0.00016751592656537878,6.1003698028785765e-05
parades,-4.115492097238796e-06,-7.376959731791849e-06,-9.643738266163823e-06,-1.1965423326096818e-05,4.357407002055537e-06
paradise,-4.115492097238796e-06,-7.376959731791849e-06,-9.643738266163823e-06,-1.1965423326096818e-05,4.357407002055537e-06
paragraph,-9.260811473136898e-06,-1.6652504432408217e-05,-3.465533999120868e-05,0.00014786839378884208,5.6998877024992504e-06
parasol,-7.928414555517577e-06,-1.3576932814117509e-05,-1.7396337793241638e-05,-1.529887540016259e-05,7.386564149086249e-07
pardon,-7.928414555517577e-06,-1.3576932814117509e-05,-1.7396337793241638e-05,-1.529887540016259e-05,7.386564149086249e-07
parents,-6.109251829890208e-05,-0.00011651076291494871,0.00010158498331335012,-5.1294696389539235e-05,0.0006426744384038963
park,0.00010198460960845346,-1.592754891887702e-05,-9.120162577703718e-06,-5.9609715248035215e-05,0.00011857494020883203
parks,-4.115492097238796e-06,-7.376959731791849e-06,-9.643738266163823e-06,-1.1965423326096818e-05,4.357407002055537e-06
parlor,-4.115492097238796e-06,-7.376959731791849e-06,-9.643738266163823e-06,-1.1965423326096818e-05,4.357407002055537e-06
paro,-9.260811473136898e-06,-1.6652504432408217e-05,-3.465533999120868e-05,0.00014786839378884208,5.6998877024992504e-06
part,-3.401076319026037e-05,-6.063844535208567e-05,-6.247417107204937e-06,-4.8785197985843894e-05,-2.765605790737344e-05
partaking,-9.087054360649962e-05,0.00026936276190924494,2.3540349416308355e-05,5.8534753981287895e-06,-8.025388520741435e-07
partially,-4.115492097238796e-06,-7.376959731791849e-06,-9.643738266163823e-06,-1.1965423326096818e-05,4.357407002055537e-06
participants,-4.115492097238796e-06,-7.376959731791849e-06,-9.643738266163823e-06,-1.1965423326096818e-05,4.357407002055537e-06
participate,-4.115492097238796e-06,-7.376959731791849e-06,-9.643738266163823e-06,-1.1965423326096818e-05,4.357407002055537e-06
participated,-4.115492097238796e-06,-7.376959731791849e-06,-9.643738266163823e-06,-1.1965423326096818e-05,4.357407002055537e-06
participating,-4.115492097238796e-06,-7.376959731791849e-06,-9.643738266163823e-06,-1.1965423326096818e-05,4.357407002055537e-06
partied,-4.115492097238796e-06,-7.376959731791849e-06,-9.643738266163823e-06,-1.1965423326096818e-05,4.357407002055537e-06
parties,-1.2303505152122766e-05,-2.1790803198492172e-05,-3.822255588975783e-05,7.117572778448315e-05,-1.695021890238988e-05
partner,-1.0958080884953333e-05,-1.83201697846655e-05,-2.4386477985553007e-05,-1.525906747569828e-05,9.021932316191184e-07
partners,-6.933013497566917e-06,-1.126901311688474e-05,-1.567677891901629e-05,-5.3955815789465e-06,4.849045299734206e-07
partnership,-4.115492097238796e-06,-7.376959731791849e-06,-9.643738266163823e-06,-1.1965423326096818e-05,4.357407002055537e-06
parts,-2.0429504594955335e-05,-3.524721425732187e-05,-5.260076955453872e-05,8.75757483462848e-05,6.745455149413767e-06
party,-4.6188407707732e-05,-7.977335035003235e-05,-9.375356257176114e-05,-7.8616067877979e-05,9.382544708989414e-06
pascal,-6.933013497566917e-06,-1.126901311688474e-05,-1.567677891901629e-05,-5.3955815789465e-06,4.849045299734206e-07
pass,-7.46852444477902e-05,0.00014371147852229374,-2.9465628085738353e-05,8.046621507057515e-06,-3.881827305520843e-05
passed,-1.66928384200546e-05,-3.0354399226648174e-05,-4.053889864717811e-06,-3.1878840396698096e-05,7.157308536779936e-05
passengers,-1.5856829111035153e-05,-2.7153865628235018e-05,-3.4792675586483276e-05,-3.059775080032518e-05,1.4773128298172499e-06
passes,-8.017689972633592e-06,-1.4092662807614593e-05,-1.656072795451862e-05,-1.679099061293056e-05,3.2306557730812857e-06
passing,-7.928414555517577e-06,-1.3576932814117509e-05,-1.7396337793241638e-05,-1.529887540016259e-05,7.386564149086249e-07
password,-7.701796971080249e-06,-1.3302071444386432e-05,-2.118298283289607e-05,-1.3966243667950595e-05,-3.9096045353798374e-05
past,-1.3219362934061532e-05,-2.4131137404362732e-05,-4.264694048391404e-06,-3.039128380255524e-05,7.118760744301193e-05
path,-1.9678739807211985e-05,-3.43254495550997e-05,-4.979273290887163e-05,-3.5883503373628474e-05,-6.180083783987353e-05
pathetic,-9.13063033200035e-06,-1.73872001735964e-05,1.0739477576333792e-05,-2.241625977582846e-05,8.58646258906266e-05
pathway,-9.087054360649962e-05,0.00026936276190924494,2.3540349416308355e-05,5.8534753981287895e-06,-8.025388520741435e-07
patient,-1.4520724884060776e-05,-2.396328879021007e-05,-3.6348032030178346e-05,-3.257239928058851e-05,-2.2960852261136925e-05
patiently,0.00026958404360068357,6.658754481846307e-05,1.5864680906217585e-05,4.703955265262531e-06,-5.894113130308773e-07
patriotic,-6.933013497566917e-06,-1.126901311688474e-05,-1.567677891901629e-05,-5.3955815789465e-06,4.849045299734206e-07
patrol,-1.9114497659652037e-05,-3.239996024761546e-05,-3.838692813580271e-05,-2.708837137767333e-05,1.6529892896808683e-06
patterns,-6.148609829199116e-06,-1.0383340289635737e-05,-1.2227400575356544e-05,-9.699178155078256e-06,1.1494490171502262e-06
pause,-4.796525791480438e-05,-7.678845215856489e-05,-0.00011244991777465495,-0.00012083471335094269,3.182548998048709e-05
pay,-2.2235518665584256e-05,-3.906416969595412e-05,-2.5154948352516857e-05,-4.023062321365567e-05,-3.547649077562258e-06
payed,-6.933013497566917e-06,-1.126901311688474e-05,-1.567677891901629e-05,-5.3955815789465e-06,4.849045299734206e-07
paying,-8.88058017037804e-06,-1.545036241150608e-05,-1.9938012655031165e-05,-2.0103343342691335e-05,3.757584729978528e-06
payload,-7.928414555517577e-06,-1.3576932814117509e-05,-1.7396337793241638e-05,-1.529887540016259e-05,7.386564149086249e-07
payment,-1.1556813458849816e-05,-2.0095808631590405e-05,-3.016298110890071e-05,-3.293816828542728e-05,-4.993397980879034e-05
payroll,-6.933013497566917e-06,-1.126901311688474e-05,-1.567677891901629e-05,-5.3955815789465e-06,4.849045299734206e-07
pazu,-0.00047230138513004743,-0.0008492777260529376,-0.0017674223395518886,0.007541288083231992,0.00029069427282750156
pe,-5.533748846279554e-05,-9.345006260672762e-05,-0.00011004660517821585,-8.729260339570985e-05,1.0345041154352744e-05
peabrain,-8.267534381846718e-06,-1.620368610732571e-05,2.4208694940974476e-05,-1.8435669289962392e-05,0.00011209281574915771
peace,-2.1306218615329418e-05,-3.6992862039259156e-05,-5.5474657106088175e-05,2.897121974001252e-05,1.0018957822649846e-05
peaceful,-1.2916464018453506e-05,-2.5394373588421454e-05,4.551133491522673e-05,-6.5863622226340394e-06,-3.876652298228384e-05
peak,0.00039111108705822015,8.641011769507113e-05,4.7919588015296785e-06,-2.2022806495434394e-05,-5.116072980086422e-05
peaks,-9.260811473136898e-06,-1.6652504432408217e-05,-3.465533999120868e-05,0.00014786839378884208,5.6998877024992504e-06
pearl,-1.6535068763693436e-05,-3.240737221465142e-05,4.841738988194895e-05,-3.6871338579924785e-05,0.00022418563149831543
pearls,-1.8001566191674422e-05,-3.188240520177254e-05,-4.876668199274377e-05,-6.189790198487299e-05,-0.00010022550419821926
peasants,-1.2297219658398232e-05,-2.0766680579271475e-05,-2.445480115071309e-05,-1.9398356310156513e-05,2.2988980343004523e-06
pedal,-7.928414555517577e-06,-1.3576932814117509e-05,-1.7396337793241638e-05,-1.529887540016259e-05,7.386564149086249e-07
pedaling,-6.758156667650127e-06,-1.173561085338378e-05,-1.2816040009493688e-05,-1.0806638821821616e-05,2.4031576469201507e-08
peeking,0.00026958404360068357,6.658754481846307e-05,1.5864680906217585e-05,4.703955265262531e-06,-5.894113130308773e-07
peeler,-9.260811473136898e-06,-1.6652504432408217e-05,-3.465533999120868e-05,0.00014786839378884208,5.6998877024992504e-06
peepee,-6.933013497566917e-06,-1.126901311688474e-05,-1.567677891901629e-05,-5.3955815789465e-06,4.849045299734206e-07
peeping,-1.0310919426322938e-05,-2.2826063759448474e-05,0.00010879576173084651,1.4648052819501154e-05,-3.167533546792437e-05
pejite,-0.00017714133033487473,-0.0003059476432209379,-0.0004872086051566893,-0.0003212236043629164,-0.00089920904313751
pelt,-8.230984194477592e-06,-1.4753919463583698e-05,-1.9287476532327646e-05,-2.3930846652193635e-05,8.714814004111074e-06
pelts,-7.195006337380369e-06,-1.2793840901311246e-05,-1.6387899107835544e-05,-1.6466445877440998e-05,1.1400043788932677e-06
pen,-5.642427208804352e-06,-9.974139249283243e-06,-1.2581648285484126e-05,-1.036648891901398e-05,-2.8113248700661777e-06
pendragon,-0.00011342011368955942,-0.0002510867013539489,0.0011967533790393863,0.00016112858101452275,-0.00034842869014718996
penglai,-6.99233598031316e-05,-0.00012788053584019974,-0.00020184378276382164,-0.0003142031918394045,-0.0005456458146205357
penguins,-4.115492097238796e-06,-7.376959731791849e-06,-9.643738266163823e-06,-1.1965423326096818e-05,4.357407002055537e-06
pennies,-4.115492097238796e-06,-7.376959731791849e-06,-9.643738266163823e-06,-1.1965423326096818e-05,4.357407002055537e-06
penniless,-1.0790984303700734e-05,-1.8117500625895715e-05,-2.7178562466193728e-05,-1.4276450848329497e-05,-2.846994263919355e-05
penny,-1.2290772891752724e-05,-2.1797554293439345e-05,-3.143089864433841e-05,-4.024036658916235e-05,-4.9746875738448305e-05
pensive,-8.740419975390173e-06,-1.5985066980022623e-05,-2.5230472845474032e-05,-3.9275398979919814e-05,-6.820572682755698e-05
people,2.1758027554968202e-05,-1.8816300362817515e-05,-2.7181131953999972e-05,5.035413944855839e-06,-8.720712030213152e-06
pepperoni,-4.115492097238796e-06,-7.376959731791849e-06,-9.643738266163823e-06,-1.1965423326096818e-05,4.357407002055537e-06
per,-1.037970047536287e-05,-1.7667118513686998e-05,-2.1843077260020783e-05,-1.8432326412120574e-05,1.3921954182273158e-06
perfect,-1.9063749253876075e-05,-3.6265814073823406e-05,3.380547502171876e-05,2.4004269471219606e-05,5.569414726069386e-06
perfectly,-1.2909760135085748e-05,-2.3356895424445912e-05,-4.058511764550103e-05,5.640251223005773e-05,-3.394184086020189e-05
perform,-2.459443931679762e-05,-4.153336115854492e-05,-4.890960230142851e-05,-3.879671262031485e-05,4.59779606860112e-06
performances,-4.115492097238796e-06,-7.376959731791849e-06,-9.643738266163823e-06,-1.1965423326096818e-05,4.357407002055537e-06
performed,-4.115492097238796e-06,-7.376959731791849e-06,-9.643738266163823e-06,-1.1965423326096818e-05,4.357407002055537e-06
performing,-7.928414555517577e-06,-1.3576932814117509e-05,-1.7396337793241638e-05,-1.529887540016259e-05,7.386564149086249e-07
perhaps,-4.115492097238796e-06,-7.376959731791849e-06,-9.643738266163823e-06,-1.1965423326096818e-05,4.357407002055537e-06
perimeter,-7.701796971080249e-06,-1.3302071444386432e-05,-2.118298283289607e-05,-1.3966243667950595e-05,-3.9096045353798374e-05
period,-4.57862528090999e-05,-7.755870523323966e-05,-9.059282855571865e-05,-7.233352186159638e-05,7.645640599304653e-06
periodical,-6.148609829199116e-06,-1.0383340289635737e-05,-1.2227400575356544e-05,-9.699178155078256e-06,1.1494490171502262e-06
periods,-1.2297219658398232e-05,-2.0766680579271475e-05,-2.445480115071309e-05,-1.9398356310156513e-05,2.2988980343004523e-06
perk,-9.087054360649962e-05,0.00026936276190924494,2.3540349416308355e-05,5.8534753981287895e-06,-8.025388520741435e-07
permission,-2.1698506802716047e-05,-3.7387309382836176e-05,-4.775867749478847e-05,-4.148563409361878e-05,-4.389857471628674e-07
permit,-4.115492097238796e-06,-7.376959731791849e-06,-9.643738266163823e-06,-1.1965423326096818e-05,4.357407002055537e-06
persimmon,-4.115492097238796e-06,-7.376959731791849e-06,-9.643738266163823e-06,-1.1965423326096818e-05,4.357407002055537e-06
person,-3.5441754168312715e-05,-6.18261929797155e-05,-8.0285312077575e-05,-1.3552332069191646e-05,-4.394335168487455e-05
persons,-1.1991314478700102e-05,-1.919711303963962e-05,-2.8112479443661385e-05,-3.0208678337733182e-05,7.956372495121113e-06
pervert,-6.148609829199116e-06,-1.0383340289635737e-05,-1.2227400575356544e-05,-9.699178155078256e-06,1.1494490171502262e-06
petered,-4.115492097238796e-06,-7.376959731791849e-06,-9.643738266163823e-06,-1.1965423326096818e-05,4.357407002055537e-06
pft,-1.0310919426322938e-05,-2.2826063759448474e-05,0.00010879576173084651,1.4648052819501154e-05,-3.167533546792437e-05
pheasant,-5.244251985234834e-05,-9.591040188014911e-05,-0.00015138283707286521,-0.00023565239387955182,-0.00040923436096539876
phenomenal,-7.195006337380369e-06,-1.2793840901311246e-05,-1.6387899107835544e-05,-1.6466445877440998e-05,1.1400043788932677e-06
phew,-2.673110287659873e-05,-5.0249082822883344e-05,-9.545555845185822e-06,0.0002593349085753722,-3.1328736387866906e-05
phhht,-5.642427208804352e-06,-9.974139249283243e-06,-1.2581648285484126e-05,-1.036648891901398e-05,-2.8113248700661777e-06
phone,-9.350025191722217e-05,0.00017109843748928515,-3.3056330255445885e-05,3.310304469214375e-05,2.1218238864597815e-06
phones,0.00026958404360068357,6.658754481846307e-05,1.5864680906217585e-05,4.703955265262531e-06,-5.894113130308773e-07
phoooo,-1.8445829487598546e-05,-3.115002086890924e-05,-3.668220172607203e-05,-2.909753446523663e-05,3.4483470514509546e-06
phooooo,-6.148609829199116e-06,-1.0383340289635737e-05,-1.2227400575356544e-05,-9.699178155078256e-06,1.1494490171502262e-06
photograph,-1.8768988017326577e-05,-3.286667583347215e-05,-6.266554233698375e-05,0.00021408322324104046,8.763174275986116e-06
physical,-4.115492097238796e-06,-7.376959731791849e-06,-9.643738266163823e-06,-1.1965423326096818e-05,4.357407002055537e-06
physically,-4.115492097238796e-06,-7.376959731791849e-06,-9.643738266163823e-06,-1.1965423326096818e-05,4.357407002055537e-06
piccolo,-1.3866026995135076e-05,-2.253802623377149e-05,-3.135355783803537e-05,-1.0791163157893955e-05,9.698090599469093e-07
pick,2.4276884872198493e-05,4.659250903265414e-05,6.157052972065322e-06,-2.0470861258883156e-05,-1.9501500346056337e-05
picked,-5.462219507652973e-05,7.010549635047067e-05,-1.0524861378376195e-05,9.352629840636768e-05,9.233639112231766e-05
picking,-4.5797917141041046e-05,5.790397213346678e-05,-2.0869720486281567e-05,1.708179647492816e-05,4.4437950226067395e-05
pickled,-2.0718162624220423e-05,-3.3749405139694116e-05,-4.856831447262035e-05,-5.3371476489455884e-05,1.4946205996388249e-05
pickmeup,-4.115492097238796e-06,-7.376959731791849e-06,-9.643738266163823e-06,-1.1965423326096818e-05,4.357407002055537e-06
pickmeups,-4.115492097238796e-06,-7.376959731791849e-06,-9.643738266163823e-06,-1.1965423326096818e-05,4.357407002055537e-06
pickup,-6.758156667650127e-06,-1.173561085338378e-05,-1.2816040009493688e-05,-1.0806638821821616e-05,2.4031576469201507e-08
picky,-2.221728292920522e-05,-3.5966161241874996e-05,-5.047337907760999e-05,-5.170045955888495e-05,1.2580816684637025e-05
picnic,-8.267534381846718e-06,-1.620368610732571e-05,2.4208694940974476e-05,-1.8435669289962392e-05,0.00011209281574915771
picture,-8.98538965710964e-05,0.00017586939372076966,2.981931712441692e-05,-1.1244611859411316e-05,-1.0877719123940576e-05
pictures,-1.5512113365694117e-05,-2.7098918151041707e-05,-3.6635459882893943e-05,-4.326312074425348e-05,-4.859643085493539e-05
pie,-1.812108845113157e-05,-3.2878892735973544e-05,-2.10595247374513e-05,6.293532556566264e-05,6.878487348506496e-05
piece,-4.4777941502552714e-05,5.733166426857295e-05,1.1021780268679673e-05,-3.1381184824633506e-05,-5.2172680148925666e-05
pieces,-2.7263219977722422e-05,-4.6944109618685626e-05,-8.624628318329028e-05,0.00023815435500256985,1.490851074997936e-05
pier,-6.933013497566917e-06,-1.126901311688474e-05,-1.567677891901629e-05,-5.3955815789465e-06,4.849045299734206e-07
pierce,-7.701796971080249e-06,-1.3302071444386432e-05,-2.118298283289607e-05,-1.3966243667950595e-05,-3.9096045353798374e-05
piercing,-9.260811473136898e-06,-1.6652504432408217e-05,-3.465533999120868e-05,0.00014786839378884208,5.6998877024992504e-06
pig,-0.00025245899476428673,-0.0004144285578568856,-0.0005075855856359727,-0.0002141735241868436,0.0001821079749132685
pigeon,-1.0310919426322938e-05,-2.2826063759448474e-05,0.00010879576173084651,1.4648052819501154e-05,-3.167533546792437e-05
piggyback,-1.1991314478700102e-05,-1.919711303963962e-05,-2.8112479443661385e-05,-3.0208678337733182e-05,7.956372495121113e-06
piglet,-8.267534381846718e-06,-1.620368610732571e-05,2.4208694940974476e-05,-1.8435669289962392e-05,0.00011209281574915771
pigpen,-1.6535068763693436e-05,-3.240737221465142e-05,4.841738988194895e-05,-3.6871338579924785e-05,0.00022418563149831543
pigs,-5.787274067293037e-05,-0.00011342580275128657,0.00016946086458683105,-0.00012904968502974425,0.0007846497102441497
piiiig,-6.933013497566917e-06,-1.126901311688474e-05,-1.567677891901629e-05,-5.3955815789465e-06,4.849045299734206e-07
pile,-1.1181180748925017e-05,-1.918802143790596e-05,-2.578091001412925e-05,-2.162385549193091e-05,6.783416738634422e-06
piled,0.00026958404360068357,6.658754481846307e-05,1.5864680906217585e-05,4.703955265262531e-06,-5.894113130308773e-07
piling,-6.933013497566917e-06,-1.126901311688474e-05,-1.567677891901629e-05,-5.3955815789465e-06,4.849045299734206e-07
pilot,-3.255801539972835e-05,-5.7139050999413476e-05,-8.97963615251149e-06,-3.020879871295403e-05,-1.3052242204259835e-05
pilots,-9.706218896595305e-05,-0.00015776618363641263,-0.00021947490486626448,-7.553814210526356e-05,6.78866341962903e-06
pine,-7.074995127404624e-05,0.00012493187419125422,-3.607026779080003e-05,-7.234397620060055e-05,-0.00011736214991565384
pineapple,-6.148609829199116e-06,-1.0383340289635737e-05,-1.2227400575356544e-05,-9.699178155078256e-06,1.1494490171502262e-06
pink,-8.267534381846718e-06,-1.620368610732571e-05,2.4208694940974476e-05,-1.8435669289962392e-05,0.00011209281574915771
pirate,-3.5821573115028486e-05,-6.176383184232214e-05,-0.00011133723384306512,0.00031515718298260107,1.3681078284937469e-05
pirates,-0.00013474142589484114,-0.00023080707565863862,-0.0004058019534854039,0.0010385886395174516,4.6676228025042904e-05
pitch,-9.087054360649962e-05,0.00026936276190924494,2.3540349416308355e-05,5.8534753981287895e-06,-8.025388520741435e-07
pitchblack,-9.087054360649962e-05,0.00026936276190924494,2.3540349416308355e-05,5.8534753981287895e-06,-8.025388520741435e-07
pitcher,-6.148609829199116e-06,-1.0383340289635737e-05,-1.2227400575356544e-05,-9.699178155078256e-06,1.1494490171502262e-06
pitches,-6.148609829199116e-06,-1.0383340289635737e-05,-1.2227400575356544e-05,-9.699178155078256e-06,1.1494490171502262e-06
pitchi,-6.758156667650127e-06,-1.173561085338378e-05,-1.2816040009493688e-05,-1.0806638821821616e-05,2.4031576469201507e-08
pitiful,-1.0988909971580377e-05,-1.963316809909294e-05,-3.48302152692598e-05,0.00010138709348903198,2.1298831475686264e-06
pittchi,-2.3982628957401547e-05,-3.83942260792814e-05,-5.6224958887326e-05,-6.0417356675469624e-05,1.591274499024311e-05
pity,-3.0685850245086226e-05,-4.981943689023027e-05,-7.146333358042643e-05,-7.446688447918823e-05,1.5526973175980715e-05
pizza,-4.115492097238796e-06,-7.376959731791849e-06,-9.643738266163823e-06,-1.1965423326096818e-05,4.357407002055537e-06
place,-0.0,0.0,0.0,0.0,0.0
placed,-2.4128355345595095e-05,-4.009659702162736e-05,-6.00612004619276e-05,-7.350849973592677e-05,-3.85582544720387e-05
places,-1.463533295430057e-05,-2.3844255790190906e-05,-3.2697502817834904e-05,-2.6444085064900202e-05,5.598205921889531e-06
plan,-4.829230242785544e-05,2.595928959889997e-05,-3.6108310799116717e-06,-4.739043195732341e-05,2.343808089673137e-05
plane,-9.93492495672865e-05,-0.00016905419365265684,-0.00012653695086793125,-9.32946194983055e-05,-7.823664107282091e-05
planes,-1.4693359408490726e-05,-2.782664480060326e-05,4.420009057675538e-05,-3.5293486044101778e-06,-1.7775015542723543e-05
planet,0.0005849759125312288,0.00012767849426890805,3.8549250457877206e-06,-1.0190641718678602e-05,-5.8958782556817185e-05
planned,-1.2236312441596544e-05,-2.1712447546545855e-05,-3.308511989520422e-05,5.446236303029505e-05,3.451076430342058e-06
planning,-1.663866952627102e-05,-2.8876867067804196e-05,-2.157477708005448e-05,-3.4612292742784366e-05,3.188115893612807e-05
plans,-2.057262048823552e-05,-3.5472277858022664e-05,-4.559240817602459e-05,-4.266460912212708e-05,4.846882031939792e-06
plant,-2.007205614599491e-05,-3.51596568790836e-05,-4.730151376948639e-05,-5.1032219066555744e-05,-3.059147266433428e-05
planted,-0.0001423277678112041,0.00038252064304874713,1.616080674840232e-05,-6.6553452360159765e-06,-5.329368191664483e-06
planting,-1.1284854417608704e-05,-1.9948278498566486e-05,-2.5163296570968253e-05,-2.073297783802796e-05,-5.6226497401323554e-06
plants,-1.1999747256053211e-05,-2.140121305881446e-05,-3.272116352010599e-05,-3.806203839799213e-05,-6.008969000193972e-05
plaster,-8.267534381846718e-06,-1.620368610732571e-05,2.4208694940974476e-05,-1.8435669289962392e-05,0.00011209281574915771
plate,-6.148609829199116e-06,-1.0383340289635737e-05,-1.2227400575356544e-05,-9.699178155078256e-06,1.1494490171502262e-06
plates,-1.2297219658398232e-05,-2.0766680579271475e-05,-2.445480115071309e-05,-1.9398356310156513e-05,2.2988980343004523e-06
play,3.5774775119867573e-06,8.254017852554498e-06,-1.3901475407299993e-05,-2.2702714483699994e-05,4.322704893431429e-05
played,-7.568240327884655e-06,-1.3095565478678627e-05,-1.612669439406123e-05,-1.597440397537854e-05,4.060482846244693e-06
player,-1.1991314478700102e-05,-1.919711303963962e-05,-2.8112479443661385e-05,-3.0208678337733182e-05,7.956372495121113e-06
playful,-4.115492097238796e-06,-7.376959731791849e-06,-9.643738266163823e-06,-1.1965423326096818e-05,4.357407002055537e-06
playing,-3.858598754692381e-05,4.512174439058201e-05,-2.9854148690638113e-05,1.721775826070738e-05,-6.519704427237345e-06
plays,-1.1999747256053211e-05,-2.140121305881446e-05,-3.272116352010599e-05,-3.806203839799213e-05,-6.008969000193972e-05
plea,-4.115492097238796e-06,-7.376959731791849e-06,-9.643738266163823e-06,-1.1965423326096818e-05,4.357407002055537e-06
pleasant,-4.115492097238796e-06,-7.376959731791849e-06,-9.643738266163823e-06,-1.1965423326096818e-05,4.357407002055537e-06
please,-0.0,0.0,0.0,0.0,0.0
pleased,-1.782255500011695e-05,-3.3141377944204944e-05,3.583736641438296e-05,-2.3051580495035643e-05,-8.75807683791855e-06
pleasure,-1.0637321244643162e-05,-2.2270213414548852e-05,7.310979060368658e-05,1.978038104284252e-06,-2.0142887256128975e-05
pleasures,-1.0310919426322938e-05,-2.2826063759448474e-05,0.00010879576173084651,1.4648052819501154e-05,-3.167533546792437e-05
plentiful,-5.642427208804352e-06,-9.974139249283243e-06,-1.2581648285484126e-05,-1.036648891901398e-05,-2.8113248700661777e-06
plenty,-3.560841733214965e-05,5.024441483126621e-05,-8.615219781777626e-06,-2.3961070234904687e-05,3.1926474416996206e-05
plpl,-1.0310919426322938e-05,-2.2826063759448474e-05,0.00010879576173084651,1.4648052819501154e-05,-3.167533546792437e-05
pluck,-8.740419975390173e-06,-1.5985066980022623e-05,-2.5230472845474032e-05,-3.9275398979919814e-05,-6.820572682755698e-05
plucked,-8.740419975390173e-06,-1.5985066980022623e-05,-2.5230472845474032e-05,-3.9275398979919814e-05,-6.820572682755698e-05
plucky,-1.0310919426322938e-05,-2.2826063759448474e-05,0.00010879576173084651,1.4648052819501154e-05,-3.167533546792437e-05
plum,-1.2290772891752724e-05,-2.1797554293439345e-05,-3.143089864433841e-05,-4.024036658916235e-05,-4.9746875738448305e-05
plums,-2.1503037167332963e-05,-3.6047763075079804e-05,-5.3175527141643065e-05,-6.517603318541824e-05,-2.7980490499881868e-05
plunder,-1.0988909971580377e-05,-1.963316809909294e-05,-3.48302152692598e-05,0.00010138709348903198,2.1298831475686264e-06
plundered,0.00026958404360068357,6.658754481846307e-05,1.5864680906217585e-05,4.703955265262531e-06,-5.894113130308773e-07
plundering,-5.642427208804352e-06,-9.974139249283243e-06,-1.2581648285484126e-05,-1.036648891901398e-05,-2.8113248700661777e-06
plunged,-4.115492097238796e-06,-7.376959731791849e-06,-9.643738266163823e-06,-1.1965423326096818e-05,4.357407002055537e-06
plus,-6.933013497566917e-06,-1.126901311688474e-05,-1.567677891901629e-05,-5.3955815789465e-06,4.849045299734206e-07
po,0.00026958404360068357,6.658754481846307e-05,1.5864680906217585e-05,4.703955265262531e-06,-5.894113130308773e-07
pocket,-1.2714821959218454e-05,-2.5140020787708286e-05,6.866132527316477e-05,6.822313971277324e-06,-2.2998278754488387e-05
point,-2.8824215810450362e-05,-5.599337537938503e-05,9.021930228026302e-05,-2.215994649894507e-05,-2.54626968585763e-05
pointed,-9.260811473136898e-06,-1.6652504432408217e-05,-3.465533999120868e-05,0.00014786839378884208,5.6998877024992504e-06
pointing,-1.6587615161430254e-05,-2.7938163142731704e-05,-4.332150989669721e-05,4.81619672483058e-05,6.724231858116694e-06
pointless,-1.0310919426322938e-05,-2.2826063759448474e-05,0.00010879576173084651,1.4648052819501154e-05,-3.167533546792437e-05
points,-6.148609829199116e-06,-1.0383340289635737e-05,-1.2227400575356544e-05,-9.699178155078256e-06,1.1494490171502262e-06
poison,-4.6554880443848716e-05,-8.091304002611909e-05,-0.00012154694608672652,-8.47193038474939e-05,-0.00017918371841932197
poisons,-3.850898485540707e-05,-6.651035722194218e-05,-0.00010591491416449632,-6.983121833976348e-05,-0.0001954802267690213
poko,-2.8808444680675606e-05,-5.163871812255021e-05,-6.750616786315626e-05,-8.375796328268939e-05,3.0501849014392883e-05
pole,-6.902406194174451e-05,0.00012373201224079623,0.00013327031154842972,1.420922698299263e-05,-3.743286416981617e-05
police,-2.932931540973696e-05,-5.0303186380872225e-05,-6.938688976834603e-05,-1.5930445233924753e-05,1.4014895047790819e-05
policeman,-7.003799759111724e-05,0.0001931753530491745,1.0246672692963991e-05,-4.506647646516566e-06,2.6211836832704214e-06
policies,-4.115492097238796e-06,-7.376959731791849e-06,-9.643738266163823e-06,-1.1965423326096818e-05,4.357407002055537e-06
polite,-0.00018174108721299924,0.0005387255238184899,4.708069883261671e-05,1.1706950796257579e-05,-1.605077704148287e-06
politely,-1.0662053538859219e-05,-1.8461546683853197e-05,-2.506919530111891e-05,-1.8266296422303804e-05,-2.8809767525748742e-05
politeness,-1.1991314478700102e-05,-1.919711303963962e-05,-2.8112479443661385e-05,-3.0208678337733182e-05,7.956372495121113e-06
political,-4.115492097238796e-06,-7.376959731791849e-06,-9.643738266163823e-06,-1.1965423326096818e-05,4.357407002055537e-06
politician,-6.148609829199116e-06,-1.0383340289635737e-05,-1.2227400575356544e-05,-9.699178155078256e-06,1.1494490171502262e-06
polluted,0.0001369742634358152,3.5036041473012144e-06,-4.582767559936864e-05,-3.684755710642729e-05,-8.908364506975612e-05
pom,-9.02802712003089e-05,-0.00016194250348783542,-0.00024020813574223473,0.00012417014632210534,8.650597435998339e-05
pompom,-4.115492097238796e-06,-7.376959731791849e-06,-9.643738266163823e-06,-1.1965423326096818e-05,4.357407002055537e-06
pompompom,-4.115492097238796e-06,-7.376959731791849e-06,-9.643738266163823e-06,-1.1965423326096818e-05,4.357407002055537e-06
pond,-6.662861592362037e-05,0.0001343802586431905,-1.7356875854800386e-05,-2.631843715739047e-05,8.937678706535867e-07
ponkichi,-2.8808444680675606e-05,-5.163871812255021e-05,-6.750616786315626e-05,-8.375796328268939e-05,3.0501849014392883e-05
ponyo,0.023992979880462867,0.005926291488843717,0.0014119566006534836,0.000418652018608401,-5.245760685975188e-05
poof,-6.148609829199116e-06,-1.0383340289635737e-05,-1.2227400575356544e-05,-9.699178155078256e-06,1.1494490171502262e-06
poor,-2.619252106350906e-05,-4.639682683113892e-05,-6.421628745756273e-05,8.06430937887107e-05,-5.791407581883488e-06
poorly,-4.115492097238796e-06,-7.376959731791849e-06,-9.643738266163823e-06,-1.1965423326096818e-05,4.357407002055537e-06
popcorn,-4.115492097238796e-06,-7.376959731791849e-06,-9.643738266163823e-06,-1.1965423326096818e-05,4.357407002055537e-06
pops,-4.115492097238796e-06,-7.376959731791849e-06,-9.643738266163823e-06,-1.1965423326096818e-05,4.357407002055537e-06
popular,-8.230984194477592e-06,-1.4753919463583698e-05,-1.9287476532327646e-05,-2.3930846652193635e-05,8.714814004111074e-06
popularity,-4.115492097238796e-06,-7.376959731791849e-06,-9.643738266163823e-06,-1.1965423326096818e-05,4.357407002055537e-06
population,-9.645741042459956e-06,-1.5965372851838048e-05,-2.0575159724583076e-05,-1.1130128108385491e-05,1.20509134788528e-06
porco,-0.00018719136443433784,-0.0003042633541559384,-0.00042327303081350973,-0.0001456807026315799,1.3092422309284735e-05
pork,-1.6070141610978515e-05,-2.6629381846073744e-05,-3.5945758210610604e-05,-1.9237502061679874e-05,1.2597378122576335e-06
porker,-8.267534381846718e-06,-1.620368610732571e-05,2.4208694940974476e-05,-1.8435669289962392e-05,0.00011209281574915771
porridge,-1.1991314478700102e-05,-1.919711303963962e-05,-2.8112479443661385e-05,-3.0208678337733182e-05,7.956372495121113e-06
portal,-1.0310919426322938e-05,-2.2826063759448474e-05,0.00010879576173084651,1.4648052819501154e-05,-3.167533546792437e-05
portals,-1.0310919426322938e-05,-2.2826063759448474e-05,0.00010879576173084651,1.4648052819501154e-05,-3.167533546792437e-05
porthaven,-2.0621838852645876e-05,-4.565212751889695e-05,0.00021759152346169302,2.929610563900231e-05,-6.335067093584874e-05
portion,-1.1876361317835143e-05,-1.959440491397145e-05,-2.7839564683578037e-05,-3.1097093471215276e-05,9.079571037693054e-06
posed,-4.115492097238796e-06,-7.376959731791849e-06,-9.643738266163823e-06,-1.1965423326096818e-05,4.357407002055537e-06
posing,-4.115492097238796e-06,-7.376959731791849e-06,-9.643738266163823e-06,-1.1965423326096818e-05,4.357407002055537e-06
positive,-1.6671920362235724e-05,-2.9413779543427596e-05,-3.745913907767184e-05,-4.244253533430639e-05,1.3699291083239977e-05
possessed,-1.0310919426322938e-05,-2.2826063759448474e-05,0.00010879576173084651,1.4648052819501154e-05,-3.167533546792437e-05
possession,-4.115492097238796e-06,-7.376959731791849e-06,-9.643738266163823e-06,-1.1965423326096818e-05,4.357407002055537e-06
possible,-2.1314858269209012e-05,-3.664941028182563e-05,-4.998246644298721e-05,-4.2741652771956026e-05,-3.4909525051227004e-05
possibly,-1.1687060743697576e-05,-2.0494886513892817e-05,-2.5739597659596555e-05,-2.5681219815903503e-05,4.116872898968156e-06
post,-1.6691487302751295e-05,-2.999686846031278e-05,-5.82170770064619e-05,0.00020923894737404742,1.1618565774345549e-05
postpone,-6.758156667650127e-06,-1.173561085338378e-05,-1.2816040009493688e-05,-1.0806638821821616e-05,2.4031576469201507e-08
postponed,-4.115492097238796e-06,-7.376959731791849e-06,-9.643738266163823e-06,-1.1965423326096818e-05,4.357407002055537e-06
postponement,-9.087054360649962e-05,0.00026936276190924494,2.3540349416308355e-05,5.8534753981287895e-06,-8.025388520741435e-07
posts,-1.1284854417608704e-05,-1.9948278498566486e-05,-2.5163296570968253e-05,-2.073297783802796e-05,-5.6226497401323554e-06
pot,-9.260811473136898e-06,-1.6652504432408217e-05,-3.465533999120868e-05,0.00014786839378884208,5.6998877024992504e-06
potato,-1.5333139832375232e-05,-2.5869107402091946e-05,-4.1815615309135334e-05,4.761189116654151e-05,8.781289202359634e-06
potatoes,-2.3606505764456636e-05,-4.179577901065395e-05,2.3548860898732496e-05,-3.2377526279523824e-05,-8.52984171389894e-06
potion,-1.0310919426322938e-05,-2.2826063759448474e-05,0.00010879576173084651,1.4648052819501154e-05,-3.167533546792437e-05
potions,-1.0310919426322938e-05,-2.2826063759448474e-05,0.00010879576173084651,1.4648052819501154e-05,-3.167533546792437e-05
pototoes,-6.148609829199116e-06,-1.0383340289635737e-05,-1.2227400575356544e-05,-9.699178155078256e-06,1.1494490171502262e-06
pouch,-8.230984194477592e-06,-1.4753919463583698e-05,-1.9287476532327646e-05,-2.3930846652193635e-05,8.714814004111074e-06
pound,-2.3785243666552766e-05,-4.073079844235258e-05,-5.2189013379724986e-05,-4.5896626200487794e-05,2.2159692447259397e-06
pounding,-1.8443740014601503e-05,-3.182719158224316e-05,-5.410883010686352e-05,6.685837153310668e-05,-4.203140439703408e-05
pour,-1.8082158869207148e-05,-3.061412624695464e-05,-4.3462347155024106e-05,-3.788741203553726e-05,-2.1458547681226678e-05
poured,-1.0310919426322938e-05,-2.2826063759448474e-05,0.00010879576173084651,1.4648052819501154e-05,-3.167533546792437e-05
poverty,-5.642427208804352e-06,-9.974139249283243e-06,-1.2581648285484126e-05,-1.036648891901398e-05,-2.8113248700661777e-06
powder,-1.4717764704713428e-05,-2.88660564832093e-05,3.593249234492135e-05,8.881150294562943e-05,-1.6803136731277432e-05
power,0.00037011391336098617,7.662268465364521e-06,-0.00014940864734472656,0.00046216973798448414,-3.215225300614336e-05
powerful,6.123093708356982e-05,-2.949979454729247e-05,0.00011184268142235084,3.4325305043825846e-05,8.099285451811145e-05
powers,0.00017886935771225935,-1.2213718928837359e-05,0.0001995587591537829,1.2394872917329583e-05,-7.719630198437594e-05
practically,-1.5856829111035153e-05,-2.7153865628235018e-05,-3.4792675586483276e-05,-3.059775080032518e-05,1.4773128298172499e-06
practice,-2.0702156969135497e-05,-3.69215500941629e-05,-5.001029641001434e-05,-6.350867323982732e-05,-2.642412493140925e-05
practicing,-1.4709470836139863e-05,-2.8715321220342326e-05,4.164066276452635e-05,-2.003674704652308e-05,-5.76306631737687e-05
praise,-2.0577460486196652e-05,-3.688479865896407e-05,-4.821869133082546e-05,-5.9827116630491785e-05,2.178703501028033e-05
praised,-6.148609829199116e-06,-1.0383340289635737e-05,-1.2227400575356544e-05,-9.699178155078256e-06,1.1494490171502262e-06
prank,-4.115492097238796e-06,-7.376959731791849e-06,-9.643738266163823e-06,-1.1965423326096818e-05,4.357407002055537e-06
pranks,-1.2346476291717726e-05,-2.213087919537796e-05,-2.8931214798494673e-05,-3.589626997829423e-05,1.3072221006167883e-05
pray,-1.191514018182793e-05,-2.0889767099754912e-05,-2.7048827549566948e-05,-2.8926053795665975e-05,6.970520808976466e-06
prayed,-8.740419975390173e-06,-1.5985066980022623e-05,-2.5230472845474032e-05,-3.9275398979919814e-05,-6.820572682755698e-05
prayer,-4.115492097238796e-06,-7.376959731791849e-06,-9.643738266163823e-06,-1.1965423326096818e-05,4.357407002055537e-06
preaching,-6.933013497566917e-06,-1.126901311688474e-05,-1.567677891901629e-05,-5.3955815789465e-06,4.849045299734206e-07
precedence,-9.47931274427452e-06,-1.722600125843098e-05,-2.5714515778378864e-05,-3.778244415242036e-05,-4.7078588310430935e-05
precious,-1.757313115393327e-05,-3.266352231908737e-05,1.0763270592092814e-05,-3.6503319869957533e-05,0.0001296496323176785
predicament,-5.642427208804352e-06,-9.974139249283243e-06,-1.2581648285484126e-05,-1.036648891901398e-05,-2.8113248700661777e-06
predicted,-8.230984194477592e-06,-1.4753919463583698e-05,-1.9287476532327646e-05,-2.3930846652193635e-05,8.714814004111074e-06
preevacuation,-2.3982628957401547e-05,-3.83942260792814e-05,-5.6224958887326e-05,-6.0417356675469624e-05,1.591274499024311e-05
prefer,-1.147545043164215e-05,-2.0857468976140607e-05,-4.86288008695269e-06,-2.3956617755245974e-05,5.449013501724005e-05
preferred,-1.0310919426322938e-05,-2.2826063759448474e-05,0.00010879576173084651,1.4648052819501154e-05,-3.167533546792437e-05
preliminary,-6.933013497566917e-06,-1.126901311688474e-05,-1.567677891901629e-05,-5.3955815789465e-06,4.849045299734206e-07
preparation,-1.1991314478700102e-05,-1.919711303963962e-05,-2.8112479443661385e-05,-3.0208678337733182e-05,7.956372495121113e-06
preparations,-7.928414555517577e-06,-1.3576932814117509e-05,-1.7396337793241638e-05,-1.529887540016259e-05,7.386564149086249e-07
prepare,-2.3492202157066597e-05,-3.9916843388346325e-05,-5.976633539136489e-05,-6.644018370966114e-05,-6.0376149412296804e-05
prepared,-1.4687035355754018e-05,-2.5657129006708868e-05,-3.770263991420461e-05,-2.9339849575015523e-05,-4.4739067429016404e-05
preparing,-1.2101920644319414e-05,-2.0751726269108426e-05,-2.5142573893586693e-05,-2.3126097497782426e-05,4.908029613491455e-06
presence,-5.642427208804352e-06,-9.974139249283243e-06,-1.2581648285484126e-05,-1.036648891901398e-05,-2.8113248700661777e-06
present,-1.899904157109099e-05,-3.611425195961339e-05,4.271170931766958e-05,-1.932021843618018e-05,3.8547709182217754e-05
presented,-4.115492097238796e-06,-7.376959731791849e-06,-9.643738266163823e-06,-1.1965423326096818e-05,4.357407002055537e-06
presents,-6.148609829199116e-06,-1.0383340289635737e-05,-1.2227400575356544e-05,-9.699178155078256e-06,1.1494490171502262e-06
preserve,-6.933013497566917e-06,-1.126901311688474e-05,-1.567677891901629e-05,-5.3955815789465e-06,4.849045299734206e-07
preserves,-4.115492097238796e-06,-7.376959731791849e-06,-9.643738266163823e-06,-1.1965423326096818e-05,4.357407002055537e-06
preserving,-4.115492097238796e-06,-7.376959731791849e-06,-9.643738266163823e-06,-1.1965423326096818e-05,4.357407002055537e-06
president,-1.9647155126433746e-05,-3.416874070848285e-05,-4.4433706516876964e-05,-4.373267363653642e-05,1.3671306587571782e-05
pressed,-6.933013497566917e-06,-1.126901311688474e-05,-1.567677891901629e-05,-5.3955815789465e-06,4.849045299734206e-07
pressure,-2.1777853529202213e-05,-3.8238506244129925e-05,-5.39028702359109e-05,8.512598843362864e-05,4.255973929923343e-06
presto,0.0005391680872013928,0.00013317508963693234,3.172936181243667e-05,9.407910530525515e-06,-1.1788226260618168e-06
presumptuous,-1.0978433049259357e-05,-1.944275736061192e-05,-2.7619580383368495e-05,-3.611142722184957e-05,-4.9443977622182136e-05
pretend,-7.195006337380369e-06,-1.2793840901311246e-05,-1.6387899107835544e-05,-1.6466445877440998e-05,1.1400043788932677e-06
pretended,-4.115492097238796e-06,-7.376959731791849e-06,-9.643738266163823e-06,-1.1965423326096818e-05,4.357407002055537e-06
pretending,-7.928414555517577e-06,-1.3576932814117509e-05,-1.7396337793241638e-05,-1.529887540016259e-05,7.386564149086249e-07
pretentious,-8.740419975390173e-06,-1.5985066980022623e-05,-2.5230472845474032e-05,-3.9275398979919814e-05,-6.820572682755698e-05
pretty,2.5401125820028735e-05,-1.5480817255285193e-06,8.446831780902e-06,4.1296648590066046e-05,-1.8167533620893458e-06
prevail,-7.195006337380369e-06,-1.2793840901311246e-05,-1.6387899107835544e-05,-1.6466445877440998e-05,1.1400043788932677e-06
prevent,-8.230984194477592e-06,-1.4753919463583698e-05,-1.9287476532327646e-05,-2.3930846652193635e-05,8.714814004111074e-06
previous,-4.115492097238796e-06,-7.376959731791849e-06,-9.643738266163823e-06,-1.1965423326096818e-05,4.357407002055537e-06
prey,-1.1763207559123718e-05,-2.4185244939362412e-05,7.094352128492269e-05,3.1570131327925783e-06,-2.5428755035231624e-05
preys,-1.0310919426322938e-05,-2.2826063759448474e-05,0.00010879576173084651,1.4648052819501154e-05,-3.167533546792437e-05
price,-1.1208131046575647e-05,-2.025700754675581e-05,6.2910122458119775e-06,-1.757198390883542e-05,8.300923439226713e-05
prices,-6.758156667650127e-06,-1.173561085338378e-05,-1.2816040009493688e-05,-1.0806638821821616e-05,2.4031576469201507e-08
pride,-1.1836033220578859e-05,-2.0164404202290808e-05,-2.885946207187896e-05,-1.7352724254487637e-05,-2.4178721373690103e-05
priest,-4.115492097238796e-06,-7.376959731791849e-06,-9.643738266163823e-06,-1.1965423326096818e-05,4.357407002055537e-06
prime,-1.0637321244643162e-05,-2.2270213414548852e-05,7.310979060368658e-05,1.978038104284252e-06,-2.0142887256128975e-05
primed,-4.115492097238796e-06,-7.376959731791849e-06,-9.643738266163823e-06,-1.1965423326096818e-05,4.357407002055537e-06
primitive,-7.928414555517577e-06,-1.3576932814117509e-05,-1.7396337793241638e-05,-1.529887540016259e-05,7.386564149086249e-07
prince,-7.822325067135249e-05,-0.00014918640450372494,1.9364768417302173e-05,-0.00022967881697629174,-0.0004931208834140241
princes,-8.740419975390173e-06,-1.5985066980022623e-05,-2.5230472845474032e-05,-3.9275398979919814e-05,-6.820572682755698e-05
princess,-0.0006994866900009075,-0.001253276785738227,-0.0019724166954827407,-0.002444215689201742,-0.004647438102498611
prisoner,0.00026958404360068357,6.658754481846307e-05,1.5864680906217585e-05,4.703955265262531e-06,-5.894113130308773e-07
prisoners,-7.701796971080249e-06,-1.3302071444386432e-05,-2.118298283289607e-05,-1.3966243667950595e-05,-3.9096045353798374e-05
private,-1.3902964682546752e-05,-2.6131796976186246e-05,3.136771848384253e-05,-8.550231257124728e-06,-1.2387020528032872e-05
prize,-7.928414555517577e-06,-1.3576932814117509e-05,-1.7396337793241638e-05,-1.529887540016259e-05,7.386564149086249e-07
probably,-0.00010086979092775409,0.0001819387388692993,-1.8747187852617558e-05,1.6766161300737136e-05,-9.633368419031887e-06
problem,-4.11445728285701e-05,3.555485963033465e-05,1.4878483613929382e-05,-3.427344532366637e-06,3.31127145992917e-05
problems,-2.058463653770124e-05,-3.74951261392195e-05,6.739076929532707e-06,-2.6847637377118487e-05,-4.462448135660616e-06
proceed,-5.642427208804352e-06,-9.974139249283243e-06,-1.2581648285484126e-05,-1.036648891901398e-05,-2.8113248700661777e-06
proceedings,-4.115492097238796e-06,-7.376959731791849e-06,-9.643738266163823e-06,-1.1965423326096818e-05,4.357407002055537e-06
proceeds,-1.5286554039209847e-05,-2.5941596795904742e-05,-3.93324506728853e-05,-5.123411671768627e-05,-4.442488943073377e-05
process,-5.642427208804352e-06,-9.974139249283243e-06,-1.2581648285484126e-05,-1.036648891901398e-05,-2.8113248700661777e-06
processed,-6.148609829199116e-06,-1.0383340289635737e-05,-1.2227400575356544e-05,-9.699178155078256e-06,1.1494490171502262e-06
produce,-6.758156667650127e-06,-1.173561085338378e-05,-1.2816040009493688e-05,-1.0806638821821616e-05,2.4031576469201507e-08
produces,-5.642427208804352e-06,-9.974139249283243e-06,-1.2581648285484126e-05,-1.036648891901398e-05,-2.8113248700661777e-06
product,-6.148609829199116e-06,-1.0383340289635737e-05,-1.2227400575356544e-05,-9.699178155078256e-06,1.1494490171502262e-06
production,-1.5665772654561598e-05,-2.583626234135615e-05,-3.484921781696224e-05,-2.8767974560763155e-05,4.903367457967732e-06
products,-1.1991314478700102e-05,-1.919711303963962e-05,-2.8112479443661385e-05,-3.0208678337733182e-05,7.956372495121113e-06
professional,-1.2297219658398232e-05,-2.0766680579271475e-05,-2.445480115071309e-05,-1.9398356310156513e-05,2.2988980343004523e-06
professor,-4.115492097238796e-06,-7.376959731791849e-06,-9.643738266163823e-06,-1.1965423326096818e-05,4.357407002055537e-06
profitable,-5.642427208804352e-06,-9.974139249283243e-06,-1.2581648285484126e-05,-1.036648891901398e-05,-2.8113248700661777e-06
profoundly,-4.115492097238796e-06,-7.376959731791849e-06,-9.643738266163823e-06,-1.1965423326096818e-05,4.357407002055537e-06
program,-1.7945481340734993e-05,-3.047321429046919e-05,-4.2061194472649704e-05,-4.874251437716461e-05,1.5505443195689e-05
progress,-9.863023657099817e-06,-1.771813657427938e-05,-3.2663945950495874e-05,0.0001002081184605237,7.415750926671262e-06
prohibited,-1.0310919426322938e-05,-2.2826063759448474e-05,0.00010879576173084651,1.4648052819501154e-05,-3.167533546792437e-05
project,-2.9899400386558265e-05,-5.265834357601207e-05,-6.831928488821143e-05,-7.549752849728761e-05,2.0366913775950412e-05
prolonging,-7.701796971080249e-06,-1.3302071444386432e-05,-2.118298283289607e-05,-1.3966243667950595e-05,-3.9096045353798374e-05
promise,0.00013360319078620068,1.0031552431396363e-05,2.1848436061802445e-05,1.0947753778208432e-05,5.342744085384591e-05
promised,0.0001762913785165922,0.00010190503206526724,-9.755208961313948e-06,-2.1222912318756536e-05,-2.0181324263131827e-05
promises,-1.0310919426322938e-05,-2.2826063759448474e-05,0.00010879576173084651,1.4648052819501154e-05,-3.167533546792437e-05
promoted,-4.115492097238796e-06,-7.376959731791849e-06,-9.643738266163823e-06,-1.1965423326096818e-05,4.357407002055537e-06
promotional,-4.115492097238796e-06,-7.376959731791849e-06,-9.643738266163823e-06,-1.1965423326096818e-05,4.357407002055537e-06
prone,-8.230984194477592e-06,-1.4753919463583698e-05,-1.9287476532327646e-05,-2.3930846652193635e-05,8.714814004111074e-06
proof,-1.4750752256515256e-05,-2.5908853164659905e-05,-3.594164225844534e-05,-3.672731745167293e-05,-3.274774922433246e-05
propaganda,-1.0310919426322938e-05,-2.2826063759448474e-05,0.00010879576173084651,1.4648052819501154e-05,-3.167533546792437e-05
propane,0.00026958404360068357,6.658754481846307e-05,1.5864680906217585e-05,4.703955265262531e-06,-5.894113130308773e-07
propeller,-1.3866026995135076e-05,-2.253802623377149e-05,-3.135355783803537e-05,-1.0791163157893955e-05,9.698090599469093e-07
proper,-6.244378503372924e-05,0.00014171826734619506,-8.297949260048247e-06,-2.1200724966155284e-05,6.7192301462737355e-06
properly,-1.6046133586964165e-05,-2.7386399481180816e-05,-3.861768763293446e-05,-4.686652090623137e-05,-3.5154143389682705e-05
property,-9.13063033200035e-06,-1.73872001735964e-05,1.0739477576333792e-05,-2.241625977582846e-05,8.58646258906266e-05
proposal,-1.251387275572442e-05,-2.266540594667984e-05,-3.282533067291469e-05,-4.660515460539498e-05,-4.386565223143299e-05
propose,-8.146620737475113e-06,-1.3748616749657121e-05,-1.867009511959345e-05,-1.2801145038956248e-05,3.570480659636475e-06
proposing,-4.115492097238796e-06,-7.376959731791849e-06,-9.643738266163823e-06,-1.1965423326096818e-05,4.357407002055537e-06
proposition,-8.146620737475113e-06,-1.3748616749657121e-05,-1.867009511959345e-05,-1.2801145038956248e-05,3.570480659636475e-06
prosciutto,-6.933013497566917e-06,-1.126901311688474e-05,-1.567677891901629e-05,-5.3955815789465e-06,4.849045299734206e-07
prosecution,-4.115492097238796e-06,-7.376959731791849e-06,-9.643738266163823e-06,-1.1965423326096818e-05,4.357407002055537e-06
prospered,-6.148609829199116e-06,-1.0383340289635737e-05,-1.2227400575356544e-05,-9.699178155078256e-06,1.1494490171502262e-06
prosperity,-4.115492097238796e-06,-7.376959731791849e-06,-9.643738266163823e-06,-1.1965423326096818e-05,4.357407002055537e-06
prostration,-1.1991314478700102e-05,-1.919711303963962e-05,-2.8112479443661385e-05,-3.0208678337733182e-05,7.956372495121113e-06
protect,6.328146917607847e-05,-2.814866985275375e-05,4.409959188766877e-06,0.00010166130805010116,-1.9520179392570673e-05
protected,-2.7591661334865133e-05,-4.8556155875536444e-05,-8.489557654921616e-05,0.00014211687059491554,-6.344912997633827e-05
protecting,-1.896060838854431e-05,-3.6447385855274915e-05,4.898204101595022e-05,-9.795283967436881e-06,-8.101079777479106e-05
protective,-8.267534381846718e-06,-1.620368610732571e-05,2.4208694940974476e-05,-1.8435669289962392e-05,0.00011209281574915771
prototype,-7.928414555517577e-06,-1.3576932814117509e-05,-1.7396337793241638e-05,-1.529887540016259e-05,7.386564149086249e-07
prototypes,-7.928414555517577e-06,-1.3576932814117509e-05,-1.7396337793241638e-05,-1.529887540016259e-05,7.386564149086249e-07
proud,-9.47931274427452e-06,-1.722600125843098e-05,-2.5714515778378864e-05,-3.778244415242036e-05,-4.7078588310430935e-05
prouder,-6.933013497566917e-06,-1.126901311688474e-05,-1.567677891901629e-05,-5.3955815789465e-06,4.849045299734206e-07
prove,-1.2897583668549712e-05,-2.3157541262528218e-05,-3.977476084503171e-05,9.138540800754905e-05,1.062868700566919e-05
provided,-4.115492097238796e-06,-7.376959731791849e-06,-9.643738266163823e-06,-1.1965423326096818e-05,4.357407002055537e-06
prowl,-1.0310919426322938e-05,-2.2826063759448474e-05,0.00010879576173084651,1.4648052819501154e-05,-3.167533546792437e-05
pu,-6.148609829199116e-06,-1.0383340289635737e-05,-1.2227400575356544e-05,-9.699178155078256e-06,1.1494490171502262e-06
public,-1.2346476291717726e-05,-2.213087919537796e-05,-2.8931214798494673e-05,-3.589626997829423e-05,1.3072221006167883e-05
publicity,-8.230984194477592e-06,-1.4753919463583698e-05,-1.9287476532327646e-05,-2.3930846652193635e-05,8.714814004111074e-06
published,-4.115492097238796e-06,-7.376959731791849e-06,-9.643738266163823e-06,-1.1965423326096818e-05,4.357407002055537e-06
pudding,-9.260811473136898e-06,-1.6652504432408217e-05,-3.465533999120868e-05,0.00014786839378884208,5.6998877024992504e-06
puffed,0.00026958404360068357,6.658754481846307e-05,1.5864680906217585e-05,4.703955265262531e-06,-5.894113130308773e-07
pull,-4.4304390173697355e-05,5.765741569239442e-05,4.21591651275042e-05,-1.4800300790093664e-05,4.825071607708287e-05
pulled,-1.48616302734665e-05,-2.5656052925808497e-05,-1.3872803187659164e-05,-3.13328022273582e-05,5.928611108361185e-05
pulling,-1.3698831553743693e-05,-2.877860421164756e-05,9.807089796909202e-05,-2.7928007655948944e-06,5.9295866476501694e-05
pulp,-1.0310919426322938e-05,-2.2826063759448474e-05,0.00010879576173084651,1.4648052819501154e-05,-3.167533546792437e-05
pulverize,-4.115492097238796e-06,-7.376959731791849e-06,-9.643738266163823e-06,-1.1965423326096818e-05,4.357407002055537e-06
puma,-6.148609829199116e-06,-1.0383340289635737e-05,-1.2227400575356544e-05,-9.699178155078256e-06,1.1494490171502262e-06
pumas,-1.2297219658398232e-05,-2.0766680579271475e-05,-2.445480115071309e-05,-1.9398356310156513e-05,2.2988980343004523e-06
pummeled,-4.115492097238796e-06,-7.376959731791849e-06,-9.643738266163823e-06,-1.1965423326096818e-05,4.357407002055537e-06
pumping,-9.087054360649962e-05,0.00026936276190924494,2.3540349416308355e-05,5.8534753981287895e-06,-8.025388520741435e-07
pumpkin,-1.1991314478700102e-05,-1.919711303963962e-05,-2.8112479443661385e-05,-3.0208678337733182e-05,7.956372495121113e-06
punch,-6.933013497566917e-06,-1.126901311688474e-05,-1.567677891901629e-05,-5.3955815789465e-06,4.849045299734206e-07
punished,-1.6535068763693436e-05,-3.240737221465142e-05,4.841738988194895e-05,-3.6871338579924785e-05,0.00022418563149831543
punishment,-1.1284854417608704e-05,-1.9948278498566486e-05,-2.5163296570968253e-05,-2.073297783802796e-05,-5.6226497401323554e-06
punk,-6.933013497566917e-06,-1.126901311688474e-05,-1.567677891901629e-05,-5.3955815789465e-06,4.849045299734206e-07
puny,-8.267534381846718e-06,-1.620368610732571e-05,2.4208694940974476e-05,-1.8435669289962392e-05,0.00011209281574915771
pupa,-6.148609829199116e-06,-1.0383340289635737e-05,-1.2227400575356544e-05,-9.699178155078256e-06,1.1494490171502262e-06
puppet,-7.928414555517577e-06,-1.3576932814117509e-05,-1.7396337793241638e-05,-1.529887540016259e-05,7.386564149086249e-07
puppy,-6.758156667650127e-06,-1.173561085338378e-05,-1.2816040009493688e-05,-1.0806638821821616e-05,2.4031576469201507e-08
pups,-5.642427208804352e-06,-9.974139249283243e-06,-1.2581648285484126e-05,-1.036648891901398e-05,-2.8113248700661777e-06
purchased,-1.1991314478700102e-05,-1.919711303963962e-05,-2.8112479443661385e-05,-3.0208678337733182e-05,7.956372495121113e-06
pure,0.00019409629915090182,2.2523045752120253e-05,-1.806914410674066e-05,2.7947278050334644e-05,-1.1620103592357297e-05
pureblack,-9.087054360649962e-05,0.00026936276190924494,2.3540349416308355e-05,5.8534753981287895e-06,-8.025388520741435e-07
purifies,-7.701796971080249e-06,-1.3302071444386432e-05,-2.118298283289607e-05,-1.3966243667950595e-05,-3.9096045353798374e-05
purify,-1.0790984303700734e-05,-1.8117500625895715e-05,-2.7178562466193728e-05,-1.4276450848329497e-05,-2.846994263919355e-05
purifying,-7.701796971080249e-06,-1.3302071444386432e-05,-2.118298283289607e-05,-1.3966243667950595e-05,-3.9096045353798374e-05
purity,-1.2123676310500137e-05,-2.1594885134669573e-05,-3.4222983124979136e-05,-3.9257749961793595e-05,-7.911901160926097e-05
purple,-6.758156667650127e-06,-1.173561085338378e-05,-1.2816040009493688e-05,-1.0806638821821616e-05,2.4031576469201507e-08
purpose,-1.4103215853176896e-05,-2.714922899438861e-05,4.4003224520269555e-05,-5.2635314920976985e-06,-4.063904121595675e-05
purse,-2.3982628957401547e-05,-3.83942260792814e-05,-5.6224958887326e-05,-6.0417356675469624e-05,1.591274499024311e-05
pursue,-1.0310919426322938e-05,-2.2826063759448474e-05,0.00010879576173084651,1.4648052819501154e-05,-3.167533546792437e-05
pursuit,-9.260811473136898e-06,-1.6652504432408217e-05,-3.465533999120868e-05,0.00014786839378884208,5.6998877024992504e-06
push,-1.973382644112381e-05,-3.509349226211958e-05,-5.4324869305872204e-05,5.961843829362036e-05,-1.7000522317587683e-05
pushbroom,-6.758156667650127e-06,-1.173561085338378e-05,-1.2816040009493688e-05,-1.0806638821821616e-05,2.4031576469201507e-08
pushed,-5.642427208804352e-06,-9.974139249283243e-06,-1.2581648285484126e-05,-1.036648891901398e-05,-2.8113248700661777e-06
pushing,-1.0988909971580377e-05,-1.963316809909294e-05,-3.48302152692598e-05,0.00010138709348903198,2.1298831475686264e-06
puss,-6.933013497566917e-06,-1.126901311688474e-05,-1.567677891901629e-05,-5.3955815789465e-06,4.849045299734206e-07
put,-0.0,0.0,0.0,0.0,0.0
putting,-1.048688088442305e-05,-1.813142728943508e-05,-2.513113583453577e-05,-2.079809259874061e-05,-1.960635699697262e-05
puzzle,-7.701796971080249e-06,-1.3302071444386432e-05,-2.118298283289607e-05,-1.3966243667950595e-05,-3.9096045353798374e-05
pyramids,-2.3785243666552766e-05,-4.073079844235258e-05,-5.2189013379724986e-05,-4.5896626200487794e-05,2.2159692447259397e-06
qmrelaymailcornelledu,-1.1991314478700102e-05,-1.919711303963962e-05,-2.8112479443661385e-05,-3.0208678337733182e-05,7.956372495121113e-06
qt,-1.1991314478700102e-05,-1.919711303963962e-05,-2.8112479443661385e-05,-3.0208678337733182e-05,7.956372495121113e-06
qualities,-6.933013497566917e-06,-1.126901311688474e-05,-1.567677891901629e-05,-5.3955815789465e-06,4.849045299734206e-07
quantities,-4.115492097238796e-06,-7.376959731791849e-06,-9.643738266163823e-06,-1.1965423326096818e-05,4.357407002055537e-06
quarreling,-5.642427208804352e-06,-9.974139249283243e-06,-1.2581648285484126e-05,-1.036648891901398e-05,-2.8113248700661777e-06
quarrels,-7.195006337380369e-06,-1.2793840901311246e-05,-1.6387899107835544e-05,-1.6466445877440998e-05,1.1400043788932677e-06
quarter,-1.2297219658398232e-05,-2.0766680579271475e-05,-2.445480115071309e-05,-1.9398356310156513e-05,2.2988980343004523e-06
queen,-1.8768988017326577e-05,-3.286667583347215e-05,-6.266554233698375e-05,0.00021408322324104046,8.763174275986116e-06
quest,-9.47931274427452e-06,-1.722600125843098e-05,-2.5714515778378864e-05,-3.778244415242036e-05,-4.7078588310430935e-05
question,-2.601571885807577e-05,-4.5336640531129385e-05,-6.0974126213578396e-05,-6.5630244421256e-05,-3.554427869001856e-05
quick,-3.695432108754381e-05,-7.779816101404387e-05,0.0002706606146654979,6.6633832538217945e-06,3.197349836234903e-05
quickly,-1.909875411544308e-05,-3.278297073163878e-05,-3.9285188991868055e-05,-1.4417143862514313e-05,2.0275174271750058e-05
quicksand,-7.701796971080249e-06,-1.3302071444386432e-05,-2.118298283289607e-05,-1.3966243667950595e-05,-3.9096045353798374e-05
quiet,1.2015410110099078e-05,-2.4373787029303426e-06,-3.5123200706317646e-06,2.4517948731673012e-05,1.9449640159036518e-05
quieted,-7.701796971080249e-06,-1.3302071444386432e-05,-2.118298283289607e-05,-1.3966243667950595e-05,-3.9096045353798374e-05
quietly,-6.103375309244991e-05,0.00014380179150573372,-2.890807643664283e-06,-6.040669424058428e-06,-1.713789573424238e-07
quiets,-7.701796971080249e-06,-1.3302071444386432e-05,-2.118298283289607e-05,-1.3966243667950595e-05,-3.9096045353798374e-05
quit,2.2006116652387683e-05,-3.403938986652374e-05,8.06393155291759e-05,6.309360064843201e-06,9.356637881701808e-05
quite,-3.1050062066421504e-05,-5.791854600184542e-05,3.126763634003341e-05,-1.5471443528655654e-05,1.3045937105678691e-05
r,-1.3375481622820001e-05,-2.181116101615241e-05,-2.974462928856767e-05,-2.9426076540644546e-05,6.714181725941923e-06
rabbits,-4.115492097238796e-06,-7.376959731791849e-06,-9.643738266163823e-06,-1.1965423326096818e-05,4.357407002055537e-06
raccoon,-0.0002263520653481687,-0.00040573278524861457,-0.0005304056046390929,-0.0006580982829354248,0.00023965738511308893
raccoons,-0.0004650506069880564,-0.0008335964496926094,-0.0010897424240766825,-0.0013520928358491501,0.0004923869912323507
race,-5.4195343320932697e-05,7.23916993641008e-05,-4.508971473196117e-05,2.6199190377413637e-05,-7.026994386545254e-05
raced,-4.115492097238796e-06,-7.376959731791849e-06,-9.643738266163823e-06,-1.1965423326096818e-05,4.357407002055537e-06
racing,-9.087054360649962e-05,0.00026936276190924494,2.3540349416308355e-05,5.8534753981287895e-06,-8.025388520741435e-07
racket,-1.692717295987031e-05,-2.999446118953013e-05,-1.700596714972031e-05,-5.131966484516551e-05,3.0261564289893726e-05
racoons,-3.292393677791439e-05,-5.9015677854342044e-05,-7.714990612932011e-05,-9.572338660878625e-05,3.48592560164485e-05
radar,0.00026958404360068357,6.658754481846307e-05,1.5864680906217585e-05,4.703955265262531e-06,-5.894113130308773e-07
radiantly,-8.740419975390173e-06,-1.5985066980022623e-05,-2.5230472845474032e-05,-3.9275398979919814e-05,-6.820572682755698e-05
radiators,-7.928414555517577e-06,-1.3576932814117509e-05,-1.7396337793241638e-05,-1.529887540016259e-05,7.386564149086249e-07
radical,-1.0958080884953333e-05,-1.83201697846655e-05,-2.4386477985553007e-05,-1.525906747569828e-05,9.021932316191184e-07
radio,0.00023579631274002138,2.810077672131497e-05,-3.152846742798104e-05,4.953531303356367e-05,2.737429560171694e-06
radios,-9.260811473136898e-06,-1.6652504432408217e-05,-3.465533999120868e-05,0.00014786839378884208,5.6998877024992504e-06
radish,-1.672582095753563e-05,-3.1551751761124864e-05,2.6684705442213804e-05,-3.43387921681115e-05,0.0001661509263905039
rage,-1.0310919426322938e-05,-2.2826063759448474e-05,0.00010879576173084651,1.4648052819501154e-05,-3.167533546792437e-05
ragged,-1.1284854417608704e-05,-1.9948278498566486e-05,-2.5163296570968253e-05,-2.073297783802796e-05,-5.6226497401323554e-06
raging,-6.933013497566917e-06,-1.126901311688474e-05,-1.567677891901629e-05,-5.3955815789465e-06,4.849045299734206e-07
raid,-3.753116160237044e-05,-6.802883520890608e-05,6.541706079317625e-05,-4.395115447605716e-05,-4.5866556610665725e-05
railed,-4.115492097238796e-06,-7.376959731791849e-06,-9.643738266163823e-06,-1.1965423326096818e-05,4.357407002055537e-06
rain,1.628192921612751e-05,2.9764778826312153e-05,0.00010456603562300509,-2.276238642721623e-05,2.9637338646509585e-05
rainbow,-8.740419975390173e-06,-1.5985066980022623e-05,-2.5230472845474032e-05,-3.9275398979919814e-05,-6.820572682755698e-05
rainbows,-7.928414555517577e-06,-1.3576932814117509e-05,-1.7396337793241638e-05,-1.529887540016259e-05,7.386564149086249e-07
raining,-7.60707982125368e-05,0.00018330243615656376,-6.742714115510598e-07,-9.987324238349673e-06,1.1033411387659505e-06
rains,-4.115492097238796e-06,-7.376959731791849e-06,-9.643738266163823e-06,-1.1965423326096818e-05,4.357407002055537e-06
rainstorm,-6.758156667650127e-06,-1.173561085338378e-05,-1.2816040009493688e-05,-1.0806638821821616e-05,2.4031576469201507e-08
rainy,-6.148609829199116e-06,-1.0383340289635737e-05,-1.2227400575356544e-05,-9.699178155078256e-06,1.1494490171502262e-06
raise,-4.470360824127777e-05,-7.849962556706693e-05,-0.00011639956607876173,-6.398964920101745e-05,-0.00016680098785289415
raised,-1.4967175801810203e-05,-2.570829086925036e-05,-3.398328437933476e-05,-2.552628859965303e-05,-2.3119874615534175e-05
raising,-4.115492097238796e-06,-7.376959731791849e-06,-9.643738266163823e-06,-1.1965423326096818e-05,4.357407002055537e-06
rally,-4.115492097238796e-06,-7.376959731791849e-06,-9.643738266163823e-06,-1.1965423326096818e-05,4.357407002055537e-06
ram,-9.260811473136898e-06,-1.6652504432408217e-05,-3.465533999120868e-05,0.00014786839378884208,5.6998877024992504e-06
ramayana,-9.260811473136898e-06,-1.6652504432408217e-05,-3.465533999120868e-05,0.00014786839378884208,5.6998877024992504e-06
rampage,-1.1763207559123718e-05,-2.4185244939362412e-05,7.094352128492269e-05,3.1570131327925783e-06,-2.5428755035231624e-05
rampaging,-1.1284854417608704e-05,-1.9948278498566486e-05,-2.5163296570968253e-05,-2.073297783802796e-05,-5.6226497401323554e-06
ran,5.3621910527547484e-05,-1.3440916779626546e-05,-9.294063574901627e-07,-2.666361053527771e-05,-1.5133005828458688e-05
range,-1.2123676310500137e-05,-2.1594885134669573e-05,-3.4222983124979136e-05,-3.9257749961793595e-05,-7.911901160926097e-05
rank,-1.7480839950781815e-05,-3.197013396004792e-05,-5.046094569095228e-05,-7.85507979598462e-05,-0.00013641145365512534
ranks,-7.195006337380369e-06,-1.2793840901311246e-05,-1.6387899107835544e-05,-1.6466445877440998e-05,1.1400043788932677e-06
rapid,-4.115492097238796e-06,-7.376959731791849e-06,-9.643738266163823e-06,-1.1965423326096818e-05,4.357407002055537e-06
rapidly,-1.8186310801000945e-05,-3.189530901500541e-05,-5.679169553823224e-05,8.843479638880256e-05,-5.345215959199085e-05
rare,-3.260747457694979e-05,-5.942511816676175e-05,-9.996793459133652e-05,-6.808105884290978e-06,-0.00019696328271005361
rascal,-1.551829348128152e-05,-2.6971013342037297e-05,-4.051564869557191e-05,-2.823976794916215e-05,-5.972790613976885e-05
rascals,-4.621078182648875e-05,-7.981242866633107e-05,-0.00012709789699739637,-8.379746200771671e-05,-0.00023457627212282702
rash,-2.4128355345595095e-05,-4.009659702162736e-05,-6.00612004619276e-05,-7.350849973592677e-05,-3.85582544720387e-05
rashes,-1.1991314478700102e-05,-1.919711303963962e-05,-2.8112479443661385e-05,-3.0208678337733182e-05,7.956372495121113e-06
rat,-8.740419975390173e-06,-1.5985066980022623e-05,-2.5230472845474032e-05,-3.9275398979919814e-05,-6.820572682755698e-05
rate,-3.100472897302743e-05,-5.699579841058446e-05,-3.245195356757996e-05,0.00019196387225944565,-6.0527407325435e-05
ratfur,-8.740419975390173e-06,-1.5985066980022623e-05,-2.5230472845474032e-05,-3.9275398979919814e-05,-6.820572682755698e-05
rather,-2.2748383477565034e-05,1.4612461243152875e-05,-5.278103304260551e-06,-1.6727890457859867e-05,-6.709088383078716e-06
ration,-1.1991314478700102e-05,-1.919711303963962e-05,-2.8112479443661385e-05,-3.0208678337733182e-05,7.956372495121113e-06
rationed,-3.5973943436102904e-05,-5.7591339118923045e-05,-8.433743833099065e-05,-9.062603501320563e-05,2.3869117485365062e-05
rations,-1.1991314478700102e-05,-1.919711303963962e-05,-2.8112479443661385e-05,-3.0208678337733182e-05,7.956372495121113e-06
ratka,-4.115492097238796e-06,-7.376959731791849e-06,-9.643738266163823e-06,-1.1965423326096818e-05,4.357407002055537e-06
ratskin,-8.740419975390173e-06,-1.5985066980022623e-05,-2.5230472845474032e-05,-3.9275398979919814e-05,-6.820572682755698e-05
rattlesnake,-6.933013497566917e-06,-1.126901311688474e-05,-1.567677891901629e-05,-5.3955815789465e-06,4.849045299734206e-07
ravaged,-4.115492097238796e-06,-7.376959731791849e-06,-9.643738266163823e-06,-1.1965423326096818e-05,4.357407002055537e-06
ravine,-1.1284854417608704e-05,-1.9948278498566486e-05,-2.5163296570968253e-05,-2.073297783802796e-05,-5.6226497401323554e-06
raw,-5.642427208804352e-06,-9.974139249283243e-06,-1.2581648285484126e-05,-1.036648891901398e-05,-2.8113248700661777e-06
rays,-5.642427208804352e-06,-9.974139249283243e-06,-1.2581648285484126e-05,-1.036648891901398e-05,-2.8113248700661777e-06
re,-0.0,0.0,0.0,0.0,0.0
reach,-2.0951697817952625e-05,-3.675517568206773e-05,-3.442780110035935e-05,-3.849133443436241e-05,2.5605971380153346e-05
reached,-1.326809786038891e-05,-2.311239638987614e-05,-2.919071933837703e-05,-2.8147576358626427e-05,3.6986771861334825e-06
reaches,-8.69412664236521e-06,-1.5010597003492176e-05,-1.8292963712825166e-05,-1.4795428946870228e-05,-1.2253849328579463e-06
reaching,-5.642427208804352e-06,-9.974139249283243e-06,-1.2581648285484126e-05,-1.036648891901398e-05,-2.8113248700661777e-06
reaction,-4.115492097238796e-06,-7.376959731791849e-06,-9.643738266163823e-06,-1.1965423326096818e-05,4.357407002055537e-06
read,-2.6305547615007885e-05,-4.926141879969962e-05,1.57288387694472e-05,7.00542681365713e-05,-3.609808496552733e-05
reading,-6.14824999521887e-05,0.00014261507434600737,-6.1048357810584525e-06,-1.1043453472923922e-05,-2.327518851851148e-05
reads,-7.701796971080249e-06,-1.3302071444386432e-05,-2.118298283289607e-05,-1.3966243667950595e-05,-3.9096045353798374e-05
ready,9.30150157597586e-05,1.3311867335785038e-05,4.999035138190039e-05,-1.343136477111434e-05,1.4301306803278159e-05
real,-6.065913067848156e-06,2.969747319090985e-05,-5.992097709436035e-06,-3.035890353848088e-07,1.733157572060935e-05
realised,-4.115492097238796e-06,-7.376959731791849e-06,-9.643738266163823e-06,-1.1965423326096818e-05,4.357407002055537e-06
reality,-7.928414555517577e-06,-1.3576932814117509e-05,-1.7396337793241638e-05,-1.529887540016259e-05,7.386564149086249e-07
realization,-8.740419975390173e-06,-1.5985066980022623e-05,-2.5230472845474032e-05,-3.9275398979919814e-05,-6.820572682755698e-05
realize,-2.2586595390982515e-05,-4.245119282480941e-05,3.694989444962228e-06,-5.722004613475964e-05,-0.00010986962726897652
realized,-2.5749128318186402e-05,-4.924850343970017e-05,4.29097428525724e-05,-4.0769544210390235e-05,-7.406926579587523e-05
realizing,-8.740419975390173e-06,-1.5985066980022623e-05,-2.5230472845474032e-05,-3.9275398979919814e-05,-6.820572682755698e-05
really,-0.0,0.0,0.0,0.0,0.0
rear,-1.6340977116534758e-05,-2.826983524834066e-05,-4.068847754225501e-05,-2.85643126846517e-05,-5.7637254745580815e-05
rearguard,-7.701796971080249e-06,-1.3302071444386432e-05,-2.118298283289607e-05,-1.3966243667950595e-05,-3.9096045353798374e-05
rearrange,-4.115492097238796e-06,-7.376959731791849e-06,-9.643738266163823e-06,-1.1965423326096818e-05,4.357407002055537e-06
reason,-2.6202962095833435e-05,-4.6797961520191415e-05,-4.624002196913019e-05,-1.7047914557928637e-05,-5.187879143451095e-06
reasonable,-6.933013497566917e-06,-1.126901311688474e-05,-1.567677891901629e-05,-5.3955815789465e-06,4.849045299734206e-07
reasons,-1.0310919426322938e-05,-2.2826063759448474e-05,0.00010879576173084651,1.4648052819501154e-05,-3.167533546792437e-05
rebels,-1.2346476291717726e-05,-2.213087919537796e-05,-2.8931214798494673e-05,-3.589626997829423e-05,1.3072221006167883e-05
rebirth,-1.8521622946275386e-05,-3.330500886481932e-05,-6.931067998242342e-05,0.0002957367875777097,1.1399775404999465e-05
reborn,-2.778243441941388e-05,-4.9957513297230413e-05,-0.00010396601997363806,0.00044360518136657727,1.7099663107499727e-05
rebuilt,-8.740419975390173e-06,-1.5985066980022623e-05,-2.5230472845474032e-05,-3.9275398979919814e-05,-6.820572682755698e-05
recall,-1.213644154962799e-05,-2.448696951672978e-05,7.120472599869694e-05,3.6490550348550413e-06,-2.2508276567880185e-05
recalling,-4.115492097238796e-06,-7.376959731791849e-06,-9.643738266163823e-06,-1.1965423326096818e-05,4.357407002055537e-06
receive,-1.0605199058755076e-05,-1.914103278324454e-05,-2.7880785097142795e-05,-3.660346912391205e-05,-5.2364456089533554e-05
received,-1.8356125196219374e-05,-3.34994776349005e-05,1.028207316342067e-05,-2.833636138037352e-05,-5.241244060823191e-06
recent,-8.230984194477592e-06,-1.4753919463583698e-05,-1.9287476532327646e-05,-2.3930846652193635e-05,8.714814004111074e-06
recently,-9.284805468259871e-06,-1.6188878869198688e-05,-2.0110447954661932e-05,-1.8696878544237195e-05,1.5734093931239679e-06
recesses,-5.642427208804352e-06,-9.974139249283243e-06,-1.2581648285484126e-05,-1.036648891901398e-05,-2.8113248700661777e-06
recite,-1.2297219658398232e-05,-2.0766680579271475e-05,-2.445480115071309e-05,-1.9398356310156513e-05,2.2988980343004523e-06
recognition,-4.115492097238796e-06,-7.376959731791849e-06,-9.643738266163823e-06,-1.1965423326096818e-05,4.357407002055537e-06
recognize,-1.3698831553743693e-05,-2.877860421164756e-05,9.807089796909202e-05,-2.7928007655948944e-06,5.9295866476501694e-05
recognized,-8.740419975390173e-06,-1.5985066980022623e-05,-2.5230472845474032e-05,-3.9275398979919814e-05,-6.820572682755698e-05
recommended,-7.928414555517577e-06,-1.3576932814117509e-05,-1.7396337793241638e-05,-1.529887540016259e-05,7.386564149086249e-07
reconcile,-7.701796971080249e-06,-1.3302071444386432e-05,-2.118298283289607e-05,-1.3966243667950595e-05,-3.9096045353798374e-05
reconstruct,-7.701796971080249e-06,-1.3302071444386432e-05,-2.118298283289607e-05,-1.3966243667950595e-05,-3.9096045353798374e-05
record,-1.1991314478700102e-05,-1.919711303963962e-05,-2.8112479443661385e-05,-3.0208678337733182e-05,7.956372495121113e-06
recover,-1.1510447718035882e-05,-1.9807867241106845e-05,-2.4635720430527474e-05,-2.0642648974878834e-05,-5.388927284848236e-07
recovered,-6.933013497566917e-06,-1.126901311688474e-05,-1.567677891901629e-05,-5.3955815789465e-06,4.849045299734206e-07
recovers,-5.642427208804352e-06,-9.974139249283243e-06,-1.2581648285484126e-05,-1.036648891901398e-05,-2.8113248700661777e-06
red,0.00017688219349582486,-5.395430146211925e-06,-6.798706357999066e-05,-5.755845001020766e-05,-3.311410497525455e-05
redesign,-1.6804101043882697e-05,-2.8331127507924853e-05,-3.7213675746051086e-05,-2.653970036541737e-05,1.4468418825998022e-06
redeye,-4.115492097238796e-06,-7.376959731791849e-06,-9.643738266163823e-06,-1.1965423326096818e-05,4.357407002055537e-06
reds,-4.115492097238796e-06,-7.376959731791849e-06,-9.643738266163823e-06,-1.1965423326096818e-05,4.357407002055537e-06
reduce,-1.152494373660365e-05,-1.9819246287744665e-05,-2.8446480001631444e-05,-2.157864915206456e-05,-2.828283856885151e-05
reduced,-1.1396893763455583e-05,-2.0087109655066544e-05,-3.299508995993081e-05,7.366645802930925e-05,6.541492144765213e-06
reducing,-8.230984194477592e-06,-1.4753919463583698e-05,-1.9287476532327646e-05,-2.3930846652193635e-05,8.714814004111074e-06
reenact,-4.115492097238796e-06,-7.376959731791849e-06,-9.643738266163823e-06,-1.1965423326096818e-05,4.357407002055537e-06
reference,-2.3982628957401547e-05,-3.83942260792814e-05,-5.6224958887326e-05,-6.0417356675469624e-05,1.591274499024311e-05
refill,-8.267534381846718e-06,-1.620368610732571e-05,2.4208694940974476e-05,-1.8435669289962392e-05,0.00011209281574915771
reform,-5.642427208804352e-06,-9.974139249283243e-06,-1.2581648285484126e-05,-1.036648891901398e-05,-2.8113248700661777e-06
refrain,-4.115492097238796e-06,-7.376959731791849e-06,-9.643738266163823e-06,-1.1965423326096818e-05,4.357407002055537e-06
refuel,-6.933013497566917e-06,-1.126901311688474e-05,-1.567677891901629e-05,-5.3955815789465e-06,4.849045299734206e-07
refuge,-7.701796971080249e-06,-1.3302071444386432e-05,-2.118298283289607e-05,-1.3966243667950595e-05,-3.9096045353798374e-05
refugee,-7.701796971080249e-06,-1.3302071444386432e-05,-2.118298283289607e-05,-1.3966243667950595e-05,-3.9096045353798374e-05
refusal,-6.933013497566917e-06,-1.126901311688474e-05,-1.567677891901629e-05,-5.3955815789465e-06,4.849045299734206e-07
refuse,-1.954130924560902e-05,-4.02842751640256e-05,0.00010665398380938216,-1.2809357942075579e-05,-7.424736565324439e-05
refuses,-1.254082305337505e-05,-2.3734392055529673e-05,-7.534084129734534e-07,-4.25532830222995e-05,3.236016542219975e-05
regain,-1.1284854417608704e-05,-1.9948278498566486e-05,-2.5163296570968253e-05,-2.073297783802796e-05,-5.6226497401323554e-06
regard,-6.933013497566917e-06,-1.126901311688474e-05,-1.567677891901629e-05,-5.3955815789465e-06,4.849045299734206e-07
regarding,-1.1991314478700102e-05,-1.919711303963962e-05,-2.8112479443661385e-05,-3.0208678337733182e-05,7.956372495121113e-06
regards,-1.2714821959218454e-05,-2.5140020787708286e-05,6.866132527316477e-05,6.822313971277324e-06,-2.2998278754488387e-05
regime,-5.642427208804352e-06,-9.974139249283243e-06,-1.2581648285484126e-05,-1.036648891901398e-05,-2.8113248700661777e-06
regimen,-4.115492097238796e-06,-7.376959731791849e-06,-9.643738266163823e-06,-1.1965423326096818e-05,4.357407002055537e-06
regret,-1.0637321244643162e-05,-2.2270213414548852e-05,7.310979060368658e-05,1.978038104284252e-06,-2.0142887256128975e-05
regrets,-6.148609829199116e-06,-1.0383340289635737e-05,-1.2227400575356544e-05,-9.699178155078256e-06,1.1494490171502262e-06
regretted,-4.115492097238796e-06,-7.376959731791849e-06,-9.643738266163823e-06,-1.1965423326096818e-05,4.357407002055537e-06
regroup,-4.115492097238796e-06,-7.376959731791849e-06,-9.643738266163823e-06,-1.1965423326096818e-05,4.357407002055537e-06
regular,-1.4499940238802153e-05,-2.4962677029161313e-05,-2.7915705619491107e-05,-2.3088253842315708e-05,8.829861554134473e-07
rein,-7.928414555517577e-06,-1.3576932814117509e-05,-1.7396337793241638e-05,-1.529887540016259e-05,7.386564149086249e-07
reinforce,-5.642427208804352e-06,-9.974139249283243e-06,-1.2581648285484126e-05,-1.036648891901398e-05,-2.8113248700661777e-06
reject,-7.701796971080249e-06,-1.3302071444386432e-05,-2.118298283289607e-05,-1.3966243667950595e-05,-3.9096045353798374e-05
rejoice,-8.740419975390173e-06,-1.5985066980022623e-05,-2.5230472845474032e-05,-3.9275398979919814e-05,-6.820572682755698e-05
related,-6.148609829199116e-06,-1.0383340289635737e-05,-1.2227400575356544e-05,-9.699178155078256e-06,1.1494490171502262e-06
relative,-1.3375481622820001e-05,-2.181116101615241e-05,-2.974462928856767e-05,-2.9426076540644546e-05,6.714181725941923e-06
relatives,-1.9721095008441374e-05,-3.228622819049009e-05,-4.4865362791064813e-05,-3.286214296316486e-05,5.64146582013752e-06
relax,-2.9980251279510536e-05,-5.586530190256257e-05,2.7896481891620322e-05,-6.334191374800099e-05,0.00024904436673687017
relaxed,-4.115492097238796e-06,-7.376959731791849e-06,-9.643738266163823e-06,-1.1965423326096818e-05,4.357407002055537e-06
relaxing,-8.267534381846718e-06,-1.620368610732571e-05,2.4208694940974476e-05,-1.8435669289962392e-05,0.00011209281574915771
release,-6.028042453602553e-05,0.00014455762276624373,-1.0841479011846053e-06,-8.94223941842052e-06,-2.0954221284149078e-06
released,-4.115492097238796e-06,-7.376959731791849e-06,-9.643738266163823e-06,-1.1965423326096818e-05,4.357407002055537e-06
relies,-4.115492097238796e-06,-7.376959731791849e-06,-9.643738266163823e-06,-1.1965423326096818e-05,4.357407002055537e-06
relieved,9.891128577546115e-05,0.000186377427504678,2.7724433398267636e-06,9.24747912433387e-05,2.514587667997158e-06
reload,-5.642427208804352e-06,-9.974139249283243e-06,-1.2581648285484126e-05,-1.036648891901398e-05,-2.8113248700661777e-06
relocation,-4.115492097238796e-06,-7.376959731791849e-06,-9.643738266163823e-06,-1.1965423326096818e-05,4.357407002055537e-06
reluctant,-1.1991314478700102e-05,-1.919711303963962e-05,-2.8112479443661385e-05,-3.0208678337733182e-05,7.956372495121113e-06
rely,-9.272507051955668e-06,-1.566364827447067e-05,-2.083636443835738e-05,-1.1622170010447936e-05,-1.7153871194661645e-06
remain,0.00014356324515803283,1.4726709690778562e-05,-2.6727373244867993e-05,-2.7527416806186617e-05,-4.089865001393406e-05
remaining,-1.1999747256053211e-05,-2.140121305881446e-05,-3.272116352010599e-05,-3.806203839799213e-05,-6.008969000193972e-05
remains,-1.3049871554670212e-05,-2.2753892495560553e-05,-3.405218362558398e-05,-3.351514244857581e-05,-4.863760124990387e-05
remarkably,-4.115492097238796e-06,-7.376959731791849e-06,-9.643738266163823e-06,-1.1965423326096818e-05,4.357407002055537e-06
remember,-3.738608338403051e-05,-2.8752601506550188e-05,7.183836822017569e-06,4.059844243783457e-06,0.00012808174408459995
remembered,-1.54723330424303e-05,-3.0707064430563135e-05,6.748165393044018e-05,-1.1140982585423987e-05,4.737167583024771e-05
reminds,-5.5080525290101314e-05,0.00010700115937490523,-1.948694920407792e-05,-2.1081907008471046e-05,-3.676489748530798e-05
remnants,-1.1991314478700102e-05,-1.919711303963962e-05,-2.8112479443661385e-05,-3.0208678337733182e-05,7.956372495121113e-06
remote,-6.933013497566917e-06,-1.126901311688474e-05,-1.567677891901629e-05,-5.3955815789465e-06,4.849045299734206e-07
remove,-4.115492097238796e-06,-7.376959731791849e-06,-9.643738266163823e-06,-1.1965423326096818e-05,4.357407002055537e-06
renown,-4.115492097238796e-06,-7.376959731791849e-06,-9.643738266163823e-06,-1.1965423326096818e-05,4.357407002055537e-06
renowned,-7.195006337380369e-06,-1.2793840901311246e-05,-1.6387899107835544e-05,-1.6466445877440998e-05,1.1400043788932677e-06
rent,-4.115492097238796e-06,-7.376959731791849e-06,-9.643738266163823e-06,-1.1965423326096818e-05,4.357407002055537e-06
rental,-6.148609829199116e-06,-1.0383340289635737e-05,-1.2227400575356544e-05,-9.699178155078256e-06,1.1494490171502262e-06
repair,-1.0790984303700734e-05,-1.8117500625895715e-05,-2.7178562466193728e-05,-1.4276450848329497e-05,-2.846994263919355e-05
repairs,-2.0319312139259304e-05,-3.3580894303590546e-05,-4.412775373515577e-05,-1.9903583917900684e-05,1.0903534359989235e-06
repay,-9.260811473136898e-06,-1.6652504432408217e-05,-3.465533999120868e-05,0.00014786839378884208,5.6998877024992504e-06
repeat,-1.2461724022275606e-05,-2.2096961549335058e-05,-2.157092530846787e-06,-1.9572057996313184e-05,6.638372421750872e-05
replace,-1.2365651419748136e-05,-2.4480014350305645e-05,5.039520592309158e-05,-4.742068215848169e-06,-1.593172972771994e-05
replaced,-8.267534381846718e-06,-1.620368610732571e-05,2.4208694940974476e-05,-1.8435669289962392e-05,0.00011209281574915771
replacement,-4.115492097238796e-06,-7.376959731791849e-06,-9.643738266163823e-06,-1.1965423326096818e-05,4.357407002055537e-06
replenish,-9.13063033200035e-06,-1.73872001735964e-05,1.0739477576333792e-05,-2.241625977582846e-05,8.58646258906266e-05
reply,-7.244661534120634e-05,0.00012509848272599478,-3.9307024535855405e-05,5.446280836091394e-05,1.2147066870720301e-05
report,-4.213082845654267e-05,-8.503608732081931e-05,0.00023186708591354914,-7.126254479679622e-06,-2.2192533463187836e-05
reported,-1.0310919426322938e-05,-2.2826063759448474e-05,0.00010879576173084651,1.4648052819501154e-05,-3.167533546792437e-05
reporter,-8.146620737475113e-06,-1.3748616749657121e-05,-1.867009511959345e-05,-1.2801145038956248e-05,3.570480659636475e-06
reports,-1.0310919426322938e-05,-2.2826063759448474e-05,0.00010879576173084651,1.4648052819501154e-05,-3.167533546792437e-05
representatives,-8.88058017037804e-06,-1.545036241150608e-05,-1.9938012655031165e-05,-2.0103343342691335e-05,3.757584729978528e-06
reprimand,-6.148609829199116e-06,-1.0383340289635737e-05,-1.2227400575356544e-05,-9.699178155078256e-06,1.1494490171502262e-06
repulsive,-1.0310919426322938e-05,-2.2826063759448474e-05,0.00010879576173084651,1.4648052819501154e-05,-3.167533546792437e-05
reputation,-1.4757801768485147e-05,-2.427458491324629e-05,-3.21344399496407e-05,-1.5108562694367084e-05,1.5626359285238147e-06
request,-1.2320325390311692e-05,-2.237347031731588e-05,-7.316579391010177e-06,-2.6614799244789637e-05,5.429513138694942e-05
requested,-5.4956298656763064e-05,0.00010682994548347725,-1.8216143937081834e-05,-3.448780374315527e-05,-2.827071669173691e-05
require,-4.115492097238796e-06,-7.376959731791849e-06,-9.643738266163823e-06,-1.1965423326096818e-05,4.357407002055537e-06
required,-1.0637321244643162e-05,-2.2270213414548852e-05,7.310979060368658e-05,1.978038104284252e-06,-2.0142887256128975e-05
requirement,-6.933013497566917e-06,-1.126901311688474e-05,-1.567677891901629e-05,-5.3955815789465e-06,4.849045299734206e-07
requires,-1.681436318066174e-05,-3.230269533438407e-05,3.948050143518446e-05,-1.8064314521140505e-05,-1.0187884923440365e-05
rescue,-2.033552090537267e-05,-3.654072619878082e-05,-3.962360206447361e-05,8.963860502485087e-05,3.46458104135834e-05
rescued,-1.7671209872787247e-05,-3.3064508363821884e-05,2.13867696062409e-05,-1.678069880083876e-05,-3.591367646142226e-05
research,-0.00014007599518224304,0.00038635070609837425,2.049334538593018e-05,-9.013295293032581e-06,5.242367366540804e-06
researching,-4.115492097238796e-06,-7.376959731791849e-06,-9.643738266163823e-06,-1.1965423326096818e-05,4.357407002055537e-06
resemble,-6.933013497566917e-06,-1.126901311688474e-05,-1.567677891901629e-05,-5.3955815789465e-06,4.849045299734206e-07
resentment,-1.5515898989242575e-05,-2.750271332743828e-05,-3.494206753443784e-05,-3.175391672637601e-05,-3.005859021316717e-06
reservation,-1.1991314478700102e-05,-1.919711303963962e-05,-2.8112479443661385e-05,-3.0208678337733182e-05,7.956372495121113e-06
reserve,-6.148609829199116e-06,-1.0383340289635737e-05,-1.2227400575356544e-05,-9.699178155078256e-06,1.1494490171502262e-06
reservoir,-7.701796971080249e-06,-1.3302071444386432e-05,-2.118298283289607e-05,-1.3966243667950595e-05,-3.9096045353798374e-05
residence,-1.4103215853176896e-05,-2.714922899438861e-05,4.4003224520269555e-05,-5.2635314920976985e-06,-4.063904121595675e-05
resident,-4.115492097238796e-06,-7.376959731791849e-06,-9.643738266163823e-06,-1.1965423326096818e-05,4.357407002055537e-06
residential,-8.230984194477592e-06,-1.4753919463583698e-05,-1.9287476532327646e-05,-2.3930846652193635e-05,8.714814004111074e-06
residents,-1.2346476291717726e-05,-2.213087919537796e-05,-2.8931214798494673e-05,-3.589626997829423e-05,1.3072221006167883e-05
resignedly,-6.758156667650127e-06,-1.173561085338378e-05,-1.2816040009493688e-05,-1.0806638821821616e-05,2.4031576469201507e-08
resist,-9.260811473136898e-06,-1.6652504432408217e-05,-3.465533999120868e-05,0.00014786839378884208,5.6998877024992504e-06
resolve,-8.740419975390173e-06,-1.5985066980022623e-05,-2.5230472845474032e-05,-3.9275398979919814e-05,-6.820572682755698e-05
resolved,-5.642427208804352e-06,-9.974139249283243e-06,-1.2581648285484126e-05,-1.036648891901398e-05,-2.8113248700661777e-06
resort,-9.516810277618436e-06,-1.630941890979553e-05,-1.846579255950825e-05,-1.5119973682359797e-05,8.652664613300786e-07
respect,-1.5901629931472106e-05,-2.7181925473124005e-05,-4.415922564468511e-05,7.302905509626197e-05,6.436634444962946e-06
respectable,-2.0799040492703234e-05,-3.380703935065825e-05,-4.703033675705444e-05,-1.6186744736841448e-05,1.45471358992044e-06
respected,-7.568240327884655e-06,-1.3095565478678627e-05,-1.612669439406123e-05,-1.597440397537854e-05,4.060482846244693e-06
respectfully,-1.1284854417608704e-05,-1.9948278498566486e-05,-2.5163296570968253e-05,-2.073297783802796e-05,-5.6226497401323554e-06
respects,-4.115492097238796e-06,-7.376959731791849e-06,-9.643738266163823e-06,-1.1965423326096818e-05,4.357407002055537e-06
respond,-6.148609829199116e-06,-1.0383340289635737e-05,-1.2227400575356544e-05,-9.699178155078256e-06,1.1494490171502262e-06
response,-8.230984194477592e-06,-1.4753919463583698e-05,-1.9287476532327646e-05,-2.3930846652193635e-05,8.714814004111074e-06
responsibility,-1.022956634883028e-05,-1.82332455895601e-05,-2.3498714002371364e-05,-2.528915633041564e-05,4.352940457891223e-06
responsible,-3.16584315036196e-05,-5.569877893194866e-05,-7.257945504154383e-05,-7.865437999486016e-05,2.6388624116789857e-05
rest,-4.709679523898196e-05,2.554589752974938e-05,1.669745091217278e-05,-8.38580870904376e-06,-2.6308780931884422e-05
restaurant,-1.3866026995135076e-05,-2.253802623377149e-05,-3.135355783803537e-05,-1.0791163157893955e-05,9.698090599469093e-07
restaurants,-8.267534381846718e-06,-1.620368610732571e-05,2.4208694940974476e-05,-1.8435669289962392e-05,0.00011209281574915771
restless,-9.260811473136898e-06,-1.6652504432408217e-05,-3.465533999120868e-05,0.00014786839378884208,5.6998877024992504e-06
restored,-1.0637321244643162e-05,-2.2270213414548852e-05,7.310979060368658e-05,1.978038104284252e-06,-2.0142887256128975e-05
restraint,-4.115492097238796e-06,-7.376959731791849e-06,-9.643738266163823e-06,-1.1965423326096818e-05,4.357407002055537e-06
rests,-6.148609829199116e-06,-1.0383340289635737e-05,-1.2227400575356544e-05,-9.699178155078256e-06,1.1494490171502262e-06
result,-1.1991314478700102e-05,-1.919711303963962e-05,-2.8112479443661385e-05,-3.0208678337733182e-05,7.956372495121113e-06
results,-1.4086809995533422e-05,-2.4971472184112314e-05,-3.078235774359027e-05,-3.443641151887988e-05,9.656527931077193e-06
retainers,-6.758156667650127e-06,-1.173561085338378e-05,-1.2816040009493688e-05,-1.0806638821821616e-05,2.4031576469201507e-08
retiring,-1.5856829111035153e-05,-2.7153865628235018e-05,-3.4792675586483276e-05,-3.059775080032518e-05,1.4773128298172499e-06
retractable,-7.928414555517577e-06,-1.3576932814117509e-05,-1.7396337793241638e-05,-1.529887540016259e-05,7.386564149086249e-07
retracts,-4.115492097238796e-06,-7.376959731791849e-06,-9.643738266163823e-06,-1.1965423326096818e-05,4.357407002055537e-06
retreat,-1.3194792959350176e-05,-2.330680372764859e-05,-3.993744433466818e-05,7.210904232469674e-05,-2.1134681793121334e-05
return,-5.509310096670362e-06,-9.670844173615985e-06,-7.076712301551507e-06,-4.764797475799505e-06,-5.495149143590152e-06
returned,-1.4682128581520393e-05,-2.707701834664395e-05,6.313805475758708e-06,-2.2876696202026418e-05,-4.282827147607259e-05
returning,-2.2394373060744297e-05,-3.7313138473750316e-05,-4.797574730608775e-05,-4.3547761112369624e-05,7.0882140642794645e-06
returns,-1.5403593942161947e-05,-2.6604142888775358e-05,-4.236596566579612e-05,-2.7932487335903822e-05,-7.81920907076041e-05
reveal,-4.115492097238796e-06,-7.376959731791849e-06,-9.643738266163823e-06,-1.1965423326096818e-05,4.357407002055537e-06
revenge,-1.5097507838590519e-05,-2.5639576768407838e-05,-3.501188238533272e-05,-3.765282706146496e-05,8.090144490334172e-06
revert,0.0010783361744028117,0.00026635017927387113,6.345872362487487e-05,1.8815821061051473e-05,-2.3576452521236655e-06
reviewed,-4.115492097238796e-06,-7.376959731791849e-06,-9.643738266163823e-06,-1.1965423326096818e-05,4.357407002055537e-06
revive,-2.0071330744477936e-05,-3.486427038171368e-05,-5.396866161794805e-05,-3.9716759240020996e-05,-8.326952558050562e-05
revived,-1.5873787190477396e-05,-2.7411984412675998e-05,-3.9210750309161765e-05,-2.8017018844479162e-05,-4.66115856626893e-05
revives,-8.740419975390173e-06,-1.5985066980022623e-05,-2.5230472845474032e-05,-3.9275398979919814e-05,-6.820572682755698e-05
reviving,-1.5403593942161947e-05,-2.6604142888775358e-05,-4.236596566579612e-05,-2.7932487335903822e-05,-7.81920907076041e-05
revolting,0.00026958404360068357,6.658754481846307e-05,1.5864680906217585e-05,4.703955265262531e-06,-5.894113130308773e-07
reward,-1.3273216378474494e-05,-2.4065328456212638e-05,-4.4156831939803115e-05,8.007109521405265e-05,-4.60887095417556e-05
rheumatism,-6.758156667650127e-06,-1.173561085338378e-05,-1.2816040009493688e-05,-1.0806638821821616e-05,2.4031576469201507e-08
rhymes,-4.115492097238796e-06,-7.376959731791849e-06,-9.643738266163823e-06,-1.1965423326096818e-05,4.357407002055537e-06
rib,-7.928414555517577e-06,-1.3576932814117509e-05,-1.7396337793241638e-05,-1.529887540016259e-05,7.386564149086249e-07
ribs,-7.928414555517577e-06,-1.3576932814117509e-05,-1.7396337793241638e-05,-1.529887540016259e-05,7.386564149086249e-07
rice,-0.0001560261640763035,-5.675663372301541e-05,-0.0002482213925165349,-0.0002605821654450417,4.85676592356771e-05
riceporridge,-1.1991314478700102e-05,-1.919711303963962e-05,-2.8112479443661385e-05,-3.0208678337733182e-05,7.956372495121113e-06
ricesoup,-1.1991314478700102e-05,-1.919711303963962e-05,-2.8112479443661385e-05,-3.0208678337733182e-05,7.956372495121113e-06
rich,-3.325463398071108e-05,-6.335541021883171e-05,5.525337955407248e-05,-7.734860256373158e-05,0.00015788887116994422
rid,-2.0508533521323933e-05,-3.8715528320607204e-05,9.515812293930042e-06,5.026475173377398e-05,-8.794250801947933e-06
riddle,-7.701796971080249e-06,-1.3302071444386432e-05,-2.118298283289607e-05,-1.3966243667950595e-05,-3.9096045353798374e-05
riddled,-9.260811473136898e-06,-1.6652504432408217e-05,-3.465533999120868e-05,0.00014786839378884208,5.6998877024992504e-06
ride,-2.700713337053905e-05,-4.918283192847429e-05,-3.978328803282814e-05,0.0001855946638800895,0.00011343399982790353
ridiculous,-2.0220102716345645e-05,-3.478321465027706e-05,-2.9406074963499593e-05,-3.891238236099348e-05,2.0099787755947217e-05
riding,8.888331765807664e-05,-2.6477425427523034e-06,-3.541322990045555e-05,3.7555459460599885e-05,-1.543426277461702e-05
rie,-4.304026880439619e-05,-7.268338202745418e-05,-8.559180402750045e-05,-6.789424708555157e-05,8.046143120052055e-06
riechan,-4.304026880439619e-05,-7.268338202745418e-05,-8.559180402750045e-05,-6.789424708555157e-05,8.046143120052055e-06
rig,-4.115492097238796e-06,-7.376959731791849e-06,-9.643738266163823e-06,-1.1965423326096818e-05,4.357407002055537e-06
right,-0.0,0.0,0.0,0.0,0.0
rightful,-9.260811473136898e-06,-1.6652504432408217e-05,-3.465533999120868e-05,0.00014786839378884208,5.6998877024992504e-06
ring,-2.5286363845963742e-05,-4.514080917774525e-05,3.876310592013784e-05,-3.374801747922226e-05,-1.1622553417736605e-05
rings,-6.148609829199116e-06,-1.0383340289635737e-05,-1.2227400575356544e-05,-9.699178155078256e-06,1.1494490171502262e-06
riot,-4.115492097238796e-06,-7.376959731791849e-06,-9.643738266163823e-06,-1.1965423326096818e-05,4.357407002055537e-06
rip,-1.1274972187552224e-05,-2.0342106143367908e-05,-6.48982135889616e-07,-2.089488872684954e-05,6.825624245118167e-05
ripe,-9.087054360649962e-05,0.00026936276190924494,2.3540349416308355e-05,5.8534753981287895e-06,-8.025388520741435e-07
ripped,-9.143576287114153e-06,-1.600769433242815e-05,-1.8726997273282567e-05,-1.561201558442225e-05,-2.0552120060213515e-06
rise,-1.1854758292383978e-05,-2.0604086038765838e-05,-3.5008527752363655e-05,7.617851183334864e-05,6.15359065877916e-06
rising,0.000129117631598709,-1.0087790734704162e-05,-5.623902046501456e-05,-6.483026754285125e-05,-3.8000626287277785e-05
risk,-1.2923898906565548e-05,-2.3892282527551987e-05,-4.471472098344577e-06,-3.0780799992877946e-05,6.887566278595334e-05
risking,-4.115492097238796e-06,-7.376959731791849e-06,-9.643738266163823e-06,-1.1965423326096818e-05,4.357407002055537e-06
rites,-8.740419975390173e-06,-1.5985066980022623e-05,-2.5230472845474032e-05,-3.9275398979919814e-05,-6.820572682755698e-05
river,-8.137702053620169e-05,-0.00015782390995720157,0.0001916457559158994,-0.0001805027555061161,0.0009807074921236905
riverbank,-6.148609829199116e-06,-1.0383340289635737e-05,-1.2227400575356544e-05,-9.699178155078256e-06,1.1494490171502262e-06
rivers,-7.701796971080249e-06,-1.3302071444386432e-05,-2.118298283289607e-05,-1.3966243667950595e-05,-3.9096045353798374e-05
riveting,-7.928414555517577e-06,-1.3576932814117509e-05,-1.7396337793241638e-05,-1.529887540016259e-05,7.386564149086249e-07
rivets,-3.171365822207031e-05,-5.4307731256470036e-05,-6.958535117296655e-05,-6.119550160065036e-05,2.9546256596344997e-06
ro,-0.00018174108721299924,0.0005387255238184899,4.708069883261671e-05,1.1706950796257579e-05,-1.605077704148287e-06
roaches,-4.115492097238796e-06,-7.376959731791849e-06,-9.643738266163823e-06,-1.1965423326096818e-05,4.357407002055537e-06
road,0.0003730575345889858,0.0005304645758577899,5.979274000592564e-05,-5.48747741840739e-06,4.3606819056005076e-05
roads,-8.230984194477592e-06,-1.4753919463583698e-05,-1.9287476532327646e-05,-2.3930846652193635e-05,8.714814004111074e-06
roadside,-1.7480839950781815e-05,-3.197013396004792e-05,-5.046094569095228e-05,-7.85507979598462e-05,-0.00013641145365512534
roamed,-4.115492097238796e-06,-7.376959731791849e-06,-9.643738266163823e-06,-1.1965423326096818e-05,4.357407002055537e-06
roast,-1.1208131046575647e-05,-2.025700754675581e-05,6.2910122458119775e-06,-1.757198390883542e-05,8.300923439226713e-05
roasted,-1.6535068763693436e-05,-3.240737221465142e-05,4.841738988194895e-05,-3.6871338579924785e-05,0.00022418563149831543
rob,0.0001930989963178339,3.929006856813602e-05,-3.921452398450471e-06,-6.829552660342466e-06,-2.9262089925549715e-05
robbed,-7.701796971080249e-06,-1.3302071444386432e-05,-2.118298283289607e-05,-1.3966243667950595e-05,-3.9096045353798374e-05
robe,-5.647111628512624e-05,-0.00010212275312025516,-0.00016146447066918204,-0.00022331416842082873,-0.0004096956451656892
robes,-1.7480839950781815e-05,-3.197013396004792e-05,-5.046094569095228e-05,-7.85507979598462e-05,-0.00013641145365512534
robot,-0.00012965136062393406,-0.00023313506205374654,-0.00048517475987698756,0.002070157513044069,7.97984278350006e-05
robots,-1.8521622946275386e-05,-3.330500886481932e-05,-6.931067998242342e-05,0.0002957367875777097,1.1399775404999465e-05
robust,-4.115492097238796e-06,-7.376959731791849e-06,-9.643738266163823e-06,-1.1965423326096818e-05,4.357407002055537e-06
rock,-1.8550995236515345e-05,-3.3214400168939276e-05,-5.951224633591657e-05,0.00010943267322077446,-4.345630189551173e-05
rocket,0.00026958404360068357,6.658754481846307e-05,1.5864680906217585e-05,4.703955265262531e-06,-5.894113130308773e-07
rocks,0.0001414458564690504,1.0096711428860455e-05,-4.59242698712568e-05,0.00015244491065288972,-3.3502266474941605e-05
roger,-7.701796971080249e-06,-1.3302071444386432e-05,-2.118298283289607e-05,-1.3966243667950595e-05,-3.9096045353798374e-05
roman,-1.2297219658398232e-05,-2.0766680579271475e-05,-2.445480115071309e-05,-1.9398356310156513e-05,2.2988980343004523e-06
romance,-4.115492097238796e-06,-7.376959731791849e-06,-9.643738266163823e-06,-1.1965423326096818e-05,4.357407002055537e-06
romantic,0.00026958404360068357,6.658754481846307e-05,1.5864680906217585e-05,4.703955265262531e-06,-5.894113130308773e-07
rome,-7.928414555517577e-06,-1.3576932814117509e-05,-1.7396337793241638e-05,-1.529887540016259e-05,7.386564149086249e-07
romooska,-9.260811473136898e-06,-1.6652504432408217e-05,-3.465533999120868e-05,0.00014786839378884208,5.6998877024992504e-06
roof,-5.792329163940251e-05,0.00010287732220628857,-2.0310486737783542e-05,-2.6742262410054006e-05,2.084208576139133e-06
room,-4.298398621496912e-05,-2.227971906642238e-05,1.7399049098367593e-06,1.8176832221189535e-05,4.588991282144381e-05
rooms,-2.589097219484629e-05,-5.2674195182345984e-05,0.00013377148291083621,-2.9979899411306363e-05,0.000224599246099782
rooting,0.00026958404360068357,6.658754481846307e-05,1.5864680906217585e-05,4.703955265262531e-06,-5.894113130308773e-07
roots,-3.6321890973849414e-05,-6.530681007303342e-05,-0.00012273402222109415,0.0002912460859017599,-8.913720777356643e-05
rope,-2.9181738469362e-05,-5.263049659160713e-05,-3.182966374934377e-05,2.4041063118907642e-05,7.204323500441477e-05
ropes,-9.260811473136898e-06,-1.6652504432408217e-05,-3.465533999120868e-05,0.00014786839378884208,5.6998877024992504e-06
rose,-1.9443692142475532e-05,-3.5641879361733075e-05,-1.0064706696093684e-05,3.876912257394333e-05,0.00011349398468423085
rosso,-3.466506748783958e-05,-5.634506558443176e-05,-7.838389459509266e-05,-2.6977907894736373e-05,2.4245226498675355e-06
rosy,-4.115492097238796e-06,-7.376959731791849e-06,-9.643738266163823e-06,-1.1965423326096818e-05,4.357407002055537e-06
rot,-5.642427208804352e-06,-9.974139249283243e-06,-1.2581648285484126e-05,-1.036648891901398e-05,-2.8113248700661777e-06
rots,-1.1284854417608704e-05,-1.9948278498566486e-05,-2.5163296570968253e-05,-2.073297783802796e-05,-5.6226497401323554e-06
rotten,-7.722755903171774e-05,0.00018199633361460678,-5.761072862615488e-06,-3.640806365505111e-06,1.2333676554954816e-07
rotting,-1.1284854417608704e-05,-1.9948278498566486e-05,-2.5163296570968253e-05,-2.073297783802796e-05,-5.6226497401323554e-06
rouge,-1.1510447718035882e-05,-1.9807867241106845e-05,-2.4635720430527474e-05,-2.0642648974878834e-05,-5.388927284848236e-07
rough,-1.4920894812928828e-05,-2.4952557495621862e-05,-3.3908005156263635e-05,-3.2614256220440253e-05,3.4343788628811327e-06
round,-1.0043675378062485e-05,-0.0002200621283347617,-0.0003877504197856109,-0.0006026185026411693,-0.0010340554467527182
rounded,-4.115492097238796e-06,-7.376959731791849e-06,-9.643738266163823e-06,-1.1965423326096818e-05,4.357407002055537e-06
rounding,-4.115492097238796e-06,-7.376959731791849e-06,-9.643738266163823e-06,-1.1965423326096818e-05,4.357407002055537e-06
rounds,-6.933013497566917e-06,-1.126901311688474e-05,-1.567677891901629e-05,-5.3955815789465e-06,4.849045299734206e-07
roving,-9.260811473136898e-06,-1.6652504432408217e-05,-3.465533999120868e-05,0.00014786839378884208,5.6998877024992504e-06
rowdy,-6.933013497566917e-06,-1.126901311688474e-05,-1.567677891901629e-05,-5.3955815789465e-06,4.849045299734206e-07
royal,-3.876828336498387e-05,-7.689670152218426e-05,0.00011746486545461143,0.00027643534824534,-6.830717781416401e-05
rub,-1.4503582962278937e-05,-2.48422097699038e-05,-3.676598231601513e-05,-4.754291539872743e-05,-3.26247073634186e-05
rubber,-7.701796971080249e-06,-1.3302071444386432e-05,-2.118298283289607e-05,-1.3966243667950595e-05,-3.9096045353798374e-05
rubbish,-9.260811473136898e-06,-1.6652504432408217e-05,-3.465533999120868e-05,0.00014786839378884208,5.6998877024992504e-06
rubs,-8.267534381846718e-06,-1.620368610732571e-05,2.4208694940974476e-05,-1.8435669289962392e-05,0.00011209281574915771
rudder,-2.3865234378677913e-05,-4.1703597579495345e-05,-7.241097777937227e-05,7.813678012645204e-05,-8.22796468118303e-05
rude,-1.5157440011601791e-05,-2.8200852716826024e-05,2.9861823896280644e-05,-8.000155175360457e-06,-1.4444077872275786e-05
rudimentary,-4.115492097238796e-06,-7.376959731791849e-06,-9.643738266163823e-06,-1.1965423326096818e-05,4.357407002055537e-06
ruined,-3.4944725249207765e-05,-7.49793956956298e-05,0.0003118665424933642,3.605130070663178e-05,-9.257574657326096e-05
rule,-1.1077024439736885e-05,-1.880884309564975e-05,-2.4934269778049955e-05,-1.9063909711053083e-05,3.2576686762605575e-06
rules,-2.4760290951567763e-05,-4.248357689756359e-05,-4.0659026033537e-05,-4.0869674753968544e-05,1.7419945505503217e-05
rumi,-8.267534381846718e-06,-1.620368610732571e-05,2.4208694940974476e-05,-1.8435669289962392e-05,0.00011209281574915771
rumor,-1.177499389822597e-05,-2.1756084049834986e-05,2.2310102297335297e-06,-2.38915655852017e-05,5.382420259179655e-05
rumors,-1.1510447718035882e-05,-1.9807867241106845e-05,-2.4635720430527474e-05,-2.0642648974878834e-05,-5.388927284848236e-07
run,3.482786684856606e-05,-1.0578422466021124e-05,-8.131681470796476e-06,4.941902893056766e-05,-1.9007643128158323e-05
rundown,-9.260811473136898e-06,-1.6652504432408217e-05,-3.465533999120868e-05,0.00014786839378884208,5.6998877024992504e-06
runner,-1.2297219658398232e-05,-2.0766680579271475e-05,-2.445480115071309e-05,-1.9398356310156513e-05,2.2988980343004523e-06
running,3.462193372317889e-05,-2.933342750093923e-05,7.062585803580138e-05,2.533943107106963e-05,-1.775566918481084e-05
runs,-6.249581835148027e-05,0.00013984657321514273,1.7717188551074327e-05,-1.6274468328209923e-05,6.539244632028418e-05
runts,-1.6535068763693436e-05,-3.240737221465142e-05,4.841738988194895e-05,-3.6871338579924785e-05,0.00022418563149831543
rural,-2.3982628957401547e-05,-3.83942260792814e-05,-5.6224958887326e-05,-6.0417356675469624e-05,1.591274499024311e-05
rush,-1.1556813458849816e-05,-2.0095808631590405e-05,-3.016298110890071e-05,-3.293816828542728e-05,-4.993397980879034e-05
rushes,-9.087054360649962e-05,0.00026936276190924494,2.3540349416308355e-05,5.8534753981287895e-06,-8.025388520741435e-07
russia,-7.928414555517577e-06,-1.3576932814117509e-05,-1.7396337793241638e-05,-1.529887540016259e-05,7.386564149086249e-07
rusting,-7.701796971080249e-06,-1.3302071444386432e-05,-2.118298283289607e-05,-1.3966243667950595e-05,-3.9096045353798374e-05
ryoko,-9.087054360649962e-05,0.00026936276190924494,2.3540349416308355e-05,5.8534753981287895e-06,-8.025388520741435e-07
ryûtarô,-1.6461968388956525e-05,-2.9507838927169806e-05,-3.857495306465848e-05,-4.786169330439109e-05,1.742962800822348e-05
s,-0.0,0.0,0.0,0.0,0.0
sabotaged,-1.0310919426322938e-05,-2.2826063759448474e-05,0.00010879576173084651,1.4648052819501154e-05,-3.167533546792437e-05
sack,-1.1991314478700102e-05,-1.919711303963962e-05,-2.8112479443661385e-05,-3.0208678337733182e-05,7.956372495121113e-06
sacred,0.00018967423986115972,3.27801430678769e-05,-9.634614840921807e-06,-2.299966775691853e-05,9.204205531276223e-06
sacrifice,-4.115492097238796e-06,-7.376959731791849e-06,-9.643738266163823e-06,-1.1965423326096818e-05,4.357407002055537e-06
sacrificed,-4.115492097238796e-06,-7.376959731791849e-06,-9.643738266163823e-06,-1.1965423326096818e-05,4.357407002055537e-06
sad,-4.7483409899576744e-05,8.375673582026055e-05,-2.5034579406763326e-05,4.114420017119696e-05,-1.103928080443735e-05
sadness,-9.47931274427452e-06,-1.722600125843098e-05,-2.5714515778378864e-05,-3.778244415242036e-05,-4.7078588310430935e-05
sado,-2.0577460486196652e-05,-3.688479865896407e-05,-4.821869133082546e-05,-5.9827116630491785e-05,2.178703501028033e-05
safe,9.634757175353177e-05,-3.410307884373838e-06,-6.322499483697649e-06,-3.2386949530706014e-05,-1.7436006355228783e-05
safely,-1.3327071985735613e-05,-2.3467243150163948e-05,-3.772714048574953e-05,7.13311714083449e-05,2.1172453660978995e-06
safest,-1.1991314478700102e-05,-1.919711303963962e-05,-2.8112479443661385e-05,-3.0208678337733182e-05,7.956372495121113e-06
safety,-4.115492097238796e-06,-7.376959731791849e-06,-9.643738266163823e-06,-1.1965423326096818e-05,4.357407002055537e-06
safflower,-6.148609829199116e-06,-1.0383340289635737e-05,-1.2227400575356544e-05,-9.699178155078256e-06,1.1494490171502262e-06
safflowerdye,-1.2297219658398232e-05,-2.0766680579271475e-05,-2.445480115071309e-05,-1.9398356310156513e-05,2.2988980343004523e-06
safflowers,-6.148609829199116e-06,-1.0383340289635737e-05,-1.2227400575356544e-05,-9.699178155078256e-06,1.1494490171502262e-06
sagami,-5.244251985234834e-05,-9.591040188014911e-05,-0.00015138283707286521,-0.00023565239387955182,-0.00040923436096539876
sagi,-9.260811473136898e-06,-1.6652504432408217e-05,-3.465533999120868e-05,0.00014786839378884208,5.6998877024992504e-06
said,-2.1042867633719407e-05,-1.2852698659810042e-06,-4.363566931105052e-06,9.181530478425539e-06,1.0199961541482068e-05
sail,-1.2346476291717726e-05,-2.213087919537796e-05,-2.8931214798494673e-05,-3.589626997829423e-05,1.3072221006167883e-05
sailed,-8.230984194477592e-06,-1.4753919463583698e-05,-1.9287476532327646e-05,-2.3930846652193635e-05,8.714814004111074e-06
sailors,-6.933013497566917e-06,-1.126901311688474e-05,-1.567677891901629e-05,-5.3955815789465e-06,4.849045299734206e-07
sake,-2.892286194425477e-05,-5.47987745195558e-05,4.790310246184557e-06,6.797514663535808e-05,2.4140702604710045e-05
salary,-4.115492097238796e-06,-7.376959731791849e-06,-9.643738266163823e-06,-1.1965423326096818e-05,4.357407002055537e-06
sale,-4.115492097238796e-06,-7.376959731791849e-06,-9.643738266163823e-06,-1.1965423326096818e-05,4.357407002055537e-06
sales,-6.148609829199116e-06,-1.0383340289635737e-05,-1.2227400575356544e-05,-9.699178155078256e-06,1.1494490171502262e-06
salt,-2.3779672933320938e-05,-4.0257795936792784e-05,-2.3607207107214905e-05,-5.8142315359334946e-05,9.438495972901888e-05
salts,-1.1991314478700102e-05,-1.919711303963962e-05,-2.8112479443661385e-05,-3.0208678337733182e-05,7.956372495121113e-06
sama,-1.1991314478700102e-05,-1.919711303963962e-05,-2.8112479443661385e-05,-3.0208678337733182e-05,7.956372495121113e-06
same,-3.75397309755031e-05,-6.487250113106525e-05,-9.115763502497809e-05,4.3102000486305564e-05,-3.159265640790293e-05
samurai,-6.015492226000341e-05,-0.00010648648014632218,-0.00013482372456198504,-0.00011701398142402564,-2.0522239943368625e-05
san,-0.00011849097138490148,-0.00020945692423496597,-0.00026421461399518914,-0.00021769626729931208,-5.903782227139445e-05
sanatorium,-2.3785243666552766e-05,-4.073079844235258e-05,-5.2189013379724986e-05,-4.5896626200487794e-05,2.2159692447259397e-06
sanctuary,-9.260811473136898e-06,-1.6652504432408217e-05,-3.465533999120868e-05,0.00014786839378884208,5.6998877024992504e-06
sand,-3.1036586962564496e-05,-5.394202668407711e-05,-8.103129739114783e-05,-5.647953589832694e-05,-0.00011945581227954505
sandal,-0.00014284867646572843,0.00038307451524914935,1.3986225385959548e-05,-1.3642257405323851e-05,4.68313016724003e-06
sandals,-1.1991314478700102e-05,-1.919711303963962e-05,-2.8112479443661385e-05,-3.0208678337733182e-05,7.956372495121113e-06
sandra,-6.933013497566917e-06,-1.126901311688474e-05,-1.567677891901629e-05,-5.3955815789465e-06,4.849045299734206e-07
sang,-9.47931274427452e-06,-1.722600125843098e-05,-2.5714515778378864e-05,-3.778244415242036e-05,-4.7078588310430935e-05
santa,-4.115492097238796e-06,-7.376959731791849e-06,-9.643738266163823e-06,-1.1965423326096818e-05,4.357407002055537e-06
sanuki,-1.7480839950781815e-05,-3.197013396004792e-05,-5.046094569095228e-05,-7.85507979598462e-05,-0.00013641145365512534
sap,-4.115492097238796e-06,-7.376959731791849e-06,-9.643738266163823e-06,-1.1965423326096818e-05,4.357407002055537e-06
sarah,-6.933013497566917e-06,-1.126901311688474e-05,-1.567677891901629e-05,-5.3955815789465e-06,4.849045299734206e-07
sasuke,-2.8808444680675606e-05,-5.163871812255021e-05,-6.750616786315626e-05,-8.375796328268939e-05,3.0501849014392883e-05
sat,-8.740419975390173e-06,-1.5985066980022623e-05,-2.5230472845474032e-05,-3.9275398979919814e-05,-6.820572682755698e-05
satellites,0.00026958404360068357,6.658754481846307e-05,1.5864680906217585e-05,4.703955265262531e-06,-5.894113130308773e-07
satisfied,-1.7175547480539945e-05,-2.8910432703528965e-05,-3.8234881225197116e-05,-3.539668179071101e-05,2.0331633659283857e-06
satomi,-3.964207277758784e-05,-6.788466407058753e-05,-8.698168896620818e-05,-7.649437700081295e-05,3.69328207454306e-06
satsuke,-9.087054360649962e-05,0.00026936276190924494,2.3540349416308355e-05,5.8534753981287895e-06,-8.025388520741435e-07
satsuki,-0.002271763590162489,0.006734069047731123,0.0005885087354077088,0.00014633688495321965,-2.006347130185376e-05
satsukichan,-0.00018174108721299924,0.0005387255238184899,4.708069883261671e-05,1.1706950796257579e-05,-1.605077704148287e-06
saturday,-0.00018174108721299924,0.0005387255238184899,4.708069883261671e-05,1.1706950796257579e-05,-1.605077704148287e-06
saturdays,-6.148609829199116e-06,-1.0383340289635737e-05,-1.2227400575356544e-05,-9.699178155078256e-06,1.1494490171502262e-06
sauces,-1.1991314478700102e-05,-1.919711303963962e-05,-2.8112479443661385e-05,-3.0208678337733182e-05,7.956372495121113e-06
saucy,-6.758156667650127e-06,-1.173561085338378e-05,-1.2816040009493688e-05,-1.0806638821821616e-05,2.4031576469201507e-08
save,1.088157896310435e-05,-3.3393952180671885e-05,-4.1091967412856424e-05,6.397886075137117e-05,-2.291320886225829e-05
saved,1.1149432941868284e-06,2.6300615483657356e-06,-1.2404385240169396e-06,1.570179627942998e-05,3.2679911911752657e-06
saver,-6.933013497566917e-06,-1.126901311688474e-05,-1.567677891901629e-05,-5.3955815789465e-06,4.849045299734206e-07
saving,-2.0523399073875572e-05,-3.7765252952905504e-05,-9.900010244994022e-06,1.1266056343804265e-05,9.684512628596443e-05
savings,-1.1991314478700102e-05,-1.919711303963962e-05,-2.8112479443661385e-05,-3.0208678337733182e-05,7.956372495121113e-06
saw,-1.600359806973634e-05,1.9870212055018904e-05,-3.3672325053628585e-06,4.3470588811092695e-06,-3.417221804761813e-06
say,-0.0,0.0,0.0,0.0,0.0
saying,-5.4420537029099464e-05,-2.778234052183303e-06,-4.6857336345633876e-05,-6.2768413756281e-05,-9.356961226566238e-06
sayings,-4.115492097238796e-06,-7.376959731791849e-06,-9.643738266163823e-06,-1.1965423326096818e-05,4.357407002055537e-06
says,-5.019199092801427e-06,0.00011121080972740786,4.050809118363336e-05,-8.853629494613772e-06,-9.534643819839261e-07
scandals,-4.115492097238796e-06,-7.376959731791849e-06,-9.643738266163823e-06,-1.1965423326096818e-05,4.357407002055537e-06
scar,-5.642427208804352e-06,-9.974139249283243e-06,-1.2581648285484126e-05,-1.036648891901398e-05,-2.8113248700661777e-06
scarce,-1.2897583668549712e-05,-2.3157541262528218e-05,-3.977476084503171e-05,9.138540800754905e-05,1.062868700566919e-05
scare,-9.863023657099817e-06,-1.771813657427938e-05,-3.2663945950495874e-05,0.0001002081184605237,7.415750926671262e-06
scarecrow,-3.0932758278968805e-05,-6.847819127834545e-05,0.0003263872851925397,4.394415845850346e-05,-9.502600640377318e-05
scared,-3.0514779587046735e-05,0.00010407685671646675,1.198851174289623e-05,4.210943293199052e-05,1.801860257387696e-05
scaredycat,-8.267534381846718e-06,-1.620368610732571e-05,2.4208694940974476e-05,-1.8435669289962392e-05,0.00011209281574915771
scariest,-1.0310919426322938e-05,-2.2826063759448474e-05,0.00010879576173084651,1.4648052819501154e-05,-3.167533546792437e-05
scaring,-1.3698831553743693e-05,-2.877860421164756e-05,9.807089796909202e-05,-2.7928007655948944e-06,5.9295866476501694e-05
scary,2.2900771364235155e-05,4.380082217765931e-05,1.1696981756474713e-05,-2.400563080576042e-05,2.0357270559050673e-05
scarylooking,-1.1991314478700102e-05,-1.919711303963962e-05,-2.8112479443661385e-05,-3.0208678337733182e-05,7.956372495121113e-06
scatter,-5.642427208804352e-06,-9.974139249283243e-06,-1.2581648285484126e-05,-1.036648891901398e-05,-2.8113248700661777e-06
scattered,-7.701796971080249e-06,-1.3302071444386432e-05,-2.118298283289607e-05,-1.3966243667950595e-05,-3.9096045353798374e-05
scattering,-6.933013497566917e-06,-1.126901311688474e-05,-1.567677891901629e-05,-5.3955815789465e-06,4.849045299734206e-07
scenario,-6.933013497566917e-06,-1.126901311688474e-05,-1.567677891901629e-05,-5.3955815789465e-06,4.849045299734206e-07
scene,-4.115492097238796e-06,-7.376959731791849e-06,-9.643738266163823e-06,-1.1965423326096818e-05,4.357407002055537e-06
scenery,-1.2585891194376948e-05,-2.5484066845665767e-05,7.077069243823955e-05,2.832468397303005e-06,-2.3338103641043575e-05
scent,-5.642427208804352e-06,-9.974139249283243e-06,-1.2581648285484126e-05,-1.036648891901398e-05,-2.8113248700661777e-06
schedule,-7.928414555517577e-06,-1.3576932814117509e-05,-1.7396337793241638e-05,-1.529887540016259e-05,7.386564149086249e-07
schneider,-1.3866026995135076e-05,-2.253802623377149e-05,-3.135355783803537e-05,-1.0791163157893955e-05,9.698090599469093e-07
school,0.0001866805111229374,1.876152209429363e-05,-0.00010065667471750163,-0.00013838820532164332,0.00011296230971603871
schubert,-7.928414555517577e-06,-1.3576932814117509e-05,-1.7396337793241638e-05,-1.529887540016259e-05,7.386564149086249e-07
science,-1.6802525141316648e-05,-2.980734861478536e-05,-5.3223770115047486e-05,0.00015997876787143245,9.86857551151877e-06
scientific,-9.260811473136898e-06,-1.6652504432408217e-05,-3.465533999120868e-05,0.00014786839378884208,5.6998877024992504e-06
scientists,-9.260811473136898e-06,-1.6652504432408217e-05,-3.465533999120868e-05,0.00014786839378884208,5.6998877024992504e-06
scissors,-1.1876361317835143e-05,-1.959440491397145e-05,-2.7839564683578037e-05,-3.1097093471215276e-05,9.079571037693054e-06
scold,-7.928414555517577e-06,-1.3576932814117509e-05,-1.7396337793241638e-05,-1.529887540016259e-05,7.386564149086249e-07
scolded,-1.1991314478700102e-05,-1.919711303963962e-05,-2.8112479443661385e-05,-3.0208678337733182e-05,7.956372495121113e-06
scolding,-6.758156667650127e-06,-1.173561085338378e-05,-1.2816040009493688e-05,-1.0806638821821616e-05,2.4031576469201507e-08
scorch,-1.0310919426322938e-05,-2.2826063759448474e-05,0.00010879576173084651,1.4648052819501154e-05,-3.167533546792437e-05
scorching,-1.0310919426322938e-05,-2.2826063759448474e-05,0.00010879576173084651,1.4648052819501154e-05,-3.167533546792437e-05
score,-1.8713101675330612e-05,-3.1277694432699575e-05,-3.860691872363625e-05,-2.5433515153195098e-05,2.9001848823789683e-06
scorned,-1.1991314478700102e-05,-1.919711303963962e-05,-2.8112479443661385e-05,-3.0208678337733182e-05,7.956372495121113e-06
scorpion,-4.115492097238796e-06,-7.376959731791849e-06,-9.643738266163823e-06,-1.1965423326096818e-05,4.357407002055537e-06
scrambled,-4.115492097238796e-06,-7.376959731791849e-06,-9.643738266163823e-06,-1.1965423326096818e-05,4.357407002055537e-06
scrap,-6.933013497566917e-06,-1.126901311688474e-05,-1.567677891901629e-05,-5.3955815789465e-06,4.849045299734206e-07
scraps,-4.115492097238796e-06,-7.376959731791849e-06,-9.643738266163823e-06,-1.1965423326096818e-05,4.357407002055537e-06
scratch,-8.267534381846718e-06,-1.620368610732571e-05,2.4208694940974476e-05,-1.8435669289962392e-05,0.00011209281574915771
scratched,-7.928414555517577e-06,-1.3576932814117509e-05,-1.7396337793241638e-05,-1.529887540016259e-05,7.386564149086249e-07
scream,-9.863023657099817e-06,-1.771813657427938e-05,-3.2663945950495874e-05,0.0001002081184605237,7.415750926671262e-06
screamed,-8.740419975390173e-06,-1.5985066980022623e-05,-2.5230472845474032e-05,-3.9275398979919814e-05,-6.820572682755698e-05
screen,-9.260811473136898e-06,-1.6652504432408217e-05,-3.465533999120868e-05,0.00014786839378884208,5.6998877024992504e-06
screws,-7.928414555517577e-06,-1.3576932814117509e-05,-1.7396337793241638e-05,-1.529887540016259e-05,7.386564149086249e-07
scrub,-2.4802603145541846e-05,-4.861105832198044e-05,7.262608482292834e-05,-5.530700786989098e-05,0.00033627844724749606
scum,-8.267534381846718e-06,-1.620368610732571e-05,2.4208694940974476e-05,-1.8435669289962392e-05,0.00011209281574915771
scuse,-6.148609829199116e-06,-1.0383340289635737e-05,-1.2227400575356544e-05,-9.699178155078256e-06,1.1494490171502262e-06
se,-2.3785243666552766e-05,-4.073079844235258e-05,-5.2189013379724986e-05,-4.5896626200487794e-05,2.2159692447259397e-06
sea,0.00038928308023368117,6.225582469683917e-05,-2.043721680401465e-05,-1.4533092175730097e-05,2.987955216542082e-06
seahorse,-6.758156667650127e-06,-1.173561085338378e-05,-1.2816040009493688e-05,-1.0806638821821616e-05,2.4031576469201507e-08
seal,-9.290584145846568e-05,-0.0001798788050815987,0.0001809475400094036,4.134551662990361e-05,0.0010828775972466344
seaplane,-6.758156667650127e-06,-1.173561085338378e-05,-1.2816040009493688e-05,-1.0806638821821616e-05,2.4031576469201507e-08
search,-4.033801943305972e-05,6.711024839475981e-05,-2.2613766820122992e-05,3.582652682699341e-05,-9.417468879014784e-06
searched,-5.657613590132758e-05,0.00010153811437248365,3.439222398137246e-05,6.128129012899416e-05,-4.508885710015249e-05
searching,-6.474445987837891e-05,0.00013654724876789614,-1.5511429874008353e-05,-2.5688530508752686e-05,-1.5658825480558967e-05
seaside,-1.5645183500042933e-05,-2.711480480321898e-05,-3.451910836110175e-05,-2.6234576582259727e-05,-2.87920478316654e-05
season,-9.260811473136898e-06,-1.6652504432408217e-05,-3.465533999120868e-05,0.00014786839378884208,5.6998877024992504e-06
seasons,-8.740419975390173e-06,-1.5985066980022623e-05,-2.5230472845474032e-05,-3.9275398979919814e-05,-6.820572682755698e-05
seat,-2.8186647525694296e-05,-5.406428270968985e-05,8.802788919004969e-05,-8.600311460337489e-06,-6.52138830700432e-05
seatbelt,0.0005391680872013928,0.00013317508963693234,3.172936181243667e-05,9.407910530525515e-06,-1.1788226260618168e-06
seats,0.00026958404360068357,6.658754481846307e-05,1.5864680906217585e-05,4.703955265262531e-06,-5.894113130308773e-07
seaworthy,0.00026958404360068357,6.658754481846307e-05,1.5864680906217585e-05,4.703955265262531e-06,-5.894113130308773e-07
second,6.548969669239968e-07,1.6130821118799299e-06,-1.2650362412188913e-06,2.0301149393926632e-06,-3.6618646084887105e-06
seconds,-3.2852419154214846e-05,-5.6942512108628965e-05,-0.00010135339835899061,0.0002618187771590088,1.6589693022427663e-05
secret,2.5930589949494144e-05,9.402320620260944e-06,-8.650466350933497e-06,7.011317474391846e-05,5.351318552886187e-06
secretly,-7.701796971080249e-06,-1.3302071444386432e-05,-2.118298283289607e-05,-1.3966243667950595e-05,-3.9096045353798374e-05
secrets,-8.267534381846718e-06,-1.620368610732571e-05,2.4208694940974476e-05,-1.8435669289962392e-05,0.00011209281574915771
section,-1.725030077182619e-05,-3.0066830814406092e-05,-4.000253980320404e-05,-3.926927639788411e-05,1.3209288896631756e-05
seduce,-6.933013497566917e-06,-1.126901311688474e-05,-1.567677891901629e-05,-5.3955815789465e-06,4.849045299734206e-07
see,-0.0,0.0,0.0,0.0,0.0
seeds,-6.084996220653602e-05,0.00014320358169165286,-1.2117084589534163e-05,8.274470266262987e-05,5.402096649490456e-06
seeing,-1.8916922430689923e-05,-3.390569772568834e-05,-9.42795508625655e-06,-3.708242406212308e-05,-4.23546866785899e-05
seek,-7.195006337380369e-06,-1.2793840901311246e-05,-1.6387899107835544e-05,-1.6466445877440998e-05,1.1400043788932677e-06
seem,-2.495703647525715e-05,-4.741965655665229e-05,5.906097246022594e-05,-2.569778335436957e-05,1.1961786484786997e-06
seemed,-2.2339082609822727e-05,-4.3011982859841114e-05,5.2753327701921074e-05,-2.5446378262661455e-05,-4.745902890691453e-05
seems,-3.946580735605411e-06,1.8369080143846173e-05,1.6115162604703994e-05,1.0152158654564829e-06,-2.597838807040816e-06
seen,2.8929170714542604e-05,-2.656574302134506e-05,3.0659204553689646e-05,3.263487053277228e-05,-1.4832446057186789e-05
sees,-2.3568385181979447e-05,-4.098735419181169e-05,-4.963218426696528e-05,-3.9435054634070086e-05,-2.4405655241559298e-05
seethrough,-1.6535068763693436e-05,-3.240737221465142e-05,4.841738988194895e-05,-3.6871338579924785e-05,0.00022418563149831543
seita,-7.194788687220581e-05,-0.00011518267823784609,-0.0001686748766619813,-0.00018125207002641126,4.7738234970730125e-05
seitakun,-1.1991314478700102e-05,-1.919711303963962e-05,-2.8112479443661385e-05,-3.0208678337733182e-05,7.956372495121113e-06
seitasan,-0.00010792183030831035,-0.0001727740173567716,-0.0002530123149929747,-0.0002718781050396218,7.160735245609614e-05
seizaemon,-4.115492097238796e-06,-7.376959731791849e-06,-9.643738266163823e-06,-1.1965423326096818e-05,4.357407002055537e-06
selection,-7.701796971080249e-06,-1.3302071444386432e-05,-2.118298283289607e-05,-1.3966243667950595e-05,-3.9096045353798374e-05
self,-1.8445829487598546e-05,-3.115002086890924e-05,-3.668220172607203e-05,-2.909753446523663e-05,3.4483470514509546e-06
selfish,-2.418828121823972e-05,-4.917407483693169e-05,0.00013400368618616965,-2.4853094303188357e-08,-4.176089730790752e-05
selfpropelled,-6.758156667650127e-06,-1.173561085338378e-05,-1.2816040009493688e-05,-1.0806638821821616e-05,2.4031576469201507e-08
sell,-2.239242607114051e-05,-3.708398495039458e-05,-5.12146491610074e-05,-5.489642865783312e-05,1.5046306010929458e-05
seminar,-7.928414555517577e-06,-1.3576932814117509e-05,-1.7396337793241638e-05,-1.529887540016259e-05,7.386564149086249e-07
sen,-0.0004877845285289969,-0.0009560174803322964,0.001428313001517612,-0.0010877044881078717,0.006613476129200856
senba,-8.230984194477592e-06,-1.4753919463583698e-05,-1.9287476532327646e-05,-2.3930846652193635e-05,8.714814004111074e-06
senbiki,-6.148609829199116e-06,-1.0383340289635737e-05,-1.2227400575356544e-05,-9.699178155078256e-06,1.1494490171502262e-06
send,6.645042170009605e-06,1.3365956846298045e-05,-4.0714835099407445e-06,-1.7652560488166326e-05,-1.1795369676700611e-05
sending,-7.928414555517577e-06,-1.3576932814117509e-05,-1.7396337793241638e-05,-1.529887540016259e-05,7.386564149086249e-07
sends,-8.267534381846718e-06,-1.620368610732571e-05,2.4208694940974476e-05,-1.8435669289962392e-05,0.00011209281574915771
senior,0.001347920218003521,0.0003329377240923406,7.9323404531094e-05,2.3519776326314468e-05,-2.9470565651545996e-06
sense,-1.5899545321679948e-05,-2.87893134586163e-05,-4.2427763425690996e-05,-5.888628068386632e-05,-7.87223113446404e-05
sensei,0.000394521279779595,9.275730957700454e-05,1.628484479083695e-05,-1.8857832489633414e-06,2.3437306675626265e-06
senseless,-1.1991314478700102e-05,-1.919711303963962e-05,-2.8112479443661385e-05,-3.0208678337733182e-05,7.956372495121113e-06
senses,-6.933013497566917e-06,-1.126901311688474e-05,-1.567677891901629e-05,-5.3955815789465e-06,4.849045299734206e-07
sensitive,-7.869547789752478e-05,0.00017859284229090671,-8.296907933493641e-06,-1.8245202972977678e-05,4.975449062337404e-07
sent,-2.8632934403215433e-05,-5.461038121697355e-05,3.06394172969348e-05,-6.085239813877274e-05,-0.0001292584130410007
sentiments,-8.740419975390173e-06,-1.5985066980022623e-05,-2.5230472845474032e-05,-3.9275398979919814e-05,-6.820572682755698e-05
separate,-1.3953862032410447e-05,-2.246421228713087e-05,-3.228803001409988e-05,-2.6252817604222175e-05,6.224179539333688e-06
separated,-9.260811473136898e-06,-1.6652504432408217e-05,-3.465533999120868e-05,0.00014786839378884208,5.6998877024992504e-06
september,-1.1991314478700102e-05,-1.919711303963962e-05,-2.8112479443661385e-05,-3.0208678337733182e-05,7.956372495121113e-06
series,-4.115492097238796e-06,-7.376959731791849e-06,-9.643738266163823e-06,-1.1965423326096818e-05,4.357407002055537e-06
serious,-1.3645612721884712e-05,-2.4671392901575273e-05,-3.802859530132611e-06,-2.367424700662616e-05,1.3156897772830797e-05
seriously,-4.115492097238796e-06,-7.376959731791849e-06,-9.643738266163823e-06,-1.1965423326096818e-05,4.357407002055537e-06
seriousness,-4.115492097238796e-06,-7.376959731791849e-06,-9.643738266163823e-06,-1.1965423326096818e-05,4.357407002055537e-06
serve,-2.7703103304426217e-05,-5.2252130958792524e-05,1.7355785075487495e-05,-6.625249379373209e-05,-4.923382219784055e-06
serves,-1.3866026995135076e-05,-2.253802623377149e-05,-3.135355783803537e-05,-1.0791163157893955e-05,9.698090599469093e-07
service,-3.0117962315257685e-05,-5.1985031214868565e-05,-5.966497772836474e-05,-4.7981478683752786e-05,2.910672169498532e-06
set,-2.047825897025976e-05,-3.6502559602311617e-05,-4.975905412258369e-05,3.220971906319624e-05,-2.407412349159713e-05
setsuko,-0.0004077046922758399,-0.0006527018433478049,-0.000955824301084571,-0.0010270950634830188,0.0002705166648341395
settchan,-0.00011991314478701165,-0.00019197113039641316,-0.00028112479443663914,-0.00030208678337735725,7.956372495121867e-05
setting,-1.3826476897486031e-05,-2.735005595405288e-05,3.764738078983168e-05,8.787818840541588e-05,-1.2618673840546004e-05
settings,-6.933013497566917e-06,-1.126901311688474e-05,-1.567677891901629e-05,-5.3955815789465e-06,4.849045299734206e-07
settle,-1.8092817657383057e-05,-3.164612100520802e-05,-4.8267499726643466e-05,5.4422180823021726e-05,-8.0174414154927e-06
settled,-7.696969750203466e-05,0.00018130824149869182,-1.542338532465897e-06,-1.1620497513453743e-05,-5.563130075608199e-07
settling,-5.642427208804352e-06,-9.974139249283243e-06,-1.2581648285484126e-05,-1.036648891901398e-05,-2.8113248700661777e-06
setuko,-1.1991314478700102e-05,-1.919711303963962e-05,-2.8112479443661385e-05,-3.0208678337733182e-05,7.956372495121113e-06
seven,-2.703701704684873e-05,-4.4518059232877056e-05,-6.669923960300545e-05,-5.472017388236939e-05,-3.607005403671416e-05
sever,-5.642427208804352e-06,-9.974139249283243e-06,-1.2581648285484126e-05,-1.036648891901398e-05,-2.8113248700661777e-06
several,-1.1991314478700102e-05,-1.919711303963962e-05,-2.8112479443661385e-05,-3.0208678337733182e-05,7.956372495121113e-06
severity,-4.115492097238796e-06,-7.376959731791849e-06,-9.643738266163823e-06,-1.1965423326096818e-05,4.357407002055537e-06
sewed,-9.260811473136898e-06,-1.6652504432408217e-05,-3.465533999120868e-05,0.00014786839378884208,5.6998877024992504e-06
sex,-1.3866026995135076e-05,-2.253802623377149e-05,-3.135355783803537e-05,-1.0791163157893955e-05,9.698090599469093e-07
sh,-7.701796971080249e-06,-1.3302071444386432e-05,-2.118298283289607e-05,-1.3966243667950595e-05,-3.9096045353798374e-05
shabby,-6.933013497566917e-06,-1.126901311688474e-05,-1.567677891901629e-05,-5.3955815789465e-06,4.849045299734206e-07
shade,-1.0310919426322938e-05,-2.2826063759448474e-05,0.00010879576173084651,1.4648052819501154e-05,-3.167533546792437e-05
shades,-8.740419975390173e-06,-1.5985066980022623e-05,-2.5230472845474032e-05,-3.9275398979919814e-05,-6.820572682755698e-05
shadow,-7.701796971080249e-06,-1.3302071444386432e-05,-2.118298283289607e-05,-1.3966243667950595e-05,-3.9096045353798374e-05
shafts,-1.8521622946275386e-05,-3.330500886481932e-05,-6.931067998242342e-05,0.0002957367875777097,1.1399775404999465e-05
shake,-1.6630517237267118e-05,-2.8419804495391867e-05,-4.3653898247209486e-05,7.183983202275895e-05,4.952017697276143e-06
shaken,-9.260811473136898e-06,-1.6652504432408217e-05,-3.465533999120868e-05,0.00014786839378884208,5.6998877024992504e-06
shaking,-1.4278348289975336e-05,-2.5756337458392158e-05,-1.5248512586068838e-05,7.240176238691053e-05,6.903986231209147e-05
shall,4.0127881733994476e-05,7.83951438330311e-05,-5.125922301573441e-06,-4.343428490255929e-05,-4.3336817754011926e-05
shallow,0.0001926818495749589,3.715056164727592e-05,2.9548122313555235e-05,-1.0125085720848409e-05,8.221708710591101e-05
shameful,-5.642427208804352e-06,-9.974139249283243e-06,-1.2581648285484126e-05,-1.036648891901398e-05,-2.8113248700661777e-06
shamelessly,-9.260811473136898e-06,-1.6652504432408217e-05,-3.465533999120868e-05,0.00014786839378884208,5.6998877024992504e-06
shape,-1.0310919426322938e-05,-2.2826063759448474e-05,0.00010879576173084651,1.4648052819501154e-05,-3.167533546792437e-05
share,-5.425930161790201e-05,0.00010782173840691611,6.068951182546422e-06,-1.989406189367806e-05,5.719671287790296e-05
sharing,-7.928414555517577e-06,-1.3576932814117509e-05,-1.7396337793241638e-05,-1.529887540016259e-05,7.386564149086249e-07
sharp,-1.3846055776807985e-05,-2.433499290976917e-05,-4.0074261206677174e-05,7.185212227697921e-05,-1.947965492865399e-05
shave,-8.740419975390173e-06,-1.5985066980022623e-05,-2.5230472845474032e-05,-3.9275398979919814e-05,-6.820572682755698e-05
shaved,-7.701796971080249e-06,-1.3302071444386432e-05,-2.118298283289607e-05,-1.3966243667950595e-05,-3.9096045353798374e-05
shawl,-2.0621838852645876e-05,-4.565212751889695e-05,0.00021759152346169302,2.929610563900231e-05,-6.335067093584874e-05
she,-0.0,0.0,0.0,0.0,0.0
shed,-1.8443740014601503e-05,-3.182719158224316e-05,-5.410883010686352e-05,6.685837153310668e-05,-4.203140439703408e-05
sheer,-8.230984194477592e-06,-1.4753919463583698e-05,-1.9287476532327646e-05,-2.3930846652193635e-05,8.714814004111074e-06
sheesh,-1.1378168691650445e-05,-1.9647427818591483e-05,-2.6846024279446106e-05,-1.9864778058526978e-05,-2.379081988770406e-05
sheet,-9.143576287114153e-06,-1.600769433242815e-05,-1.8726997273282567e-05,-1.561201558442225e-05,-2.0552120060213515e-06
sheeta,-0.000611213557227119,-0.0010990652925390943,-0.002287252439420092,0.009759313990064931,0.0003761925883650034
sheets,-6.933013497566917e-06,-1.126901311688474e-05,-1.567677891901629e-05,-5.3955815789465e-06,4.849045299734206e-07
shell,-4.281578166432791e-05,-7.657125197419602e-05,-0.00012127265025878874,-0.00014673298358483557,-0.00028764855921723057
shellfish,-7.701796971080249e-06,-1.3302071444386432e-05,-2.118298283289607e-05,-1.3966243667950595e-05,-3.9096045353798374e-05
shells,-1.2507387223325423e-05,-2.208702045051797e-05,-4.117241329709614e-05,9.873281265115046e-05,-2.4624672372158777e-05
shelter,-8.525513533514539e-05,-0.00013720329059599529,-0.00020217803034252286,-0.00021076746342652,2.3972227408426085e-05
shelterhole,-5.995657239350582e-05,-9.598556519820658e-05,-0.00014056239721831957,-0.00015104339168867863,3.9781862475609334e-05
shelters,0.00018993611858912418,3.494335690690088e-05,-9.030919946356599e-06,-1.8805919416235166e-05,5.432032252977437e-06
sherlock,-7.928414555517577e-06,-1.3576932814117509e-05,-1.7396337793241638e-05,-1.529887540016259e-05,7.386564149086249e-07
shh,-6.933013497566917e-06,-1.126901311688474e-05,-1.567677891901629e-05,-5.3955815789465e-06,4.849045299734206e-07
shhh,-1.3866026995135076e-05,-2.253802623377149e-05,-3.135355783803537e-05,-1.0791163157893955e-05,9.698090599469093e-07
shhhhh,-9.087054360649962e-05,0.00026936276190924494,2.3540349416308355e-05,5.8534753981287895e-06,-8.025388520741435e-07
shichikokuyama,-0.0005452232616389976,0.00161617657145547,0.0001412420964978502,3.5120852388772734e-05,-4.815233112444856e-06
shield,-1.0310919426322938e-05,-2.2826063759448474e-05,0.00010879576173084651,1.4648052819501154e-05,-3.167533546792437e-05
shielding,-7.928414555517577e-06,-1.3576932814117509e-05,-1.7396337793241638e-05,-1.529887540016259e-05,7.386564149086249e-07
shields,0.00026958404360068357,6.658754481846307e-05,1.5864680906217585e-05,4.703955265262531e-06,-5.894113130308773e-07
shift,-9.260811473136898e-06,-1.6652504432408217e-05,-3.465533999120868e-05,0.00014786839378884208,5.6998877024992504e-06
shifting,-7.928414555517577e-06,-1.3576932814117509e-05,-1.7396337793241638e-05,-1.529887540016259e-05,7.386564149086249e-07
shikoku,-6.173238145859134e-05,-0.00011065439597689465,-0.00014465607399247958,-0.0001794813498914794,6.536110503084238e-05
shimasu,-0.00018174108721299924,0.0005387255238184899,4.708069883261671e-05,1.1706950796257579e-05,-1.605077704148287e-06
shine,-1.2346476291717726e-05,-2.213087919537796e-05,-2.8931214798494673e-05,-3.589626997829423e-05,1.3072221006167883e-05
shines,-1.7480839950781815e-05,-3.197013396004792e-05,-5.046094569095228e-05,-7.85507979598462e-05,-0.00013641145365512534
shining,-2.5180278357403407e-05,-4.53707474338063e-05,-6.863830041202872e-05,-9.815983398806033e-05,-0.0001503299245173175
ship,6.79141750188114e-05,-8.658344984140952e-05,-0.00012180235504936594,0.00028095917858128713,-0.0001185227349672213
shipnaming,-2.3982628957401547e-05,-3.83942260792814e-05,-5.6224958887326e-05,-6.0417356675469624e-05,1.591274499024311e-05
ships,0.00033006813164367424,5.666071617737188e-05,2.3603623737915312e-05,-1.2983494053015808e-05,-3.4223514386692265e-05
shipshape,0.0016175042616042303,0.00039952526891081014,9.518808543731306e-05,2.822373159157741e-05,-3.5364678781855346e-06
shirk,-9.260811473136898e-06,-1.6652504432408217e-05,-3.465533999120868e-05,0.00014786839378884208,5.6998877024992504e-06
shirkers,-9.260811473136898e-06,-1.6652504432408217e-05,-3.465533999120868e-05,0.00014786839378884208,5.6998877024992504e-06
shirt,-1.2674483804578025e-05,-2.228968960928776e-05,-3.8380328816455416e-05,9.775019602378166e-05,4.747463498653897e-06
shirts,-7.928414555517577e-06,-1.3576932814117509e-05,-1.7396337793241638e-05,-1.529887540016259e-05,7.386564149086249e-07
shishigami,-0.0002990486420666582,-0.0005286293802120607,-0.0006668273591307203,-0.0005494239127077913,-0.00014900021811352075
shishigamisama,-3.9496990461632974e-05,-6.981897474498712e-05,-8.807153799839451e-05,-7.256542243310244e-05,-1.967927409046452e-05
shishouren,-1.1284854417608704e-05,-1.9948278498566486e-05,-2.5163296570968253e-05,-2.073297783802796e-05,-5.6226497401323554e-06
shit,-0.00010052315399618062,-0.00017624266792997496,-0.0003195678850502255,0.0007691937433722724,-0.00011775086730781268
shitakirisuzume,-6.148609829199116e-06,-1.0383340289635737e-05,-1.2227400575356544e-05,-9.699178155078256e-06,1.1494490171502262e-06
shock,-4.115492097238796e-06,-7.376959731791849e-06,-9.643738266163823e-06,-1.1965423326096818e-05,4.357407002055537e-06
shocked,-4.115492097238796e-06,-7.376959731791849e-06,-9.643738266163823e-06,-1.1965423326096818e-05,4.357407002055537e-06
shoe,-1.6535068763693436e-05,-3.240737221465142e-05,4.841738988194895e-05,-3.6871338579924785e-05,0.00022418563149831543
shoes,-3.288043589881484e-05,-5.919606882995634e-05,4.692858092221525e-06,-5.807877105590166e-05,0.00019925603035237467
shoguns,-5.642427208804352e-06,-9.974139249283243e-06,-1.2581648285484126e-05,-1.036648891901398e-05,-2.8113248700661777e-06
shoo,0.00018512099260420807,2.4540893360559576e-05,-3.940843226924045e-05,0.00022153012142902748,7.971026989629963e-06
shook,-6.148609829199116e-06,-1.0383340289635737e-05,-1.2227400575356544e-05,-9.699178155078256e-06,1.1494490171502262e-06
shoot,-6.697878108297598e-05,-0.00011682093233168832,-0.0001856905754986648,6.029361214522362e-05,-0.0001854944707097671
shooting,-1.152494373660365e-05,-1.9819246287744665e-05,-2.8446480001631444e-05,-2.157864915206456e-05,-2.828283856885151e-05
shoots,-2.622125992617345e-05,-4.7955200940073226e-05,-7.569141853643049e-05,-0.00011782619693977263,-0.00020461718048269366
shop,-9.753516995578857e-05,-0.00020267305146202605,0.0006864167462089498,4.86088440064954e-05,-0.00015613805705364867
shoplady,-6.758156667650127e-06,-1.173561085338378e-05,-1.2816040009493688e-05,-1.0806638821821616e-05,2.4031576469201507e-08
shopping,-1.3516313335301455e-05,-2.347122170676966e-05,-2.5632080018989662e-05,-2.1613277643645184e-05,4.8063152938380925e-08
shore,-1.0256516646480903e-05,-1.9302231698409945e-05,8.573208257569876e-06,-2.123728474732015e-05,8.057875811152396e-05
short,-0.00011993903992821294,0.00029219871922171693,-4.81661121910428e-06,-3.0010746583973967e-05,-2.370877022338534e-05
shortage,-4.115492097238796e-06,-7.376959731791849e-06,-9.643738266163823e-06,-1.1965423326096818e-05,4.357407002055537e-06
shortcut,0.0001926818495749589,3.715056164727592e-05,2.9548122313555235e-05,-1.0125085720848409e-05,8.221708710591101e-05
shorts,-6.148609829199116e-06,-1.0383340289635737e-05,-1.2227400575356544e-05,-9.699178155078256e-06,1.1494490171502262e-06
shot,-1.7522745308590963e-05,-2.9702580528692373e-05,-4.0492996375354874e-05,-3.886234996123672e-05,8.877938991249877e-06
shots,-2.3982628957401547e-05,-3.83942260792814e-05,-5.6224958887326e-05,-6.0417356675469624e-05,1.591274499024311e-05
shoujou,-3.385456325282861e-05,-5.984483549570389e-05,-7.548988971291037e-05,-6.219893351408848e-05,-1.686794922039834e-05
should,-0.0,0.0,0.0,0.0,0.0
shoulder,-8.267534381846718e-06,-1.620368610732571e-05,2.4208694940974476e-05,-1.8435669289962392e-05,0.00011209281574915771
shouldn,-2.589097219484629e-05,-5.2674195182345984e-05,0.00013377148291083621,-2.9979899411306363e-05,0.000224599246099782
shout,-1.7480839950781815e-05,-3.197013396004792e-05,-5.046094569095228e-05,-7.85507979598462e-05,-0.00013641145365512534
shovel,-1.0310919426322938e-05,-2.2826063759448474e-05,0.00010879576173084651,1.4648052819501154e-05,-3.167533546792437e-05
show,1.527077010417777e-05,-2.181613952182645e-05,-7.029524538541503e-06,4.284993894010272e-05,-5.176070825412105e-06
showed,-9.13063033200035e-06,-1.73872001735964e-05,1.0739477576333792e-05,-2.241625977582846e-05,8.58646258906266e-05
shower,-6.933013497566917e-06,-1.126901311688474e-05,-1.567677891901629e-05,-5.3955815789465e-06,4.849045299734206e-07
showing,-5.26512236085501e-05,7.476483502325024e-05,-3.840700790670658e-05,9.859501200581843e-05,6.14144033260752e-06
shown,-9.863023657099817e-06,-1.771813657427938e-05,-3.2663945950495874e-05,0.0001002081184605237,7.415750926671262e-06
showoff,-9.645741042459956e-06,-1.5965372851838048e-05,-2.0575159724583076e-05,-1.1130128108385491e-05,1.20509134788528e-06
shows,-9.640604258221709e-06,-1.697821317450855e-05,-2.0454042876624103e-05,-1.9343314782277478e-05,9.164916005327579e-07
shrank,-4.115492097238796e-06,-7.376959731791849e-06,-9.643738266163823e-06,-1.1965423326096818e-05,4.357407002055537e-06
shrine,-8.824535765981803e-05,0.00016053892491967901,-3.2418216674254026e-05,-5.744291036436848e-05,2.1898800157259582e-05
shrines,-1.2165190343450267e-05,-2.2826604861845253e-05,3.6286626817980115e-06,-3.123897022880314e-05,8.907756196962456e-05
shrink,-4.115492097238796e-06,-7.376959731791849e-06,-9.643738266163823e-06,-1.1965423326096818e-05,4.357407002055537e-06
shrinking,0.0001957433598840595,4.3658952444374584e-05,4.587014948149819e-06,-5.3542468509692495e-06,2.778333373280335e-06
shrivelled,-1.0310919426322938e-05,-2.2826063759448474e-05,0.00010879576173084651,1.4648052819501154e-05,-3.167533546792437e-05
shrouded,-4.115492097238796e-06,-7.376959731791849e-06,-9.643738266163823e-06,-1.1965423326096818e-05,4.357407002055537e-06
shuji,-6.148609829199116e-06,-1.0383340289635737e-05,-1.2227400575356544e-05,-9.699178155078256e-06,1.1494490171502262e-06
shut,-4.426408577609998e-05,-7.820709396444734e-05,-2.2396950583610247e-05,-2.752876129188404e-06,9.422673065512707e-05
shutters,-9.087054360649962e-05,0.00026936276190924494,2.3540349416308355e-05,5.8534753981287895e-06,-8.025388520741435e-07
shy,-6.148609829199116e-06,-1.0383340289635737e-05,-1.2227400575356544e-05,-9.699178155078256e-06,1.1494490171502262e-06
shōkichi,-0.00010700279452822478,-0.00019180095302661704,-0.0002507371949202974,-0.0003111010064785635,0.00011329258205346022
sick,-2.7382444214038345e-05,-5.1908417172713215e-05,6.447429839496667e-05,-2.9918931760725962e-05,7.4535326580177e-05
sickness,-7.116388390559781e-05,0.00019126032152436096,8.080403374200045e-06,-3.32767261800826e-06,-2.6646840958322053e-06
side,1.813467896784655e-05,-1.592637229027611e-05,-1.4618686772342296e-05,-6.357463734737904e-06,1.866280615683939e-05
sidedish,-1.1991314478700102e-05,-1.919711303963962e-05,-2.8112479443661385e-05,-3.0208678337733182e-05,7.956372495121113e-06
sides,-1.1181180748925017e-05,-1.918802143790596e-05,-2.578091001412925e-05,-2.162385549193091e-05,6.783416738634422e-06
siege,-5.642427208804352e-06,-9.974139249283243e-06,-1.2581648285484126e-05,-1.036648891901398e-05,-2.8113248700661777e-06
sigh,-9.087054360649962e-05,0.00026936276190924494,2.3540349416308355e-05,5.8534753981287895e-06,-8.025388520741435e-07
sighing,-1.0310919426322938e-05,-2.2826063759448474e-05,0.00010879576173084651,1.4648052819501154e-05,-3.167533546792437e-05
sighs,-2.3982628957401547e-05,-3.83942260792814e-05,-5.6224958887326e-05,-6.0417356675469624e-05,1.591274499024311e-05
sight,-1.585240055432054e-05,-2.812094387505146e-05,-2.130228973631521e-05,-3.5438638266436016e-05,1.8103967959992388e-05
sighted,-6.933013497566917e-06,-1.126901311688474e-05,-1.567677891901629e-05,-5.3955815789465e-06,4.849045299734206e-07
sights,-1.4339868926804585e-05,-2.3605400913380153e-05,-3.290428086778808e-05,-2.6833601255222912e-05,3.2862612648310103e-06
sightseeing,-6.933013497566917e-06,-1.126901311688474e-05,-1.567677891901629e-05,-5.3955815789465e-06,4.849045299734206e-07
sign,-2.3469338464703864e-05,-4.2907525330430206e-05,-6.2110422125110714e-06,2.153064862032037e-05,0.00013253281359051374
signal,9.192465462781917e-05,3.5260273629234605e-06,-2.4216227203837463e-05,-1.608441244392494e-05,-1.619223400027032e-05
signature,-6.758156667650127e-06,-1.173561085338378e-05,-1.2816040009493688e-05,-1.0806638821821616e-05,2.4031576469201507e-08
signed,-1.1942090479478568e-05,-2.1958753208604772e-05,5.023094710374264e-06,-2.4874182212570498e-05,8.319633846260921e-05
signing,-4.115492097238796e-06,-7.376959731791849e-06,-9.643738266163823e-06,-1.1965423326096818e-05,4.357407002055537e-06
signore,-6.933013497566917e-06,-1.126901311688474e-05,-1.567677891901629e-05,-5.3955815789465e-06,4.849045299734206e-07
signs,-4.115492097238796e-06,-7.376959731791849e-06,-9.643738266163823e-06,-1.1965423326096818e-05,4.357407002055537e-06
silence,-1.466774755674906e-05,-2.613034754407576e-05,-3.458364683781884e-05,-3.929595135674547e-05,-3.2966526043938514e-05
silent,-9.863023657099817e-06,-1.771813657427938e-05,-3.2663945950495874e-05,0.0001002081184605237,7.415750926671262e-06
silly,0.00011459228428364708,9.241911689404162e-06,-2.9706745007072367e-05,5.552486068514281e-05,6.4330299480148035e-06
silvana,-6.933013497566917e-06,-1.126901311688474e-05,-1.567677891901629e-05,-5.3955815789465e-06,4.849045299734206e-07
silver,-2.985999694410727e-05,-5.362067367422712e-05,-8.828852918926762e-05,-8.538972256499294e-06,-0.00015563942377825257
similar,-1.060280033933457e-05,-1.8534970166927486e-05,-2.3237509288597055e-05,-2.4797114428353213e-05,7.273418925242687e-06
similarities,-8.230984194477592e-06,-1.4753919463583698e-05,-1.9287476532327646e-05,-2.3930846652193635e-05,8.714814004111074e-06
simple,-1.6386596926066856e-05,-2.778366159473099e-05,-3.83150076294545e-05,-3.6324145780638164e-05,-8.012345867743263e-06
simpleton,-1.152494373660365e-05,-1.9819246287744665e-05,-2.8446480001631444e-05,-2.157864915206456e-05,-2.828283856885151e-05
simply,0.00018971055926263994,3.3786035551763876e-05,-6.333929156365272e-06,-1.083492344280235e-05,1.2604908287758642e-06
simultaneously,-4.115492097238796e-06,-7.376959731791849e-06,-9.643738266163823e-06,-1.1965423326096818e-05,4.357407002055537e-06
sin,-6.933013497566917e-06,-1.126901311688474e-05,-1.567677891901629e-05,-5.3955815789465e-06,4.849045299734206e-07
since,-1.7623886946738643e-05,1.6760146425990513e-05,-1.3318123256446622e-06,1.1401010578634634e-05,2.995404686161343e-06
sing,-3.782440168220499e-05,-6.857287246333477e-05,-0.00010728357982161301,-4.031122187773627e-05,-0.0001432051500352183
singing,-2.1731306772034458e-05,-3.772819336608688e-05,-5.7936151556728324e-05,-8.019385041713199e-05,-9.471641382016263e-05
single,4.389476854579373e-05,-8.42380595232922e-06,-2.598705694155783e-05,-2.4811270173219676e-05,-5.507391829684705e-06
sink,0.00023278859475119685,2.445695032384543e-05,-4.078885200593798e-05,-2.3959766137971825e-05,-3.809124637346212e-05
sinking,-1.2714821959218454e-05,-2.5140020787708286e-05,6.866132527316477e-05,6.822313971277324e-06,-2.2998278754488387e-05
sip,-1.0310919426322938e-05,-2.2826063759448474e-05,0.00010879576173084651,1.4648052819501154e-05,-3.167533546792437e-05
sir,-6.871652629167404e-05,-0.00012726896625285262,-2.1927280089282966e-05,8.476360906703138e-05,0.0001034662296944866
sire,-2.622125992617345e-05,-4.7955200940073226e-05,-7.569141853643049e-05,-0.00011782619693977263,-0.00020461718048269366
siren,-1.0310919426322938e-05,-2.2826063759448474e-05,0.00010879576173084651,1.4648052819501154e-05,-3.167533546792437e-05
sirens,-1.1991314478700102e-05,-1.919711303963962e-05,-2.8112479443661385e-05,-3.0208678337733182e-05,7.956372495121113e-06
sirius,-7.701796971080249e-06,-1.3302071444386432e-05,-2.118298283289607e-05,-1.3966243667950595e-05,-3.9096045353798374e-05
sis,-0.0008178348924584959,0.002424264857183205,0.0002118631447467753,5.268127858315909e-05,-7.222849668667319e-06
sissy,-8.230984194477592e-06,-1.4753919463583698e-05,-1.9287476532327646e-05,-2.3930846652193635e-05,8.714814004111074e-06
sister,-1.5062748403459735e-05,0.00019462285766613,5.240990542128049e-05,-4.19960778175998e-05,0.00011267974787764674
sisters,-3.074304914599671e-05,-5.1916701448180636e-05,-6.113700287678499e-05,-4.849589077539312e-05,5.7472450857512875e-06
sit,1.0821625737053104e-06,2.795857800892294e-06,-4.872458080841314e-06,-1.0583584388451238e-05,7.148305557973163e-06
site,-1.6671920362235724e-05,-2.9413779543427596e-05,-3.745913907767184e-05,-4.244253533430639e-05,1.3699291083239977e-05
sites,-1.363736035078447e-05,-2.3974374855176326e-05,-3.034832418313286e-05,-3.3619824881327826e-05,1.048635500424058e-05
sitting,-1.270578511822935e-05,-2.3516613845255743e-05,-1.1035450585466252e-05,-3.799647728448144e-05,2.1567168548607385e-05
situation,-3.225425528335101e-05,-5.697592458429432e-05,-7.450112153640732e-05,-7.81105816449693e-05,1.9892216568999962e-05
situations,-7.195006337380369e-06,-1.2793840901311246e-05,-1.6387899107835544e-05,-1.6466445877440998e-05,1.1400043788932677e-06
six,-1.3058089723877226e-05,-2.4615795635010994e-05,3.382141778789998e-05,-5.892049767581072e-06,-1.2192016897742236e-05
sixth,-1.923196004181298e-05,-3.534425187464883e-05,8.358061018022854e-06,-3.982954379011919e-05,0.00013474482436851573
sixty,-1.0310919426322938e-05,-2.2826063759448474e-05,0.00010879576173084651,1.4648052819501154e-05,-3.167533546792437e-05
sizable,-5.642427208804352e-06,-9.974139249283243e-06,-1.2581648285484126e-05,-1.036648891901398e-05,-2.8113248700661777e-06
size,-9.260811473136898e-06,-1.6652504432408217e-05,-3.465533999120868e-05,0.00014786839378884208,5.6998877024992504e-06
skd,-6.148609829199116e-06,-1.0383340289635737e-05,-1.2227400575356544e-05,-9.699178155078256e-06,1.1494490171502262e-06
skier,-1.2297219658398232e-05,-2.0766680579271475e-05,-2.445480115071309e-05,-1.9398356310156513e-05,2.2988980343004523e-06
skies,-8.230984194477592e-06,-1.4753919463583698e-05,-1.9287476532327646e-05,-2.3930846652193635e-05,8.714814004111074e-06
skiing,-2.459443931679762e-05,-4.153336115854492e-05,-4.890960230142851e-05,-3.879671262031485e-05,4.59779606860112e-06
skill,-6.758156667650127e-06,-1.173561085338378e-05,-1.2816040009493688e-05,-1.0806638821821616e-05,2.4031576469201507e-08
skilled,-1.5515898989242575e-05,-2.750271332743828e-05,-3.494206753443784e-05,-3.175391672637601e-05,-3.005859021316717e-06
skills,-5.350139726411239e-05,-9.590047651330852e-05,-0.0001253685974601487,-0.00015555050323928175,5.664629102673011e-05
skin,-2.686615565461641e-05,-4.5681102907206037e-05,-6.600040067916315e-05,-5.367521695744278e-05,-5.2533146591359636e-05
skins,-5.642427208804352e-06,-9.974139249283243e-06,-1.2581648285484126e-05,-1.036648891901398e-05,-2.8113248700661777e-06
skip,-6.980035926931669e-05,0.00012868036844873143,-2.0437444833980368e-05,-2.6213649343973805e-05,4.758794371417539e-06
skipping,-1.2297219658398232e-05,-2.0766680579271475e-05,-2.445480115071309e-05,-1.9398356310156513e-05,2.2988980343004523e-06
skips,-6.148609829199116e-06,-1.0383340289635737e-05,-1.2227400575356544e-05,-9.699178155078256e-06,1.1494490171502262e-06
skirmish,-5.642427208804352e-06,-9.974139249283243e-06,-1.2581648285484126e-05,-1.036648891901398e-05,-2.8113248700661777e-06
skirt,-8.740419975390173e-06,-1.5985066980022623e-05,-2.5230472845474032e-05,-3.9275398979919814e-05,-6.820572682755698e-05
skirtpeeping,-6.148609829199116e-06,-1.0383340289635737e-05,-1.2227400575356544e-05,-9.699178155078256e-06,1.1494490171502262e-06
skirts,-6.148609829199116e-06,-1.0383340289635737e-05,-1.2227400575356544e-05,-9.699178155078256e-06,1.1494490171502262e-06
skull,-6.933013497566917e-06,-1.126901311688474e-05,-1.567677891901629e-05,-5.3955815789465e-06,4.849045299734206e-07
sky,-7.398215482706019e-05,-0.00013108065351176697,-0.0002483588000909482,0.0008358463549752465,3.5358030416576525e-06
slack,-7.701796971080249e-06,-1.3302071444386432e-05,-2.118298283289607e-05,-1.3966243667950595e-05,-3.9096045353798374e-05
slams,-6.758156667650127e-06,-1.173561085338378e-05,-1.2816040009493688e-05,-1.0806638821821616e-05,2.4031576469201507e-08
slated,-4.115492097238796e-06,-7.376959731791849e-06,-9.643738266163823e-06,-1.1965423326096818e-05,4.357407002055537e-06
slats,-7.928414555517577e-06,-1.3576932814117509e-05,-1.7396337793241638e-05,-1.529887540016259e-05,7.386564149086249e-07
slaughter,-1.191514018182793e-05,-2.0889767099754912e-05,-2.7048827549566948e-05,-2.8926053795665975e-05,6.970520808976466e-06
slave,-1.3698831553743693e-05,-2.877860421164756e-05,9.807089796909202e-05,-2.7928007655948944e-06,5.9295866476501694e-05
sleeking,-8.267534381846718e-06,-1.620368610732571e-05,2.4208694940974476e-05,-1.8435669289962392e-05,0.00011209281574915771
sleep,-5.037021163804848e-06,4.471579786485516e-05,-2.5568724269174172e-05,1.3662400003182739e-06,5.911651765965328e-06
sleeping,-5.852212367089543e-05,9.995771117274421e-05,-9.421576461497906e-06,-3.787642527341005e-05,-1.6665582188295024e-05
sleepy,0.00013177448231584205,0.00024771311487004684,2.9055317430185417e-05,7.784526408463515e-06,-1.0263551014451536e-06
slender,-8.740419975390173e-06,-1.5985066980022623e-05,-2.5230472845474032e-05,-3.9275398979919814e-05,-6.820572682755698e-05
slept,-6.933013497566917e-06,-1.126901311688474e-05,-1.567677891901629e-05,-5.3955815789465e-06,4.849045299734206e-07
slice,-6.148609829199116e-06,-1.0383340289635737e-05,-1.2227400575356544e-05,-9.699178155078256e-06,1.1494490171502262e-06
sliced,-8.267534381846718e-06,-1.620368610732571e-05,2.4208694940974476e-05,-1.8435669289962392e-05,0.00011209281574915771
slices,-1.3448781392121386e-05,-2.6841766449557246e-05,6.739340773772706e-05,-4.798843324577567e-07,-2.2811174684146348e-05
slide,-7.928414555517577e-06,-1.3576932814117509e-05,-1.7396337793241638e-05,-1.529887540016259e-05,7.386564149086249e-07
slip,-1.6534167677124824e-05,-2.7770432818769577e-05,-3.814697683620939e-05,-2.0759101039291848e-05,-2.2240650723038967e-05
slipped,-1.4913380791797607e-05,-2.5323279304116776e-05,-3.08589567595462e-05,-2.5584019934524444e-05,2.239742185474052e-06
slob,-5.642427208804352e-06,-9.974139249283243e-06,-1.2581648285484126e-05,-1.036648891901398e-05,-2.8113248700661777e-06
slouch,-5.642427208804352e-06,-9.974139249283243e-06,-1.2581648285484126e-05,-1.036648891901398e-05,-2.8113248700661777e-06
slow,-1.9413233933457073e-05,-3.570849074895375e-05,-9.474369725966124e-07,1.631130144703561e-05,1.0341580544383045e-05
slowly,-1.7198692064929565e-05,-3.1968936737352565e-05,2.2203045802896514e-05,-1.207959601458129e-05,-3.603413271717137e-05
slowpoke,-6.148609829199116e-06,-1.0383340289635737e-05,-1.2227400575356544e-05,-9.699178155078256e-06,1.1494490171502262e-06
sludge,-8.267534381846718e-06,-1.620368610732571e-05,2.4208694940974476e-05,-1.8435669289962392e-05,0.00011209281574915771
slug,-3.307013752738858e-05,-6.481474442930618e-05,9.683477976390271e-05,-7.374267715985326e-05,0.0004483712629966536
slumps,-1.1991314478700102e-05,-1.919711303963962e-05,-2.8112479443661385e-05,-3.0208678337733182e-05,7.956372495121113e-06
sly,-1.2346476291717726e-05,-2.213087919537796e-05,-2.8931214798494673e-05,-3.589626997829423e-05,1.3072221006167883e-05
small,-2.7046995611023452e-05,-4.695110956213176e-05,-6.389019563784475e-05,9.198100658101419e-05,1.636467137589105e-05
smaller,-1.3227806958799948e-05,-2.2666757793921942e-05,-2.7308843212350594e-05,-2.1947122469274097e-05,-3.778381656112061e-07
smallest,-4.115492097238796e-06,-7.376959731791849e-06,-9.643738266163823e-06,-1.1965423326096818e-05,4.357407002055537e-06
smart,-5.642427208804352e-06,-9.974139249283243e-06,-1.2581648285484126e-05,-1.036648891901398e-05,-2.8113248700661777e-06
smash,-6.933013497566917e-06,-1.126901311688474e-05,-1.567677891901629e-05,-5.3955815789465e-06,4.849045299734206e-07
smashed,-1.1355452663310836e-05,-2.0148277114373645e-05,-2.5664983321135282e-05,-2.4110181301907347e-05,-9.329273212114288e-07
smell,-2.7767392674428106e-05,-5.176631451740924e-05,2.7487009227051902e-05,-5.5019198795375916e-05,0.0001225947485661037
smells,8.924560359057218e-05,-4.6421576550795385e-06,3.823694222184998e-05,-2.3398007625416027e-05,4.553169710178603e-06
smelly,-8.267534381846718e-06,-1.620368610732571e-05,2.4208694940974476e-05,-1.8435669289962392e-05,0.00011209281574915771
smile,-2.0686654439991922e-05,-3.597752027832141e-05,-2.381730301012111e-05,-3.1396237917228333e-05,5.404438964715432e-05
smiling,-1.177499389822597e-05,-2.1756084049834986e-05,2.2310102297335297e-06,-2.38915655852017e-05,5.382420259179655e-05
smoke,-2.587641011882416e-05,-4.513924335721182e-05,-6.538002299718541e-05,4.741992127228806e-05,1.338568749677259e-06
smoking,-1.0310919426322938e-05,-2.2826063759448474e-05,0.00010879576173084651,1.4648052819501154e-05,-3.167533546792437e-05
smooth,-1.5856829111035153e-05,-2.7153865628235018e-05,-3.4792675586483276e-05,-3.059775080032518e-05,1.4773128298172499e-06
smoothly,-1.8186310801000945e-05,-3.189530901500541e-05,-5.679169553823224e-05,8.843479638880256e-05,-5.345215959199085e-05
smother,-8.267534381846718e-06,-1.620368610732571e-05,2.4208694940974476e-05,-1.8435669289962392e-05,0.00011209281574915771
smothered,-1.0310919426322938e-05,-2.2826063759448474e-05,0.00010879576173084651,1.4648052819501154e-05,-3.167533546792437e-05
smugglers,-6.933013497566917e-06,-1.126901311688474e-05,-1.567677891901629e-05,-5.3955815789465e-06,4.849045299734206e-07
snack,-1.191514018182793e-05,-2.0889767099754912e-05,-2.7048827549566948e-05,-2.8926053795665975e-05,6.970520808976466e-06
snake,-8.230984194477592e-06,-1.4753919463583698e-05,-1.9287476532327646e-05,-2.3930846652193635e-05,8.714814004111074e-06
snakes,-4.115492097238796e-06,-7.376959731791849e-06,-9.643738266163823e-06,-1.1965423326096818e-05,4.357407002055537e-06
snapped,-1.3522719001416475e-05,-2.6960465814375187e-05,4.314877315948351e-05,-2.1359577777059452e-05,-5.575814494009582e-05
snare,-7.701796971080249e-06,-1.3302071444386432e-05,-2.118298283289607e-05,-1.3966243667950595e-05,-3.9096045353798374e-05
sneaked,-9.260811473136898e-06,-1.6652504432408217e-05,-3.465533999120868e-05,0.00014786839378884208,5.6998877024992504e-06
sneaky,-7.928414555517577e-06,-1.3576932814117509e-05,-1.7396337793241638e-05,-1.529887540016259e-05,7.386564149086249e-07
sniff,-7.701796971080249e-06,-1.3302071444386432e-05,-2.118298283289607e-05,-1.3966243667950595e-05,-3.9096045353798374e-05
snob,-2.0274470002952776e-05,-3.520683256015552e-05,-3.844812002848561e-05,-3.241991646546873e-05,7.209472940754867e-08
snow,-2.704916137508605e-05,-4.6791428355218144e-05,-6.339363915626026e-05,-7.52106457360924e-05,2.514425143268422e-05
snuck,-4.115492097238796e-06,-7.376959731791849e-06,-9.643738266163823e-06,-1.1965423326096818e-05,4.357407002055537e-06
snuggles,-1.1991314478700102e-05,-1.919711303963962e-05,-2.8112479443661385e-05,-3.0208678337733182e-05,7.956372495121113e-06
so,-0.0,0.0,0.0,0.0,0.0
soak,-4.1337671909236976e-05,-8.101843053663513e-05,0.00012104347470488221,-9.217834644981954e-05,0.0005604640787458344
soaking,-1.5812280081295525e-05,-2.7317473961988756e-05,-3.172702388046102e-05,-2.7217193209628513e-05,5.800880391472782e-07
socks,-8.267534381846718e-06,-1.620368610732571e-05,2.4208694940974476e-05,-1.8435669289962392e-05,0.00011209281574915771
sodom,-9.260811473136898e-06,-1.6652504432408217e-05,-3.465533999120868e-05,0.00014786839378884208,5.6998877024992504e-06
soft,-1.136214396208465e-05,-1.993489267646031e-05,-3.45690105554855e-05,0.00010187913539109443,5.050361614920078e-06
soil,-2.0071330744477936e-05,-3.486427038171368e-05,-5.396866161794805e-05,-3.9716759240020996e-05,-8.326952558050562e-05
sokai,-1.1991314478700102e-05,-1.919711303963962e-05,-2.8112479443661385e-05,-3.0208678337733182e-05,7.956372495121113e-06
sold,-1.590594028683501e-05,-2.8460270067644045e-05,-4.446016741975325e-05,5.93082592956539e-05,9.316474499395059e-06
soldier,-2.1396322580566046e-05,-3.6454905453058844e-05,-6.136767704016682e-05,5.237471048350583e-05,-3.7670231319681986e-05
soldiers,-3.155749561708881e-05,-5.338815448367489e-05,-8.320587875359058e-05,-6.34664480676348e-05,-0.00010944331392064056
solemn,-4.115492097238796e-06,-7.376959731791849e-06,-9.643738266163823e-06,-1.1965423326096818e-05,4.357407002055537e-06
solid,-2.1033941947486136e-05,-3.805059119641771e-05,1.4971835152696976e-05,-4.946148166394822e-05,0.0001711700145819524
soloed,-6.933013497566917e-06,-1.126901311688474e-05,-1.567677891901629e-05,-5.3955815789465e-06,4.849045299734206e-07
solution,-1.7945481340734993e-05,-3.047321429046919e-05,-4.2061194472649704e-05,-4.874251437716461e-05,1.5505443195689e-05
solve,-8.713483589125439e-06,-1.5247693252736297e-05,-2.2730097135671893e-05,-1.9120726715322566e-05,-2.5614551140834125e-05
some,-0.0,0.0,0.0,0.0,0.0
somebody,-2.2301593707346244e-05,-3.834193389166941e-05,-5.289533624595642e-05,-4.2069275825520085e-05,-2.9590989037912983e-05
someday,-1.6671628110145394e-05,-2.8599185913501708e-05,-1.755296939250316e-05,-3.2915195026778885e-05,5.75682868147241e-05
somehow,-4.0694603251135345e-05,-7.454517735180226e-05,-2.9844077808206524e-05,9.521737136554372e-05,-0.0001063091625976778
someone,1.8148399046272028e-06,3.4922246191457357e-06,1.0100272516412331e-05,-1.2921106009338273e-05,-3.992140829752491e-06
someplace,0.00014535513321321366,1.728785300269777e-05,9.116723486015487e-06,-1.93383644913061e-05,6.642758022784425e-05
something,-0.0,0.0,0.0,0.0,0.0
sometime,-1.3398548698361684e-05,-2.4233452436886614e-05,-3.504411741284501e-06,-2.5999149199570816e-05,6.587492402296773e-05
sometimes,-2.3427212644551494e-05,-4.4611245069962726e-05,4.424314581103788e-05,-3.3518233612479404e-05,-2.760702047488365e-05
somewhere,-9.924889146488067e-05,9.834992656224033e-05,-2.6686298763462346e-05,-0.0001097291460623351,3.2911918883194446e-05
son,6.519377839331832e-05,-1.7728127336140022e-05,4.1561625716105113e-05,-2.1366712801622216e-05,-1.2458310775200404e-05
song,-3.256546387030624e-05,-5.721436966938822e-05,-8.703190826399506e-05,-4.721819179077136e-05,-9.883005560716766e-05
sons,-2.2164645823725512e-05,-3.7206368070255314e-05,-6.0230971731132996e-05,9.709552515555356e-05,5.275448589588892e-06
soon,-0.0,0.0,0.0,0.0,0.0
sooner,-1.8793480097689066e-05,-3.3685625716833165e-05,1.0241543114176532e-05,-2.3652386496863024e-05,-9.165611596730934e-06
soot,-9.748378918242294e-05,0.00013887578031067906,0.00010660894994185775,-6.365168380781841e-05,0.00041266669666246156
soothe,-4.115492097238796e-06,-7.376959731791849e-06,-9.643738266163823e-06,-1.1965423326096818e-05,4.357407002055537e-06
sophia,-6.933013497566917e-06,-1.126901311688474e-05,-1.567677891901629e-05,-5.3955815789465e-06,4.849045299734206e-07
sophie,-0.0007423861986953009,-0.0016434765906804011,0.007833294844621468,0.0010546598030041513,-0.002280624153690707
sorcerer,0.00019117515866231622,3.226754840632343e-05,9.191843534090803e-05,1.426921215926434e-05,-2.379042604084457e-05
sorceress,-1.0310919426322938e-05,-2.2826063759448474e-05,0.00010879576173084651,1.4648052819501154e-05,-3.167533546792437e-05
sorcery,-2.0621838852645876e-05,-4.565212751889695e-05,0.00021759152346169302,2.929610563900231e-05,-6.335067093584874e-05
sorrow,-1.2891035063280622e-05,-2.291721358797088e-05,-3.4436051965016336e-05,-3.712872385777854e-05,-6.427415289267114e-05
sorrowful,-5.642427208804352e-06,-9.974139249283243e-06,-1.2581648285484126e-05,-1.036648891901398e-05,-2.8113248700661777e-06
sorry,-0.0,0.0,0.0,0.0,0.0
sort,-1.9882329343431406e-05,-3.506465001935177e-05,-4.9878466498498284e-05,6.159436282086555e-05,7.313955613257391e-08
sorts,-4.115492097238796e-06,-7.376959731791849e-06,-9.643738266163823e-06,-1.1965423326096818e-05,4.357407002055537e-06
souchan,0.0032350085232084607,0.0007990505378216203,0.00019037617087462613,5.644746318315482e-05,-7.072935756371069e-06
soul,-1.7569021155560635e-05,-3.4137324965031516e-05,6.132077937825676e-05,-5.135811762652894e-06,-2.3320383946960255e-05
sound,-2.4266287298003134e-05,-4.559896965486994e-05,3.740363542353897e-05,-3.688880075704357e-05,5.076961164654133e-05
sounded,-9.260811473136898e-06,-1.6652504432408217e-05,-3.465533999120868e-05,0.00014786839378884208,5.6998877024992504e-06
sounds,3.285732961887743e-05,-1.1068024252492646e-05,4.179088477466435e-06,-1.599571095717662e-05,9.49044015349428e-06
soup,0.0008087521308021022,0.0001997626344554019,4.759404271865575e-05,1.4111865795788491e-05,-1.7682339390927557e-06
souplike,-1.1991314478700102e-05,-1.919711303963962e-05,-2.8112479443661385e-05,-3.0208678337733182e-05,7.956372495121113e-06
source,-9.260811473136898e-06,-1.6652504432408217e-05,-3.465533999120868e-05,0.00014786839378884208,5.6998877024992504e-06
sousuke,0.01617504261604238,0.00399525268910812,0.0009518808543731352,0.0002822373159157758,-3.536467878185578e-05
sousukechan,0.0005391680872013928,0.00013317508963693234,3.172936181243667e-05,9.407910530525515e-06,-1.1788226260618168e-06
sousukekun,0.0010783361744028117,0.00026635017927387113,6.345872362487487e-05,1.8815821061051473e-05,-2.3576452521236655e-06
sousukesan,0.0008087521308021022,0.0001997626344554019,4.759404271865575e-05,1.4111865795788491e-05,-1.7682339390927557e-06
south,-1.67947235680173e-05,-2.958524812476206e-05,-4.4452957175925746e-05,9.309426859358653e-05,4.238254235840016e-06
southaven,-1.0310919426322938e-05,-2.2826063759448474e-05,0.00010879576173084651,1.4648052819501154e-05,-3.167533546792437e-05
southern,-1.0310919426322938e-05,-2.2826063759448474e-05,0.00010879576173084651,1.4648052819501154e-05,-3.167533546792437e-05
soy,-1.1991314478700102e-05,-1.919711303963962e-05,-2.8112479443661385e-05,-3.0208678337733182e-05,7.956372495121113e-06
soybean,-2.3982628957401547e-05,-3.83942260792814e-05,-5.6224958887326e-05,-6.0417356675469624e-05,1.591274499024311e-05
soybeans,-1.1991314478700102e-05,-1.919711303963962e-05,-2.8112479443661385e-05,-3.0208678337733182e-05,7.956372495121113e-06
space,-1.3866026995135076e-05,-2.253802623377149e-05,-3.135355783803537e-05,-1.0791163157893955e-05,9.698090599469093e-07
spar,-7.928414555517577e-06,-1.3576932814117509e-05,-1.7396337793241638e-05,-1.529887540016259e-05,7.386564149086249e-07
spare,-2.9327192243338137e-05,-5.0991195883819934e-05,-9.738814295693433e-05,0.0003048181037223053,1.8475079501716976e-05
spark,-3.0932758278968805e-05,-6.847819127834545e-05,0.0003263872851925397,4.394415845850346e-05,-9.502600640377318e-05
sparkling,-6.758156667650127e-06,-1.173561085338378e-05,-1.2816040009493688e-05,-1.0806638821821616e-05,2.4031576469201507e-08
speak,-4.4829821770963005e-05,3.278384240050264e-05,-1.0498699840762722e-05,-4.360561677799657e-05,-5.50850189897009e-05
speaker,-6.933013497566917e-06,-1.126901311688474e-05,-1.567677891901629e-05,-5.3955815789465e-06,4.849045299734206e-07
speaking,-8.267534381846718e-06,-1.620368610732571e-05,2.4208694940974476e-05,-1.8435669289962392e-05,0.00011209281574915771
special,6.616944017603438e-05,-1.2698014710987107e-05,-4.0716741575551544e-05,-4.22845052371071e-05,1.0247623035927098e-05
specialty,-1.3516313335301455e-05,-2.347122170676966e-05,-2.5632080018989662e-05,-2.1613277643645184e-05,4.8063152938380925e-08
species,-4.115492097238796e-06,-7.376959731791849e-06,-9.643738266163823e-06,-1.1965423326096818e-05,4.357407002055537e-06
specifically,-1.0310919426322938e-05,-2.2826063759448474e-05,0.00010879576173084651,1.4648052819501154e-05,-3.167533546792437e-05
speck,-8.267534381846718e-06,-1.620368610732571e-05,2.4208694940974476e-05,-1.8435669289962392e-05,0.00011209281574915771
spectacular,-2.0577460486196652e-05,-3.688479865896407e-05,-4.821869133082546e-05,-5.9827116630491785e-05,2.178703501028033e-05
specter,-3.292393677791439e-05,-5.9015677854342044e-05,-7.714990612932011e-05,-9.572338660878625e-05,3.48592560164485e-05
specters,-4.115492097238796e-06,-7.376959731791849e-06,-9.643738266163823e-06,-1.1965423326096818e-05,4.357407002055537e-06
spector,-3.7039428875154576e-05,-6.639263758613634e-05,-8.679364439548708e-05,-0.00010768880993488681,3.9216663018505114e-05
speech,-1.1556813458849816e-05,-2.0095808631590405e-05,-3.016298110890071e-05,-3.293816828542728e-05,-4.993397980879034e-05
speed,-1.408040054216001e-05,-2.4223074410674008e-05,-3.95338002282292e-05,7.423274140270704e-05,4.041288537170401e-06
speeder,-6.148609829199116e-06,-1.0383340289635737e-05,-1.2227400575356544e-05,-9.699178155078256e-06,1.1494490171502262e-06
spell,-2.1357700214156936e-05,-0.0002798746423619304,0.0009698133549640606,0.0003908469958824629,0.0002747009529649792
spells,-2.679324914422489e-05,-5.2938293974699164e-05,7.907220596769433e-05,0.00018341711257501892,-3.0310247213205103e-05
spend,0.0001467125049371583,1.761903280208841e-05,6.261116669350625e-05,2.365855441722943e-06,-1.840210480455788e-05
spending,0.00019194945624985955,3.681962524659293e-05,-1.3855301213274445e-05,0.00011249929251550373,3.768212141955672e-06
spends,-4.115492097238796e-06,-7.376959731791849e-06,-9.643738266163823e-06,-1.1965423326096818e-05,4.357407002055537e-06
spent,-2.234476575204551e-05,-4.186676595387946e-05,6.516135321358746e-06,-4.993597287549312e-05,-7.335537500579487e-05
spicy,-8.267534381846718e-06,-1.620368610732571e-05,2.4208694940974476e-05,-1.8435669289962392e-05,0.00011209281574915771
spies,-6.933013497566917e-06,-1.126901311688474e-05,-1.567677891901629e-05,-5.3955815789465e-06,4.849045299734206e-07
spin,-1.254082305337505e-05,-2.3734392055529673e-05,-7.534084129734534e-07,-4.25532830222995e-05,3.236016542219975e-05
spinning,-7.928414555517577e-06,-1.3576932814117509e-05,-1.7396337793241638e-05,-1.529887540016259e-05,7.386564149086249e-07
spins,-6.933013497566917e-06,-1.126901311688474e-05,-1.567677891901629e-05,-5.3955815789465e-06,4.849045299734206e-07
spirit,-8.023441425256628e-05,-9.7251401722709e-06,4.1892928403437954e-05,-0.00012523574686026657,0.00035933516315538494
spirits,-2.9154107345471795e-05,-5.4408025098545704e-05,1.3499990828201145e-05,-7.050881649684393e-05,6.264658452137631e-05
spit,-8.740419975390173e-06,-1.5985066980022623e-05,-2.5230472845474032e-05,-3.9275398979919814e-05,-6.820572682755698e-05
spite,-1.3186499090776593e-05,-2.3156068464781604e-05,-3.422927391506315e-05,-3.6739207667455784e-05,-6.196220823561262e-05
spiteful,-6.758156667650127e-06,-1.173561085338378e-05,-1.2816040009493688e-05,-1.0806638821821616e-05,2.4031576469201507e-08
splendid,9.025996148833534e-05,-8.59003727982265e-08,-3.555586452568062e-05,3.861457012857274e-05,-2.9321192821145955e-05
split,-7.928414555517577e-06,-1.3576932814117509e-05,-1.7396337793241638e-05,-1.529887540016259e-05,7.386564149086249e-07
spoil,-9.087054360649962e-05,0.00026936276190924494,2.3540349416308355e-05,5.8534753981287895e-06,-8.025388520741435e-07
spoiled,-1.6352586967031348e-05,-3.1250027183757484e-05,2.6423500728439487e-05,-3.483083407017396e-05,0.00016323044792315256
spoke,-1.213644154962799e-05,-2.448696951672978e-05,7.120472599869694e-05,3.6490550348550413e-06,-2.2508276567880185e-05
spokesman,-4.115492097238796e-06,-7.376959731791849e-06,-9.643738266163823e-06,-1.1965423326096818e-05,4.357407002055537e-06
sponge,-2.3785243666552766e-05,-4.073079844235258e-05,-5.2189013379724986e-05,-4.5896626200487794e-05,2.2159692447259397e-06
sponsor,-6.933013497566917e-06,-1.126901311688474e-05,-1.567677891901629e-05,-5.3955815789465e-06,4.849045299734206e-07
spore,-7.701796971080249e-06,-1.3302071444386432e-05,-2.118298283289607e-05,-1.3966243667950595e-05,-3.9096045353798374e-05
spores,-6.16143757686521e-05,-0.00010641657155510891,-0.00016946386266319642,-0.0001117299493436231,-0.0003127683628304385
sport,-6.148609829199116e-06,-1.0383340289635737e-05,-1.2227400575356544e-05,-9.699178155078256e-06,1.1494490171502262e-06
sports,-1.2297219658398232e-05,-2.0766680579271475e-05,-2.445480115071309e-05,-1.9398356310156513e-05,2.2988980343004523e-06
spot,0.0001930989963178339,3.929006856813602e-05,-3.921452398450471e-06,-6.829552660342466e-06,-2.9262089925549715e-05
spots,-9.087054360649962e-05,0.00026936276190924494,2.3540349416308355e-05,5.8534753981287895e-06,-8.025388520741435e-07
spotter,-9.260811473136898e-06,-1.6652504432408217e-05,-3.465533999120868e-05,0.00014786839378884208,5.6998877024992504e-06
spread,-1.0605199058755076e-05,-1.914103278324454e-05,-2.7880785097142795e-05,-3.660346912391205e-05,-5.2364456089533554e-05
spreading,-1.5403593942161947e-05,-2.6604142888775358e-05,-4.236596566579612e-05,-2.7932487335903822e-05,-7.81920907076041e-05
spring,-4.863784738831504e-05,-8.736048964864784e-05,-0.00013421938080525862,-9.346238119215776e-05,-0.0002187466586931968
springloaded,-7.928414555517577e-06,-1.3576932814117509e-05,-1.7396337793241638e-05,-1.529887540016259e-05,7.386564149086249e-07
springs,-6.148609829199116e-06,-1.0383340289635737e-05,-1.2227400575356544e-05,-9.699178155078256e-06,1.1494490171502262e-06
springtime,-8.230984194477592e-06,-1.4753919463583698e-05,-1.9287476532327646e-05,-2.3930846652193635e-05,8.714814004111074e-06
sprinkled,-4.115492097238796e-06,-7.376959731791849e-06,-9.643738266163823e-06,-1.1965423326096818e-05,4.357407002055537e-06
sprouting,-8.740419975390173e-06,-1.5985066980022623e-05,-2.5230472845474032e-05,-3.9275398979919814e-05,-6.820572682755698e-05
spy,-1.705258509770031e-05,-2.8897156008847067e-05,-4.8671691506075344e-05,0.00010107395974153515,4.917904008950392e-06
squadron,-9.260811473136898e-06,-1.6652504432408217e-05,-3.465533999120868e-05,0.00014786839378884208,5.6998877024992504e-06
squadrons,-9.260811473136898e-06,-1.6652504432408217e-05,-3.465533999120868e-05,0.00014786839378884208,5.6998877024992504e-06
squads,-4.115492097238796e-06,-7.376959731791849e-06,-9.643738266163823e-06,-1.1965423326096818e-05,4.357407002055537e-06
square,-1.191514018182793e-05,-2.0889767099754912e-05,-2.7048827549566948e-05,-2.8926053795665975e-05,6.970520808976466e-06
squashed,-2.4802603145541846e-05,-4.861105832198044e-05,7.262608482292834e-05,-5.530700786989098e-05,0.00033627844724749606
squeezed,-4.115492097238796e-06,-7.376959731791849e-06,-9.643738266163823e-06,-1.1965423326096818e-05,4.357407002055537e-06
squire,-1.7480839950781815e-05,-3.197013396004792e-05,-5.046094569095228e-05,-7.85507979598462e-05,-0.00013641145365512534
squirms,-1.1991314478700102e-05,-1.919711303963962e-05,-2.8112479443661385e-05,-3.0208678337733182e-05,7.956372495121113e-06
squirrels,-0.0003634821744259985,0.0010774510476369798,9.416139766523342e-05,2.3413901592515158e-05,-3.210155408296574e-06
squished,-1.1991314478700102e-05,-1.919711303963962e-05,-2.8112479443661385e-05,-3.0208678337733182e-05,7.956372495121113e-06
sshe,-5.642427208804352e-06,-9.974139249283243e-06,-1.2581648285484126e-05,-1.036648891901398e-05,-2.8113248700661777e-06
ssir,-5.642427208804352e-06,-9.974139249283243e-06,-1.2581648285484126e-05,-1.036648891901398e-05,-2.8113248700661777e-06
st,-7.701796971080249e-06,-1.3302071444386432e-05,-2.118298283289607e-05,-1.3966243667950595e-05,-3.9096045353798374e-05
staff,-2.52105745437733e-05,-4.482249308535027e-05,-4.0957188362434755e-05,-5.0354395133574216e-05,-2.3309864434950538e-05
stage,-1.4215740760374927e-05,-2.462742612615482e-05,-3.289172490866506e-05,-3.0446565944905563e-05,9.996352817632381e-06
staged,-1.2346476291717726e-05,-2.213087919537796e-05,-2.8931214798494673e-05,-3.589626997829423e-05,1.3072221006167883e-05
staging,-4.115492097238796e-06,-7.376959731791849e-06,-9.643738266163823e-06,-1.1965423326096818e-05,4.357407002055537e-06
stairs,-0.00012294717686789938,0.0002783537788285326,0.000168622777302154,1.3172817136253586e-05,2.7514393286655278e-05
stalk,-3.496167990156509e-05,-6.394026792009854e-05,-0.00010092189138190876,-0.000157101595919699,-0.00027282290731026206
stalling,-4.115492097238796e-06,-7.376959731791849e-06,-9.643738266163823e-06,-1.1965423326096818e-05,4.357407002055537e-06
stallion,-6.933013497566917e-06,-1.126901311688474e-05,-1.567677891901629e-05,-5.3955815789465e-06,4.849045299734206e-07
stamina,-4.115492097238796e-06,-7.376959731791849e-06,-9.643738266163823e-06,-1.1965423326096818e-05,4.357407002055537e-06
stampede,-1.5403593942161947e-05,-2.6604142888775358e-05,-4.236596566579612e-05,-2.7932487335903822e-05,-7.81920907076041e-05
stand,-2.57793345326729e-05,-5.026695744375678e-05,8.296462529115226e-05,-7.010875510202268e-07,-3.211120747814348e-05
standard,-7.928414555517577e-06,-1.3576932814117509e-05,-1.7396337793241638e-05,-1.529887540016259e-05,7.386564149086249e-07
standing,-2.4824385719683066e-05,-4.784988239153722e-05,4.8461268825107176e-05,1.999522867237789e-05,6.47292681501217e-06
stands,-1.8746237101494925e-05,-3.300369366851918e-05,-5.096999949295484e-05,-5.715261020379404e-05,-0.0001021624974543959
star,-2.2645902649218457e-05,-4.253576129249107e-05,5.391533010087734e-05,-1.2664671515008207e-05,-2.1193295883785533e-05
starboard,-1.2507387223325423e-05,-2.208702045051797e-05,-4.117241329709614e-05,9.873281265115046e-05,-2.4624672372158777e-05
stare,-1.1763207559123718e-05,-2.4185244939362412e-05,7.094352128492269e-05,3.1570131327925783e-06,-2.5428755035231624e-05
staring,-1.2585891194376948e-05,-2.5484066845665767e-05,7.077069243823955e-05,2.832468397303005e-06,-2.3338103641043575e-05
starlight,-1.0310919426322938e-05,-2.2826063759448474e-05,0.00010879576173084651,1.4648052819501154e-05,-3.167533546792437e-05
stars,-1.9118061330933112e-05,-3.312299983355025e-05,-4.365603079323593e-05,-4.014058975503234e-05,-1.0911603696298056e-05
start,-0.0,0.0,0.0,0.0,0.0
started,2.8129958378787227e-05,-1.9534690413787413e-05,-6.0328616816048905e-06,-2.672749352185325e-05,9.2468182323374e-06
starting,0.00013042882759196748,0.00010606285943049106,-1.1894744181646834e-05,-1.921018585749458e-05,-1.1215786687520198e-05
startled,-7.928414555517577e-06,-1.3576932814117509e-05,-1.7396337793241638e-05,-1.529887540016259e-05,7.386564149086249e-07
starts,-1.3375481622820001e-05,-2.181116101615241e-05,-2.974462928856767e-05,-2.9426076540644546e-05,6.714181725941923e-06
starvation,-5.642427208804352e-06,-9.974139249283243e-06,-1.2581648285484126e-05,-1.036648891901398e-05,-2.8113248700661777e-06
starved,-1.0637321244643162e-05,-2.2270213414548852e-05,7.310979060368658e-05,1.978038104284252e-06,-2.0142887256128975e-05
starving,-2.9810885951765337e-05,-5.68839240370363e-05,2.1567493904898685e-05,2.034249062930691e-05,0.00022523363627064465
state,-1.2609986685188005e-05,-2.165279518400656e-05,-2.9838996772236742e-05,-2.223547787733036e-05,-1.4172624717521175e-05
station,-4.4731693484672013e-05,-7.784142914168634e-05,-2.714488245437471e-05,-0.00010304284891898618,0.00021108417883658855
stations,-4.115492097238796e-06,-7.376959731791849e-06,-9.643738266163823e-06,-1.1965423326096818e-05,4.357407002055537e-06
statue,-4.115492097238796e-06,-7.376959731791849e-06,-9.643738266163823e-06,-1.1965423326096818e-05,4.357407002055537e-06
statues,-4.115492097238796e-06,-7.376959731791849e-06,-9.643738266163823e-06,-1.1965423326096818e-05,4.357407002055537e-06
status,-2.3982628957401547e-05,-3.83942260792814e-05,-5.6224958887326e-05,-6.0417356675469624e-05,1.591274499024311e-05
stay,-0.0,0.0,0.0,0.0,0.0
stayed,-1.5861212036108343e-05,-3.0121375376128634e-05,2.5066935811084938e-05,-1.5198306001418094e-05,-3.419585219253453e-05
staying,-2.0759571399959587e-05,-3.62797557158372e-05,-3.609075825254448e-05,1.5018176680644506e-05,4.082284305863906e-05
stays,-1.2714821959218454e-05,-2.5140020787708286e-05,6.866132527316477e-05,6.822313971277324e-06,-2.2998278754488387e-05
steadily,-7.701796971080249e-06,-1.3302071444386432e-05,-2.118298283289607e-05,-1.3966243667950595e-05,-3.9096045353798374e-05
steady,-9.863023657099817e-06,-1.771813657427938e-05,-3.2663945950495874e-05,0.0001002081184605237,7.415750926671262e-06
steal,-1.6967155035620916e-05,-3.1494706777626456e-05,1.8170888159608044e-05,-3.261545243960085e-05,3.619095989588271e-05
stealing,-2.9490788381793758e-05,-5.202009282411825e-05,-3.3890856956748255e-05,6.970237189613658e-06,0.00012288606005340523
steals,-8.267534381846718e-06,-1.620368610732571e-05,2.4208694940974476e-05,-1.8435669289962392e-05,0.00011209281574915771
steam,-9.863023657099817e-06,-1.771813657427938e-05,-3.2663945950495874e-05,0.0001002081184605237,7.415750926671262e-06
steamer,-7.928414555517577e-06,-1.3576932814117509e-05,-1.7396337793241638e-05,-1.529887540016259e-05,7.386564149086249e-07
steel,-1.6927281626414306e-05,-2.9922417747851945e-05,-3.7744944856455185e-05,-3.109946675704424e-05,-8.43397461019917e-06
steely,-8.267534381846718e-06,-1.620368610732571e-05,2.4208694940974476e-05,-1.8435669289962392e-05,0.00011209281574915771
steer,0.00013846650583222052,5.853929426363913e-06,-4.806248001982827e-05,6.46013347932876e-05,-6.54792594338537e-05
steering,-6.933013497566917e-06,-1.126901311688474e-05,-1.567677891901629e-05,-5.3955815789465e-06,4.849045299734206e-07
step,-3.564989772005512e-05,-6.683737339121775e-05,5.925051930193148e-05,-5.5324762368936644e-05,0.00024345207989411415
stepbystep,-6.148609829199116e-06,-1.0383340289635737e-05,-1.2227400575356544e-05,-9.699178155078256e-06,1.1494490171502262e-06
steps,-4.115492097238796e-06,-7.376959731791849e-06,-9.643738266163823e-06,-1.1965423326096818e-05,4.357407002055537e-06
stew,-4.370209987695672e-05,-7.992533490012385e-05,-0.00012615236422738697,-0.0001963769948996254,-0.00034102863413783046
stick,-1.0637321244643162e-05,-2.2270213414548852e-05,7.310979060368658e-05,1.978038104284252e-06,-2.0142887256128975e-05
sticking,-8.267534381846718e-06,-1.620368610732571e-05,2.4208694940974476e-05,-1.8435669289962392e-05,0.00011209281574915771
stiff,-1.261957506442212e-05,-2.135303280692677e-05,-2.6785975094969303e-05,-1.838751521855703e-05,7.282326499964727e-07
still,-0.0,0.0,0.0,0.0,0.0
stingy,-1.1208131046575647e-05,-2.025700754675581e-05,6.2910122458119775e-06,-1.757198390883542e-05,8.300923439226713e-05
stink,-3.559241232878081e-05,-6.804818948815264e-05,7.769218212930037e-05,-7.194618120025819e-05,0.0004136159936388276
stinking,-2.02856483504728e-05,-3.7138373910693805e-05,4.4229567307265165e-06,-3.677369163618898e-05,0.00012786051533473966
stinks,-1.351672586497737e-05,-2.4849770935015125e-05,-7.733682423984179e-06,-3.934805759960409e-05,2.62882926985277e-05
stirred,-9.260811473136898e-06,-1.6652504432408217e-05,-3.465533999120868e-05,0.00014786839378884208,5.6998877024992504e-06
stoke,-8.267534381846718e-06,-1.620368610732571e-05,2.4208694940974476e-05,-1.8435669289962392e-05,0.00011209281574915771
stoker,-9.260811473136898e-06,-1.6652504432408217e-05,-3.465533999120868e-05,0.00014786839378884208,5.6998877024992504e-06
stoking,-9.260811473136898e-06,-1.6652504432408217e-05,-3.465533999120868e-05,0.00014786839378884208,5.6998877024992504e-06
stole,-2.1322770973102925e-05,-4.128279114429479e-05,4.6440062518077964e-05,-4.9603358421539734e-05,0.0002511680055139068
stolen,-1.869118703078499e-05,-3.7399231913661695e-05,7.214572313283784e-05,5.3214802698699395e-05,2.184357623679266e-05
stomach,-2.0718162624220423e-05,-3.3749405139694116e-05,-4.856831447262035e-05,-5.3371476489455884e-05,1.4946205996388249e-05
stomachache,-6.148609829199116e-06,-1.0383340289635737e-05,-1.2227400575356544e-05,-9.699178155078256e-06,1.1494490171502262e-06
stone,-0.00019091891521110915,-0.00034364215491600647,-0.0006583736396448311,0.002070261157464188,-0.00016221615517052592
stones,-5.316292251500824e-05,-9.756798228689253e-05,-0.0001176182013940509,0.0006269978748354095,0.00019052026870930203
stood,-9.47931274427452e-06,-1.722600125843098e-05,-2.5714515778378864e-05,-3.778244415242036e-05,-4.7078588310430935e-05
stop,-0.0,0.0,0.0,0.0,0.0
stopped,-2.2674789579159965e-05,-3.888127735807718e-05,-4.8603024753040826e-05,-1.5516471285220442e-05,-9.97196027632514e-06
stopping,-6.933013497566917e-06,-1.126901311688474e-05,-1.567677891901629e-05,-5.3955815789465e-06,4.849045299734206e-07
stops,-1.0095190687208893e-05,-1.696247018077402e-05,-2.1009193285040464e-05,-1.1946714745937499e-05,3.7526427472185993e-07
store,-8.017689972633592e-06,-1.4092662807614593e-05,-1.656072795451862e-05,-1.679099061293056e-05,3.2306557730812857e-06
stored,-9.260811473136898e-06,-1.6652504432408217e-05,-3.465533999120868e-05,0.00014786839378884208,5.6998877024992504e-06
stories,0.0001151637542746266,9.439703822157013e-06,-2.370005897003649e-05,-2.3998097250567055e-05,-1.240314308513815e-05
storm,0.00016162892435101186,0.00013323983233900322,-2.0321757263283327e-05,0.0001017955603171726,-2.292629826178315e-05
stormy,-1.8521622946275386e-05,-3.330500886481932e-05,-6.931067998242342e-05,0.0002957367875777097,1.1399775404999465e-05
story,-2.2085006623068213e-05,-3.777641690247314e-05,-5.659182987351012e-05,2.5062478061171563e-05,-2.192030551492582e-05
straight,-2.8088055720658145e-05,-5.1489189320928734e-05,-2.098952378628549e-05,-5.071232190566825e-06,8.040916883625179e-05
straighten,-1.3448781392121386e-05,-2.6841766449557246e-05,6.739340773772706e-05,-4.798843324577567e-07,-2.2811174684146348e-05
straightforwardly,-5.642427208804352e-06,-9.974139249283243e-06,-1.2581648285484126e-05,-1.036648891901398e-05,-2.8113248700661777e-06
strain,-5.642427208804352e-06,-9.974139249283243e-06,-1.2581648285484126e-05,-1.036648891901398e-05,-2.8113248700661777e-06
strained,-4.115492097238796e-06,-7.376959731791849e-06,-9.643738266163823e-06,-1.1965423326096818e-05,4.357407002055537e-06
stranded,-6.933013497566917e-06,-1.126901311688474e-05,-1.567677891901629e-05,-5.3955815789465e-06,4.849045299734206e-07
strange,-0.0,0.0,0.0,0.0,0.0
strangers,0.00014865981824603767,2.3325591034769362e-05,-1.8312340080523082e-05,8.300703041969537e-05,1.3420385062133974e-06
strapping,-2.0621838852645876e-05,-4.565212751889695e-05,0.00021759152346169302,2.929610563900231e-05,-6.335067093584874e-05
strawberries,-1.1991314478700102e-05,-1.919711303963962e-05,-2.8112479443661385e-05,-3.0208678337733182e-05,7.956372495121113e-06
stray,-1.1284854417608704e-05,-1.9948278498566486e-05,-2.5163296570968253e-05,-2.073297783802796e-05,-5.6226497401323554e-06
stream,-6.148609829199116e-06,-1.0383340289635737e-05,-1.2227400575356544e-05,-9.699178155078256e-06,1.1494490171502262e-06
streams,-4.115492097238796e-06,-7.376959731791849e-06,-9.643738266163823e-06,-1.1965423326096818e-05,4.357407002055537e-06
street,-2.577854000366415e-05,-4.4623990200722425e-05,-5.062685000042907e-05,-4.315375352954228e-05,6.15527427313992e-07
streets,-1.3479279715174599e-05,-2.3114850740343884e-05,-3.0563419482984595e-05,-2.6048250982719425e-05,5.801132182104789e-06
strength,-3.106800097316295e-05,-5.4775316542152465e-05,-6.354687181904632e-05,-1.1933872866043366e-05,1.3147418022497915e-05
strengthen,-6.758156667650127e-06,-1.173561085338378e-05,-1.2816040009493688e-05,-1.0806638821821616e-05,2.4031576469201507e-08
stress,-1.191514018182793e-05,-2.0889767099754912e-05,-2.7048827549566948e-05,-2.8926053795665975e-05,6.970520808976466e-06
stressed,-4.115492097238796e-06,-7.376959731791849e-06,-9.643738266163823e-06,-1.1965423326096818e-05,4.357407002055537e-06
stretch,-1.4705760427560483e-05,-2.609681084318631e-05,-4.385170559469243e-05,6.419138651281678e-05,-1.4406755396545709e-05
strictly,-1.0310919426322938e-05,-2.2826063759448474e-05,0.00010879576173084651,1.4648052819501154e-05,-3.167533546792437e-05
strike,-2.1169281277190067e-05,-3.606404784996995e-05,-4.317433289263987e-05,-3.742948454259206e-05,6.603123147985146e-06
string,-9.260811473136898e-06,-1.6652504432408217e-05,-3.465533999120868e-05,0.00014786839378884208,5.6998877024992504e-06
strip,-1.9365968792316963e-05,-4.1016053665662404e-05,0.00015116412678314506,1.39577616900515e-05,-4.878457837035852e-05
stripped,-4.115492097238796e-06,-7.376959731791849e-06,-9.643738266163823e-06,-1.1965423326096818e-05,4.357407002055537e-06
stroll,-1.0310919426322938e-05,-2.2826063759448474e-05,0.00010879576173084651,1.4648052819501154e-05,-3.167533546792437e-05
strong,8.914499980282655e-05,7.978926420788382e-07,-5.4137662475799726e-06,-8.8306208179973e-07,2.887543955884775e-06
strongly,-6.148609829199116e-06,-1.0383340289635737e-05,-1.2227400575356544e-05,-9.699178155078256e-06,1.1494490171502262e-06
struck,-4.115492097238796e-06,-7.376959731791849e-06,-9.643738266163823e-06,-1.1965423326096818e-05,4.357407002055537e-06
structure,-1.468782146531337e-05,-2.416595794897984e-05,-3.355594754953761e-05,-3.3555015907957256e-05,6.411283609675723e-06
structures,-7.928414555517577e-06,-1.3576932814117509e-05,-1.7396337793241638e-05,-1.529887540016259e-05,7.386564149086249e-07
struggle,-1.0842679674384886e-05,-1.8920761594744943e-05,-2.5474730756497947e-05,-2.1444528836780878e-05,-2.026327478956382e-05
struggled,-4.115492097238796e-06,-7.376959731791849e-06,-9.643738266163823e-06,-1.1965423326096818e-05,4.357407002055537e-06
strut,-3.964207277758784e-05,-6.788466407058753e-05,-8.698168896620818e-05,-7.649437700081295e-05,3.69328207454306e-06
stubborn,-1.213644154962799e-05,-2.448696951672978e-05,7.120472599869694e-05,3.6490550348550413e-06,-2.2508276567880185e-05
stuck,0.00029203431715535985,2.9839252271127348e-05,0.00019888196621773447,2.2212042420737564e-05,-5.572459170650558e-05
student,-1.213644154962799e-05,-2.448696951672978e-05,7.120472599869694e-05,3.6490550348550413e-06,-2.2508276567880185e-05
students,-2.3319420794726007e-05,-4.09456401909038e-05,-5.422416959227564e-05,-5.6914697303833474e-05,1.963516105462771e-05
studies,-8.740419975390173e-06,-1.5985066980022623e-05,-2.5230472845474032e-05,-3.9275398979919814e-05,-6.820572682755698e-05
study,-1.8402986261066273e-05,-3.414219819740993e-05,2.262289164464231e-05,-2.0877359023420528e-05,-9.457450968709549e-06
studying,-1.355240325447152e-05,-2.6234869756272798e-05,4.8887095528134395e-05,-3.419237485311816e-06,-1.7804247961392837e-05
stuff,0.00019885413339535478,3.1948945913064876e-05,-1.2758346611845429e-05,-1.883961449654697e-05,-2.1690591364546126e-07
stuffed,-3.379078333825543e-05,-5.867805426692726e-05,-6.408020004747756e-05,-5.4033194109115855e-05,1.2015788234592622e-07
stuffedcat,-6.758156667650127e-06,-1.173561085338378e-05,-1.2816040009493688e-05,-1.0806638821821616e-05,2.4031576469201507e-08
stunned,-4.115492097238796e-06,-7.376959731791849e-06,-9.643738266163823e-06,-1.1965423326096818e-05,4.357407002055537e-06
stunt,-8.230984194477592e-06,-1.4753919463583698e-05,-1.9287476532327646e-05,-2.3930846652193635e-05,8.714814004111074e-06
stupendous,-7.928414555517577e-06,-1.3576932814117509e-05,-1.7396337793241638e-05,-1.529887540016259e-05,7.386564149086249e-07
stupid,-2.405135945515755e-05,-4.409234419340728e-05,-5.97803959988596e-06,4.418297742332665e-05,4.746796505168092e-05
stupidity,-6.933013497566917e-06,-1.126901311688474e-05,-1.567677891901629e-05,-5.3955815789465e-06,4.849045299734206e-07
stutonton,-6.148609829199116e-06,-1.0383340289635737e-05,-1.2227400575356544e-05,-9.699178155078256e-06,1.1494490171502262e-06
style,-6.758156667650127e-06,-1.173561085338378e-05,-1.2816040009493688e-05,-1.0806638821821616e-05,2.4031576469201507e-08
subject,-8.230984194477592e-06,-1.4753919463583698e-05,-1.9287476532327646e-05,-2.3930846652193635e-05,8.714814004111074e-06
submit,-7.928414555517577e-06,-1.3576932814117509e-05,-1.7396337793241638e-05,-1.529887540016259e-05,7.386564149086249e-07
subside,-5.642427208804352e-06,-9.974139249283243e-06,-1.2581648285484126e-05,-1.036648891901398e-05,-2.8113248700661777e-06
substantial,-4.115492097238796e-06,-7.376959731791849e-06,-9.643738266163823e-06,-1.1965423326096818e-05,4.357407002055537e-06
substitute,-9.839369903605993e-06,-1.716272477754985e-05,-2.4896366454435814e-05,-1.7941751686814237e-05,-3.0900418919936764e-05
suburb,-8.230984194477592e-06,-1.4753919463583698e-05,-1.9287476532327646e-05,-2.3930846652193635e-05,8.714814004111074e-06
suburbs,-4.115492097238796e-06,-7.376959731791849e-06,-9.643738266163823e-06,-1.1965423326096818e-05,4.357407002055537e-06
succeed,-4.115492097238796e-06,-7.376959731791849e-06,-9.643738266163823e-06,-1.1965423326096818e-05,4.357407002055537e-06
succeeded,-6.933013497566917e-06,-1.126901311688474e-05,-1.567677891901629e-05,-5.3955815789465e-06,4.849045299734206e-07
success,0.00018360511983825847,2.1901333691376752e-05,-2.3856244629996588e-05,-4.0645088662871846e-05,1.5630077689273588e-05
successful,-1.2346476291717726e-05,-2.213087919537796e-05,-2.8931214798494673e-05,-3.589626997829423e-05,1.3072221006167883e-05
successfully,-4.115492097238796e-06,-7.376959731791849e-06,-9.643738266163823e-06,-1.1965423326096818e-05,4.357407002055537e-06
successor,-1.2897583668549712e-05,-2.3157541262528218e-05,-3.977476084503171e-05,9.138540800754905e-05,1.062868700566919e-05
such,-0.0,0.0,0.0,0.0,0.0
suck,-1.6535068763693436e-05,-3.240737221465142e-05,4.841738988194895e-05,-3.6871338579924785e-05,0.00022418563149831543
sucked,-1.0988909971580377e-05,-1.963316809909294e-05,-3.48302152692598e-05,0.00010138709348903198,2.1298831475686264e-06
suckers,-4.115492097238796e-06,-7.376959731791849e-06,-9.643738266163823e-06,-1.1965423326096818e-05,4.357407002055537e-06
sudden,-2.1454766938672517e-05,-3.7302409272930037e-05,-4.539933457234861e-05,-3.9912026756760666e-05,5.1352650040740335e-06
suddenly,-3.874443931683482e-05,2.224982434851255e-05,-1.3438771363399242e-05,-3.7828396466202314e-05,-5.7706749163378346e-05
suffer,-1.4189940367257578e-05,-2.5214297191251713e-05,-3.766301141811202e-05,4.878236545044252e-05,5.519541586282483e-06
suffered,-8.713483589125439e-06,-1.5247693252736297e-05,-2.2730097135671893e-05,-1.9120726715322566e-05,-2.5614551140834125e-05
suffering,-1.1355452663310836e-05,-2.0148277114373645e-05,-2.5664983321135282e-05,-2.4110181301907347e-05,-9.329273212114288e-07
suffocating,-1.1991314478700102e-05,-1.919711303963962e-05,-2.8112479443661385e-05,-3.0208678337733182e-05,7.956372495121113e-06
suggest,-1.5286554039209847e-05,-2.5941596795904742e-05,-3.93324506728853e-05,-5.123411671768627e-05,-4.442488943073377e-05
suggested,-4.115492097238796e-06,-7.376959731791849e-06,-9.643738266163823e-06,-1.1965423326096818e-05,4.357407002055537e-06
sui,-2.3982628957401547e-05,-3.83942260792814e-05,-5.6224958887326e-05,-6.0417356675469624e-05,1.591274499024311e-05
suit,-2.0910020587440686e-05,-4.127512156438672e-05,7.697212577076724e-05,-1.7129491706293027e-05,-6.20878956571982e-05
suitable,-8.740419975390173e-06,-1.5985066980022623e-05,-2.5230472845474032e-05,-3.9275398979919814e-05,-6.820572682755698e-05
suitcase,-1.5856829111035153e-05,-2.7153865628235018e-05,-3.4792675586483276e-05,-3.059775080032518e-05,1.4773128298172499e-06
suited,-1.0637321244643162e-05,-2.2270213414548852e-05,7.310979060368658e-05,1.978038104284252e-06,-2.0142887256128975e-05
suits,-8.740419975390173e-06,-1.5985066980022623e-05,-2.5230472845474032e-05,-3.9275398979919814e-05,-6.820572682755698e-05
sulfur,-8.267534381846718e-06,-1.620368610732571e-05,2.4208694940974476e-05,-1.8435669289962392e-05,0.00011209281574915771
suliman,-0.00023715114680544175,-0.0005249994664673461,0.00250230251980962,0.0003369052148485464,-0.0007285327157623045
sum,-4.115492097238796e-06,-7.376959731791849e-06,-9.643738266163823e-06,-1.1965423326096818e-05,4.357407002055537e-06
sumimasen,-1.1991314478700102e-05,-1.919711303963962e-05,-2.8112479443661385e-05,-3.0208678337733182e-05,7.956372495121113e-06
summer,-5.204798712087962e-05,2.1087373597841696e-05,-6.179404648225569e-05,-7.939001682175763e-05,-8.635474117673936e-05
summon,-1.0310919426322938e-05,-2.2826063759448474e-05,0.00010879576173084651,1.4648052819501154e-05,-3.167533546792437e-05
summoned,-2.764655882982206e-05,-5.502915529908809e-05,7.732716557374414e-05,5.756183683130691e-05,-0.0001132761335251318
summons,-1.0605199058755076e-05,-1.914103278324454e-05,-2.7880785097142795e-05,-3.660346912391205e-05,-5.2364456089533554e-05
sun,-5.2673121138367785e-05,1.936562213028245e-05,-7.665545506053734e-05,4.8429928939224384e-05,-8.510752002220665e-05
sunday,-6.148609829199116e-06,-1.0383340289635737e-05,-1.2227400575356544e-05,-9.699178155078256e-06,1.1494490171502262e-06
sunk,-2.3982628957401547e-05,-3.83942260792814e-05,-5.6224958887326e-05,-6.0417356675469624e-05,1.591274499024311e-05
sunlight,-7.116388390559781e-05,0.00019126032152436096,8.080403374200045e-06,-3.32767261800826e-06,-2.6646840958322053e-06
sunny,-1.2297219658398232e-05,-2.0766680579271475e-05,-2.445480115071309e-05,-1.9398356310156513e-05,2.2988980343004523e-06
sunrise,-2.778243441941388e-05,-4.9957513297230413e-05,-0.00010396601997363806,0.00044360518136657727,1.7099663107499727e-05
sunset,-1.0829150120111823e-05,-1.866421584262299e-05,-2.2277110820478178e-05,-1.9248913049672594e-05,5.623683450639227e-07
superb,0.0001509098657920363,2.7983991089283528e-05,-5.519469372823496e-06,-7.388050699702634e-06,2.482461816376043e-06
superstitious,0.0001957433598840595,4.3658952444374584e-05,4.587014948149819e-06,-5.3542468509692495e-06,2.778333373280335e-06
supper,-2.8176059504860524e-05,-4.951478993627168e-05,-7.653985244057563e-05,-0.00010915358411658419,-0.00014500793820960292
supple,-8.740419975390173e-06,-1.5985066980022623e-05,-2.5230472845474032e-05,-3.9275398979919814e-05,-6.820572682755698e-05
supplement,-1.1991314478700102e-05,-1.919711303963962e-05,-2.8112479443661385e-05,-3.0208678337733182e-05,7.956372495121113e-06
supply,-4.115492097238796e-06,-7.376959731791849e-06,-9.643738266163823e-06,-1.1965423326096818e-05,4.357407002055537e-06
support,0.0001957433598840595,4.3658952444374584e-05,4.587014948149819e-06,-5.3542468509692495e-06,2.778333373280335e-06
suppose,-3.196985185103678e-05,-5.842293005710241e-05,-3.367842046836648e-05,0.0001930396609495687,-6.205022796403214e-05
supposed,4.4593058964521164e-05,2.805058886993805e-05,1.7066200695021202e-05,7.747120992107337e-06,9.203470419308064e-06
supposedly,-9.260811473136898e-06,-1.6652504432408217e-05,-3.465533999120868e-05,0.00014786839378884208,5.6998877024992504e-06
sure,4.496280110296686e-06,4.608384675962761e-05,2.659988219854509e-05,-1.9375380938049664e-06,1.573333506744295e-05
surely,-3.122824738193392e-05,-5.7907264417011174e-05,-2.3095924603620685e-05,0.00010409099430278812,-4.867484181864042e-05
surface,-1.8768988017326577e-05,-3.286667583347215e-05,-6.266554233698375e-05,0.00021408322324104046,8.763174275986116e-06
surprise,-1.2338323561155389e-05,-2.1523075696013413e-05,-2.5876414531605555e-05,-2.5938139863621032e-05,5.771899763435469e-06
surprised,-1.7026517646905022e-05,-2.944809590922597e-05,-4.671544410358092e-05,3.405045057857149e-05,-2.6105195241631044e-05
surprisingly,-7.568240327884655e-06,-1.3095565478678627e-05,-1.612669439406123e-05,-1.597440397537854e-05,4.060482846244693e-06
surrender,-2.0199648461736284e-05,-3.37715773546975e-05,-5.19673142713144e-05,-4.287041554293634e-05,-5.178833948096905e-05
surrendered,-1.1991314478700102e-05,-1.919711303963962e-05,-2.8112479443661385e-05,-3.0208678337733182e-05,7.956372495121113e-06
surrounded,-1.6331651719405805e-05,-2.792896079637533e-05,-4.122418810159463e-05,-2.5504965040439818e-05,-4.699948714867534e-05
suru,-9.087054360649962e-05,0.00026936276190924494,2.3540349416308355e-05,5.8534753981287895e-06,-8.025388520741435e-07
survive,-2.3493692709111823e-05,-4.190589586737147e-05,-5.410824289928169e-05,-5.940102311380997e-05,1.1918816994781887e-05
survived,0.00014593477108451115,1.5823789858972282e-05,5.2536908719192586e-05,9.760827698612466e-05,-1.5506182822039273e-05
surviving,-4.115492097238796e-06,-7.376959731791849e-06,-9.643738266163823e-06,-1.1965423326096818e-05,4.357407002055537e-06
suspect,-1.1687060743697576e-05,-2.0494886513892817e-05,-2.5739597659596555e-05,-2.5681219815903503e-05,4.116872898968156e-06
suspicious,-5.642427208804352e-06,-9.974139249283243e-06,-1.2581648285484126e-05,-1.036648891901398e-05,-2.8113248700661777e-06
sustain,-4.115492097238796e-06,-7.376959731791849e-06,-9.643738266163823e-06,-1.1965423326096818e-05,4.357407002055537e-06
susuatari,-0.0002726116308194988,0.000808088285727735,7.06210482489251e-05,1.7560426194386367e-05,-2.407616556222428e-06
sutemaru,-0.00021851049938478945,-0.00039962667450062976,-0.0006307618211369517,-0.0009818849744981533,-0.0017051431706891983
sutosutosutoton,-6.148609829199116e-06,-1.0383340289635737e-05,-1.2227400575356544e-05,-9.699178155078256e-06,1.1494490171502262e-06
suu,-1.8445829487598546e-05,-3.115002086890924e-05,-3.668220172607203e-05,-2.909753446523663e-05,3.4483470514509546e-06
suzuki,-6.148609829199116e-06,-1.0383340289635737e-05,-1.2227400575356544e-05,-9.699178155078256e-06,1.1494490171502262e-06
suzukisan,-6.148609829199116e-06,-1.0383340289635737e-05,-1.2227400575356544e-05,-9.699178155078256e-06,1.1494490171502262e-06
swallow,-2.958520851663926e-05,-5.4833460605353976e-05,-2.6074554614441962e-05,-9.922866215964148e-05,1.1853468504175459e-05
swallowed,-3.306030442972274e-05,-6.059027357004512e-05,2.1061882535207478e-05,-5.140865754219669e-05,2.092599762468221e-05
swallowing,-9.839369903605993e-06,-1.716272477754985e-05,-2.4896366454435814e-05,-1.7941751686814237e-05,-3.0900418919936764e-05
swallows,-1.1991314478700102e-05,-1.919711303963962e-05,-2.8112479443661385e-05,-3.0208678337733182e-05,7.956372495121113e-06
swamp,-2.4802603145541846e-05,-4.861105832198044e-05,7.262608482292834e-05,-5.530700786989098e-05,0.00033627844724749606
swan,-1.2297219658398232e-05,-2.0766680579271475e-05,-2.445480115071309e-05,-1.9398356310156513e-05,2.2988980343004523e-06
swankiest,-4.115492097238796e-06,-7.376959731791849e-06,-9.643738266163823e-06,-1.1965423326096818e-05,4.357407002055537e-06
swarm,-1.5403593942161947e-05,-2.6604142888775358e-05,-4.236596566579612e-05,-2.7932487335903822e-05,-7.81920907076041e-05
swarms,-8.713483589125439e-06,-1.5247693252736297e-05,-2.2730097135671893e-05,-1.9120726715322566e-05,-2.5614551140834125e-05
swaying,-8.017689972633592e-06,-1.4092662807614593e-05,-1.656072795451862e-05,-1.679099061293056e-05,3.2306557730812857e-06
swear,-8.230984194477592e-06,-1.4753919463583698e-05,-1.9287476532327646e-05,-2.3930846652193635e-05,8.714814004111074e-06
sweat,-2.622125992617345e-05,-4.7955200940073226e-05,-7.569141853643049e-05,-0.00011782619693977263,-0.00020461718048269366
sweeping,-1.0310919426322938e-05,-2.2826063759448474e-05,0.00010879576173084651,1.4648052819501154e-05,-3.167533546792437e-05
sweet,-5.8102934721145524e-05,6.762493755694167e-05,-4.427967584561752e-05,-5.164325689398936e-05,-2.405333665317346e-06
sweetheart,-1.3448781392121386e-05,-2.6841766449557246e-05,6.739340773772706e-05,-4.798843324577567e-07,-2.2811174684146348e-05
sweetie,-5.787274067293037e-05,-0.00011342580275128657,0.00016946086458683105,-0.00012904968502974425,0.0007846497102441497
sweetrice,-1.1991314478700102e-05,-1.919711303963962e-05,-2.8112479443661385e-05,-3.0208678337733182e-05,7.956372495121113e-06
sweets,-9.260811473136898e-06,-1.6652504432408217e-05,-3.465533999120868e-05,0.00014786839378884208,5.6998877024992504e-06
swift,-9.260811473136898e-06,-1.6652504432408217e-05,-3.465533999120868e-05,0.00014786839378884208,5.6998877024992504e-06
swiftly,-8.230984194477592e-06,-1.4753919463583698e-05,-1.9287476532327646e-05,-2.3930846652193635e-05,8.714814004111074e-06
swim,-3.048663124448715e-05,-5.036034358445263e-05,-7.286807252877856e-05,-7.170788863115267e-05,-2.192079895201972e-05
swimming,-6.148609829199116e-06,-1.0383340289635737e-05,-1.2227400575356544e-05,-9.699178155078256e-06,1.1494490171502262e-06
swine,-6.933013497566917e-06,-1.126901311688474e-05,-1.567677891901629e-05,-5.3955815789465e-06,4.849045299734206e-07
swing,-1.1991314478700102e-05,-1.919711303963962e-05,-2.8112479443661385e-05,-3.0208678337733182e-05,7.956372495121113e-06
swinging,-7.198656754085104e-05,0.00018996149961805767,7.907574527516967e-06,-3.652217353497821e-06,-5.740327016441796e-07
swiped,-8.267534381846718e-06,-1.620368610732571e-05,2.4208694940974476e-05,-1.8435669289962392e-05,0.00011209281574915771
swish,-1.7480839950781815e-05,-3.197013396004792e-05,-5.046094569095228e-05,-7.85507979598462e-05,-0.00013641145365512534
switch,-1.2297219658398232e-05,-2.0766680579271475e-05,-2.445480115071309e-05,-1.9398356310156513e-05,2.2988980343004523e-06
switched,-7.568240327884655e-06,-1.3095565478678627e-05,-1.612669439406123e-05,-1.597440397537854e-05,4.060482846244693e-06
switches,-6.758156667650127e-06,-1.173561085338378e-05,-1.2816040009493688e-05,-1.0806638821821616e-05,2.4031576469201507e-08
swollen,-4.115492097238796e-06,-7.376959731791849e-06,-9.643738266163823e-06,-1.1965423326096818e-05,4.357407002055537e-06
sword,-1.7426967178250878e-05,-3.0495386505472594e-05,-4.5460194271343785e-05,-3.824145343064513e-05,-5.122910228166825e-05
swordsman,-7.701796971080249e-06,-1.3302071444386432e-05,-2.118298283289607e-05,-1.3966243667950595e-05,-3.9096045353798374e-05
sworn,-1.0310919426322938e-05,-2.2826063759448474e-05,0.00010879576173084651,1.4648052819501154e-05,-3.167533546792437e-05
symbol,-8.740419975390173e-06,-1.5985066980022623e-05,-2.5230472845474032e-05,-3.9275398979919814e-05,-6.820572682755698e-05
sympathy,-7.701796971080249e-06,-1.3302071444386432e-05,-2.118298283289607e-05,-1.3966243667950595e-05,-3.9096045353798374e-05
system,-9.516810277618436e-06,-1.630941890979553e-05,-1.846579255950825e-05,-1.5119973682359797e-05,8.652664613300786e-07
t,-0.0011585054252403698,-0.0024252824466314176,0.008028443262555519,-0.0003466730405920556,0.0052647474501837065
ta,-4.1780444789392475e-05,-7.871460734168946e-05,8.932885747844602e-05,-7.99153048168076e-05,0.0003138493320427919
tab,-1.3866026995135076e-05,-2.253802623377149e-05,-3.135355783803537e-05,-1.0791163157893955e-05,9.698090599469093e-07
table,-2.0621838852645876e-05,-4.565212751889695e-05,0.00021759152346169302,2.929610563900231e-05,-6.335067093584874e-05
tabloids,-4.115492097238796e-06,-7.376959731791849e-06,-9.643738266163823e-06,-1.1965423326096818e-05,4.357407002055537e-06
tabo,-1.2297219658398232e-05,-2.0766680579271475e-05,-2.445480115071309e-05,-1.9398356310156513e-05,2.2988980343004523e-06
tackiest,-1.0310919426322938e-05,-2.2826063759448474e-05,0.00010879576173084651,1.4648052819501154e-05,-3.167533546792437e-05
tacky,-3.650711525332342e-05,-7.927103039054753e-05,0.00033873271446375916,2.960944490618185e-05,-1.077160352887905e-05
tactics,-4.115492097238796e-06,-7.376959731791849e-06,-9.643738266163823e-06,-1.1965423326096818e-05,4.357407002055537e-06
tadpoles,-9.087054360649962e-05,0.00026936276190924494,2.3540349416308355e-05,5.8534753981287895e-06,-8.025388520741435e-07
taeko,-0.00023364717350958045,-0.0003945669310061818,-0.0004646412218635768,-0.00036856876989299603,4.367906265171143e-05
taekochan,-9.222914743799266e-05,-0.00015575010434454602,-0.00018341100863035988,-0.0001454876723261831,1.724173525725454e-05
taekosan,-3.689165897519709e-05,-6.230004173781848e-05,-7.336440345214406e-05,-5.819506893047326e-05,6.896694102901909e-06
tag,-1.2674483804578025e-05,-2.228968960928776e-05,-3.8380328816455416e-05,9.775019602378166e-05,4.747463498653897e-06
tail,-2.2577564703354367e-05,-3.917466810650009e-05,-3.0371487584941485e-05,-3.807949376407949e-05,6.0652157753174694e-05
tainted,-5.642427208804352e-06,-9.974139249283243e-06,-1.2581648285484126e-05,-1.036648891901398e-05,-2.8113248700661777e-06
takarazuka,-1.8445829487598546e-05,-3.115002086890924e-05,-3.668220172607203e-05,-2.909753446523663e-05,3.4483470514509546e-06
take,-0.0,0.0,0.0,0.0,0.0
taken,-2.3731513158127316e-05,-4.379338658252878e-05,-7.532549151201174e-06,-4.8929827939694226e-05,-9.436610425517407e-05
takes,4.3989476600147824e-05,-8.865554086238026e-06,-1.6511925795420013e-05,-2.6042026467347352e-05,2.4872641803534517e-05
taking,-4.536424301882157e-06,1.6730885365178145e-05,-3.870782087751446e-06,1.271661599178251e-06,-2.7246154345702277e-06
tale,-1.3644363619705008e-05,-2.367304484848093e-05,-3.6242711707496e-05,-3.4227153863416456e-05,-6.235010972159867e-05
talent,-1.213644154962799e-05,-2.448696951672978e-05,7.120472599869694e-05,3.6490550348550413e-06,-2.2508276567880185e-05
talented,-1.3671881256093066e-05,-2.7709618102797706e-05,6.599897570915078e-05,-6.844672348690393e-06,-1.6929951177131016e-05
talents,-6.758156667650127e-06,-1.173561085338378e-05,-1.2816040009493688e-05,-1.0806638821821616e-05,2.4031576469201507e-08
tales,-1.2346476291717726e-05,-2.213087919537796e-05,-2.8931214798494673e-05,-3.589626997829423e-05,1.3072221006167883e-05
talk,1.782861966880467e-05,-3.357199351733361e-06,1.253307180945964e-06,5.767705895420725e-06,8.983467852558939e-06
talked,-1.417942135889471e-05,-2.3621533642267846e-05,-2.959103922410855e-05,-1.8281821630789372e-05,2.052638115132041e-06
talking,1.237348551530085e-05,2.4455643222787715e-05,-7.717920495233092e-06,-1.9429903649518398e-06,-5.245982749664331e-06
talks,-6.148609829199116e-06,-1.0383340289635737e-05,-1.2227400575356544e-05,-9.699178155078256e-06,1.1494490171502262e-06
tall,-1.5856829111035153e-05,-2.7153865628235018e-05,-3.4792675586483276e-05,-3.059775080032518e-05,1.4773128298172499e-06
taller,-6.148609829199116e-06,-1.0383340289635737e-05,-1.2227400575356544e-05,-9.699178155078256e-06,1.1494490171502262e-06
tama,-0.00020989009695921102,-0.0003762249463214425,-0.0004918306515744313,-0.0006102365896310307,0.0002222277571048653
tamasaburô,-5.761688936135121e-05,-0.00010327743624510042,-0.00013501233572631253,-0.00016751592656537878,6.1003698028785765e-05
tame,-6.933013497566917e-06,-1.126901311688474e-05,-1.567677891901629e-05,-5.3955815789465e-06,4.849045299734206e-07
tani,-2.459443931679762e-05,-4.153336115854492e-05,-4.890960230142851e-05,-3.879671262031485e-05,4.59779606860112e-06
tanisan,-1.2297219658398232e-05,-2.0766680579271475e-05,-2.445480115071309e-05,-1.9398356310156513e-05,2.2988980343004523e-06
tank,0.00011249995424131831,4.630216105563944e-06,-3.728916436805622e-05,5.1904267884142335e-05,-3.434126939022868e-05
tanks,-2.8728811050885516e-05,-4.9446781139981414e-05,-7.251224224440565e-05,-5.3455314566482064e-05,-8.539316435754232e-05
tantrum,-1.0310919426322938e-05,-2.2826063759448474e-05,0.00010879576173084651,1.4648052819501154e-05,-3.167533546792437e-05
tantrums,-8.740419975390173e-06,-1.5985066980022623e-05,-2.5230472845474032e-05,-3.9275398979919814e-05,-6.820572682755698e-05
tapestry,-7.701796971080249e-06,-1.3302071444386432e-05,-2.118298283289607e-05,-1.3966243667950595e-05,-3.9096045353798374e-05
target,-6.933013497566917e-06,-1.126901311688474e-05,-1.567677891901629e-05,-5.3955815789465e-06,4.849045299734206e-07
task,-8.740419975390173e-06,-1.5985066980022623e-05,-2.5230472845474032e-05,-3.9275398979919814e-05,-6.820572682755698e-05
tasks,-8.740419975390173e-06,-1.5985066980022623e-05,-2.5230472845474032e-05,-3.9275398979919814e-05,-6.820572682755698e-05
taste,-1.7180200428914634e-05,-3.0122997249170514e-05,-2.106449482884286e-05,-4.1081301070937585e-05,4.256546252239025e-05
tasted,0.0005391680872013928,0.00013317508963693234,3.172936181243667e-05,9.407910530525515e-06,-1.1788226260618168e-06
tasteless,-6.148609829199116e-06,-1.0383340289635737e-05,-1.2227400575356544e-05,-9.699178155078256e-06,1.1494490171502262e-06
tastes,-5.642427208804352e-06,-9.974139249283243e-06,-1.2581648285484126e-05,-1.036648891901398e-05,-2.8113248700661777e-06
tasting,-7.701796971080249e-06,-1.3302071444386432e-05,-2.118298283289607e-05,-1.3966243667950595e-05,-3.9096045353798374e-05
tasty,-1.3375481622820001e-05,-2.181116101615241e-05,-2.974462928856767e-05,-2.9426076540644546e-05,6.714181725941923e-06
tatara,-0.00011284854417609702,-0.0001994827849856826,-0.00025163296570970486,-0.0002073297783802982,-5.622649740132851e-05
tatarigami,-9.027883534087726e-05,-0.00015958622798854533,-0.000201306372567763,-0.00016586382270423753,-4.498119792106239e-05
tattchan,-1.1991314478700102e-05,-1.919711303963962e-05,-2.8112479443661385e-05,-3.0208678337733182e-05,7.956372495121113e-06
tattered,-9.260811473136898e-06,-1.6652504432408217e-05,-3.465533999120868e-05,0.00014786839378884208,5.6998877024992504e-06
taught,-1.6068701022246738e-05,-2.8392946595216733e-05,-4.548310596668136e-05,9.866772432253345e-05,5.508612690555139e-06
taxi,-4.115492097238796e-06,-7.376959731791849e-06,-9.643738266163823e-06,-1.1965423326096818e-05,4.357407002055537e-06
taxing,-4.115492097238796e-06,-7.376959731791849e-06,-9.643738266163823e-06,-1.1965423326096818e-05,4.357407002055537e-06
tea,-2.428102067080911e-05,-4.509813729500972e-05,3.3277264087560746e-05,-2.6396167334456237e-05,3.9299765141549116e-05
teach,-2.5952898448578655e-05,-4.764180087720106e-05,-3.4347160591480498e-06,-6.792305755036558e-05,-0.00010784573511660892
teacher,9.098735840336013e-05,0.00034485782125781496,8.953083713033733e-06,-1.1988815260833727e-05,-3.2105542366334385e-05
team,-1.2263776274460264e-05,-2.056369850161689e-05,-2.6442380173007125e-05,-1.774107898051673e-05,1.3851504425876567e-06
teams,-4.115492097238796e-06,-7.376959731791849e-06,-9.643738266163823e-06,-1.1965423326096818e-05,4.357407002055537e-06
tear,-1.975299761185182e-05,-3.6505259257411455e-05,-3.325596964105649e-05,0.00020446810850416826,9.105731950697622e-05
tears,-1.614819932593073e-05,-2.7114041559570274e-05,-4.028753050340515e-05,-4.370803086415168e-05,-3.488512708307757e-05
tease,-8.017689972633592e-06,-1.4092662807614593e-05,-1.656072795451862e-05,-1.679099061293056e-05,3.2306557730812857e-06
teasing,-1.4757801768485147e-05,-2.427458491324629e-05,-3.21344399496407e-05,-1.5108562694367084e-05,1.5626359285238147e-06
technically,-7.928414555517577e-06,-1.3576932814117509e-05,-1.7396337793241638e-05,-1.529887540016259e-05,7.386564149086249e-07
technique,-1.0958080884953333e-05,-1.83201697846655e-05,-2.4386477985553007e-05,-1.525906747569828e-05,9.021932316191184e-07
techniques,-8.230984194477592e-06,-1.4753919463583698e-05,-1.9287476532327646e-05,-2.3930846652193635e-05,8.714814004111074e-06
technology,-6.734078175966537e-05,-0.0001155599396440889,-0.0001482099902599982,-0.00013290967223987012,9.20407123978473e-06
teenage,-6.148609829199116e-06,-1.0383340289635737e-05,-1.2227400575356544e-05,-9.699178155078256e-06,1.1494490171502262e-06
teeth,9.39374794595626e-05,4.0674019221154965e-06,3.0121110711439e-05,-1.6485765619363686e-05,-3.859502146999403e-05
telegram,-0.0002797057906365523,0.0007744371155032525,4.3775554829012297e-05,-5.297014553601778e-06,-1.2777122809490262e-06
telephone,-5.059396768458248e-05,7.902489682641646e-05,-2.902710116851328e-05,4.1715221966830004e-05,2.6856127230355528e-06
television,-1.4086809995533422e-05,-2.4971472184112314e-05,-3.078235774359027e-05,-3.443641151887988e-05,9.656527931077193e-06
tell,-0.0,0.0,0.0,0.0,0.0
telling,-1.659299833930238e-05,-3.0221403747397268e-05,-5.5130326017952746e-06,9.522931294508861e-06,-1.31679534788184e-05
tells,-6.148609829199116e-06,-1.0383340289635737e-05,-1.2227400575356544e-05,-9.699178155078256e-06,1.1494490171502262e-06
temperature,-8.017689972633592e-06,-1.4092662807614593e-05,-1.656072795451862e-05,-1.679099061293056e-05,3.2306557730812857e-06
tempest,-7.701796971080249e-06,-1.3302071444386432e-05,-2.118298283289607e-05,-1.3966243667950595e-05,-3.9096045353798374e-05
temple,-3.131936989034022e-05,-5.498426328275788e-05,-7.617003025055123e-05,-9.643330430038376e-05,-1.4820462822512137e-05
temples,-4.115492097238796e-06,-7.376959731791849e-06,-9.643738266163823e-06,-1.1965423326096818e-05,4.357407002055537e-06
temporarily,-9.260811473136898e-06,-1.6652504432408217e-05,-3.465533999120868e-05,0.00014786839378884208,5.6998877024992504e-06
tempura,-2.704916137508605e-05,-4.6791428355218144e-05,-6.339363915626026e-05,-7.52106457360924e-05,2.514425143268422e-05
ten,-4.052606663449631e-05,-7.042284683171875e-05,-9.807715860869877e-05,-0.00010228771426922415,-9.625293068616386e-05
tenday,-6.148609829199116e-06,-1.0383340289635737e-05,-1.2227400575356544e-05,-9.699178155078256e-06,1.1494490171502262e-06
tendency,-4.115492097238796e-06,-7.376959731791849e-06,-9.643738266163823e-06,-1.1965423326096818e-05,4.357407002055537e-06
tender,-8.267534381846718e-06,-1.620368610732571e-05,2.4208694940974476e-05,-1.8435669289962392e-05,0.00011209281574915771
tensions,-4.115492097238796e-06,-7.376959731791849e-06,-9.643738266163823e-06,-1.1965423326096818e-05,4.357407002055537e-06
tenter,-2.3785243666552766e-05,-4.073079844235258e-05,-5.2189013379724986e-05,-4.5896626200487794e-05,2.2159692447259397e-06
terms,-4.115492097238796e-06,-7.376959731791849e-06,-9.643738266163823e-06,-1.1965423326096818e-05,4.357407002055537e-06
terrace,-6.933013497566917e-06,-1.126901311688474e-05,-1.567677891901629e-05,-5.3955815789465e-06,4.849045299734206e-07
terrible,5.377545108992708e-06,-4.6937454517256366e-05,5.543393452396583e-05,5.953125234842484e-05,-4.0584185098587285e-05
terribly,-1.968521944912898e-05,-3.656175310495521e-05,-2.121371413176115e-06,5.586001670358895e-05,0.00013461771506931972
terrific,-6.148609829199116e-06,-1.0383340289635737e-05,-1.2227400575356544e-05,-9.699178155078256e-06,1.1494490171502262e-06
terrifies,-1.0310919426322938e-05,-2.2826063759448474e-05,0.00010879576173084651,1.4648052819501154e-05,-3.167533546792437e-05
terrifying,-4.115492097238796e-06,-7.376959731791849e-06,-9.643738266163823e-06,-1.1965423326096818e-05,4.357407002055537e-06
territories,-4.115492097238796e-06,-7.376959731791849e-06,-9.643738266163823e-06,-1.1965423326096818e-05,4.357407002055537e-06
territory,-4.115492097238796e-06,-7.376959731791849e-06,-9.643738266163823e-06,-1.1965423326096818e-05,4.357407002055537e-06
terror,-9.260811473136898e-06,-1.6652504432408217e-05,-3.465533999120868e-05,0.00014786839378884208,5.6998877024992504e-06
test,-2.9290530800718154e-05,-5.3552214306821026e-05,2.5367419487066083e-06,-6.305016103439754e-05,0.00016190001529455802
testament,-9.260811473136898e-06,-1.6652504432408217e-05,-3.465533999120868e-05,0.00014786839378884208,5.6998877024992504e-06
testing,-6.933013497566917e-06,-1.126901311688474e-05,-1.567677891901629e-05,-5.3955815789465e-06,4.849045299734206e-07
tests,-4.115492097238796e-06,-7.376959731791849e-06,-9.643738266163823e-06,-1.1965423326096818e-05,4.357407002055537e-06
teto,-4.621078182648875e-05,-7.981242866633107e-05,-0.00012709789699739637,-8.379746200771671e-05,-0.00023457627212282702
th,-1.136214396208465e-05,-1.993489267646031e-05,-3.45690105554855e-05,0.00010187913539109443,5.050361614920078e-06
than,-2.4304638878651805e-05,-4.362955393774465e-05,-7.478877493077584e-06,-7.90952963396624e-06,-1.1462363478225924e-05
thank,-0.0,0.0,0.0,0.0,0.0
thankful,-6.148609829199116e-06,-1.0383340289635737e-05,-1.2227400575356544e-05,-9.699178155078256e-06,1.1494490171502262e-06
thanks,-0.0,0.0,0.0,0.0,0.0
that,-0.0,0.0,0.0,0.0,0.0
the,-0.0,0.0,0.0,0.0,0.0
thee,-1.0256516646480903e-05,-1.9302231698409945e-05,8.573208257569876e-06,-2.123728474732015e-05,8.057875811152396e-05
theft,-4.115492097238796e-06,-7.376959731791849e-06,-9.643738266163823e-06,-1.1965423326096818e-05,4.357407002055537e-06
their,-2.0891813940177745e-06,-2.7149890575859515e-05,-2.496657799151373e-05,-1.9356536004195658e-05,-8.833446031835972e-06
theirs,-6.148609829199116e-06,-1.0383340289635737e-05,-1.2227400575356544e-05,-9.699178155078256e-06,1.1494490171502262e-06
them,-4.931979392533235e-05,-2.7755886142643074e-05,-2.9884558830995178e-05,-1.4682102023179495e-05,-1.0230327596704882e-05
theme,-2.7364940698351782e-05,-5.109261441194177e-05,1.4651046905703384e-07,-7.130065091058483e-05,0.00018136806001824854
themselves,-1.781578767850785e-05,-3.2401596636858236e-05,-7.12870648371415e-06,1.7065150437800283e-06,1.684965924356259e-05
then,-0.0,0.0,0.0,0.0,0.0
theory,-4.115492097238796e-06,-7.376959731791849e-06,-9.643738266163823e-06,-1.1965423326096818e-05,4.357407002055537e-06
there,-0.0,0.0,0.0,0.0,0.0
therefore,-1.5887215215028536e-05,-2.802058823116658e-05,-3.8311101739265395e-05,-3.422297679217843e-05,-2.101583753307562e-05
these,-1.0190819377981246e-05,-3.001715969357186e-05,-1.648268553632858e-05,-4.2876335144977086e-06,-1.703688046942993e-05
they,-0.0,0.0,0.0,0.0,0.0
thief,-1.1079200281734145e-05,-2.0601053604713304e-05,8.400379410886776e-06,-2.1561829482809725e-05,8.266940950571196e-05
thieves,-9.260811473136898e-06,-1.6652504432408217e-05,-3.465533999120868e-05,0.00014786839378884208,5.6998877024992504e-06
thin,-1.1991314478700102e-05,-1.919711303963962e-05,-2.8112479443661385e-05,-3.0208678337733182e-05,7.956372495121113e-06
thine,-5.642427208804352e-06,-9.974139249283243e-06,-1.2581648285484126e-05,-1.036648891901398e-05,-2.8113248700661777e-06
thing,-0.0,0.0,0.0,0.0,0.0
things,2.9834528384005845e-06,-1.8173394322835388e-05,-6.719575249862505e-06,7.581085182807337e-07,8.439994758592444e-06
think,-0.0,0.0,0.0,0.0,0.0
thinking,-4.6259659003016015e-05,3.160865128291552e-05,-3.1270479483604456e-05,-4.6171332371857334e-05,1.1819747098923867e-05
thinks,-1.4459014643138707e-05,-2.793856329969844e-05,4.3659629598307405e-05,-5.909967730137962e-06,-4.129595900854795e-05
third,-1.2297219658398232e-05,-2.0766680579271475e-05,-2.445480115071309e-05,-1.9398356310156513e-05,2.2988980343004523e-06
thirds,-1.8445829487598546e-05,-3.115002086890924e-05,-3.668220172607203e-05,-2.909753446523663e-05,3.4483470514509546e-06
thirsty,-2.372867941710901e-05,-3.966675144698801e-05,-5.770079961750864e-05,-6.71218036160599e-05,-3.009279262149068e-05
thirty,-7.928414555517577e-06,-1.3576932814117509e-05,-1.7396337793241638e-05,-1.529887540016259e-05,7.386564149086249e-07
this,-0.0,0.0,0.0,0.0,0.0
thomas,-7.928414555517577e-06,-1.3576932814117509e-05,-1.7396337793241638e-05,-1.529887540016259e-05,7.386564149086249e-07
thorn,-2.4802603145541846e-05,-4.861105832198044e-05,7.262608482292834e-05,-5.530700786989098e-05,0.00033627844724749606
thoroughly,-1.4431224878843157e-05,-2.9109540612330535e-05,5.466747444226237e-05,0.00011983157747075725,-1.9153008487453617e-05
those,-0.0,0.0,0.0,0.0,0.0
thou,-9.272507051955668e-06,-1.566364827447067e-05,-2.083636443835738e-05,-1.1622170010447936e-05,-1.7153871194661645e-06
though,-3.758053852841843e-05,-1.2536450556136464e-05,1.3018873247250152e-05,-3.4151988918063505e-05,-2.6349657993104496e-05
thought,-6.647431112018961e-06,6.0733203206184e-07,-7.16634133724465e-06,-7.86090995258784e-06,3.0877129457463795e-06
thoughtful,-9.087054360649962e-05,0.00026936276190924494,2.3540349416308355e-05,5.8534753981287895e-06,-8.025388520741435e-07
thoughts,-8.146620737475113e-06,-1.3748616749657121e-05,-1.867009511959345e-05,-1.2801145038956248e-05,3.570480659636475e-06
thousand,-2.3362526190446017e-05,-3.811828901593266e-05,-5.707678181922047e-05,-5.4846782298829255e-05,-1.7094217302441763e-05
thousands,-8.713483589125439e-06,-1.5247693252736297e-05,-2.2730097135671893e-05,-1.9120726715322566e-05,-2.5614551140834125e-05
thread,-8.267534381846718e-06,-1.620368610732571e-05,2.4208694940974476e-05,-1.8435669289962392e-05,0.00011209281574915771
threads,-1.6535068763693436e-05,-3.240737221465142e-05,4.841738988194895e-05,-3.6871338579924785e-05,0.00022418563149831543
threat,-9.260811473136898e-06,-1.6652504432408217e-05,-3.465533999120868e-05,0.00014786839378884208,5.6998877024992504e-06
threatening,-8.146620737475113e-06,-1.3748616749657121e-05,-1.867009511959345e-05,-1.2801145038956248e-05,3.570480659636475e-06
three,-8.38166070595543e-07,1.3612718715646975e-06,-4.210622046596935e-05,-3.100766072393871e-05,-6.394927562063482e-06
thrilled,-1.0310919426322938e-05,-2.2826063759448474e-05,0.00010879576173084651,1.4648052819501154e-05,-3.167533546792437e-05
throat,-2.6004495264631417e-05,-4.3018872877570016e-05,-6.001166800468389e-05,-5.9836236885413914e-05,7.587406517180829e-06
throbbing,-6.758156667650127e-06,-1.173561085338378e-05,-1.2816040009493688e-05,-1.0806638821821616e-05,2.4031576469201507e-08
throne,-1.8521622946275386e-05,-3.330500886481932e-05,-6.931067998242342e-05,0.0002957367875777097,1.1399775404999465e-05
through,-2.9624009223630235e-06,-3.676167244755246e-06,-1.581514535315221e-05,-3.237690164369278e-05,1.782759333335053e-05
throughout,-4.115492097238796e-06,-7.376959731791849e-06,-9.643738266163823e-06,-1.1965423326096818e-05,4.357407002055537e-06
throw,-3.514122589882829e-05,-6.152589203479975e-05,-0.00010041756904188104,0.00012894194509121233,-6.742734890834874e-05
throwers,-7.701796971080249e-06,-1.3302071444386432e-05,-2.118298283289607e-05,-1.3966243667950595e-05,-3.9096045353798374e-05
throwing,-2.089147054008373e-05,-3.822659401681282e-05,-5.611985398871558e-06,-3.359176793163233e-05,-3.50185329328113e-05
thrown,-1.3670907996238713e-05,-2.4943745491773725e-05,-1.226191748625279e-05,-3.6920688594358426e-05,2.0044347910010236e-05
ththat,-1.0310919426322938e-05,-2.2826063759448474e-05,0.00010879576173084651,1.4648052819501154e-05,-3.167533546792437e-05
thumb,0.0001926818495749589,3.715056164727592e-05,2.9548122313555235e-05,-1.0125085720848409e-05,8.221708710591101e-05
thumbs,-5.642427208804352e-06,-9.974139249283243e-06,-1.2581648285484126e-05,-1.036648891901398e-05,-2.8113248700661777e-06
thunder,-4.115492097238796e-06,-7.376959731791849e-06,-9.643738266163823e-06,-1.1965423326096818e-05,4.357407002055537e-06
thus,-2.3867938514910017e-05,-4.301595050097882e-05,-6.482698215105878e-05,-9.403089462074752e-05,-0.00015002702640105135
thy,-5.642427208804352e-06,-9.974139249283243e-06,-1.2581648285484126e-05,-1.036648891901398e-05,-2.8113248700661777e-06
tibere,-6.933013497566917e-06,-1.126901311688474e-05,-1.567677891901629e-05,-5.3955815789465e-06,4.849045299734206e-07
tickets,-8.267534381846718e-06,-1.620368610732571e-05,2.4208694940974476e-05,-1.8435669289962392e-05,0.00011209281574915771
tide,-8.740419975390173e-06,-1.5985066980022623e-05,-2.5230472845474032e-05,-3.9275398979919814e-05,-6.820572682755698e-05
tie,-1.5333350132677097e-05,-2.850914684407223e-05,-2.0825102479206227e-05,5.262576278361966e-05,2.894443079311043e-05
tied,-5.5606139120518195e-05,0.00010468176320226581,-5.761335283461106e-06,4.557641647823223e-05,2.3158017976276562e-05
tiger,-9.260811473136898e-06,-1.6652504432408217e-05,-3.465533999120868e-05,0.00014786839378884208,5.6998877024992504e-06
tigers,-6.148609829199116e-06,-1.0383340289635737e-05,-1.2227400575356544e-05,-9.699178155078256e-06,1.1494490171502262e-06
tight,0.00011599502392867485,9.697799559182064e-06,-7.4836349901635755e-06,5.704501776441551e-05,3.7077582682684056e-05
tightens,-1.1991314478700102e-05,-1.919711303963962e-05,-2.8112479443661385e-05,-3.0208678337733182e-05,7.956372495121113e-06
tighter,-8.740419975390173e-06,-1.5985066980022623e-05,-2.5230472845474032e-05,-3.9275398979919814e-05,-6.820572682755698e-05
tightfisted,-7.928414555517577e-06,-1.3576932814117509e-05,-1.7396337793241638e-05,-1.529887540016259e-05,7.386564149086249e-07
tightly,-9.260811473136898e-06,-1.6652504432408217e-05,-3.465533999120868e-05,0.00014786839378884208,5.6998877024992504e-06
til,-6.758156667650127e-06,-1.173561085338378e-05,-1.2816040009493688e-05,-1.0806638821821616e-05,2.4031576469201507e-08
till,-6.281249586045966e-05,9.293286117639304e-05,7.255169644026572e-06,-2.8088068855602212e-05,0.00010879918085866925
time,-0.0,0.0,0.0,0.0,0.0
times,-4.3166348793053033e-05,-3.146785113101399e-06,-7.07145191820655e-05,7.813656703611298e-05,-1.3553688509874858e-05
timid,-1.4431224878843157e-05,-2.9109540612330535e-05,5.466747444226237e-05,0.00011983157747075725,-1.9153008487453617e-05
timing,-1.0629750636985196e-05,-1.960395627577733e-05,8.834412971344178e-06,-2.0745242845257706e-05,8.349923657887537e-05
tin,-7.928414555517577e-06,-1.3576932814117509e-05,-1.7396337793241638e-05,-1.529887540016259e-05,7.386564149086249e-07
tina,-6.933013497566917e-06,-1.126901311688474e-05,-1.567677891901629e-05,-5.3955815789465e-06,4.849045299734206e-07
tiniest,-8.267534381846718e-06,-1.620368610732571e-05,2.4208694940974476e-05,-1.8435669289962392e-05,0.00011209281574915771
tiny,-6.758156667650127e-06,-1.173561085338378e-05,-1.2816040009493688e-05,-1.0806638821821616e-05,2.4031576469201507e-08
tip,-9.260811473136898e-06,-1.6652504432408217e-05,-3.465533999120868e-05,0.00014786839378884208,5.6998877024992504e-06
tips,-3.307013752738858e-05,-6.481474442930618e-05,9.683477976390271e-05,-7.374267715985326e-05,0.0004483712629966536
tire,-7.928414555517577e-06,-1.3576932814117509e-05,-1.7396337793241638e-05,-1.529887540016259e-05,7.386564149086249e-07
tired,-4.25670885397401e-05,3.57514048739743e-05,4.423973950277738e-05,-1.8087465258798076e-05,4.806822028265919e-06
title,-6.933013497566917e-06,-1.126901311688474e-05,-1.567677891901629e-05,-5.3955815789465e-06,4.849045299734206e-07
to,-0.0,0.0,0.0,0.0,0.0
tobacco,-7.928414555517577e-06,-1.3576932814117509e-05,-1.7396337793241638e-05,-1.529887540016259e-05,7.386564149086249e-07
today,-3.467072806872748e-05,6.529189456291483e-05,1.06932496917626e-06,-1.7510523564580135e-05,4.60439478129033e-06
toelle,-2.778243441941388e-05,-4.9957513297230413e-05,-0.00010396601997363806,0.00044360518136657727,1.7099663107499727e-05
toes,-8.267534381846718e-06,-1.620368610732571e-05,2.4208694940974476e-05,-1.8435669289962392e-05,0.00011209281574915771
toeto,-1.5403593942161947e-05,-2.6604142888775358e-05,-4.236596566579612e-05,-2.7932487335903822e-05,-7.81920907076041e-05
together,-9.711245187480723e-08,1.1372406756595503e-07,-5.320558841652076e-07,2.0899950847860617e-07,3.5470754336152657e-06
toh,-4.796525791480438e-05,-7.678845215856489e-05,-0.00011244991777465495,-0.00012083471335094269,3.182548998048709e-05
tohyarara,-6.148609829199116e-06,-1.0383340289635737e-05,-1.2227400575356544e-05,-9.699178155078256e-06,1.1494490171502262e-06
tohyra,-6.148609829199116e-06,-1.0383340289635737e-05,-1.2227400575356544e-05,-9.699178155078256e-06,1.1494490171502262e-06
toilet,-0.00011702841121166317,0.00029640390593100387,3.5910906935426633e-06,-1.7107596381464104e-05,3.7213438969046475e-06
token,-3.307013752738858e-05,-6.481474442930618e-05,9.683477976390271e-05,-7.374267715985326e-05,0.0004483712629966536
tokens,-1.6535068763693436e-05,-3.240737221465142e-05,4.841738988194895e-05,-3.6871338579924785e-05,0.00022418563149831543
toki,-5.0781844879243004e-05,-8.97672532435559e-05,-0.00011323483456936561,-9.329840027113278e-05,-2.5301923830597407e-05
tokisan,0.0013831245466168602,0.00032897962750227765,6.333064047220894e-05,8.991774365108024e-06,-7.188082340233186e-06
toko,-6.148609829199116e-06,-1.0383340289635737e-05,-1.2227400575356544e-05,-9.699178155078256e-06,1.1494490171502262e-06
tokoroten,-1.1991314478700102e-05,-1.919711303963962e-05,-2.8112479443661385e-05,-3.0208678337733182e-05,7.956372495121113e-06
tokyo,-8.27369261027057e-05,2.371235480650518e-05,-9.54507095694698e-05,-0.00010246577071989376,2.1614215477593935e-05
told,-6.1966220004110095e-06,-1.0898383667325028e-05,9.362615429806336e-07,-1.8013341783020627e-06,9.344245848912282e-06
tolerate,-1.0006466484858586e-05,-1.736539393631962e-05,-2.2104281973795093e-05,-1.8924368314183023e-05,-1.5282830491241137e-06
tolumekia,-7.701796971080249e-06,-1.3302071444386432e-05,-2.118298283289607e-05,-1.3966243667950595e-05,-3.9096045353798374e-05
tolumekian,-6.931617273973384e-05,-0.00011971864299949787,-0.00019064684549609663,-0.00012569619301157635,-0.0003518644081842441
tolumekians,-2.310539091324365e-05,-3.9906214333164295e-05,-6.354894849869618e-05,-4.1898731003857047e-05,-0.00011728813606140987
tomb,-1.8521622946275386e-05,-3.330500886481932e-05,-6.931067998242342e-05,0.0002957367875777097,1.1399775404999465e-05
tombo,-6.758156667651214e-05,-0.0001173561085338568,-0.00012816040009495762,-0.00010806638821823372,2.4031576469196113e-07
tommorrow,-9.087054360649962e-05,0.00026936276190924494,2.3540349416308355e-05,5.8534753981287895e-06,-8.025388520741435e-07
tomorrow,-1.0695555407745835e-05,3.293369996368191e-05,-2.126519316589763e-05,-1.3926268088516939e-05,-2.314120118178699e-05
ton,-6.933013497566917e-06,-1.126901311688474e-05,-1.567677891901629e-05,-5.3955815789465e-06,4.849045299734206e-07
tongs,-1.0310919426322938e-05,-2.2826063759448474e-05,0.00010879576173084651,1.4648052819501154e-05,-3.167533546792437e-05
tongue,-6.933013497566917e-06,-1.126901311688474e-05,-1.567677891901629e-05,-5.3955815789465e-06,4.849045299734206e-07
tonight,5.131579716727738e-05,-1.3859388757838989e-05,-1.3743343713521729e-05,-5.3912490698819326e-06,3.780511082231853e-06
tonomura,-1.8445829487598546e-05,-3.115002086890924e-05,-3.668220172607203e-05,-2.909753446523663e-05,3.4483470514509546e-06
tonomurakun,-6.148609829199116e-06,-1.0383340289635737e-05,-1.2227400575356544e-05,-9.699178155078256e-06,1.1494490171502262e-06
too,-0.0,0.0,0.0,0.0,0.0
took,-0.0,0.0,0.0,0.0,0.0
tool,-7.701796971080249e-06,-1.3302071444386432e-05,-2.118298283289607e-05,-1.3966243667950595e-05,-3.9096045353798374e-05
tools,-1.737096389553304e-05,-2.9830204011004048e-05,-4.127367776212954e-05,-3.285928204178369e-05,-2.77381899178708e-05
tooth,-4.115492097238796e-06,-7.376959731791849e-06,-9.643738266163823e-06,-1.1965423326096818e-05,4.357407002055537e-06
toothbrush,-1.1991314478700102e-05,-1.919711303963962e-05,-2.8112479443661385e-05,-3.0208678337733182e-05,7.956372495121113e-06
top,8.35756233149811e-05,-1.4155463194646588e-05,-3.0665490112646167e-06,8.500103406344948e-05,0.00013740375452152357
topspeed,-9.260811473136898e-06,-1.6652504432408217e-05,-3.465533999120868e-05,0.00014786839378884208,5.6998877024992504e-06
tore,-1.1763207559123718e-05,-2.4185244939362412e-05,7.094352128492269e-05,3.1570131327925783e-06,-2.5428755035231624e-05
torere,-6.148609829199116e-06,-1.0383340289635737e-05,-1.2227400575356544e-05,-9.699178155078256e-06,1.1494490171502262e-06
torerere,-6.148609829199116e-06,-1.0383340289635737e-05,-1.2227400575356544e-05,-9.699178155078256e-06,1.1494490171502262e-06
torment,-1.0310919426322938e-05,-2.2826063759448474e-05,0.00010879576173084651,1.4648052819501154e-05,-3.167533546792437e-05
tororo,-0.00018174108721299924,0.0005387255238184899,4.708069883261671e-05,1.1706950796257579e-05,-1.605077704148287e-06
tortoise,-1.5856829111035153e-05,-2.7153865628235018e-05,-3.4792675586483276e-05,-3.059775080032518e-05,1.4773128298172499e-06
toshichan,0.00026958404360068357,6.658754481846307e-05,1.5864680906217585e-05,4.703955265262531e-06,-5.894113130308773e-07
toshio,-3.074304914599671e-05,-5.1916701448180636e-05,-6.113700287678499e-05,-4.849589077539312e-05,5.7472450857512875e-06
toshiosan,-3.689165897519709e-05,-6.230004173781848e-05,-7.336440345214406e-05,-5.819506893047326e-05,6.896694102901909e-06
toss,-1.0310919426322938e-05,-2.2826063759448474e-05,0.00010879576173084651,1.4648052819501154e-05,-3.167533546792437e-05
tossed,-1.5286554039209847e-05,-2.5941596795904742e-05,-3.93324506728853e-05,-5.123411671768627e-05,-4.442488943073377e-05
totally,0.00018517687894620396,2.6129874761332076e-05,-1.534980865589306e-05,-1.7986616965208116e-05,2.1080375960228335e-06
totoro,-0.0020900225029494893,0.006195343523912633,0.0005414280365750921,0.00013462993415696209,-1.845839359770546e-05
touch,-2.4694293459284814e-05,-4.260290862530746e-05,-5.784109401228211e-05,-5.1254783784937974e-05,-1.938625915836697e-05
touches,-9.260811473136898e-06,-1.6652504432408217e-05,-3.465533999120868e-05,0.00014786839378884208,5.6998877024992504e-06
touching,-1.0095190687208893e-05,-1.696247018077402e-05,-2.1009193285040464e-05,-1.1946714745937499e-05,3.7526427472185993e-07
tough,-1.7800390557655616e-05,-3.218207386950626e-05,1.6752550913370104e-05,-2.2203512443373878e-05,2.8364543634846454e-05
tour,-1.3258681463500312e-05,-2.2057828811065374e-05,-3.0229375344651086e-05,-1.677957962493785e-05,3.928025240275011e-06
touring,-6.933013497566917e-06,-1.126901311688474e-05,-1.567677891901629e-05,-5.3955815789465e-06,4.849045299734206e-07
tournament,-6.148609829199116e-06,-1.0383340289635737e-05,-1.2227400575356544e-05,-9.699178155078256e-06,1.1494490171502262e-06
toward,-1.7233899764228563e-05,-3.0892301301368067e-05,-4.523814745664622e-05,-6.176536565472155e-05,-7.665015057551773e-05
towards,-2.3438898988197284e-05,-4.132989271141977e-05,-5.376312289303211e-05,-4.848363081406778e-05,-1.7680279926913782e-05
towel,0.0001936658591694841,4.0789145071215124e-05,1.3854961762797415e-07,-5.099709839761716e-07,-7.705812507910247e-08
towels,-9.260811473136898e-06,-1.6652504432408217e-05,-3.465533999120868e-05,0.00014786839378884208,5.6998877024992504e-06
tower,-4.041791078168886e-05,-7.144922813556246e-05,-0.00011445904540782569,0.00029521936610072015,1.2679323319355213e-05
towers,-5.642427208804352e-06,-9.974139249283243e-06,-1.2581648285484126e-05,-1.036648891901398e-05,-2.8113248700661777e-06
town,0.00032905323912573706,-6.400585146644727e-05,6.39350944883058e-05,-0.0001010695617844635,4.152120458172191e-07
townspeople,-6.758156667650127e-06,-1.173561085338378e-05,-1.2816040009493688e-05,-1.0806638821821616e-05,2.4031576469201507e-08
toy,-1.5645183500042933e-05,-2.711480480321898e-05,-3.451910836110175e-05,-2.6234576582259727e-05,-2.87920478316654e-05
toyed,-8.740419975390173e-06,-1.5985066980022623e-05,-2.5230472845474032e-05,-3.9275398979919814e-05,-6.820572682755698e-05
toys,-1.1991314478700102e-05,-1.919711303963962e-05,-2.8112479443661385e-05,-3.0208678337733182e-05,7.956372495121113e-06
traces,-7.701796971080249e-06,-1.3302071444386432e-05,-2.118298283289607e-05,-1.3966243667950595e-05,-3.9096045353798374e-05
track,-1.67947235680173e-05,-2.958524812476206e-05,-4.4452957175925746e-05,9.309426859358653e-05,4.238254235840016e-06
trackers,-5.642427208804352e-06,-9.974139249283243e-06,-1.2581648285484126e-05,-1.036648891901398e-05,-2.8113248700661777e-06
tracks,-1.5226700652550797e-05,-2.9334995658943944e-05,2.8589770047203442e-05,-3.600980909868232e-05,0.00016851631570225523
tractor,-4.115492097238796e-06,-7.376959731791849e-06,-9.643738266163823e-06,-1.1965423326096818e-05,4.357407002055537e-06
trade,-1.8521622946275386e-05,-3.330500886481932e-05,-6.931067998242342e-05,0.0002957367875777097,1.1399775404999465e-05
traded,-1.1991314478700102e-05,-1.919711303963962e-05,-2.8112479443661385e-05,-3.0208678337733182e-05,7.956372495121113e-06
tradeoff,-6.758156667650127e-06,-1.173561085338378e-05,-1.2816040009493688e-05,-1.0806638821821616e-05,2.4031576469201507e-08
traffic,-8.017689972633592e-06,-1.4092662807614593e-05,-1.656072795451862e-05,-1.679099061293056e-05,3.2306557730812857e-06
tragic,-4.115492097238796e-06,-7.376959731791849e-06,-9.643738266163823e-06,-1.1965423326096818e-05,4.357407002055537e-06
trail,-1.0310919426322938e-05,-2.2826063759448474e-05,0.00010879576173084651,1.4648052819501154e-05,-3.167533546792437e-05
trailing,-8.740419975390173e-06,-1.5985066980022623e-05,-2.5230472845474032e-05,-3.9275398979919814e-05,-6.820572682755698e-05
trails,-4.115492097238796e-06,-7.376959731791849e-06,-9.643738266163823e-06,-1.1965423326096818e-05,4.357407002055537e-06
train,-6.426160624526784e-05,2.097271780688677e-05,4.040836428863816e-05,-7.267707962244032e-05,0.0002916693040543189
training,-4.566308680155269e-05,-7.979016602061449e-05,-9.47281650242637e-05,-8.655318010594793e-05,-1.2534691914981997e-05
traitor,-1.0310919426322938e-05,-2.2826063759448474e-05,0.00010879576173084651,1.4648052819501154e-05,-3.167533546792437e-05
trampling,-7.701796971080249e-06,-1.3302071444386432e-05,-2.118298283289607e-05,-1.3966243667950595e-05,-3.9096045353798374e-05
trance,-6.758156667650127e-06,-1.173561085338378e-05,-1.2816040009493688e-05,-1.0806638821821616e-05,2.4031576469201507e-08
transfer,-6.758156667650127e-06,-1.173561085338378e-05,-1.2816040009493688e-05,-1.0806638821821616e-05,2.4031576469201507e-08
transform,-8.609356663508746e-05,-0.0001542183627957983,-0.00020126908636578872,-0.00024585691765480964,8.46763424328501e-05
transformation,-8.230984194478802e-05,-0.00014753919463585878,-0.00019287476532330502,-0.00023930846652197126,8.71481400411232e-05
transformed,-1.2346476291717726e-05,-2.213087919537796e-05,-2.8931214798494673e-05,-3.589626997829423e-05,1.3072221006167883e-05
transformers,-4.115492097238796e-06,-7.376959731791849e-06,-9.643738266163823e-06,-1.1965423326096818e-05,4.357407002055537e-06
transforming,-9.054082613926694e-05,-0.0001622931140994448,-0.00021216224185563578,-0.00026323931317416885,9.586295404523554e-05
translate,-1.1991314478700102e-05,-1.919711303963962e-05,-2.8112479443661385e-05,-3.0208678337733182e-05,7.956372495121113e-06
translated,-0.00018174108721299924,0.0005387255238184899,4.708069883261671e-05,1.1706950796257579e-05,-1.605077704148287e-06
transport,-2.4533181340621657e-05,-4.107706252178558e-05,-6.265442080709327e-05,-4.523929688163063e-05,-6.353503667523612e-05
transporting,-5.642427208804352e-06,-9.974139249283243e-06,-1.2581648285484126e-05,-1.036648891901398e-05,-2.8113248700661777e-06
trap,-2.768686144417916e-05,-5.5724926091789434e-05,0.00013260995835654276,-1.3297091588835101e-06,-5.293044177056856e-05
trapped,-1.0310919426322938e-05,-2.2826063759448474e-05,0.00010879576173084651,1.4648052819501154e-05,-3.167533546792437e-05
traps,-1.2346476291717726e-05,-2.213087919537796e-05,-2.8931214798494673e-05,-3.589626997829423e-05,1.3072221006167883e-05
trash,-1.3866026995135076e-05,-2.253802623377149e-05,-3.135355783803537e-05,-1.0791163157893955e-05,9.698090599469093e-07
traumatized,-8.267534381846718e-06,-1.620368610732571e-05,2.4208694940974476e-05,-1.8435669289962392e-05,0.00011209281574915771
travel,-1.4782603612025262e-05,-2.612650262923401e-05,-3.69517269247435e-05,-3.676614762127187e-05,-1.9188678982838188e-05
traveled,-8.88058017037804e-06,-1.545036241150608e-05,-1.9938012655031165e-05,-2.0103343342691335e-05,3.757584729978528e-06
traveler,-5.642427208804352e-06,-9.974139249283243e-06,-1.2581648285484126e-05,-1.036648891901398e-05,-2.8113248700661777e-06
traveling,-1.1284854417608704e-05,-1.9948278498566486e-05,-2.5163296570968253e-05,-2.073297783802796e-05,-5.6226497401323554e-06
travels,-1.8186310801000945e-05,-3.189530901500541e-05,-5.679169553823224e-05,8.843479638880256e-05,-5.345215959199085e-05
tread,-1.1284854417608704e-05,-1.9948278498566486e-05,-2.5163296570968253e-05,-2.073297783802796e-05,-5.6226497401323554e-06
treasure,-7.274667350819593e-05,-0.0001318644336422038,-0.00023349922680893922,0.0003129552529867321,-0.0002717217769859498
treasurehill,-9.087054360649962e-05,0.00026936276190924494,2.3540349416308355e-05,5.8534753981287895e-06,-8.025388520741435e-07
treasures,-1.7480839950781815e-05,-3.197013396004792e-05,-5.046094569095228e-05,-7.85507979598462e-05,-0.00013641145365512534
treat,9.129076201322604e-05,2.559135398807973e-06,-2.752538881088517e-05,-3.334762199313231e-05,-2.325867332632174e-05
treated,-2.0736354948905963e-05,-4.2189865832859706e-05,9.943770299482002e-05,9.73617227806133e-05,-3.529235744442602e-05
treatment,-1.612297022909201e-05,-2.689510591585825e-05,-3.892869303613743e-05,-3.4715470274943684e-05,-1.774538752721543e-05
treats,-1.4047513966017852e-05,-2.8617405296482137e-05,6.161690461437934e-05,-1.8158985142186765e-05,-7.364734772455578e-05
tree,-0.00028756419403272595,0.0007341348835103056,-6.971515982582422e-06,0.00013138177761151554,-2.8852450247874673e-05
trees,-6.922216286524841e-05,0.00010689916463325166,-0.0001633375315392309,-0.00017584006739543832,-0.0003275103293956397
tremble,-8.740419975390173e-06,-1.5985066980022623e-05,-2.5230472845474032e-05,-3.9275398979919814e-05,-6.820572682755698e-05
trembling,-7.928414555517577e-06,-1.3576932814117509e-05,-1.7396337793241638e-05,-1.529887540016259e-05,7.386564149086249e-07
tremendous,-6.758156667650127e-06,-1.173561085338378e-05,-1.2816040009493688e-05,-1.0806638821821616e-05,2.4031576469201507e-08
trespassers,-4.115492097238796e-06,-7.376959731791849e-06,-9.643738266163823e-06,-1.1965423326096818e-05,4.357407002055537e-06
trespassing,-4.115492097238796e-06,-7.376959731791849e-06,-9.643738266163823e-06,-1.1965423326096818e-05,4.357407002055537e-06
trial,0.00026958404360068357,6.658754481846307e-05,1.5864680906217585e-05,4.703955265262531e-06,-5.894113130308773e-07
trials,-1.1556813458849816e-05,-2.0095808631590405e-05,-3.016298110890071e-05,-3.293816828542728e-05,-4.993397980879034e-05
tribulations,-8.740419975390173e-06,-1.5985066980022623e-05,-2.5230472845474032e-05,-3.9275398979919814e-05,-6.820572682755698e-05
trick,-1.2088092943067817e-05,-2.1472146805228825e-05,-6.332141476933524e-06,-2.1596923418342982e-05,5.6054858178686766e-05
tricked,0.00026958404360068357,6.658754481846307e-05,1.5864680906217585e-05,4.703955265262531e-06,-5.894113130308773e-07
tricks,-1.2346476291717726e-05,-2.213087919537796e-05,-2.8931214798494673e-05,-3.589626997829423e-05,1.3072221006167883e-05
trickster,-6.933013497566917e-06,-1.126901311688474e-05,-1.567677891901629e-05,-5.3955815789465e-06,4.849045299734206e-07
tried,-3.8077146057704134e-05,2.2545862369662488e-05,7.577880692898105e-06,-3.1636612375618543e-05,2.873909887902472e-05
trifle,-1.0605199058755076e-05,-1.914103278324454e-05,-2.7880785097142795e-05,-3.660346912391205e-05,-5.2364456089533554e-05
trimmed,-4.115492097238796e-06,-7.376959731791849e-06,-9.643738266163823e-06,-1.1965423326096818e-05,4.357407002055537e-06
trip,-2.5674451961219767e-05,-4.6247207919875395e-05,-1.4246755948748803e-05,-5.3485399618326616e-05,0.00011427486457974778
tripled,-4.115492097238796e-06,-7.376959731791849e-06,-9.643738266163823e-06,-1.1965423326096818e-05,4.357407002055537e-06
triumph,0.0001189634345478781,1.631292616375555e-05,-1.27467520026006e-05,-1.3270703613392637e-05,2.369496575892127e-06
troops,-5.49325598701003e-05,-9.596365358386023e-05,-0.0001507002742230004,0.0001303526935494327,-7.30179011837915e-05
trouble,-4.3640710498724384e-05,-8.094449059932317e-05,4.438117582525993e-05,3.379280284713481e-05,7.22824905358592e-05
troubles,-1.1396893763455583e-05,-2.0087109655066544e-05,-3.299508995993081e-05,7.366645802930925e-05,6.541492144765213e-06
troublesome,-2.310539091324365e-05,-3.9906214333164295e-05,-6.354894849869618e-05,-4.1898731003857047e-05,-0.00011728813606140987
troubling,-9.260811473136898e-06,-1.6652504432408217e-05,-3.465533999120868e-05,0.00014786839378884208,5.6998877024992504e-06
truck,-1.1052249984083523e-05,-1.9532067495863474e-05,-2.3671542849054463e-05,-2.561370106590524e-05,6.443591852079264e-06
trucked,-4.115492097238796e-06,-7.376959731791849e-06,-9.643738266163823e-06,-1.1965423326096818e-05,4.357407002055537e-06
truckloads,-4.115492097238796e-06,-7.376959731791849e-06,-9.643738266163823e-06,-1.1965423326096818e-05,4.357407002055537e-06
trucks,-1.1876361317835143e-05,-1.959440491397145e-05,-2.7839564683578037e-05,-3.1097093471215276e-05,9.079571037693054e-06
true,-3.802894478161003e-05,-2.8604134712502115e-05,-3.633005338214199e-05,1.9183177136671273e-05,-4.797397459133861e-05
truly,-4.1588403053126914e-05,-7.53865747366742e-05,-0.00011462390076946328,-0.00016701591724080364,-0.0002579340080975338
trunk,-8.740419975390173e-06,-1.5985066980022623e-05,-2.5230472845474032e-05,-3.9275398979919814e-05,-6.820572682755698e-05
trunks,-8.740419975390173e-06,-1.5985066980022623e-05,-2.5230472845474032e-05,-3.9275398979919814e-05,-6.820572682755698e-05
trust,-2.311226832610921e-05,-4.365949965621215e-05,3.629879035449399e-05,-3.4393721489436975e-05,-4.035506422181171e-06
truth,9.228639124532827e-05,3.3956487823737544e-06,-2.586433542270628e-05,4.264087299918006e-05,4.1610685144737224e-06
try,-3.611060319266383e-06,-6.39803171522362e-06,6.252357682023588e-06,1.66007098437127e-06,1.4223735274164319e-05
trying,1.1435439745955199e-05,-5.152558765051707e-05,2.9497895199943598e-05,7.924619945854328e-05,-2.096771144036211e-05
tsukamori,-9.087054360649962e-05,0.00026936276190924494,2.3540349416308355e-05,5.8534753981287895e-06,-8.025388520741435e-07
tsunami,0.001347920218003521,0.0003329377240923406,7.9323404531094e-05,2.3519776326314468e-05,-2.9470565651545996e-06
tsuneko,-1.8445829487598546e-05,-3.115002086890924e-05,-3.668220172607203e-05,-2.909753446523663e-05,3.4483470514509546e-06
tsunekochan,-6.148609829199116e-06,-1.0383340289635737e-05,-1.2227400575356544e-05,-9.699178155078256e-06,1.1494490171502262e-06
tsunekosan,-6.148609829199116e-06,-1.0383340289635737e-05,-1.2227400575356544e-05,-9.699178155078256e-06,1.1494490171502262e-06
tsuru,-6.148609829199116e-06,-1.0383340289635737e-05,-1.2227400575356544e-05,-9.699178155078256e-06,1.1494490171502262e-06
ttthere,-4.115492097238796e-06,-7.376959731791849e-06,-9.643738266163823e-06,-1.1965423326096818e-05,4.357407002055537e-06
ttthey,-4.115492097238796e-06,-7.376959731791849e-06,-9.643738266163823e-06,-1.1965423326096818e-05,4.357407002055537e-06
tub,-5.1514293550243434e-05,-9.778956862316542e-05,0.00010422329750705992,-0.00011742922827822864,0.0005844284636401645
tube,-1.1940524371675102e-05,-2.0587943947438787e-05,-3.71124112810177e-05,0.00010505239432751672,4.560359428311836e-06
tuberculosis,-7.928414555517577e-06,-1.3576932814117509e-05,-1.7396337793241638e-05,-1.529887540016259e-05,7.386564149086249e-07
tune,-8.146620737475113e-06,-1.3748616749657121e-05,-1.867009511959345e-05,-1.2801145038956248e-05,3.570480659636475e-06
tunnel,9.949107188029296e-05,0.00018663940740007605,3.7131988956300784e-05,-4.598609316859483e-06,6.461723946039966e-05
turbulence,-9.260811473136898e-06,-1.6652504432408217e-05,-3.465533999120868e-05,0.00014786839378884208,5.6998877024992504e-06
turn,1.692407075493361e-05,7.306989539413509e-06,3.504951159610529e-06,-1.7078571005902164e-06,2.3724281986745435e-05
turned,-2.222866498811788e-05,-4.029533305569938e-05,7.230980635542236e-06,-3.622322617918023e-05,7.839207741094634e-05
turners,-8.740419975390173e-06,-1.5985066980022623e-05,-2.5230472845474032e-05,-3.9275398979919814e-05,-6.820572682755698e-05
turning,0.00011343718865199198,6.484653524987984e-06,-2.3912149285759526e-05,-2.0221182942113595e-05,-4.041817245833629e-06
turnip,-0.00010310919426323643,-0.0002282606375945004,0.001087957617308539,0.00014648052819502138,-0.0003167533546792654
turniphead,-1.0310919426322938e-05,-2.2826063759448474e-05,0.00010879576173084651,1.4648052819501154e-05,-3.167533546792437e-05
turnips,-1.0310919426322938e-05,-2.2826063759448474e-05,0.00010879576173084651,1.4648052819501154e-05,-3.167533546792437e-05
turnoff,-8.267534381846718e-06,-1.620368610732571e-05,2.4208694940974476e-05,-1.8435669289962392e-05,0.00011209281574915771
turns,-4.205236386106322e-05,6.323549371453037e-05,2.121796908394085e-05,-1.216011165389577e-05,-6.310501003164799e-06
tusks,-5.642427208804352e-06,-9.974139249283243e-06,-1.2581648285484126e-05,-1.036648891901398e-05,-2.8113248700661777e-06
tv,0.00018967423986115972,3.27801430678769e-05,-9.634614840921807e-06,-2.299966775691853e-05,9.204205531276223e-06
twentyyear,-7.928414555517577e-06,-1.3576932814117509e-05,-1.7396337793241638e-05,-1.529887540016259e-05,7.386564149086249e-07
twice,-2.4645837262883328e-05,-4.419063187115969e-05,-8.593647738119184e-05,0.00031944875131607956,1.0535512842917213e-05
twin,-1.1723719047291023e-05,-2.1528823303094256e-05,-3.863010273283804e-06,-2.5897672775715038e-05,4.515243289001258e-05
twins,-8.267534381846718e-06,-1.620368610732571e-05,2.4208694940974476e-05,-1.8435669289962392e-05,0.00011209281574915771
two,-0.0,0.0,0.0,0.0,0.0
twoshoes,-6.148609829199116e-06,-1.0383340289635737e-05,-1.2227400575356544e-05,-9.699178155078256e-06,1.1494490171502262e-06
twothirds,-1.2297219658398232e-05,-2.0766680579271475e-05,-2.445480115071309e-05,-1.9398356310156513e-05,2.2988980343004523e-06
typhoon,0.00018993611858912418,3.494335690690088e-05,-9.030919946356599e-06,-1.8805919416235166e-05,5.432032252977437e-06
uchimaro,-8.740419975390173e-06,-1.5985066980022623e-05,-2.5230472845474032e-05,-3.9275398979919814e-05,-6.820572682755698e-05
ueno,-1.5856829111035153e-05,-2.7153865628235018e-05,-3.4792675586483276e-05,-3.059775080032518e-05,1.4773128298172499e-06
ufos,-4.115492097238796e-06,-7.376959731791849e-06,-9.643738266163823e-06,-1.1965423326096818e-05,4.357407002055537e-06
uggh,-1.1991314478700102e-05,-1.919711303963962e-05,-2.8112479443661385e-05,-3.0208678337733182e-05,7.956372495121113e-06
ugh,-0.00045918342989589205,-0.0010128722659916262,0.004743182034562418,0.0006270632201063321,-0.0014111533186458938
ugly,-1.2442288203541817e-05,-2.173049642824453e-05,-3.122202382762214e-05,-3.212593980891303e-05,-4.117034333150208e-05
uh,-0.00011848289522454445,5.367106250660829e-05,0.0001913926468211285,-8.076327853203692e-05,0.0002511106265939809
uhh,-2.0621838852645876e-05,-4.565212751889695e-05,0.00021759152346169302,2.929610563900231e-05,-6.335067093584874e-05
uhhm,-1.3866026995135076e-05,-2.253802623377149e-05,-3.135355783803537e-05,-1.0791163157893955e-05,9.698090599469093e-07
uhhuh,-0.00023198121341469951,0.0004199876406498996,-4.8722862903718245e-05,-3.875664022880976e-05,8.592213046095566e-05
uhm,-6.933013497566917e-06,-1.126901311688474e-05,-1.567677891901629e-05,-5.3955815789465e-06,4.849045299734206e-07
uhoh,-1.0310919426322938e-05,-2.2826063759448474e-05,0.00010879576173084651,1.4648052819501154e-05,-3.167533546792437e-05
uhuh,-0.00014307423579221258,0.0003819171938940123,1.668321617595091e-05,-5.671261431891034e-06,5.115887430383835e-07
ukanruri,-8.740419975390173e-06,-1.5985066980022623e-05,-2.5230472845474032e-05,-3.9275398979919814e-05,-6.820572682755698e-05
ul,-3.7043245892552424e-05,-6.661001772964155e-05,-0.00013862135996485272,0.0005914735751554448,2.279955080999995e-05
ultimate,-4.115492097238796e-06,-7.376959731791849e-06,-9.643738266163823e-06,-1.1965423326096818e-05,4.357407002055537e-06
um,2.866930159627766e-05,-5.6451439181082945e-05,-5.378399286949771e-05,-2.9419386770842862e-05,-3.71074005603997e-05
umbrella,-0.00027683772949649993,0.00076701859215863,4.2139759346127085e-05,-9.479559028016446e-06,2.7331271322450673e-06
umbrellas,-2.3982628957401547e-05,-3.83942260792814e-05,-5.6224958887326e-05,-6.0417356675469624e-05,1.591274499024311e-05
umbrellatoting,-5.642427208804352e-06,-9.974139249283243e-06,-1.2581648285484126e-05,-1.036648891901398e-05,-2.8113248700661777e-06
umm,-1.8445829487598546e-05,-3.115002086890924e-05,-3.668220172607203e-05,-2.909753446523663e-05,3.4483470514509546e-06
un,-6.758156667650127e-06,-1.173561085338378e-05,-1.2816040009493688e-05,-1.0806638821821616e-05,2.4031576469201507e-08
unable,-1.9333246383181367e-05,-3.4551459654309076e-05,-4.4831158685981935e-05,-5.175728768934359e-05,1.3991748694886538e-05
unacceptable,-7.701796971080249e-06,-1.3302071444386432e-05,-2.118298283289607e-05,-1.3966243667950595e-05,-3.9096045353798374e-05
unanimously,-4.115492097238796e-06,-7.376959731791849e-06,-9.643738266163823e-06,-1.1965423326096818e-05,4.357407002055537e-06
unattainable,-2.622125992617345e-05,-4.7955200940073226e-05,-7.569141853643049e-05,-0.00011782619693977263,-0.00020461718048269366
unauthorized,-8.230984194477592e-06,-1.4753919463583698e-05,-1.9287476532327646e-05,-2.3930846652193635e-05,8.714814004111074e-06
unavoidable,-7.701796971080249e-06,-1.3302071444386432e-05,-2.118298283289607e-05,-1.3966243667950595e-05,-3.9096045353798374e-05
unbelievable,-1.3671881256093066e-05,-2.7709618102797706e-05,6.599897570915078e-05,-6.844672348690393e-06,-1.6929951177131016e-05
unbind,-8.267534381846718e-06,-1.620368610732571e-05,2.4208694940974476e-05,-1.8435669289962392e-05,0.00011209281574915771
uncalledfor,-5.642427208804352e-06,-9.974139249283243e-06,-1.2581648285484126e-05,-1.036648891901398e-05,-2.8113248700661777e-06
uncanny,-4.115492097238796e-06,-7.376959731791849e-06,-9.643738266163823e-06,-1.1965423326096818e-05,4.357407002055537e-06
unchangeable,-5.642427208804352e-06,-9.974139249283243e-06,-1.2581648285484126e-05,-1.036648891901398e-05,-2.8113248700661777e-06
uncle,-9.969702377761259e-05,-9.062984378531003e-06,-0.00013019806891416874,0.00021964611733362095,-0.00019955548159815553
unclean,-8.740419975390173e-06,-1.5985066980022623e-05,-2.5230472845474032e-05,-3.9275398979919814e-05,-6.820572682755698e-05
uncleanness,-8.740419975390173e-06,-1.5985066980022623e-05,-2.5230472845474032e-05,-3.9275398979919814e-05,-6.820572682755698e-05
unclouded,-1.6927281626414306e-05,-2.9922417747851945e-05,-3.7744944856455185e-05,-3.109946675704424e-05,-8.43397461019917e-06
uncomfortable,-1.1991314478700102e-05,-1.919711303963962e-05,-2.8112479443661385e-05,-3.0208678337733182e-05,7.956372495121113e-06
unconcerned,-1.1284854417608704e-05,-1.9948278498566486e-05,-2.5163296570968253e-05,-2.073297783802796e-05,-5.6226497401323554e-06
under,-2.0600064903217958e-05,-3.691114968741348e-05,-1.6339388088943486e-05,-7.258159084015754e-06,-3.5631582185733124e-06
undercarriage,-7.928414555517577e-06,-1.3576932814117509e-05,-1.7396337793241638e-05,-1.529887540016259e-05,7.386564149086249e-07
undercover,-6.933013497566917e-06,-1.126901311688474e-05,-1.567677891901629e-05,-5.3955815789465e-06,4.849045299734206e-07
underestimate,-4.115492097238796e-06,-7.376959731791849e-06,-9.643738266163823e-06,-1.1965423326096818e-05,4.357407002055537e-06
underestimated,-4.115492097238796e-06,-7.376959731791849e-06,-9.643738266163823e-06,-1.1965423326096818e-05,4.357407002055537e-06
underground,-2.9544157956353466e-05,-5.151188614398281e-05,-8.80302600205084e-05,6.78387638641041e-05,-0.00011110713403166237
underneath,-9.260811473136898e-06,-1.6652504432408217e-05,-3.465533999120868e-05,0.00014786839378884208,5.6998877024992504e-06
underpants,-1.8445829487598546e-05,-3.115002086890924e-05,-3.668220172607203e-05,-2.909753446523663e-05,3.4483470514509546e-06
underpowered,-7.928414555517577e-06,-1.3576932814117509e-05,-1.7396337793241638e-05,-1.529887540016259e-05,7.386564149086249e-07
understand,-0.0,0.0,0.0,0.0,0.0
understands,-9.260811473136898e-06,-1.6652504432408217e-05,-3.465533999120868e-05,0.00014786839378884208,5.6998877024992504e-06
understood,-1.750807989884121e-05,-2.977733506844132e-05,-4.810958163225524e-05,4.1960997103394044e-05,-1.1725648783690129e-05
undertake,-8.740419975390173e-06,-1.5985066980022623e-05,-2.5230472845474032e-05,-3.9275398979919814e-05,-6.820572682755698e-05
undertaking,-7.701796971080249e-06,-1.3302071444386432e-05,-2.118298283289607e-05,-1.3966243667950595e-05,-3.9096045353798374e-05
underway,-4.115492097238796e-06,-7.376959731791849e-06,-9.643738266163823e-06,-1.1965423326096818e-05,4.357407002055537e-06
undressed,-1.1991314478700102e-05,-1.919711303963962e-05,-2.8112479443661385e-05,-3.0208678337733182e-05,7.956372495121113e-06
uneasy,-7.701796971080249e-06,-1.3302071444386432e-05,-2.118298283289607e-05,-1.3966243667950595e-05,-3.9096045353798374e-05
unequal,-7.701796971080249e-06,-1.3302071444386432e-05,-2.118298283289607e-05,-1.3966243667950595e-05,-3.9096045353798374e-05
unexpected,-1.4910921329285069e-05,-2.5033809602220316e-05,-3.495037957811386e-05,-3.9919803924189915e-05,1.2292507116691056e-05
unexpectedly,-6.148609829199116e-06,-1.0383340289635737e-05,-1.2227400575356544e-05,-9.699178155078256e-06,1.1494490171502262e-06
unfairness,-4.115492097238796e-06,-7.376959731791849e-06,-9.643738266163823e-06,-1.1965423326096818e-05,4.357407002055537e-06
unfamiliar,-4.115492097238796e-06,-7.376959731791849e-06,-9.643738266163823e-06,-1.1965423326096818e-05,4.357407002055537e-06
unfortunate,-8.230984194477592e-06,-1.4753919463583698e-05,-1.9287476532327646e-05,-2.3930846652193635e-05,8.714814004111074e-06
unfortunately,-1.6671920362235724e-05,-2.9413779543427596e-05,-3.745913907767184e-05,-4.244253533430639e-05,1.3699291083239977e-05
unfrank,-1.1991314478700102e-05,-1.919711303963962e-05,-2.8112479443661385e-05,-3.0208678337733182e-05,7.956372495121113e-06
unhappy,-1.1556813458849816e-05,-2.0095808631590405e-05,-3.016298110890071e-05,-3.293816828542728e-05,-4.993397980879034e-05
uniforms,-7.928414555517577e-06,-1.3576932814117509e-05,-1.7396337793241638e-05,-1.529887540016259e-05,7.386564149086249e-07
unintentionally,-7.701796971080249e-06,-1.3302071444386432e-05,-2.118298283289607e-05,-1.3966243667950595e-05,-3.9096045353798374e-05
unit,-1.9065922758435656e-05,-3.077342434853915e-05,-4.384731023915755e-05,-3.0231252190203784e-05,6.581724119972185e-06
universe,-4.115492097238796e-06,-7.376959731791849e-06,-9.643738266163823e-06,-1.1965423326096818e-05,4.357407002055537e-06
university,-7.284945773859547e-05,0.00018860380001416618,4.530289827004434e-06,-6.964570083258597e-06,-4.7103744746932295e-08
unknown,-8.740419975390173e-06,-1.5985066980022623e-05,-2.5230472845474032e-05,-3.9275398979919814e-05,-6.820572682755698e-05
unleashed,0.00026958404360068357,6.658754481846307e-05,1.5864680906217585e-05,4.703955265262531e-06,-5.894113130308773e-07
unless,-1.6411012655192e-05,-2.909311280891366e-05,-3.750352700380873e-05,-4.48962940193575e-05,-5.025608500126221e-05
unlike,-1.3671881256093066e-05,-2.7709618102797706e-05,6.599897570915078e-05,-6.844672348690393e-06,-1.6929951177131016e-05
unlocks,-7.928414555517577e-06,-1.3576932814117509e-05,-1.7396337793241638e-05,-1.529887540016259e-05,7.386564149086249e-07
unlucky,-1.2507387223325423e-05,-2.208702045051797e-05,-4.117241329709614e-05,9.873281265115046e-05,-2.4624672372158777e-05
unmarried,-1.037970047536287e-05,-1.7667118513686998e-05,-2.1843077260020783e-05,-1.8432326412120574e-05,1.3921954182273158e-06
unreal,-4.115492097238796e-06,-7.376959731791849e-06,-9.643738266163823e-06,-1.1965423326096818e-05,4.357407002055537e-06
unroll,-8.740419975390173e-06,-1.5985066980022623e-05,-2.5230472845474032e-05,-3.9275398979919814e-05,-6.820572682755698e-05
unruly,-9.087054360649962e-05,0.00026936276190924494,2.3540349416308355e-05,5.8534753981287895e-06,-8.025388520741435e-07
unsafe,0.00026958404360068357,6.658754481846307e-05,1.5864680906217585e-05,4.703955265262531e-06,-5.894113130308773e-07
unsolved,-4.115492097238796e-06,-7.376959731791849e-06,-9.643738266163823e-06,-1.1965423326096818e-05,4.357407002055537e-06
unspeakable,-5.642427208804352e-06,-9.974139249283243e-06,-1.2581648285484126e-05,-1.036648891901398e-05,-2.8113248700661777e-06
until,-4.4516930904455746e-05,-1.774965298786505e-07,-3.981220908322571e-05,-2.804006778782316e-06,2.0257434341125744e-07
untouched,-4.115492097238796e-06,-7.376959731791849e-06,-9.643738266163823e-06,-1.1965423326096818e-05,4.357407002055537e-06
unuh,-9.087054360649962e-05,0.00026936276190924494,2.3540349416308355e-05,5.8534753981287895e-06,-8.025388520741435e-07
unusual,-1.474628421054502e-05,-2.5120610145347e-05,-3.365104124018695e-05,-2.4601403307155664e-05,-2.7132393685338588e-05
unwarranted,-8.740419975390173e-06,-1.5985066980022623e-05,-2.5230472845474032e-05,-3.9275398979919814e-05,-6.820572682755698e-05
up,-0.0,0.0,0.0,0.0,0.0
upends,-1.1991314478700102e-05,-1.919711303963962e-05,-2.8112479443661385e-05,-3.0208678337733182e-05,7.956372495121113e-06
upon,-3.464144257744665e-05,-6.427729734779761e-05,-2.3303721252431623e-05,-8.494366577119453e-05,-0.00011470403939505695
upper,-3.194722926585311e-05,-5.457130724904358e-05,-8.875265380567715e-05,0.00011196081806086512,-3.212017419095749e-05
uproot,-5.642427208804352e-06,-9.974139249283243e-06,-1.2581648285484126e-05,-1.036648891901398e-05,-2.8113248700661777e-06
upset,0.00030748988486468357,6.397140962766355e-05,2.7022472205292276e-05,-1.2253937371669513e-05,6.72851077136967e-05
upside,-2.5171782388753895e-05,-5.0968133691331535e-05,0.0001415413848764791,5.66493679460601e-06,-4.667620728208715e-05
upstairs,-6.145692793642766e-05,0.00014171070618108377,2.073435063198271e-05,-1.3005867167031944e-05,6.563223020822005e-05
upstart,-8.740419975390173e-06,-1.5985066980022623e-05,-2.5230472845474032e-05,-3.9275398979919814e-05,-6.820572682755698e-05
urahh,-1.0310919426322938e-05,-2.2826063759448474e-05,0.00010879576173084651,1.4648052819501154e-05,-3.167533546792437e-05
urahhh,-2.0621838852645876e-05,-4.565212751889695e-05,0.00021759152346169302,2.929610563900231e-05,-6.335067093584874e-05
urban,-4.115492097238796e-06,-7.376959731791849e-06,-9.643738266163823e-06,-1.1965423326096818e-05,4.357407002055537e-06
urge,-6.758156667650127e-06,-1.173561085338378e-05,-1.2816040009493688e-05,-1.0806638821821616e-05,2.4031576469201507e-08
urgent,-1.1355452663310836e-05,-2.0148277114373645e-05,-2.5664983321135282e-05,-2.4110181301907347e-05,-9.329273212114288e-07
urgh,-3.0932758278968805e-05,-6.847819127834545e-05,0.0003263872851925397,4.394415845850346e-05,-9.502600640377318e-05
uruth,-4.630405736569085e-05,-8.326252216205257e-05,-0.0001732766999560675,0.0007393419689443126,2.8499438512500298e-05
us,-0.0,0.0,0.0,0.0,0.0
use,-0.0,0.0,0.0,0.0,0.0
used,-1.0297051012395605e-05,5.906500449062478e-06,-6.359120623800642e-06,-7.294219970415248e-07,-1.5384675943131002e-06
useful,-1.3940030852066346e-05,-2.707081354009322e-05,4.600675031923502e-05,-6.430918598772264e-06,-1.9699058713796028e-05
useless,7.946147043608767e-05,-2.2843743862212984e-05,1.7146366960546095e-05,0.0001581470717599644,7.935501170503842e-05
uses,-2.075940095072698e-05,-3.5334237027376124e-05,-4.36861545200443e-05,-3.686465282424353e-05,2.7843908364547493e-06
ushiab,-1.5403593942161947e-05,-2.6604142888775358e-05,-4.236596566579612e-05,-2.7932487335903822e-05,-7.81920907076041e-05
using,2.889112647530844e-05,-1.958773146651435e-05,2.7949467934572166e-05,4.361655832659519e-05,-1.918647004851163e-05
usual,-1.7156469740346758e-05,-3.1352776365532904e-05,1.3993206672333198e-05,-1.72122337574535e-05,-9.883070299683043e-06
usually,-7.568240327884655e-06,-1.3095565478678627e-05,-1.612669439406123e-05,-1.597440397537854e-05,4.060482846244693e-06
utensils,-1.1991314478700102e-05,-1.919711303963962e-05,-2.8112479443661385e-05,-3.0208678337733182e-05,7.956372495121113e-06
utilize,-4.115492097238796e-06,-7.376959731791849e-06,-9.643738266163823e-06,-1.1965423326096818e-05,4.357407002055537e-06
uwaa,-6.933013497566917e-06,-1.126901311688474e-05,-1.567677891901629e-05,-5.3955815789465e-06,4.849045299734206e-07
uwaaa,-6.933013497566917e-06,-1.126901311688474e-05,-1.567677891901629e-05,-5.3955815789465e-06,4.849045299734206e-07
v,-7.701796971080249e-06,-1.3302071444386432e-05,-2.118298283289607e-05,-1.3966243667950595e-05,-3.9096045353798374e-05
vacation,-6.780975718592407e-05,8.631019561817679e-05,-3.909394321922028e-05,-3.1020603526341897e-05,2.2847970159943913e-06
vain,-1.1748043600575341e-05,-2.068709794098514e-05,-2.9840912030207686e-05,-2.7943437168297216e-05,-2.2401615061836184e-05
valentina,-6.933013497566917e-06,-1.126901311688474e-05,-1.567677891901629e-05,-5.3955815789465e-06,4.849045299734206e-07
valley,-0.00012923949539182873,-0.00022587965931288842,-0.00030731605193080403,-9.467467966232193e-05,-0.0005869285290462082
valuable,-6.933013497566917e-06,-1.126901311688474e-05,-1.567677891901629e-05,-5.3955815789465e-06,4.849045299734206e-07
value,-1.2695252563152805e-05,-2.13335691237137e-05,-2.9382732680398083e-05,-3.066848578979865e-05,5.546680984489937e-06
valued,-8.267534381846718e-06,-1.620368610732571e-05,2.4208694940974476e-05,-1.8435669289962392e-05,0.00011209281574915771
valve,-9.260811473136898e-06,-1.6652504432408217e-05,-3.465533999120868e-05,0.00014786839378884208,5.6998877024992504e-06
vampire,-4.115492097238796e-06,-7.376959731791849e-06,-9.643738266163823e-06,-1.1965423326096818e-05,4.357407002055537e-06
van,-4.115492097238796e-06,-7.376959731791849e-06,-9.643738266163823e-06,-1.1965423326096818e-05,4.357407002055537e-06
vanish,-5.642427208804352e-06,-9.974139249283243e-06,-1.2581648285484126e-05,-1.036648891901398e-05,-2.8113248700661777e-06
vanished,-5.642427208804352e-06,-9.974139249283243e-06,-1.2581648285484126e-05,-1.036648891901398e-05,-2.8113248700661777e-06
vanishing,-5.642427208804352e-06,-9.974139249283243e-06,-1.2581648285484126e-05,-1.036648891901398e-05,-2.8113248700661777e-06
vapor,-7.701796971080249e-06,-1.3302071444386432e-05,-2.118298283289607e-05,-1.3966243667950595e-05,-3.9096045353798374e-05
vapors,-3.080718788432536e-05,-5.320828577755322e-05,-8.473193133159626e-05,-5.586497467181023e-05,-0.00015638418141521556
various,-1.4445114809097127e-05,-2.5590228463896805e-05,-3.1712342286493356e-05,-3.331199732561011e-05,6.003418612221154e-06
vast,-5.642427208804352e-06,-9.974139249283243e-06,-1.2581648285484126e-05,-1.036648891901398e-05,-2.8113248700661777e-06
vc,-1.1991314478700102e-05,-1.919711303963962e-05,-2.8112479443661385e-05,-3.0208678337733182e-05,7.956372495121113e-06
ve,-0.0,0.0,0.0,0.0,0.0
vegetable,-1.0310919426322938e-05,-2.2826063759448474e-05,0.00010879576173084651,1.4648052819501154e-05,-3.167533546792437e-05
vegetables,-9.087054360649962e-05,0.00026936276190924494,2.3540349416308355e-05,5.8534753981287895e-06,-8.025388520741435e-07
vehicles,-1.0310919426322938e-05,-2.2826063759448474e-05,0.00010879576173084651,1.4648052819501154e-05,-3.167533546792437e-05
veins,-9.260811473136898e-06,-1.6652504432408217e-05,-3.465533999120868e-05,0.00014786839378884208,5.6998877024992504e-06
velocity,-9.260811473136898e-06,-1.6652504432408217e-05,-3.465533999120868e-05,0.00014786839378884208,5.6998877024992504e-06
vengeance,-1.1355452663310836e-05,-2.0148277114373645e-05,-2.5664983321135282e-05,-2.4110181301907347e-05,-9.329273212114288e-07
venice,-6.933013497566917e-06,-1.126901311688474e-05,-1.567677891901629e-05,-5.3955815789465e-06,4.849045299734206e-07
vent,-2.3785243666552766e-05,-4.073079844235258e-05,-5.2189013379724986e-05,-4.5896626200487794e-05,2.2159692447259397e-06
ventured,-4.115492097238796e-06,-7.376959731791849e-06,-9.643738266163823e-06,-1.1965423326096818e-05,4.357407002055537e-06
verb,-9.087054360649962e-05,0.00026936276190924494,2.3540349416308355e-05,5.8534753981287895e-06,-8.025388520741435e-07
verbal,-7.701796971080249e-06,-1.3302071444386432e-05,-2.118298283289607e-05,-1.3966243667950595e-05,-3.9096045353798374e-05
verge,-7.701796971080249e-06,-1.3302071444386432e-05,-2.118298283289607e-05,-1.3966243667950595e-05,-3.9096045353798374e-05
verse,-8.740419975390173e-06,-1.5985066980022623e-05,-2.5230472845474032e-05,-3.9275398979919814e-05,-6.820572682755698e-05
very,-0.0,0.0,0.0,0.0,0.0
vexes,-7.701796971080249e-06,-1.3302071444386432e-05,-2.118298283289607e-05,-1.3966243667950595e-05,-3.9096045353798374e-05
vibration,-7.928414555517577e-06,-1.3576932814117509e-05,-1.7396337793241638e-05,-1.529887540016259e-05,7.386564149086249e-07
vicinity,-5.642427208804352e-06,-9.974139249283243e-06,-1.2581648285484126e-05,-1.036648891901398e-05,-2.8113248700661777e-06
victims,-1.4782603612025262e-05,-2.612650262923401e-05,-3.69517269247435e-05,-3.676614762127187e-05,-1.9188678982838188e-05
victory,-1.6461968388956525e-05,-2.9507838927169806e-05,-3.857495306465848e-05,-4.786169330439109e-05,1.742962800822348e-05
videotape,-4.115492097238796e-06,-7.376959731791849e-06,-9.643738266163823e-06,-1.1965423326096818e-05,4.357407002055537e-06
vietnam,-6.148609829199116e-06,-1.0383340289635737e-05,-1.2227400575356544e-05,-9.699178155078256e-06,1.1494490171502262e-06
view,-6.758156667650127e-06,-1.173561085338378e-05,-1.2816040009493688e-05,-1.0806638821821616e-05,2.4031576469201507e-08
viewers,-8.230984194477592e-06,-1.4753919463583698e-05,-1.9287476532327646e-05,-2.3930846652193635e-05,8.714814004111074e-06
village,-6.024924554836361e-05,-0.00010507618364226793,-0.00013520193669691396,-0.00010783255067055879,-5.326817863730745e-05
villagers,-7.701796971080249e-06,-1.3302071444386432e-05,-2.118298283289607e-05,-1.3966243667950595e-05,-3.9096045353798374e-05
vine,-8.740419975390173e-06,-1.5985066980022623e-05,-2.5230472845474032e-05,-3.9275398979919814e-05,-6.820572682755698e-05
violence,-1.1991314478700102e-05,-1.919711303963962e-05,-2.8112479443661385e-05,-3.0208678337733182e-05,7.956372495121113e-06
violent,-1.679912365094972e-05,-2.9555359792576697e-05,-5.058728191947347e-05,6.302348699853093e-05,-3.977098467737514e-05
violently,-7.701796971080249e-06,-1.3302071444386432e-05,-2.118298283289607e-05,-1.3966243667950595e-05,-3.9096045353798374e-05
visconti,-6.933013497566917e-06,-1.126901311688474e-05,-1.567677891901629e-05,-5.3955815789465e-06,4.849045299734206e-07
visibility,-4.115492097238796e-06,-7.376959731791849e-06,-9.643738266163823e-06,-1.1965423326096818e-05,4.357407002055537e-06
visit,-5.394149611017808e-05,4.9480828470969955e-05,-2.3177851744307888e-05,-4.262440096945337e-05,-1.8095051934407392e-05
visited,-1.3002247632315708e-05,-2.1509436438785008e-05,-3.0005834002341944e-05,-2.9918118442706957e-05,3.7937032585904145e-06
visiting,-8.740419975390173e-06,-1.5985066980022623e-05,-2.5230472845474032e-05,-3.9275398979919814e-05,-6.820572682755698e-05
visitors,-6.148609829199116e-06,-1.0383340289635737e-05,-1.2227400575356544e-05,-9.699178155078256e-06,1.1494490171502262e-06
vivre,-2.3785243666552766e-05,-4.073079844235258e-05,-5.2189013379724986e-05,-4.5896626200487794e-05,2.2159692447259397e-06
voice,0.0001316013795293686,-3.2099603948305455e-05,-6.208565538803395e-05,8.540459275764993e-06,-2.974499558359341e-05
voices,-9.260811473136898e-06,-1.6652504432408217e-05,-3.465533999120868e-05,0.00014786839378884208,5.6998877024992504e-06
voilà,-4.115492097238796e-06,-7.376959731791849e-06,-9.643738266163823e-06,-1.1965423326096818e-05,4.357407002055537e-06
volunteer,-4.115492097238796e-06,-7.376959731791849e-06,-9.643738266163823e-06,-1.1965423326096818e-05,4.357407002055537e-06
vote,-4.115492097238796e-06,-7.376959731791849e-06,-9.643738266163823e-06,-1.1965423326096818e-05,4.357407002055537e-06
vow,-8.230984194477592e-06,-1.4753919463583698e-05,-1.9287476532327646e-05,-2.3930846652193635e-05,8.714814004111074e-06
vowed,-9.47931274427452e-06,-1.722600125843098e-05,-2.5714515778378864e-05,-3.778244415242036e-05,-4.7078588310430935e-05
vows,-1.3448781392121386e-05,-2.6841766449557246e-05,6.739340773772706e-05,-4.798843324577567e-07,-2.2811174684146348e-05
vulnerable,-1.0310919426322938e-05,-2.2826063759448474e-05,0.00010879576173084651,1.4648052819501154e-05,-3.167533546792437e-05
w,-1.2297219658398232e-05,-2.0766680579271475e-05,-2.445480115071309e-05,-1.9398356310156513e-05,2.2988980343004523e-06
wa,-6.933013497566917e-06,-1.126901311688474e-05,-1.567677891901629e-05,-5.3955815789465e-06,4.849045299734206e-07
waa,-6.933013497566917e-06,-1.126901311688474e-05,-1.567677891901629e-05,-5.3955815789465e-06,4.849045299734206e-07
wah,-0.0002592065114859492,-0.00045641609949631653,-0.0008348191327946785,0.0017154025301470042,-0.0006162090260179013
wahh,-4.115492097238796e-06,-7.376959731791849e-06,-9.643738266163823e-06,-1.1965423326096818e-05,4.357407002055537e-06
waist,-4.115492097238796e-06,-7.376959731791849e-06,-9.643738266163823e-06,-1.1965423326096818e-05,4.357407002055537e-06
wait,-0.0,0.0,0.0,0.0,0.0
waited,-1.530107010058392e-05,-2.8759569373838645e-05,2.8964098578216854e-05,-1.2097759955792305e-05,-1.0657788447447635e-05
waiting,1.5280619359512993e-05,-2.071585690344024e-05,-2.1112358072304924e-05,-8.899996330977172e-06,-1.6722582961967697e-05
wake,0.0003874284160687363,0.00030938791816747396,0.0001090263160749111,-6.645474502533579e-05,0.00036525468472581226
wakes,-8.267534381846718e-06,-1.620368610732571e-05,2.4208694940974476e-05,-1.8435669289962392e-05,0.00011209281574915771
walk,2.833485226807766e-05,1.4170999220538707e-05,6.307338207176425e-07,-2.0202069781718948e-05,2.5146628640304854e-05
walked,-8.740419975390173e-06,-1.5985066980022623e-05,-2.5230472845474032e-05,-3.9275398979919814e-05,-6.820572682755698e-05
walker,-6.148609829199116e-06,-1.0383340289635737e-05,-1.2227400575356544e-05,-9.699178155078256e-06,1.1494490171502262e-06
walking,-1.5629409824699773e-05,-3.0162112319743774e-05,2.4540217156459483e-05,-2.7971601213572044e-05,-4.4611241371881246e-05
walks,-2.062831346122788e-05,-3.576806292258689e-05,-4.3969021421086935e-05,-3.4202856742217604e-05,-2.8774328137582006e-05
wall,-1.364938224915921e-05,-2.3883179492304153e-05,-3.82833823348932e-05,5.4038284361763743e-05,-1.6642081105811003e-05
walls,-9.260811473136898e-06,-1.6652504432408217e-05,-3.465533999120868e-05,0.00014786839378884208,5.6998877024992504e-06
wan,3.546637693182931e-05,-0.00010527780208365825,9.832589401325045e-05,-0.00015472783255931,0.0006711423321405786
wander,-7.928414555517577e-06,-1.3576932814117509e-05,-1.7396337793241638e-05,-1.529887540016259e-05,7.386564149086249e-07
wandered,-4.115492097238796e-06,-7.376959731791849e-06,-9.643738266163823e-06,-1.1965423326096818e-05,4.357407002055537e-06
wandering,-1.6444562539578498e-05,-3.098580895202262e-05,5.949185570918018e-05,-1.147363446098171e-05,-1.7489188376431768e-05
want,-0.0,0.0,0.0,0.0,0.0
wanted,-0.0,0.0,0.0,0.0,0.0
wants,-1.0282748423596285e-05,3.660178480755345e-05,2.951413052502887e-05,-1.5659859294495978e-05,1.0613972657272709e-05
war,-5.401944235540438e-05,-9.927312423491337e-05,9.584205072189182e-05,-1.8908702788085213e-05,-4.796446165849677e-05
warehouse,-6.933013497566917e-06,-1.126901311688474e-05,-1.567677891901629e-05,-5.3955815789465e-06,4.849045299734206e-07
warfare,-8.713483589125439e-06,-1.5247693252736297e-05,-2.2730097135671893e-05,-1.9120726715322566e-05,-2.5614551140834125e-05
warlord,-1.1284854417608704e-05,-1.9948278498566486e-05,-2.5163296570968253e-05,-2.073297783802796e-05,-5.6226497401323554e-06
warm,-3.3430441874826155e-05,-6.680504415646152e-05,0.00016852779707951006,7.64045631402034e-05,-5.331196450714956e-05
warmer,-1.3375481622820001e-05,-2.181116101615241e-05,-2.974462928856767e-05,-2.9426076540644546e-05,6.714181725941923e-06
warms,-8.740419975390173e-06,-1.5985066980022623e-05,-2.5230472845474032e-05,-3.9275398979919814e-05,-6.820572682755698e-05
warn,-5.642427208804352e-06,-9.974139249283243e-06,-1.2581648285484126e-05,-1.036648891901398e-05,-2.8113248700661777e-06
warned,0.00011888545875073003,1.4844509553369363e-05,8.361191146542486e-06,-1.732837649493722e-05,5.5010642743333014e-05
warning,-1.2346476291717726e-05,-2.213087919537796e-05,-2.8931214798494673e-05,-3.589626997829423e-05,1.3072221006167883e-05
warrant,-1.3866026995135076e-05,-2.253802623377149e-05,-3.135355783803537e-05,-1.0791163157893955e-05,9.698090599469093e-07
warrior,-8.740419975390173e-06,-1.5985066980022623e-05,-2.5230472845474032e-05,-3.9275398979919814e-05,-6.820572682755698e-05
warriors,-1.6927281626414306e-05,-2.9922417747851945e-05,-3.7744944856455185e-05,-3.109946675704424e-05,-8.43397461019917e-06
warship,-9.260811473136898e-06,-1.6652504432408217e-05,-3.465533999120868e-05,0.00014786839378884208,5.6998877024992504e-06
was,-0.0,0.0,0.0,0.0,0.0
wash,-2.4230385060993894e-05,-4.158960463438387e-05,-3.891690434500011e-05,4.028498355061892e-05,7.804525225298025e-05
washed,-5.642427208804352e-06,-9.974139249283243e-06,-1.2581648285484126e-05,-1.036648891901398e-05,-2.8113248700661777e-06
washing,-9.260811473136898e-06,-1.6652504432408217e-05,-3.465533999120868e-05,0.00014786839378884208,5.6998877024992504e-06
wasn,-2.7397663107487386e-05,-5.755720842329512e-05,0.00019614179593818403,-5.585601531189789e-06,0.00011859173295300339
waste,-8.723783151700539e-05,-0.00018800125930679346,0.0007842512173133419,7.931653619083222e-05,-0.00012022789418559685
wasted,-7.928414555517577e-06,-1.3576932814117509e-05,-1.7396337793241638e-05,-1.529887540016259e-05,7.386564149086249e-07
wasteful,-1.561843861926801e-05,-2.673648005137094e-05,-3.4120101251343754e-05,-2.5783208647370547e-05,-2.146484775106687e-05
wasteland,-0.00027726469095893535,-0.00047887457199799146,-0.0007625873819843865,-0.0005027847720463054,-0.0014074576327369765
wastes,-3.0932758278968805e-05,-6.847819127834545e-05,0.0003263872851925397,4.394415845850346e-05,-9.502600640377318e-05
wasting,-1.5450998320276655e-05,-2.9860820655630937e-05,4.209248905921073e-05,-1.4348574410652195e-05,-1.2971132317220421e-05
watch,6.683564548189975e-05,-1.9258187464861587e-05,-3.430741681635011e-05,3.0380138702911116e-05,5.3245283348152046e-05
watchdog,-7.701796971080249e-06,-1.3302071444386432e-05,-2.118298283289607e-05,-1.3966243667950595e-05,-3.9096045353798374e-05
watched,-4.115492097238796e-06,-7.376959731791849e-06,-9.643738266163823e-06,-1.1965423326096818e-05,4.357407002055537e-06
watches,-9.087054360649962e-05,0.00026936276190924494,2.3540349416308355e-05,5.8534753981287895e-06,-8.025388520741435e-07
watching,-1.4499940238802153e-05,-2.4962677029161313e-05,-2.7915705619491107e-05,-2.3088253842315708e-05,8.829861554134473e-07
water,2.6557446289427092e-05,6.716187851168568e-07,2.2570710013347682e-05,-1.3194386807604553e-05,1.3232349169328636e-05
watercress,-7.928414555517577e-06,-1.3576932814117509e-05,-1.7396337793241638e-05,-1.529887540016259e-05,7.386564149086249e-07
watered,-1.1991314478700102e-05,-1.919711303963962e-05,-2.8112479443661385e-05,-3.0208678337733182e-05,7.956372495121113e-06
watering,-1.1991314478700102e-05,-1.919711303963962e-05,-2.8112479443661385e-05,-3.0208678337733182e-05,7.956372495121113e-06
watermelon,-3.5973943436102904e-05,-5.7591339118923045e-05,-8.433743833099065e-05,-9.062603501320563e-05,2.3869117485365062e-05
waterspout,0.00026958404360068357,6.658754481846307e-05,1.5864680906217585e-05,4.703955265262531e-06,-5.894113130308773e-07
waterwheel,-2.622125992617345e-05,-4.7955200940073226e-05,-7.569141853643049e-05,-0.00011782619693977263,-0.00020461718048269366
wave,0.0004594713017102165,9.163568880767167e-05,7.65982690234816e-05,4.685408299223209e-06,-2.2803355909870408e-05
waves,0.00019233316716268478,3.7311760562441296e-05,-6.905871041157442e-06,-2.5491270097440253e-05,-5.072612709514651e-05
waving,-1.3516313335301455e-05,-2.347122170676966e-05,-2.5632080018989662e-05,-2.1613277643645184e-05,4.8063152938380925e-08
way,-0.0,0.0,0.0,0.0,0.0
ways,-1.976755210893315e-05,-3.871955628589775e-05,5.0978761619639574e-05,4.315989751196794e-05,-4.711428558097842e-05
we,-0.0,0.0,0.0,0.0,0.0
weak,-3.108660272722236e-05,-6.109456059293459e-05,0.00011918312980625667,-1.725199630955239e-05,-7.637215090019628e-05
weakening,0.00026958404360068357,6.658754481846307e-05,1.5864680906217585e-05,4.703955265262531e-06,-5.894113130308773e-07
weakens,-5.642427208804352e-06,-9.974139249283243e-06,-1.2581648285484126e-05,-1.036648891901398e-05,-2.8113248700661777e-06
weakling,-8.267534381846718e-06,-1.620368610732571e-05,2.4208694940974476e-05,-1.8435669289962392e-05,0.00011209281574915771
weakminded,-6.148609829199116e-06,-1.0383340289635737e-05,-1.2227400575356544e-05,-9.699178155078256e-06,1.1494490171502262e-06
weakness,-4.115492097238796e-06,-7.376959731791849e-06,-9.643738266163823e-06,-1.1965423326096818e-05,4.357407002055537e-06
wealth,-4.115492097238796e-06,-7.376959731791849e-06,-9.643738266163823e-06,-1.1965423326096818e-05,4.357407002055537e-06
wealthier,-6.148609829199116e-06,-1.0383340289635737e-05,-1.2227400575356544e-05,-9.699178155078256e-06,1.1494490171502262e-06
weapons,-2.22047550288108e-05,-3.927559875229554e-05,-7.081596207459017e-05,0.00014933579684065399,-3.6443901310621586e-05
wear,-1.0978433049259357e-05,-1.944275736061192e-05,-2.7619580383368495e-05,-3.611142722184957e-05,-4.9443977622182136e-05
wearing,-1.8210607262183982e-05,-3.360642356052563e-05,1.2323132822636142e-05,-2.1935611423891415e-05,-5.28556798662466e-05
wears,-8.267534381846718e-06,-1.620368610732571e-05,2.4208694940974476e-05,-1.8435669289962392e-05,0.00011209281574915771
weary,-8.740419975390173e-06,-1.5985066980022623e-05,-2.5230472845474032e-05,-3.9275398979919814e-05,-6.820572682755698e-05
weather,-3.214450501625302e-05,-5.498971117027939e-05,-6.639724789215673e-05,-5.870944724068512e-05,7.047206921052663e-06
weave,-1.254082305337505e-05,-2.3734392055529673e-05,-7.534084129734534e-07,-4.25532830222995e-05,3.236016542219975e-05
weaving,-8.740419975390173e-06,-1.5985066980022623e-05,-2.5230472845474032e-05,-3.9275398979919814e-05,-6.820572682755698e-05
wedding,-1.7480839950781815e-05,-3.197013396004792e-05,-5.046094569095228e-05,-7.85507979598462e-05,-0.00013641145365512534
weddings,-9.260811473136898e-06,-1.6652504432408217e-05,-3.465533999120868e-05,0.00014786839378884208,5.6998877024992504e-06
wee,-4.115492097238796e-06,-7.376959731791849e-06,-9.643738266163823e-06,-1.1965423326096818e-05,4.357407002055537e-06
weed,0.0005391680872013928,0.00013317508963693234,3.172936181243667e-05,9.407910530525515e-06,-1.1788226260618168e-06
week,-6.758156667650127e-06,-1.173561085338378e-05,-1.2816040009493688e-05,-1.0806638821821616e-05,2.4031576469201507e-08
weeks,-8.230984194477592e-06,-1.4753919463583698e-05,-1.9287476532327646e-05,-2.3930846652193635e-05,8.714814004111074e-06
weep,-4.115492097238796e-06,-7.376959731791849e-06,-9.643738266163823e-06,-1.1965423326096818e-05,4.357407002055537e-06
weight,-2.164889912974159e-05,-3.896143400782901e-05,2.704085700634526e-06,-2.396165236515876e-05,-2.654810550304667e-05
weird,0.00014513886094739425,-1.1338008017712322e-05,5.28828451045984e-05,-6.100360821890323e-05,-3.352771286997381e-05
welcome,-0.00011428511865274524,0.00015513824519091852,4.812014723608986e-05,-7.22274391033774e-05,0.00023038788507300648
well,-0.0,0.0,0.0,0.0,0.0
wellsuited,-6.758156667650127e-06,-1.173561085338378e-05,-1.2816040009493688e-05,-1.0806638821821616e-05,2.4031576469201507e-08
welltrained,-6.758156667650127e-06,-1.173561085338378e-05,-1.2816040009493688e-05,-1.0806638821821616e-05,2.4031576469201507e-08
wellwater,-7.701796971080249e-06,-1.3302071444386432e-05,-2.118298283289607e-05,-1.3966243667950595e-05,-3.9096045353798374e-05
went,-5.753773334979128e-06,-8.305938356501445e-06,-2.9376361197042797e-05,-1.9325820783800747e-05,9.125959364037281e-06
were,-0.0,0.0,0.0,0.0,0.0
weren,-1.0310919426322938e-05,-2.2826063759448474e-05,0.00010879576173084651,1.4648052819501154e-05,-3.167533546792437e-05
west,-2.5459715419295062e-05,-4.613176137772701e-05,-7.383082588900921e-06,-3.347001563083422e-05,-4.556915252524863e-05
western,-1.5261855329628052e-05,-2.614685179865428e-05,-3.399319637280211e-05,-2.4181621902288244e-05,-2.5677935993595345e-06
wet,8.184401376358581e-05,6.0842593737481894e-05,1.909253318332811e-05,-1.9165024165726207e-05,1.8966816333504215e-06
wethey,-7.701796971080249e-06,-1.3302071444386432e-05,-2.118298283289607e-05,-1.3966243667950595e-05,-3.9096045353798374e-05
wh,-3.39498087982585e-05,-6.16506658303277e-05,-4.928980747664275e-05,0.00012664571589015964,6.905133972688356e-05
wha,-8.267534381846718e-06,-1.620368610732571e-05,2.4208694940974476e-05,-1.8435669289962392e-05,0.00011209281574915771
whaa,-1.9291482084919912e-05,-3.1930745703676096e-05,-4.115031944916615e-05,-2.2260256216770982e-05,2.41018269577056e-06
whack,0.00026958404360068357,6.658754481846307e-05,1.5864680906217585e-05,4.703955265262531e-06,-5.894113130308773e-07
whale,0.00026958404360068357,6.658754481846307e-05,1.5864680906217585e-05,4.703955265262531e-06,-5.894113130308773e-07
what,-0.0,0.0,0.0,0.0,0.0
whatever,-2.4518083442621263e-05,-4.663757520067362e-05,5.5306793386167164e-05,-3.095474947493226e-05,4.263284570439441e-05
whatsoever,-1.1991314478700102e-05,-1.919711303963962e-05,-2.8112479443661385e-05,-3.0208678337733182e-05,7.956372495121113e-06
wheel,-1.0310919426322938e-05,-2.2826063759448474e-05,0.00010879576173084651,1.4648052819501154e-05,-3.167533546792437e-05
wheelchair,0.00026958404360068357,6.658754481846307e-05,1.5864680906217585e-05,4.703955265262531e-06,-5.894113130308773e-07
wheelchairs,0.00026958404360068357,6.658754481846307e-05,1.5864680906217585e-05,4.703955265262531e-06,-5.894113130308773e-07
when,-0.0,0.0,0.0,0.0,0.0
whence,-5.642427208804352e-06,-9.974139249283243e-06,-1.2581648285484126e-05,-1.036648891901398e-05,-2.8113248700661777e-06
whenever,-2.222489084504994e-05,-4.34201432962304e-05,7.36972838894068e-05,-1.4367101895996252e-05,-4.18805115053529e-05
where,-0.0,0.0,0.0,0.0,0.0
whereabouts,-9.863023657099817e-06,-1.771813657427938e-05,-3.2663945950495874e-05,0.0001002081184605237,7.415750926671262e-06
wherever,-6.933013497566917e-06,-1.126901311688474e-05,-1.567677891901629e-05,-5.3955815789465e-06,4.849045299734206e-07
whether,4.288386142668327e-05,8.303442759325229e-05,-2.0928209510946017e-05,-3.0577970294611824e-05,8.355619227864789e-06
whew,-2.5426872272208765e-05,-4.250361263698931e-05,-6.209258058840903e-05,3.6917974484187956e-05,8.57994222975269e-06
which,-2.71464119520095e-05,-9.458972234310083e-06,-1.8472349909299335e-05,-2.6463921751534895e-05,2.1724717665503638e-05
while,-1.2244904296194802e-05,1.4738337992183138e-05,1.4298137923449032e-06,-5.421547540676694e-06,8.739624990239172e-06
whines,-6.933013497566917e-06,-1.126901311688474e-05,-1.567677891901629e-05,-5.3955815789465e-06,4.849045299734206e-07
whining,-8.267534381846718e-06,-1.620368610732571e-05,2.4208694940974476e-05,-1.8435669289962392e-05,0.00011209281574915771
whirling,-9.260811473136898e-06,-1.6652504432408217e-05,-3.465533999120868e-05,0.00014786839378884208,5.6998877024992504e-06
whirlpool,-7.701796971080249e-06,-1.3302071444386432e-05,-2.118298283289607e-05,-1.3966243667950595e-05,-3.9096045353798374e-05
whisker,-9.087054360649962e-05,0.00026936276190924494,2.3540349416308355e-05,5.8534753981287895e-06,-8.025388520741435e-07
whiskers,-6.758156667650127e-06,-1.173561085338378e-05,-1.2816040009493688e-05,-1.0806638821821616e-05,2.4031576469201507e-08
whispering,-6.758156667650127e-06,-1.173561085338378e-05,-1.2816040009493688e-05,-1.0806638821821616e-05,2.4031576469201507e-08
whistles,-7.701796971080249e-06,-1.3302071444386432e-05,-2.118298283289607e-05,-1.3966243667950595e-05,-3.9096045353798374e-05
white,-4.9004094994154775e-05,-8.065246260151184e-05,-0.00011139964210513476,-0.00010101184494419125,1.974944818757254e-05
who,-0.0,0.0,0.0,0.0,0.0
whoa,-1.5163430953419955e-05,-2.7260117066207117e-05,-1.8146652818127418e-07,-2.7896936367661575e-05,8.434678334612214e-05
whoever,-1.254082305337505e-05,-2.3734392055529673e-05,-7.534084129734534e-07,-4.25532830222995e-05,3.236016542219975e-05
whole,4.680100203959553e-06,1.1022987321992132e-05,-2.9196872306722924e-05,9.325669704884521e-06,1.7256280715161774e-05
whom,-1.2737752231037798e-05,-2.196935130505527e-05,-3.1015245777668976e-05,-3.1736423618590295e-05,-3.885839867444355e-05
whoops,-2.188649735191587e-05,-3.7877839559451694e-05,-5.48932314554493e-05,-5.7811336696054574e-05,-7.8387742621057e-05
whose,-1.1763207559123718e-05,-2.4185244939362412e-05,7.094352128492269e-05,3.1570131327925783e-06,-2.5428755035231624e-05
why,-0.0,0.0,0.0,0.0,0.0
wide,-1.1763207559123718e-05,-2.4185244939362412e-05,7.094352128492269e-05,3.1570131327925783e-06,-2.5428755035231624e-05
widely,-4.115492097238796e-06,-7.376959731791849e-06,-9.643738266163823e-06,-1.1965423326096818e-05,4.357407002055537e-06
wider,-1.3448781392121386e-05,-2.6841766449557246e-05,6.739340773772706e-05,-4.798843324577567e-07,-2.2811174684146348e-05
wife,0.00011542635607737169,-1.1980581449770051e-05,-6.668839705536718e-05,3.8085526501133506e-06,-0.00010292876974436115
wild,-2.7059819045172562e-05,-4.623761081246505e-05,-6.549786253361442e-05,-5.705847802964765e-05,-6.462279939017593e-05
wildflower,-8.740419975390173e-06,-1.5985066980022623e-05,-2.5230472845474032e-05,-3.9275398979919814e-05,-6.820572682755698e-05
will,-0.0,0.0,0.0,0.0,0.0
willing,-4.115492097238796e-06,-7.376959731791849e-06,-9.643738266163823e-06,-1.1965423326096818e-05,4.357407002055537e-06
wimps,-4.115492097238796e-06,-7.376959731791849e-06,-9.643738266163823e-06,-1.1965423326096818e-05,4.357407002055537e-06
win,-1.8352090668079642e-05,-3.2059286955160526e-05,-3.130486086905295e-05,-3.81258454835052e-05,1.5099932960426034e-05
wind,-5.949805383909858e-06,-7.534825108031616e-05,-0.00016310741648914112,7.23040643128595e-05,-0.0001397506721418621
windmill,-7.701796971080249e-06,-1.3302071444386432e-05,-2.118298283289607e-05,-1.3966243667950595e-05,-3.9096045353798374e-05
window,-9.53540387008172e-05,0.00016308040467711372,0.00010118260752702159,-1.8606187381206476e-05,6.524591172043151e-05
windows,-6.486737503132063e-05,0.00013656601592656873,1.1462065906246582e-05,-2.497747441259339e-05,6.960550179958604e-05
winds,-1.445245003860355e-05,-2.781326806285585e-05,2.4532849511509415e-05,6.633678925523045e-05,-1.0250696241844216e-05
winduser,-7.701796971080249e-06,-1.3302071444386432e-05,-2.118298283289607e-05,-1.3966243667950595e-05,-3.9096045353798374e-05
windward,-1.2507387223325423e-05,-2.208702045051797e-05,-4.117241329709614e-05,9.873281265115046e-05,-2.4624672372158777e-05
wine,-7.928414555517577e-06,-1.3576932814117509e-05,-1.7396337793241638e-05,-1.529887540016259e-05,7.386564149086249e-07
wing,-4.456628297271876e-05,-7.498242480051523e-05,-9.881382947765523e-05,-6.833846820653301e-05,3.7958769968187488e-06
wings,-2.415055574189145e-05,-4.151584197657335e-05,-5.863960085505891e-05,2.2021094650589326e-05,6.876144426816677e-06
winkle,-4.115492097238796e-06,-7.376959731791849e-06,-9.643738266163823e-06,-1.1965423326096818e-05,4.357407002055537e-06
winner,0.0001936658591694841,4.0789145071215124e-05,1.3854961762797415e-07,-5.099709839761716e-07,-7.705812507910247e-08
wins,-1.0038134024684249e-05,-1.6944710129708745e-05,-2.1917107697141593e-05,-1.579530854987511e-05,3.497452564196437e-06
winter,-3.557130851050274e-05,-6.328355443662732e-05,-9.280592824115923e-05,-4.4264764350918715e-05,-9.408347087414969e-05
wipe,-1.2165190343450267e-05,-2.2826604861845253e-05,3.6286626817980115e-06,-3.123897022880314e-05,8.907756196962456e-05
wiping,-1.1991314478700102e-05,-1.919711303963962e-05,-2.8112479443661385e-05,-3.0208678337733182e-05,7.956372495121113e-06
wire,-1.9934778779759884e-05,-3.513003053011918e-05,-6.29765085207401e-05,0.00015554226719596473,-1.5735437657245115e-05
wise,-5.642427208804352e-06,-9.974139249283243e-06,-1.2581648285484126e-05,-1.036648891901398e-05,-2.8113248700661777e-06
wisely,-1.0310919426322938e-05,-2.2826063759448474e-05,0.00010879576173084651,1.4648052819501154e-05,-3.167533546792437e-05
wish,6.373979510927158e-06,-5.759995240238907e-05,-9.844891138533836e-05,-2.2377862619646526e-05,-9.992829648142902e-05
wished,-2.622125992617345e-05,-4.7955200940073226e-05,-7.569141853643049e-05,-0.00011782619693977263,-0.00020461718048269366
wishes,-2.622125992617345e-05,-4.7955200940073226e-05,-7.569141853643049e-05,-0.00011782619693977263,-0.00020461718048269366
witch,-0.00021084889434432036,-0.00042874087925638774,0.0012212604888434076,3.9618500923036164e-05,-0.00028219211868740594
witches,-8.024234454461344e-05,-0.00015385581609886375,0.00022638329139305463,-3.6479807370529144e-05,-9.324609639967456e-05
with,-0.0,0.0,0.0,0.0,0.0
withdraw,-2.4128355345595095e-05,-4.009659702162736e-05,-6.00612004619276e-05,-7.350849973592677e-05,-3.85582544720387e-05
withered,-5.642427208804352e-06,-9.974139249283243e-06,-1.2581648285484126e-05,-1.036648891901398e-05,-2.8113248700661777e-06
within,-2.4515297280343834e-05,-4.3718681042923015e-05,-3.496827528172932e-05,-4.727762175806408e-05,5.0904986166566654e-05
without,-1.643802446105393e-05,-2.9659743542680776e-05,-1.1144653365785901e-05,-1.0786633236601848e-05,-8.13282619910534e-06
withstand,-1.1991314478700102e-05,-1.919711303963962e-05,-2.8112479443661385e-05,-3.0208678337733182e-05,7.956372495121113e-06
witness,0.00018967423986115972,3.27801430678769e-05,-9.634614840921807e-06,-2.299966775691853e-05,9.204205531276223e-06
witnessed,-4.115492097238796e-06,-7.376959731791849e-06,-9.643738266163823e-06,-1.1965423326096818e-05,4.357407002055537e-06
witnesses,-8.88058017037804e-06,-1.545036241150608e-05,-1.9938012655031165e-05,-2.0103343342691335e-05,3.757584729978528e-06
wives,-6.933013497566917e-06,-1.126901311688474e-05,-1.567677891901629e-05,-5.3955815789465e-06,4.849045299734206e-07
wizard,-8.248735541058812e-05,-0.00018260851007559812,0.000870366093846822,0.00011718442255601588,-0.00025340268374340956
wizards,-5.1554597131617015e-05,-0.00011413031879724752,0.0005439788086542575,7.32402640975091e-05,-0.00015837667733962913
wm,-7.701796971080249e-06,-1.3302071444386432e-05,-2.118298283289607e-05,-1.3966243667950595e-05,-3.9096045353798374e-05
wo,3.0689937601178803e-06,3.816873233001957e-05,-9.849765932601188e-05,5.1223267983197144e-05,-3.8098340545778514e-05
woah,-7.449397112164377e-05,-0.00016235608791320816,0.0007077638196949797,7.956131610938763e-05,-0.00020377653785816084
woh,-4.115492097238796e-06,-7.376959731791849e-06,-9.643738266163823e-06,-1.1965423326096818e-05,4.357407002055537e-06
woke,-2.1322770973102925e-05,-4.128279114429479e-05,4.6440062518077964e-05,-4.9603358421539734e-05,0.0002511680055139068
woken,-7.701796971080249e-06,-1.3302071444386432e-05,-2.118298283289607e-05,-1.3966243667950595e-05,-3.9096045353798374e-05
wolf,-9.272507051955668e-06,-1.566364827447067e-05,-2.083636443835738e-05,-1.1622170010447936e-05,-1.7153871194661645e-06
wolves,-5.642427208804352e-06,-9.974139249283243e-06,-1.2581648285484126e-05,-1.036648891901398e-05,-2.8113248700661777e-06
woman,-2.970236629109829e-05,-5.553387695073281e-05,7.333319969837278e-06,2.295729894594204e-05,-7.231524476291087e-05
women,-5.586514848430903e-05,-9.53540084119112e-05,-0.00012593432127895474,-8.862879814197412e-05,-3.3019667126371415e-05
won,-8.948123784209794e-05,-0.000188531183793388,0.000672099166614891,1.7011472653004006e-05,0.00014319476375986693
wonder,-0.0,0.0,0.0,0.0,0.0
wonderful,-1.9511711974969056e-05,0.00018887019988123288,-5.638308047163229e-05,-1.5777486037929354e-05,-4.088989403554543e-05
wonderfully,-8.740419975390173e-06,-1.5985066980022623e-05,-2.5230472845474032e-05,-3.9275398979919814e-05,-6.820572682755698e-05
wondering,-1.0629750636985196e-05,-1.960395627577733e-05,8.834412971344178e-06,-2.0745242845257706e-05,8.349923657887537e-05
wonderland,-4.527041306963347e-05,-8.11465570497224e-05,-0.00010608112092781789,-0.00013161965658708443,4.793147702261777e-05
wondrous,-8.740419975390173e-06,-1.5985066980022623e-05,-2.5230472845474032e-05,-3.9275398979919814e-05,-6.820572682755698e-05
wood,-1.382541257242453e-05,-2.5528197449266284e-05,2.1009985566472914e-05,-1.0811356448074367e-05,-9.732176775137218e-06
woodburning,-1.3516313335301455e-05,-2.347122170676966e-05,-2.5632080018989662e-05,-2.1613277643645184e-05,4.8063152938380925e-08
wooden,-6.933013497566917e-06,-1.126901311688474e-05,-1.567677891901629e-05,-5.3955815789465e-06,4.849045299734206e-07
woodland,-8.740419975390173e-06,-1.5985066980022623e-05,-2.5230472845474032e-05,-3.9275398979919814e-05,-6.820572682755698e-05
woods,-2.8810160408036728e-05,-5.1171398296425425e-05,-6.590239865581823e-05,-7.773337714620898e-05,2.655103539923323e-05
word,-5.4484580491957836e-05,4.225593361568043e-05,-6.428127270384222e-05,3.815273950186878e-05,-5.662836646050971e-05
words,-5.784635510190836e-05,-0.00010299756815398048,-0.00018975097546269923,0.0005122021395346705,-5.5719642538824535e-05
wore,-8.267534381846718e-06,-1.620368610732571e-05,2.4208694940974476e-05,-1.8435669289962392e-05,0.00011209281574915771
work,-2.572753898191727e-05,-2.298744302940135e-05,1.625351313740912e-05,-1.3852257742277206e-06,4.57596926184277e-05
worked,-1.613971726195646e-05,-2.886848333750881e-05,-2.4040042896552477e-05,-3.870544901623702e-05,3.1897936834341366e-06
workers,-2.733312020382758e-05,-4.844998380119435e-05,-3.79454285528811e-05,-5.8966051822263844e-05,8.125660376658497e-05
working,2.3202801426982235e-05,-2.8918218283527823e-05,1.3427498248335457e-05,5.8146281266904985e-05,-8.235800576972338e-06
workmen,-7.928414555517577e-06,-1.3576932814117509e-05,-1.7396337793241638e-05,-1.529887540016259e-05,7.386564149086249e-07
workplace,-5.642427208804352e-06,-9.974139249283243e-06,-1.2581648285484126e-05,-1.036648891901398e-05,-2.8113248700661777e-06
works,-6.333394262892094e-05,0.0001392234259394294,-6.850114478127357e-06,-1.6183500737802386e-05,2.103068241895154e-06
world,-9.101124607779766e-05,-0.00016077915062172925,-0.00019901351303995655,-6.705509475178514e-05,-7.976642772581316e-05
worm,-1.1208131046575647e-05,-2.025700754675581e-05,6.2910122458119775e-06,-1.757198390883542e-05,8.300923439226713e-05
worn,-6.758156667650127e-06,-1.173561085338378e-05,-1.2816040009493688e-05,-1.0806638821821616e-05,2.4031576469201507e-08
wornout,-9.260811473136898e-06,-1.6652504432408217e-05,-3.465533999120868e-05,0.00014786839378884208,5.6998877024992504e-06
worried,1.3763906229095733e-05,6.725182158056195e-05,-9.388909570709098e-06,1.2343292625468036e-05,1.512750448853119e-05
worries,-4.115492097238796e-06,-7.376959731791849e-06,-9.643738266163823e-06,-1.1965423326096818e-05,4.357407002055537e-06
worrisome,-5.642427208804352e-06,-9.974139249283243e-06,-1.2581648285484126e-05,-1.036648891901398e-05,-2.8113248700661777e-06
worry,-0.0,0.0,0.0,0.0,0.0
worrying,-1.2924533966200329e-05,-2.422652737137806e-05,-7.702838585090464e-06,9.543727959064452e-05,8.685450465930198e-05
worrywart,-6.758156667650127e-06,-1.173561085338378e-05,-1.2816040009493688e-05,-1.0806638821821616e-05,2.4031576469201507e-08
worse,-4.364538296953899e-05,1.5070367608382277e-05,-2.464808423848131e-05,-8.46638335112014e-06,1.093748206605982e-06
worsen,-5.642427208804352e-06,-9.974139249283243e-06,-1.2581648285484126e-05,-1.036648891901398e-05,-2.8113248700661777e-06
worship,-8.740419975390173e-06,-1.5985066980022623e-05,-2.5230472845474032e-05,-3.9275398979919814e-05,-6.820572682755698e-05
worshiped,-4.115492097238796e-06,-7.376959731791849e-06,-9.643738266163823e-06,-1.1965423326096818e-05,4.357407002055537e-06
worst,-2.0621838852645876e-05,-4.565212751889695e-05,0.00021759152346169302,2.929610563900231e-05,-6.335067093584874e-05
worth,-1.6440290763083283e-05,-2.9310131138430026e-05,-4.433083485740526e-05,2.0533831684809656e-05,-1.993473659456555e-05
worthless,-6.933013497566917e-06,-1.126901311688474e-05,-1.567677891901629e-05,-5.3955815789465e-06,4.849045299734206e-07
worthy,-4.115492097238796e-06,-7.376959731791849e-06,-9.643738266163823e-06,-1.1965423326096818e-05,4.357407002055537e-06
would,-0.0,0.0,0.0,0.0,0.0
wouldn,-2.7397663107487386e-05,-5.755720842329512e-05,0.00019614179593818403,-5.585601531189789e-06,0.00011859173295300339
wound,-6.77091265056585e-05,-0.00011968967099141003,-0.0001509797794258236,-0.00012439786702817925,-3.373589844079723e-05
wounded,-3.480204785919256e-05,-6.128934205593086e-05,-8.055887173424261e-05,-6.380416423361922e-05,-4.3338009120566726e-05
wounds,-1.9678739807211985e-05,-3.43254495550997e-05,-4.979273290887163e-05,-3.5883503373628474e-05,-6.180083783987353e-05
wove,-8.267534381846718e-06,-1.620368610732571e-05,2.4208694940974476e-05,-1.8435669289962392e-05,0.00011209281574915771
wow,2.8025844126116432e-05,-2.361776909692245e-05,-3.912919746678583e-06,7.883638913612754e-05,-1.7459132328777049e-06
wrap,0.00013177448231584205,0.00024771311487004684,2.9055317430185417e-05,7.784526408463515e-06,-1.0263551014451536e-06
wreak,-4.115492097238796e-06,-7.376959731791849e-06,-9.643738266163823e-06,-1.1965423326096818e-05,4.357407002055537e-06
wreck,-1.2585891194376948e-05,-2.5484066845665767e-05,7.077069243823955e-05,2.832468397303005e-06,-2.3338103641043575e-05
wrench,-9.260811473136898e-06,-1.6652504432408217e-05,-3.465533999120868e-05,0.00014786839378884208,5.6998877024992504e-06
wretch,-7.701796971080249e-06,-1.3302071444386432e-05,-2.118298283289607e-05,-1.3966243667950595e-05,-3.9096045353798374e-05
wretches,-5.642427208804352e-06,-9.974139249283243e-06,-1.2581648285484126e-05,-1.036648891901398e-05,-2.8113248700661777e-06
wring,-1.0310919426322938e-05,-2.2826063759448474e-05,0.00010879576173084651,1.4648052819501154e-05,-3.167533546792437e-05
wrinkled,0.00026958404360068357,6.658754481846307e-05,1.5864680906217585e-05,4.703955265262531e-06,-5.894113130308773e-07
write,-3.49268696236807e-05,-5.879818988337734e-05,-7.301615150472175e-05,-6.869248563889474e-05,1.1304824799297914e-05
writer,-4.115492097238796e-06,-7.376959731791849e-06,-9.643738266163823e-06,-1.1965423326096818e-05,4.357407002055537e-06
writing,-1.5685620198958904e-05,-2.6681561219521675e-05,-4.1572820819940996e-05,4.6327985519761554e-05,5.6937454023157285e-06
writings,-5.642427208804352e-06,-9.974139249283243e-06,-1.2581648285484126e-05,-1.036648891901398e-05,-2.8113248700661777e-06
written,-5.642427208804352e-06,-9.974139249283243e-06,-1.2581648285484126e-05,-1.036648891901398e-05,-2.8113248700661777e-06
wrong,-1.6885797339487803e-06,-2.4947602005395277e-06,-5.850391028840356e-06,7.158445659674948e-07,-6.845688240215274e-06
wrote,-1.7590806170477287e-05,-3.092195346778505e-05,-4.612035400077759e-05,3.721085634164225e-05,-2.856888311205805e-05
wwe,-4.115492097238796e-06,-7.376959731791849e-06,-9.643738266163823e-06,-1.1965423326096818e-05,4.357407002055537e-06
y,-4.1988529710381575e-05,-7.380550802342686e-05,-0.0001298537087637681,0.00021212469886513168,-0.00010576357815956251
ya,-1.6012699202322006e-05,-2.9164051668598234e-05,5.1597485238312145e-06,-3.0348352774088185e-05,0.00010926542205278632
yachan,-6.148609829199116e-06,-1.0383340289635737e-05,-1.2227400575356544e-05,-9.699178155078256e-06,1.1494490171502262e-06
yae,-6.148609829199116e-06,-1.0383340289635737e-05,-1.2227400575356544e-05,-9.699178155078256e-06,1.1494490171502262e-06
yaechan,-1.2297219658398232e-05,-2.0766680579271475e-05,-2.445480115071309e-05,-1.9398356310156513e-05,2.2988980343004523e-06
yaeko,-5.533748846279554e-05,-9.345006260672762e-05,-0.00011004660517821585,-8.729260339570985e-05,1.0345041154352744e-05
yah,-1.8521622946275386e-05,-3.330500886481932e-05,-6.931067998242342e-05,0.0002957367875777097,1.1399775404999465e-05
yahhh,-9.087054360649962e-05,0.00026936276190924494,2.3540349416308355e-05,5.8534753981287895e-06,-8.025388520741435e-07
yahoo,-6.758156667650127e-06,-1.173561085338378e-05,-1.2816040009493688e-05,-1.0806638821821616e-05,2.4031576469201507e-08
yakkuru,-6.206669929685286e-05,-0.0001097155317421245,-0.00013839813114033644,-0.00011403137810916303,-3.092457357073035e-05
yaks,-9.260811473136898e-06,-1.6652504432408217e-05,-3.465533999120868e-05,0.00014786839378884208,5.6998877024992504e-06
yamadera,-6.148609829199116e-06,-1.0383340289635737e-05,-1.2227400575356544e-05,-9.699178155078256e-06,1.1494490171502262e-06
yamato,-1.1284854417608704e-05,-1.9948278498566486e-05,-2.5163296570968253e-05,-2.073297783802796e-05,-5.6226497401323554e-06
yank,-8.267534381846718e-06,-1.620368610732571e-05,2.4208694940974476e-05,-1.8435669289962392e-05,0.00011209281574915771
yanma,-7.701796971080249e-06,-1.3302071444386432e-05,-2.118298283289607e-05,-1.3966243667950595e-05,-3.9096045353798374e-05
yard,-4.115492097238796e-06,-7.376959731791849e-06,-9.643738266163823e-06,-1.1965423326096818e-05,4.357407002055537e-06
yawn,-9.087054360649962e-05,0.00026936276190924494,2.3540349416308355e-05,5.8534753981287895e-06,-8.025388520741435e-07
yay,-1.288913615986075e-05,-2.2437434934129204e-05,-3.0760285539470395e-05,-2.7782433870406907e-05,-1.7062893491128446e-05
yea,-7.86820651265416e-05,0.00011462039216455172,-5.224142434621289e-05,7.398176024885792e-05,4.27385207456681e-06
yeah,-0.0,0.0,0.0,0.0,0.0
yeahy,-1.1991314478700102e-05,-1.919711303963962e-05,-2.8112479443661385e-05,-3.0208678337733182e-05,7.956372495121113e-06
year,-3.692238389405089e-05,-6.449261313614118e-05,-8.711655190901248e-05,-8.579438965039183e-05,-3.019206669947264e-05
yearn,-6.148609829199116e-06,-1.0383340289635737e-05,-1.2227400575356544e-05,-9.699178155078256e-06,1.1494490171502262e-06
yearned,-8.740419975390173e-06,-1.5985066980022623e-05,-2.5230472845474032e-05,-3.9275398979919814e-05,-6.820572682755698e-05
years,-6.502661493221618e-06,-1.0396280897412623e-05,-3.091143427059821e-05,-9.075477828458306e-06,-2.720867335004453e-05
yelled,-6.758156667650127e-06,-1.173561085338378e-05,-1.2816040009493688e-05,-1.0806638821821616e-05,2.4031576469201507e-08
yelling,-9.087054360649962e-05,0.00026936276190924494,2.3540349416308355e-05,5.8534753981287895e-06,-8.025388520741435e-07
yen,-4.012644486846119e-05,-6.54334830484592e-05,-8.923388786570525e-05,-8.827822962193549e-05,2.0142545177826008e-05
yep,-5.032351372897863e-05,-8.945156197121671e-05,-8.737849875449543e-07,-6.448748683551188e-05,5.4320912439882874e-05
yes,-0.0,0.0,0.0,0.0,0.0
yessir,-5.642427208804352e-06,-9.974139249283243e-06,-1.2581648285484126e-05,-1.036648891901398e-05,-2.8113248700661777e-06
yesterday,-2.636885120556642e-05,-4.736718470394895e-05,-5.1330237179683816e-05,9.970669062172021e-05,6.798719751824336e-05
yet,-0.0,0.0,0.0,0.0,0.0
yield,-5.642427208804352e-06,-9.974139249283243e-06,-1.2581648285484126e-05,-1.036648891901398e-05,-2.8113248700661777e-06
yknow,-1.2297219658398232e-05,-2.0766680579271475e-05,-2.445480115071309e-05,-1.9398356310156513e-05,2.2988980343004523e-06
yoko,-1.4910921329285069e-05,-2.5033809602220316e-05,-3.495037957811386e-05,-3.9919803924189915e-05,1.2292507116691056e-05
yoohoo,-9.260811473136898e-06,-1.6652504432408217e-05,-3.465533999120868e-05,0.00014786839378884208,5.6998877024992504e-06
yoroshiku,-9.087054360649962e-05,0.00026936276190924494,2.3540349416308355e-05,5.8534753981287895e-06,-8.025388520741435e-07
yoshi,-1.6461968388956525e-05,-2.9507838927169806e-05,-3.857495306465848e-05,-4.786169330439109e-05,1.742962800822348e-05
yoshiesan,0.0008087521308021022,0.0001997626344554019,4.759404271865575e-05,1.4111865795788491e-05,-1.7682339390927557e-06
you,-0.0,0.0,0.0,0.0,0.0
young,-2.631297109215422e-05,-2.1875725904470356e-05,-1.4038573819164302e-05,-1.3517514771025771e-05,-6.281580350107752e-06
younger,-4.6015550319873384e-05,5.494170844772535e-05,5.531851081046275e-05,-6.729593591063711e-06,-1.751015914403541e-05
youngsters,-4.115492097238796e-06,-7.376959731791849e-06,-9.643738266163823e-06,-1.1965423326096818e-05,4.357407002055537e-06
youngun,-6.933013497566917e-06,-1.126901311688474e-05,-1.567677891901629e-05,-5.3955815789465e-06,4.849045299734206e-07
youout,0.00026958404360068357,6.658754481846307e-05,1.5864680906217585e-05,4.703955265262531e-06,-5.894113130308773e-07
your,-0.0,0.0,0.0,0.0,0.0
yours,7.721805777343165e-05,-1.7630505312861e-06,2.0707770004761025e-06,3.1922987644156582e-06,-8.575730019854351e-06
yourself,-2.97332992472003e-05,-4.489728398237286e-06,2.2573404282102294e-05,1.1613139328745829e-05,3.0449490039567843e-05
yourselves,-1.563128088919248e-05,-2.8568180201413363e-05,-2.148196392508792e-05,4.5919873242717074e-05,5.531569396260029e-05
youth,-5.642427208804352e-06,-9.974139249283243e-06,-1.2581648285484126e-05,-1.036648891901398e-05,-2.8113248700661777e-06
yubaba,-0.00019015329078248973,-0.00037268478046852105,0.0005567999836424575,-0.0004240203936691691,0.0025781347622308337
yuck,-8.267534381846718e-06,-1.620368610732571e-05,2.4208694940974476e-05,-1.8435669289962392e-05,0.00011209281574915771
yum,-9.260811473136898e-06,-1.6652504432408217e-05,-3.465533999120868e-05,0.00014786839378884208,5.6998877024992504e-06
yummy,-1.0310919426322938e-05,-2.2826063759448474e-05,0.00010879576173084651,1.4648052819501154e-05,-3.167533546792437e-05
yup,-3.84017652369909e-05,-6.205940559113928e-05,-9.002581405070477e-05,-9.792024252593702e-05,2.6679475913778624e-05
yupa,-0.00016943953336379306,-0.00029264557177654914,-0.00046602562232378935,-0.0003072573606949629,-0.0008601129977837039
yyes,-1.6927281626414306e-05,-2.9922417747851945e-05,-3.7744944856455185e-05,-3.109946675704424e-05,-8.43397461019917e-06
yyou,-1.0310919426322938e-05,-2.2826063759448474e-05,0.00010879576173084651,1.4648052819501154e-05,-3.167533546792437e-05
zaoh,-3.689165897519709e-05,-6.230004173781848e-05,-7.336440345214406e-05,-5.819506893047326e-05,6.896694102901909e-06
zauberberg,-7.928414555517577e-06,-1.3576932814117509e-05,-1.7396337793241638e-05,-1.529887540016259e-05,7.386564149086249e-07
zeniba,-7.440780943662551e-05,-0.00014583317496594136,0.000217878254468785,-0.00016592102360967276,0.0010088353417424883
zero,-7.928414555517577e-06,-1.3576932814117509e-05,-1.7396337793241638e-05,-1.529887540016259e-05,7.386564149086249e-07
zo,-2.3982628957401547e-05,-3.83942260792814e-05,-5.6224958887326e-05,-6.0417356675469624e-05,1.591274499024311e-05
zohsui,-1.1991314478700102e-05,-1.919711303963962e-05,-2.8112479443661385e-05,-3.0208678337733182e-05,7.956372495121113e-06
zone,-8.230984194477587e-06,-1.4753919463583692e-05,-1.9287476532327653e-05,-2.39308466521936e-05,8.714814004111052e-06
zosui,-2.398262895740153e-05,-3.839422607928137e-05,-5.622495888732597e-05,-6.041735667546954e-05,1.5912744990242994e-05
