term_str,0,1,2,3,4,5,6,7,8,9,10,11,12,13,14,15,16,17,18,19,20,21,22,23,24,25,26,27,28,29,30,31,32,33,34,35,36,37,38,39,40,41,42,43,44,45,46,47,48,49,50,51,52,53,54,55,56,57,58,59,60,61,62,63,64,65,66,67,68,69,70,71,72,73,74,75,76,77,78,79,80,81,82,83,84,85,86,87,88,89,90,91,92,93,94,95,96,97,98,99
the,-0.14695631,0.025332708,-0.01588253,0.15438522,-0.30491543,0.34483066,-0.08390885,0.24384671,-0.20669161,-0.10107666,0.066353194,-0.06735658,0.15854616,0.2961645,-0.08408768,0.25849438,0.080839135,-0.21038836,0.052180316,0.1649115,0.11892383,-0.25953948,-0.148136,0.3899263,0.2051218,0.10077622,0.03371357,0.08128648,-0.111955754,-0.1254831,-0.006452443,-0.46007633,-0.24713609,0.014748818,0.07864261,-0.11812786,0.20417379,-0.06569028,0.039281145,0.07510231,0.0091230115,0.16797943,0.34843522,-0.12566768,-0.13249485,0.1757158,-0.047431353,0.10627866,0.0983047,0.10372961,0.082958,-0.41591516,-0.17483228,0.13171448,0.045480914,-0.29597512,0.064288996,0.14584363,0.040791515,0.12850228,0.14815542,-0.1227146,-0.40888876,0.15246378,0.10719508,-0.115165964,0.18684164,-0.0687027,-0.24024034,-0.126197,0.21695662,-0.34449586,-0.15303685,-0.26033717,0.05188465,-0.0074843853,0.0035848063,-0.09703424,-0.19367577,-0.03029116,-0.00014648816,0.05534863,-0.14924066,0.0068452978,-0.19517472,0.049656637,-0.24510056,-0.20304179,-3.0757277e-05,0.08097211,-0.019559728,0.31350863,0.09687089,0.09898502,0.10114953,-0.012153419,-0.0041730986,-0.0013685607,-0.07541825,-0.110014424
you,0.15919504,0.003025008,0.14197564,-0.083871596,-0.0007776828,0.16507,0.13305889,0.1064822,-0.09652185,0.14933972,-0.19770251,-0.04503181,0.12948279,0.28583422,-0.21531531,-0.19495605,-0.09227288,-0.29528925,-0.23339418,-0.01678744,0.16032352,0.03885861,-0.13215831,0.26559943,0.32299066,0.037907757,-0.22920834,0.09811963,-0.23424733,0.06903353,0.021068491,-0.02549987,-0.22032961,0.12543577,0.13703977,0.14836694,-0.09360398,-0.17724232,-0.023483606,-0.22341363,0.12219442,-0.19279706,0.11516644,0.1256416,0.13193254,0.31311664,-0.025028523,-0.08140755,0.31409532,-0.16515031,0.021871367,-0.24730258,0.006741334,-0.02567944,-0.058243908,-0.16997185,-0.39219293,-0.17075047,-0.041564748,0.24539909,-0.1127743,-0.20606394,-0.32966918,-0.09099288,0.18557806,0.14598577,-0.147906,-0.15426084,0.010728504,-0.19145657,-0.29073763,-0.22467016,-0.34562406,0.08605169,0.13983873,-0.016206611,0.16253403,-0.04907467,-0.22934075,-0.19461629,0.018127043,-0.22252072,-0.071224906,0.23580611,-0.18524964,0.14452557,-0.3850383,-0.44057,-0.24103925,0.11491333,-0.06202615,0.08757918,0.16821525,-0.268036,0.10509663,-0.07120193,0.072088584,-0.038220152,-0.101481974,-0.09972103
i,-0.09574412,0.17312099,0.18210033,0.10125115,0.013899263,-0.005878944,0.047530886,0.24417244,-0.03722013,0.22687471,-0.25273657,0.036782667,0.26415336,0.10252561,-0.050000485,-0.35336974,0.04866913,-0.31995168,-0.15138574,0.113247305,0.12232611,0.1682325,-0.22031187,0.10361961,0.35145098,-0.13302124,-0.12161577,0.16190934,-0.116803624,-0.2726698,-0.16305888,-0.037070878,-0.20734304,0.10395625,0.08285376,0.22028121,-0.027381329,-0.14293921,-0.15949093,-0.101318486,-0.21049172,0.049008317,-0.13261954,0.2836585,0.038586143,0.16122615,0.22629896,-0.00040478088,0.2542795,-0.051369388,-0.11655294,-0.07306374,-0.10591095,-0.2835701,0.0100191645,-0.33211488,-0.1911246,-0.3032991,-0.16104206,0.17475832,-0.124478735,-0.34725395,-0.4874905,0.18447407,0.06371756,0.2620378,-0.22335277,0.040865973,-0.10402421,0.00618296,-0.19986826,-0.22883815,-0.37900245,0.17555733,0.07570733,-0.00931839,0.20540182,-0.01944404,-0.27326554,-0.5132592,-0.20466965,-0.12584908,0.045449056,0.18277222,-0.3071432,0.06224689,-0.15125464,-0.31794158,0.0027630245,0.062255498,-0.0955612,0.14305907,0.31436002,-0.41573673,0.06626801,0.02678772,0.06506586,0.04820444,-0.14449485,-0.29991788
s,-0.18277076,0.22900158,-0.11076012,0.19494821,-0.12137162,-0.12650776,-0.23261963,-0.08381521,-0.2061229,0.22326764,-0.21514128,0.030124556,-0.082198165,-0.010820767,0.021236807,-0.19234897,0.16247143,0.058035664,0.0551511,0.17504928,-0.13481389,-0.20097286,-0.11738133,0.14994352,0.40806141,-0.032985386,-0.22691022,-0.25528166,-0.21209966,0.1179412,-0.07339879,-0.034074556,-0.17503405,0.10225182,-0.21715617,0.36565015,0.34822786,-0.48758876,0.109876916,0.298029,0.14696646,-0.02427936,0.23086993,-0.10489175,0.15215744,0.0016737506,0.040273692,0.06952455,0.12732325,-0.13319132,-0.17201151,-0.34330568,0.0023269665,0.11720093,0.13824002,0.2940431,-0.13133647,0.16242597,-0.3669376,0.26734707,0.085039385,0.18716852,-0.32560325,-0.045992497,0.072332695,0.08189849,-0.078605935,-0.12357068,-0.12008482,0.043611832,-0.10593618,-0.17688663,-0.27618515,-0.028904106,0.06915273,-0.039827663,0.0006184082,0.07101851,-0.1762691,-0.40346226,-0.25926623,0.22261146,0.16420548,-0.038340174,-0.26535907,-0.058855504,-0.26723808,-0.17755604,-0.140441,-0.14059833,0.040592503,0.012912335,0.068300456,0.03897677,0.12449738,0.28036702,-0.00095638644,-0.23555262,-0.32802573,-0.042805195
to,0.14852303,0.144695,-0.010881803,0.1458467,-0.25409794,0.124183364,0.015818141,0.09473635,-0.0863139,-0.0838479,-0.2003255,-0.07315705,0.10442926,0.12939394,-0.32662228,-0.095362335,0.1791982,-0.22646745,-0.21674606,0.15462412,0.22634898,-0.052262325,-0.10016529,0.19762777,0.19923562,0.00040784574,-0.0151380105,0.16382225,-0.30764872,-0.15543368,-0.13568102,-0.0014898148,-0.12041869,-0.048724055,0.026250273,0.07228258,0.03484789,-0.08057896,-0.07689952,0.07401338,0.051779855,-0.13748541,0.20660295,0.0823741,-0.04262588,0.10067629,0.08087481,0.14007068,0.115697555,-0.005352159,-0.09135208,-0.23547553,-0.1177254,-0.036393087,0.07807695,-0.1842473,-0.13234426,0.009362628,-0.10660168,0.058144066,-0.062261917,-0.24612094,-0.340639,0.10378349,-0.039878383,0.07535891,-0.121002235,0.014944226,-0.20395386,0.083417475,-0.111240976,-0.12471502,-0.15685838,0.0059327413,-0.015079811,-0.10194062,0.057588138,0.08276749,-0.20667243,-0.4456065,-0.15267602,0.11699247,-0.046795264,0.20885946,-0.23328683,0.0010273264,-0.24085322,-0.30917248,0.014963589,0.06220757,0.022571351,0.18034758,0.23738606,-0.19360018,0.0074464167,0.05799582,0.03216646,0.03709559,0.06811166,-0.19311185
it,-0.25468937,0.081126235,-0.018703816,0.14981732,-0.11261424,0.05498847,-0.13682348,0.08425429,-0.1703965,0.19348347,-0.035624072,0.06330006,0.19904964,0.10583081,0.055020127,-0.219883,0.09377123,-0.20145738,-0.21130228,0.00956847,0.032017216,-0.0513241,-0.14211543,0.16798168,0.3200185,-0.11847501,-0.06859334,-0.12358495,-0.001471269,0.09903514,-0.07657345,-0.30509785,-0.09910686,0.03937556,-0.0057229577,0.18037517,0.030766364,-0.341284,0.10132539,0.07151502,0.064912945,-0.045702424,0.11692802,-0.08544848,0.09720813,-0.023056285,0.084226206,-0.014403779,0.22960018,-0.03053397,-0.04506084,-0.3504325,-0.027228283,0.0010341787,0.25216028,0.017909432,0.02400851,-0.05463855,-0.0892408,0.29033458,-0.08785555,-0.23810987,-0.25706312,-0.09052327,0.14347053,0.005261139,0.0050673047,-0.0923947,0.015638096,-0.14005111,0.10788872,-0.27015224,-0.32791424,-0.17619234,0.02574663,-0.116584904,0.16200423,-0.08584401,-0.20112121,-0.21429743,-0.17541759,0.04554004,-0.11980003,-0.06219938,-0.23672745,0.12129367,-0.21779324,-0.35374105,-0.08599255,0.070230834,0.055162683,0.16352159,0.09716829,0.0028762005,-0.1081142,-0.049259603,0.1468901,-0.036885664,-0.09559664,-0.0593825
a,-0.22343388,0.03946475,0.08707712,-0.07444243,-0.0044755624,0.12463478,-0.109534964,0.11252071,-0.07856124,0.24228488,0.031203834,-0.017266255,0.11690752,0.044089854,-0.034293294,-0.10978594,0.11683935,-0.13222459,-0.11984309,0.04226952,0.10649007,-0.0277401,-0.22916949,0.18884023,0.33848348,-0.027762199,-0.10213374,0.05560305,-0.12037841,-0.0424809,-0.07222063,-0.28016806,-0.047160532,0.039006833,-0.17706862,0.33973417,0.12696,-0.3050634,0.08741021,0.0651667,-0.035693094,0.17067693,0.2026766,-0.023074474,0.021800904,0.07957372,0.060191154,0.018809577,0.27560562,0.040218078,-0.024360493,-0.2991223,-0.11186726,0.022162726,0.11247531,-0.005782227,0.016926264,-0.0023433806,-0.15819089,0.19714831,-0.1250941,-0.041829012,-0.37219992,-0.05182579,0.101870015,0.1290974,-0.061812844,0.09480284,-0.08957049,-0.13139334,0.10010014,-0.24382226,-0.20893402,-0.18324211,0.08026251,-0.05643691,0.11162683,-0.10487091,-0.24673541,-0.06665896,-0.23042883,-0.110146545,-0.096650556,-0.04146115,-0.36658087,-0.029296745,-0.25529742,-0.23672672,-0.16430949,0.08347532,-0.04758304,0.097491875,0.038403593,-0.021619273,0.023785517,-0.06144616,0.15312734,-0.08511579,-0.1787671,-0.13785225
that,-0.19369586,0.15059379,0.019342273,0.09989853,-0.1599912,0.1383306,-0.036497813,0.07563238,-0.106425986,0.14845905,-0.060743954,0.015733734,0.1917965,0.16324736,-0.0122798,-0.108218916,0.11144441,-0.19848414,-0.14651991,0.015923264,0.072358094,0.017057227,-0.163014,0.21864918,0.32750764,-0.14653333,-0.08726426,-0.08026627,-0.07373193,0.047136426,0.003254962,-0.27356365,-0.049341112,0.08494111,-0.00333471,0.2106742,0.10066499,-0.2096468,0.10064544,0.03961444,0.040652268,0.034366682,0.22849719,-0.013808653,0.05218279,0.018268837,0.065466344,0.033412565,0.23742643,0.003712825,0.02701413,-0.39319927,-0.07672194,0.008514428,0.16037947,-0.06931215,0.00842453,0.0013252608,-0.05951833,0.21387672,-0.04023514,-0.23769623,-0.23150682,-0.06651178,0.12464388,0.035928007,0.019218171,-0.01221744,-0.06531146,-0.10365686,0.061826516,-0.21781114,-0.36296177,-0.11591822,0.098225795,-0.09199336,0.12324695,0.010324466,-0.1995857,-0.14227308,-0.097566605,-0.011825207,-0.12870398,-0.0495323,-0.31930038,0.06707184,-0.33212057,-0.3015261,-0.09141392,0.03733673,-0.09181262,0.05349314,0.036088683,-0.032638453,-0.045573726,-0.06868173,0.16086842,-0.010946686,-0.12898588,-0.055758424
is,0.013357461,0.13564485,-0.069359794,0.21046661,-0.058814056,0.08373761,0.004095273,0.060328275,-0.22576258,0.19000667,-0.21751699,0.018415695,-0.083155155,0.026524452,0.049028452,-0.00094563724,-0.05008781,-0.100008614,0.00197348,0.352415,-0.23459862,-0.20088317,-0.11679094,0.1632999,0.34826228,-0.030324452,0.08312036,-0.045402788,-0.09481939,-0.19062011,-0.061245438,-0.116128266,-0.116778776,0.068115264,-0.06962446,0.20028049,0.29889885,-0.2780884,0.15578346,0.162926,0.10843006,-0.050002888,0.2886865,-0.16940333,0.06689078,-0.06300123,-0.041791756,-0.0032060368,0.19294459,-0.14749102,0.087101996,-0.35498625,-0.015980933,0.16364336,0.11045295,0.115455575,-0.03780067,0.00011445819,-0.19998614,0.14998917,0.10539376,0.060528852,-0.45943534,-0.019616855,0.12099526,-0.010924524,0.031944536,0.025603343,-0.031610664,-0.07830322,0.08126874,-0.17856424,-0.23445232,-0.19869746,0.17597882,-0.014156063,0.101701915,0.08849759,-0.1968677,-0.19822352,-0.13966809,0.12795821,0.043355264,-0.06787762,-0.29970074,0.009677266,-0.35097995,-0.34074965,-0.14725402,-0.06141328,-0.07697195,0.13345383,0.09507397,0.14036344,0.03841498,0.15256809,0.08656252,-0.18339261,-0.31029326,-0.088805914
nt,-0.24189876,-0.030423552,-0.12680116,0.38306877,-0.13383791,0.087841175,0.007828796,-0.067763545,-0.24446215,-0.011128854,-0.18672745,-0.047405165,0.15157814,0.4717331,-0.23640384,-0.1701474,0.003734506,-0.0825533,-0.37684485,0.21844326,0.24390131,-0.10570958,-0.00027287778,-0.06355447,0.078292035,0.108120106,-0.11795125,-0.039951183,-0.23534915,0.11648745,-0.025824608,-0.022706237,-0.21154127,0.13589863,0.0087897675,0.26877877,-0.3172277,-0.346332,-0.042211737,0.09734205,0.20171133,-0.15036938,0.44672665,0.025006155,-0.02560769,-0.105159394,0.1826684,-0.08549596,0.3682919,-0.2101851,-0.27595896,-0.47117677,0.04534199,0.025559453,0.0653152,-0.16300325,-0.1161685,0.12681204,0.082861505,0.20102622,-0.19518545,-0.51836777,-0.1231053,-0.20980997,0.21256371,0.060467884,0.13369933,-0.21191971,0.26844296,-0.21412212,-0.22913268,-0.32219538,-0.37693635,0.035543196,-0.060801268,-0.22853523,-0.010997054,0.23985963,-0.3972218,-0.24304028,-0.05236034,0.08801763,0.05903781,0.08340188,-0.15907925,0.2365745,-0.33486733,-0.4528068,-0.29556724,0.12878662,0.052996237,-0.010561825,-0.06803125,-0.17029198,0.113349386,0.20164411,0.0071892226,-0.15530664,0.08631197,-0.05217559
of,0.016471494,0.20913868,0.044026457,0.1728916,-0.43203807,0.3700002,0.05388454,0.25492743,-0.13705441,-0.048500217,-0.10473712,0.037472054,-0.008590035,0.124479055,-0.13178676,0.1883326,0.10515939,-0.21935967,-0.09783121,0.26033607,0.013608172,-0.24983832,-0.06699554,0.30895674,0.28774154,-0.081445426,0.016945707,0.07143093,-0.17653967,-0.24106094,-0.022537142,-0.28697667,-0.09734561,-0.025259046,0.017752498,-0.014567644,0.28596014,-0.03505206,0.13207549,0.08171195,-0.02679912,0.039350063,0.29596287,-0.035594337,-0.08329446,-0.011863197,-0.03807999,0.07891826,0.06424981,0.020730317,0.10580201,-0.40698874,-0.23367979,0.14187363,0.006999907,-0.14342386,0.013501981,0.1636174,0.018865839,0.07574426,0.10606354,-0.11470022,-0.36367497,0.12584127,0.06316017,-0.121700905,0.12751023,0.05232577,-0.33109018,-0.06576027,0.120368674,-0.1672462,-0.16395739,-0.18012674,0.09855106,-0.16782199,0.047383808,0.0662955,-0.16644625,-0.15321046,0.016414518,0.24680267,-0.10258277,0.029234575,-0.24343812,-0.016853401,-0.273502,-0.117868155,0.050735634,0.007284232,-0.20592766,0.14552084,0.18291137,0.0302852,-0.01995791,-0.027532302,0.086036086,0.10360262,-0.059362672,-0.105352595
and,-0.0716758,0.14498681,-0.00767027,0.057105232,-0.38184842,0.25646806,-0.072059184,0.26138642,-0.16461669,-0.09461142,-0.110137284,-0.061870504,0.095383495,0.11089418,-0.259394,0.039328482,0.16826488,-0.15177253,-0.13404067,0.16722982,0.075326666,-0.18663853,-0.09114894,0.22683936,0.16020694,0.06652107,-0.08382986,0.14160527,-0.17481992,-0.19155653,-0.09785191,-0.14773007,-0.09252918,-0.008685901,0.016632967,0.05801571,0.18597464,-0.081444696,0.011381608,0.0577002,0.0029656412,-0.022968974,0.2864564,-0.018166484,-0.103940226,0.13316256,0.042598877,0.0681944,-0.00357985,0.1602511,-0.08631333,-0.36673492,-0.20205536,0.07178511,0.06453713,-0.102292694,-0.003376157,0.15402316,-0.13679574,0.1100017,-0.029756645,-0.08848786,-0.31892854,0.10366377,0.02146838,0.03619006,-0.029116243,-0.04385981,-0.29820108,-0.00901033,0.033956733,-0.14910287,-0.12801045,-0.0757094,-0.04728331,-0.19117233,0.0072779725,0.0065516145,-0.15362145,-0.30667216,-0.07917707,0.2156394,-0.062694155,0.10685123,-0.24263288,-0.019102106,-0.20037378,-0.18034148,-0.019387787,0.041762203,-0.15952127,0.15724844,0.10448856,-0.056862775,0.033093717,-0.011673531,0.023344442,0.038823448,0.0073095276,-0.072596185
we,0.13342325,-0.06886562,0.19429107,0.01620536,-0.21222351,0.35513926,0.11018026,0.3527939,-0.3226425,-0.16393705,-0.048214827,-0.07003417,0.15271412,0.36760184,-0.1885865,-0.27562842,-0.08336036,-0.2615815,-0.24990954,0.11205447,0.18088055,-0.22186302,0.14282916,0.20207307,0.03042252,0.1410137,-0.18059182,0.16862248,-0.20305903,-0.056810386,0.09262459,-0.0786673,-0.18550347,0.11417168,0.15109032,0.052933067,-0.18076839,-0.22294712,-0.110036,-0.17233224,0.1799948,-0.08038664,0.25042313,-0.07929839,0.234116,0.26140413,0.09904126,-0.017938044,0.15637212,0.03037598,-0.21086515,-0.32063314,-0.11367111,0.133031,0.12294275,-0.27890164,-0.30513996,-0.020383615,-0.1458343,0.20148948,-0.14939913,-0.14761889,-0.27477443,0.1280435,0.18859246,0.007856397,-0.06347012,-0.12694997,0.017427709,-0.2365188,-0.2523848,-0.25110444,-0.09966578,-0.04247672,0.053222347,-0.057559922,0.08067239,-0.0833398,-0.2754028,-0.18459478,0.051893104,0.22616291,-0.06877021,0.26659283,-0.1698255,0.003497112,-0.2934791,-0.4669929,-0.11734016,0.121030875,-0.013198312,0.2357321,0.08279186,-0.19690356,0.18878807,-0.048025575,-0.019419752,-0.09297154,0.046664197,-0.116171315
do,0.22949974,-0.0024608138,-0.026715554,0.23623322,0.08109394,0.072335616,0.054444976,-0.06827812,-0.3594294,0.09892542,-0.28415874,-0.0033285485,0.21748553,0.3770646,-0.10060362,-0.21397911,-0.050943974,-0.26915333,-0.44370714,0.20843351,-0.06333637,-0.22596812,0.029896919,0.20745109,0.2077637,-0.07606675,0.033337153,0.029061127,-0.04966901,-0.14238869,-0.08213629,-0.00041810083,-0.25808242,0.03740585,0.076908536,0.23237817,-0.0103095,-0.19696572,-0.001596853,0.0673793,0.16833459,-0.26892018,0.17881964,0.08209684,0.038094167,0.27528837,0.0026337942,0.13397504,0.18784149,-0.09994492,-0.081332006,-0.37876517,0.095356174,0.18449275,0.15139928,-0.1773055,-0.2978527,-0.12866555,-0.27070403,0.020312186,-0.13546239,-0.3525189,-0.47034857,-0.17663161,0.037424855,-0.03737543,0.057807352,-0.2417887,0.22548512,-0.014450066,-0.053799506,-0.26469764,-0.35214877,-0.016963247,-0.004353541,0.010634323,0.13518393,0.1300819,-0.11169975,-0.19115146,0.14284508,-0.10556777,-0.0028797074,0.19699927,-0.22233796,0.23477048,-0.20837703,-0.3802116,-0.065821216,0.010620804,-0.078626,0.10952735,0.24011248,-0.037384275,0.04943159,0.1687114,0.19125351,-0.06665078,-0.18262474,-0.114713475
this,-0.044811375,-0.0042738286,-0.0003904712,0.0046519064,-0.17762841,0.03212961,-0.020275759,0.17238915,-0.21311228,-0.017054453,-0.16333868,-0.06945927,0.18493554,0.25966594,0.0073081683,0.009013772,-0.021830114,-0.14145835,-0.15493843,0.13067831,0.06268495,0.038660176,-0.041878816,0.11199111,0.27557936,0.017183647,-0.06490167,0.06910927,-0.15460324,-0.029298227,-0.085824944,-0.26367116,-0.10511234,0.051378954,0.004112412,0.026564466,-0.037545267,-0.23704101,0.12307048,0.15517135,0.020862198,0.03963024,0.30771533,-0.14577232,-0.005538901,-0.1303949,0.11459911,0.045769274,0.27938607,-0.080959156,-0.029055944,-0.43712404,-0.14025949,0.024407681,0.10332754,-0.21619257,0.1025833,0.046627454,-0.061024275,0.25289854,0.03760338,-0.212374,-0.4162493,-0.0032393113,0.19810662,0.0007090515,0.13122405,0.016448386,0.035504647,-0.14667188,0.13570215,-0.14840934,-0.2219776,-0.15446031,0.18631907,-0.21440214,0.14547668,-0.0727436,-0.28626293,-0.1427761,-0.07092627,-0.09296031,-0.06901882,-0.072725095,-0.29561234,0.121046126,-0.2710162,-0.386379,-0.07072456,0.12908451,-0.056082804,0.18333761,0.0024290883,0.012991632,-0.062268544,0.014477028,0.079721905,0.0002127429,-0.049663153,-0.035996895
what,0.011372346,-0.005110189,-0.07474665,0.14570221,0.0029024694,-0.02594448,0.10145171,-0.10298207,-0.08861153,0.16923647,-0.16005124,-0.04204189,0.12639147,0.25815648,-0.1628389,-0.11300097,0.14785478,-0.18304528,-0.19279377,0.024141293,0.23488674,0.06570633,-0.09528298,0.19806552,0.30866215,-0.14018154,-0.09305827,-0.11618758,-0.25837493,0.21792333,-0.031152949,-0.25818634,-0.03143828,0.04220258,0.03855155,0.2721677,-0.042316027,-0.31042585,0.18837143,0.025917942,0.1414506,-0.051787402,0.30521986,0.07369641,0.012867992,0.041493706,-0.062325153,0.13551332,0.38422397,-0.2690203,-0.006317911,-0.35440445,0.11966607,0.04939005,0.1374718,-0.079617776,-0.053135645,0.018866256,0.17438701,0.23298207,-0.057597343,-0.36248884,-0.27187124,-0.24456942,0.23339134,0.08552996,0.05786187,-0.11334525,0.20356552,-0.026322633,-0.15238252,-0.20243622,-0.36807913,-0.10205485,0.072659194,-0.02736965,0.10203291,0.078743026,-0.29518577,-0.0943677,-0.098839626,-0.17431267,-0.12279356,0.0009552124,-0.24909356,0.140732,-0.33834618,-0.4745034,-0.24953923,0.05469086,0.055117127,-0.067172,-0.024258101,-0.15186138,0.066531114,0.035048034,0.16189817,-0.050917238,-0.07921132,-0.039981075
in,-0.0025946004,0.15882334,0.03011518,0.07677036,-0.36210015,0.3173961,-0.038665604,0.26550123,-0.11451495,0.033786148,-0.03451015,-0.024525642,0.022657044,0.09325829,-0.15002804,-0.002345859,0.17218266,-0.19611055,-0.07125063,0.2239528,0.11258375,-0.1509596,-0.0739349,0.25491616,0.20979835,0.020445712,-0.0048563355,0.082698576,-0.17941365,-0.2025227,-0.048182555,-0.23535545,-0.13383743,-0.010466491,-0.024019647,0.10071963,0.22743493,-0.07897952,0.10263842,0.03860058,-0.037985004,0.006002968,0.24570188,-0.0137099475,-0.12541126,0.07831237,0.0045219557,0.048181865,0.118659936,0.060946845,-0.0054256315,-0.30674362,-0.1938493,0.06377392,0.048190705,-0.15337001,0.008494907,0.117471054,0.021152066,0.12468437,0.022179924,-0.10950272,-0.3330278,0.07860057,0.07845414,0.021378193,-0.064494066,0.061026137,-0.24648964,-0.038443472,0.075923085,-0.13466413,-0.12610158,-0.15925932,0.06733788,-0.09186964,0.016705249,0.0495196,-0.14683071,-0.24243845,-0.11272069,0.18162921,-0.13910621,0.07105873,-0.27105647,-0.08804581,-0.2324915,-0.20814438,-0.063512795,0.03953048,-0.1723052,0.11534228,0.17131832,-0.024565967,0.0076466026,-0.040296853,0.06855256,-0.0064746393,-0.058533553,-0.13699663
be,-0.06876754,-0.0014602226,0.05919143,-0.12564754,-0.093935035,0.25667417,0.030668186,0.24070005,-0.27329397,-0.00506079,-0.25726858,0.022042505,0.25807923,0.29953912,-0.16945025,0.010418076,0.082921974,-0.22628944,-0.36212206,0.15453224,-0.0020609791,-0.14600356,0.044295054,0.1473769,0.2681828,-0.010767932,-0.04195474,0.15288511,-0.11063853,-0.19207333,0.003239591,-0.028072288,-0.24275625,0.07842993,0.1509471,0.21053283,-0.0980673,-0.21029536,-0.048540894,-0.028985884,0.02222582,-0.041473567,0.15526491,-0.07403699,-0.037201338,0.18635994,0.07773017,-0.08197851,0.21028459,0.20313513,-0.050358158,-0.2961972,-0.048691783,0.0060216677,0.113876656,-0.13098729,-0.14368992,-0.045693748,-0.20455648,0.13323283,-0.14880842,-0.20571345,-0.24354602,0.040075213,0.12004087,0.18114994,0.017500473,-0.09275209,-0.10831631,-0.12149186,-0.0886575,-0.15608844,-0.23268905,-0.15580975,-0.0023649368,-0.23878965,0.11070201,-0.02535502,-0.1686992,-0.18160637,-0.12965411,-0.03320799,-0.15201856,0.26377997,-0.10278838,0.06910258,-0.3805748,-0.23157442,-0.024550565,0.17673092,0.017027045,0.14815655,0.090446174,-0.16728382,0.12992147,-0.13786133,0.06775813,-0.13727179,0.0005584592,-0.109150335
me,-0.1175978,0.0023058385,-0.074819036,-0.0056966655,-0.13284852,-0.043216247,-0.21642601,-0.040415335,-0.12926292,0.3073568,-0.28962296,0.007344233,0.24244785,0.1361233,-0.2607509,-0.057329416,0.065953225,-0.18691038,-0.28273842,0.007507224,0.05881636,-0.052618492,-0.23173966,0.1568182,0.36930886,0.09672332,-0.2541158,0.032444768,-0.033146534,0.042440798,-0.16468315,-0.042983674,-0.22492976,0.040645182,-0.12511934,0.17026052,0.113277465,-0.121337354,0.04307504,0.009146487,-0.060346898,-0.2552915,0.034149043,0.115424655,-0.026615962,0.2126903,0.04900997,-0.023442106,0.1284086,-0.12270056,-0.011117432,-0.28851497,-0.14693384,0.0073738974,-0.03842737,0.056828752,-0.2586057,-0.17415887,-0.15478715,0.1267747,-0.1588483,-0.22055168,-0.29796553,-0.11456378,0.11588817,0.16411635,-0.13462909,-0.18445423,-0.1478442,0.0039045294,-0.12968965,-0.14435461,-0.31000677,0.11358173,-0.17432536,-0.23442322,0.06649624,0.03509677,-0.06783078,-0.36000997,-0.13698395,-0.2691501,-0.09511566,0.28071377,-0.17319041,0.2395979,-0.07395975,-0.23754586,-0.29577318,0.07819353,-0.13832456,0.046562172,0.26667428,-0.23068434,-0.041764643,0.05288601,0.078947216,0.134272,-0.10618572,-0.2647261
for,0.055346143,0.087238446,0.086394995,-0.026749443,-0.2129547,0.14193419,-0.061080746,0.12895,-0.15433708,0.09942958,-0.14975332,0.022903286,0.062000614,0.11103201,-0.25898468,-0.09399652,0.1493725,-0.20457259,-0.221061,0.12955333,0.12745841,-0.019471366,-0.094673604,0.18534073,0.23635097,-0.039411485,-0.12208405,0.119271755,-0.20953216,-0.1963941,-0.11206892,-0.09460594,-0.0039204904,0.03697229,-0.10286028,0.17118962,0.09895201,-0.120541036,0.08899599,0.06645943,-0.09551614,-0.02826851,0.20354505,0.0046100286,-0.04899414,0.033834092,0.07655366,0.110356845,0.088066794,0.00092293794,-0.003923696,-0.32659823,-0.11626546,0.01861526,0.12759003,-0.081385635,-0.05673674,-0.05495887,-0.052268114,0.12069777,-0.03679554,-0.042527575,-0.36330128,0.060499553,0.035267897,0.13268124,-0.08996355,0.0775043,-0.1275163,-0.034341134,0.07273791,-0.09499883,-0.09587853,-0.09876114,0.067875236,-0.14413677,0.10647218,0.061005678,-0.16089837,-0.22903647,-0.06854336,-0.012201125,-0.14754608,0.08999031,-0.30469593,-0.0011154594,-0.14880484,-0.29535306,-0.09013588,0.080980934,-0.2272029,0.08014017,0.09734976,-0.13639595,0.016992688,-0.08108763,0.055237766,0.07191771,-0.017786888,-0.17451109
are,0.401971,0.0016396513,-0.13575685,0.00222753,-0.07249185,0.14009768,0.05852071,-0.014334,-0.10442673,0.049420975,-0.15013836,-0.14376938,-0.02967361,0.2464164,-0.13405992,0.06379926,0.2158589,-0.13477828,-0.026880844,0.24655099,0.06344889,-0.21633379,0.005012707,0.42749444,0.22302009,-0.0645206,0.06441191,-0.044388093,-0.3029261,-0.09379606,0.01537615,-0.23328882,-0.2397569,-0.0919627,0.0074637854,0.23935051,0.30748746,-0.17519566,0.20521773,0.07102114,0.15970044,0.010251561,0.3958018,-0.036604334,-0.15849534,0.29095346,-0.24284369,0.2984039,0.24122444,-0.02310812,0.09961642,-0.2214548,0.07438996,0.28464532,0.0990335,-0.023532169,-0.14350736,0.03870807,-0.023996694,0.02746022,0.15508988,0.013900555,-0.4673579,-0.07144385,0.21054608,-0.035923548,0.03717148,-0.08753464,-0.035477076,0.04807554,0.009962436,-0.06345161,-0.14635098,-0.21874803,0.09034472,0.105765864,-0.07615241,0.047060575,-0.17421623,-0.15119429,-0.03804111,-0.071823485,-0.26137683,0.17884159,-0.23560986,0.01340571,-0.3443023,-0.2599926,-0.15551147,0.05772849,0.037439838,0.036479373,0.20334068,0.025064968,0.15621337,0.056117166,0.23919998,-0.09180022,-0.20909464,-0.25986174
re,0.4579657,-0.15699154,-0.0944947,-0.12723225,-0.08222631,0.17323343,0.04880091,0.03794655,-0.2270391,-0.06833539,-0.06570041,0.015522846,0.0065691425,0.30465627,-0.22590476,-0.12554564,0.43913084,-0.11540894,-0.16160525,0.1989381,0.29169217,-0.19600381,0.041297443,0.3680096,0.24690351,-0.12010876,-0.0127414465,-0.003740124,-0.35238308,0.03172099,0.10622527,-0.2471627,-0.16513954,-0.19209881,-0.18945438,0.26753345,0.26636285,-0.27020139,0.19648321,0.11056582,0.117057934,0.043356016,0.36650056,-0.058753315,-0.050637938,0.2517379,-0.24547258,0.41297808,0.2953873,-0.053647876,-0.09048814,-0.265248,0.12807128,0.21919301,0.18090115,0.025971266,-0.25289232,0.011852844,0.04887511,0.026112575,-0.0063563795,-0.021216903,-0.37532344,-0.14587888,0.25700086,0.06441491,-0.032633368,-0.117731385,0.061850514,0.23895487,-0.18356055,0.07613068,0.02014469,-0.18630545,-0.1487376,0.11790737,-0.12815906,-0.113740414,-0.13487835,-0.15960287,-0.110009424,-0.14173749,-0.24325801,0.2981742,-0.16786599,0.033266943,-0.2651141,-0.3059731,-0.17901722,0.1311823,-0.013376459,0.03227701,0.047422726,-0.08125467,0.28468323,0.01765994,0.101204336,-0.13633381,-0.09514037,-0.31110516
ll,0.075342834,-0.071841516,-0.13170457,0.1203912,-0.17943315,0.1127364,-0.1021719,0.036762714,-0.2990066,-0.069711015,-0.15060441,0.12733342,0.12914933,0.2660337,-0.38108796,-0.18519345,0.23874451,-0.018506812,-0.42794967,0.11249507,0.1292812,-0.25235787,-0.08632918,0.13413554,0.18254596,0.018322948,-0.085361294,0.23321772,-0.2720975,-0.15585077,-0.12991177,-0.041732676,-0.06371819,-0.17513579,-0.11617718,0.19948931,0.048827864,-0.18284722,0.0073342044,0.22346562,-0.006608607,-0.14322433,0.26175377,0.00763302,-0.028055124,0.12039925,0.0902283,0.14285372,0.036403194,0.10717474,-0.2676423,-0.48632255,-0.013941531,0.07876297,0.029299902,0.008027904,-0.16593711,0.039449606,-0.23899566,0.016051115,-0.25271612,-0.018430246,-0.43964344,-0.15511027,-0.12693119,0.027407024,0.012861112,-0.14819269,-0.21977639,0.24751978,-0.07349857,-0.14803596,-0.13687468,-0.0091351,-0.22448224,-0.1599424,-0.14930418,-0.009126612,-0.10610501,-0.35962868,-0.021336066,-0.026623935,-0.019718926,0.25051832,-0.10151138,0.16850911,-0.0009128019,-0.10002687,0.029495649,0.043354563,-0.19577254,0.17511381,0.04752592,-0.12710305,0.11319105,0.17214878,-0.0043360237,-0.08643743,-0.012926364,-0.101982
your,-0.1066679,0.007061848,0.006997275,0.08128324,-0.09438162,-0.0036578292,-0.08501232,0.049762424,-0.16143334,0.08257399,-0.17532413,-0.07664321,0.21417716,0.20725253,-0.15583843,-0.1082697,0.07484631,-0.19838743,-0.16115455,-0.0024622902,0.06730529,-0.04658078,-0.17971271,0.19746889,0.28741768,0.03393439,-0.21639651,-0.012343322,-0.1277296,-0.038634915,-0.18499362,-0.1781114,-0.18208018,0.03978259,0.0119554605,0.11700362,0.09217714,-0.1589727,-0.01257578,0.016771689,0.0049058143,-0.07640429,0.18459404,0.031115068,0.008886035,0.14214556,0.076581344,0.11378368,0.1450942,0.00423093,-0.050807506,-0.31683806,-0.04071406,0.0019098473,0.017772786,-0.11031937,-0.107581,-0.054530744,-0.11454349,0.15925519,-0.04245058,-0.11582636,-0.38771346,-0.05125774,0.09474039,0.050108407,-0.0068987636,-0.14447954,-0.15789,-0.008237521,-0.054735556,-0.19934191,-0.3343156,-0.021258526,-0.025140256,-0.09887768,0.044352073,-0.07902657,-0.09453406,-0.2941014,-0.056263193,-0.12778129,-0.035806295,0.12320812,-0.23906325,0.17153503,-0.10692592,-0.26649725,-0.094070025,0.06282794,-0.0669871,0.14892069,0.13200223,-0.12642483,-0.012639875,0.020871932,0.0759835,0.060653694,-0.096498966,-0.12686394
my,-0.2772725,0.13330638,0.073469475,0.13897619,-0.14967415,0.06437443,-0.12866576,0.11761405,-0.031656206,0.21733585,-0.10030301,0.017635155,0.14671554,0.032579005,-0.15676609,-0.023303615,0.17508964,-0.20003024,-0.09524015,0.05889128,0.06527227,0.06617017,-0.3390183,0.18825355,0.34087375,-0.044845175,-0.1273724,0.055912077,-0.0032326593,-0.21563736,-0.15885758,-0.25244403,-0.039644703,0.05095689,-0.044410404,0.1633067,0.18830012,-0.12235587,0.08908782,-0.0013950792,-0.17653574,0.030908827,0.025916575,0.051798575,-0.06696302,0.10298426,0.17323957,0.01122365,0.1664421,-0.036624834,0.07959477,-0.2379018,-0.15555944,-0.11456979,0.011175288,-0.072960064,0.029554669,-0.042925697,-0.0067691784,0.11971393,-0.07701228,-0.1973045,-0.40155435,0.03152009,0.0053658728,0.15337203,-0.11979354,0.090308435,-0.23773609,-0.015853314,0.11102052,-0.18497084,-0.3058507,-0.08655485,0.0017919398,-0.122654244,0.09102276,-0.04590392,-0.13909143,-0.3426119,-0.27456975,-0.08289424,-0.047865063,0.0018571764,-0.35006505,0.015144927,-0.08603685,-0.26310924,-0.12995678,-0.0039583785,-0.2115632,0.09345063,0.1532889,-0.15726829,-0.028231958,-0.049957085,0.022826118,0.08180898,-0.1856116,-0.13542585
have,0.07040268,-0.079230905,0.066595614,0.042634528,-0.11268449,0.13726339,-0.0042789397,0.09181014,-0.374196,0.052875023,-0.16464804,0.07981107,0.24429688,0.32151705,-0.29630527,-0.09292435,0.15569074,-0.2111128,-0.40440553,0.23092443,0.06280721,-0.2227995,0.10579708,0.09849998,0.12594092,-0.014710962,-0.10722385,0.09951426,-0.15633698,-0.2155229,0.005368307,-0.060502127,-0.02770154,-0.0019433381,0.00939776,0.21299993,-0.019424066,-0.20940511,-0.02121665,0.11931758,0.011930407,-0.056937892,0.24228446,0.015050252,0.025025768,0.13174836,0.09605651,0.06960008,0.055544954,0.041131455,-0.07107699,-0.44117343,-0.021930618,0.08944709,0.2124066,-0.124729335,-0.09407661,0.040599182,-0.14990896,0.08941361,-0.07330917,-0.14118733,-0.398894,-0.028615115,0.012844223,0.15713727,0.053265583,-0.05595859,-0.018903432,-0.01579135,-0.016658844,-0.14320843,-0.11631967,-0.091430925,-0.00022883799,-0.15578276,0.09705392,0.11133344,-0.06383095,-0.1687084,0.038587663,-0.02430332,-0.0806839,0.16931787,-0.29668298,0.035473485,-0.14378959,-0.30596808,-0.10052727,0.07649639,-0.2589216,0.033260863,-0.014949054,-0.20759733,0.070749424,0.019665195,-0.00048026384,-0.037033413,0.03149119,-0.09427338
m,0.110591784,-0.041457072,0.029175427,0.15903474,0.009875952,-0.13760361,-0.08725488,-0.10043939,-0.056208026,0.343891,-0.11267602,0.27620792,-0.050391216,0.20361741,-0.3272102,-0.24295567,0.43160576,-0.21159716,-0.19695413,0.18635148,0.17809297,0.15306227,-0.31717914,0.18402712,0.57085377,-0.21198499,-0.017278498,-0.012153702,-0.19791187,-0.31571952,-0.16896608,-0.1884011,-0.06671415,-0.058425568,-0.0714709,0.14420739,0.06981623,-0.12629656,0.022542637,0.28434408,-0.24134755,-0.07500723,0.035463482,0.15979452,-0.06752758,0.0012229558,0.26430222,0.17342311,0.27273098,-0.19648238,-0.034339614,-0.13155313,0.19445017,-0.2453304,-0.03801497,-0.04297725,-0.24684724,-0.358062,0.2163808,0.16739035,0.003784209,0.009101332,-0.6791702,-0.09508039,-0.12778506,0.2436079,-0.13733488,0.105823,-0.15759434,0.32959905,-0.011231848,-0.019833246,-0.2123467,-0.12085643,0.06480614,0.11486792,-0.078805536,-0.02325217,-0.06419344,-0.5945329,-0.39226088,-0.39146698,0.034296945,0.20745356,-0.16890873,0.120182574,0.08310602,-0.3562651,-0.079124644,0.0036252053,-0.14348426,0.2358403,0.29476744,-0.32995632,-0.0008417273,0.045589212,-0.12781808,-0.07034462,-0.21020485,-0.37153074
there,0.118315995,0.06814408,-0.085786,0.031476494,-0.34811065,0.13895378,-0.07760558,0.24394323,-0.07574524,0.09865948,-0.11205602,-0.06414218,0.094821446,0.051598173,-0.04780296,-0.17612186,0.13248247,-0.1054289,-0.052410558,-0.026667891,0.1331888,-0.07066957,-0.09147468,0.28745195,0.22874981,-0.021239089,-0.07427069,-0.021962892,-0.13586557,0.058429312,0.064097576,-0.4201883,-0.10453839,-0.068173215,-0.0412035,0.05427132,0.094686225,-0.17591357,0.26628664,0.07480644,0.0301962,-0.078108534,0.19352853,-0.15187132,-0.04616311,0.08122339,-0.14494455,0.1485382,0.24914429,0.025004992,-0.03728519,-0.32689542,-0.05927022,0.078533515,0.21229151,0.030677047,0.016454315,-0.057520986,-0.00032761914,0.2620643,-0.055311885,-0.08329163,-0.2555927,-0.15014651,0.26095176,-0.036556534,-0.053708553,-0.032292638,-0.0037225017,-0.11802056,0.10413282,-0.18554923,-0.17881198,-0.2073019,0.10696167,-0.08983447,0.027152695,-0.1759069,-0.31415585,-0.23098378,-0.108075485,0.08660147,-0.14636849,0.09971929,-0.1500071,-0.041182674,-0.2645783,-0.32830286,-0.11309921,0.17446423,0.049835306,0.1272774,0.12709068,0.04169116,0.0037570654,-0.09202277,0.24490334,-0.07547653,-0.16588427,-0.06896105
on,0.15575634,0.11503504,-0.021467434,-0.022544991,-0.46179006,0.147727,-0.12120824,0.15775384,-0.16926017,-0.11560572,-0.16840531,-0.056796033,0.023326194,0.1507652,-0.216981,-0.17250633,0.21089892,-0.11251316,-0.08766416,0.08160707,0.11575721,-0.09110206,-0.09637806,0.33395085,0.18816558,0.12186983,-0.22996278,0.022634301,-0.26776022,-0.0934557,-0.14506604,-0.08103528,-0.21840537,-0.046093673,-0.031180397,0.06008652,0.26593187,-0.16167845,0.018443394,0.21786414,0.040018056,-0.08277369,0.34292933,-0.070503995,-0.032562,0.15676759,0.014317908,0.15598908,-0.019549912,0.06241541,-0.17811573,-0.25972086,-0.19079524,0.04642079,0.08867361,-0.05010902,-0.098224565,0.09387818,-0.16616362,0.26869974,0.07210763,0.11643564,-0.30921748,0.10372713,0.020961322,0.013951914,-0.091100276,-0.15088236,-0.23342969,0.05985167,-0.10095343,-0.030882798,-0.03925437,-0.039164715,-0.017459208,-0.18671662,-0.085525006,-0.061347984,-0.051400326,-0.39373076,-0.096220225,0.13930723,-0.036383405,0.128315,-0.15924208,-0.041720986,-0.077390485,-0.25697058,-0.093465716,0.020895997,-0.12902023,0.2717007,0.19010104,-0.01496477,-0.031939536,0.01862583,-0.02636907,0.07445582,0.040332153,-0.17118046
all,0.09587394,0.1275337,0.016430924,0.08504896,-0.27353236,0.29871023,-0.024833648,0.31566602,-0.24569964,-0.08693164,-0.13498963,-0.04630393,0.007770601,0.11970531,-0.1656513,-0.088808075,0.21438946,-0.10837184,-0.072889045,0.15801045,0.153041,-0.17134908,-0.09733412,0.28464407,0.20221032,-0.10020438,-0.0025083816,0.0011551199,-0.2409431,0.04029818,-0.01816879,-0.22683632,-0.1971095,-0.057104733,-0.059246086,0.09224932,0.25143006,-0.14442453,0.1944824,-0.01485,0.115739934,0.06009869,0.28916115,-0.11611985,0.05063039,0.04039723,-0.023386445,0.18774544,0.1914976,-0.010089869,-0.12622973,-0.34584603,-0.05522354,0.097694874,0.11112717,-0.006726059,-0.17421594,0.12569965,-0.08533403,0.09051922,0.0515554,-0.08805829,-0.19977395,-0.09063485,0.19848299,0.06691918,-0.0931019,-0.2087339,-0.07634595,-0.036371913,-0.0650032,-0.13029549,-0.12762658,-0.082701735,-0.10531112,-0.075548634,0.005864888,-0.007968991,-0.2311104,-0.26454636,-0.09899266,0.09234355,-0.073047444,0.17261872,-0.1808461,0.057408746,-0.26804948,-0.20974684,-0.0701641,0.09179501,-0.05845884,0.08600024,0.027551608,0.03134775,0.2094141,0.023376534,0.08438682,-0.078015424,-0.06702508,-0.11670785
was,-0.30005985,0.2995275,0.10190939,0.31757566,-0.05639547,0.17550352,-0.03331911,0.054859377,-0.063603394,0.43588665,-0.09016981,0.08276252,-0.051185228,-0.062059827,-0.08560044,-0.034037896,0.13232411,-0.2102878,-0.09141683,0.2705759,-0.008019157,-0.15599482,-0.27740628,0.16521886,0.36489227,-0.09874114,0.010018826,0.009542688,-0.012143816,-0.2575544,-0.012518319,-0.16562076,0.026158774,0.048770163,-0.1310177,0.31531012,0.34600514,-0.17815045,0.072495386,0.028449636,-0.062582105,0.06196326,0.09661811,0.09320898,-0.012073241,0.0117166145,0.16320635,-0.015831513,0.14510714,-0.009060898,0.12634072,-0.4016049,-0.058939364,0.011547169,0.08865077,0.012089776,0.016015708,0.04205806,-0.060238503,0.042812016,-0.053502146,-0.13932322,-0.30089927,-0.029516665,-0.03941527,0.11988492,-0.10861751,0.19168322,-0.30708736,-0.02296385,0.11442616,-0.25697225,-0.28747427,-0.1555865,0.07000663,-0.01125068,0.11388138,0.23620169,-0.13945907,-0.24996224,-0.25345954,0.12745883,0.0009319358,-0.09662134,-0.42324844,-0.14028628,-0.27470887,-0.20850503,-0.1860031,-0.1312786,-0.2611953,-0.038173366,0.06520712,-0.048798826,0.037009954,0.045145128,0.010096598,-0.071219,-0.30350044,-0.123200804
so,0.045279477,0.07232338,0.011081607,0.084548034,-0.12953204,0.17973068,0.012192552,0.16414745,-0.11277816,0.11039326,-0.097126506,0.08537712,0.05556373,0.1656107,-0.15252669,-0.19917044,0.13008553,-0.20673604,-0.23211749,0.10720492,0.15772931,-0.06961399,-0.13873185,0.23525928,0.26372525,-0.12480223,0.0053800084,0.08893273,-0.13680333,-0.0213782,0.035762783,-0.23603043,-0.059379764,0.008526694,-0.06909404,0.21412344,0.063672386,-0.1314648,0.09987928,-0.07042307,0.00019793076,-0.053617317,0.13614865,0.03109088,0.054309018,0.10789088,0.005033017,0.10995822,0.26744673,-0.09171571,0.02982324,-0.29760864,-0.011429084,-0.0043383087,0.08414994,-0.05467575,-0.1559344,-0.095205404,-0.016980255,0.09947462,-0.18700168,-0.20083414,-0.26043978,-0.15482086,0.08935654,0.08153154,-0.0674936,-0.11491325,0.012182847,-0.07295853,-0.049997054,-0.17987332,-0.27151743,-0.116166145,0.026840078,0.0097423205,0.10621587,-0.054002743,-0.23228516,-0.19141512,-0.13476463,-0.03707173,-0.12351004,0.08109655,-0.24259949,0.1236407,-0.29577035,-0.32443702,-0.12916975,0.09448481,-0.12665308,0.025867848,0.06926672,-0.124086134,0.10092429,-0.06536857,0.13362528,-0.062946625,-0.11110577,-0.123412125
they,0.29244596,0.11761371,0.15990554,-0.1561734,-0.30161497,0.42363626,0.15296395,0.3673058,-0.18660067,-0.150166,-0.0013028841,-0.07590182,-0.010515715,0.29206562,-0.1153851,-0.14749436,-0.007089981,-0.31647232,-0.09163373,0.042521194,0.24528022,-0.17249337,0.002675289,0.47688708,0.16697226,0.061706472,-0.120057575,0.13223816,-0.25944662,0.031105764,0.018019404,-0.23186952,-0.26680803,-0.022394296,0.08410334,0.0798127,0.15405431,-0.02492577,0.08636586,-0.268554,0.14136475,-0.062813826,0.31923223,-0.020565005,0.07286458,0.43677586,-0.07299339,0.039950598,0.12120908,0.018378336,-0.07791002,-0.2222982,-0.15406805,0.13487202,0.013952893,-0.21966174,-0.376254,0.021973023,0.005963948,0.155675,-0.045542043,-0.060839973,-0.24710725,0.074636005,0.19562125,0.008947586,-0.111147285,-0.11412394,-0.16570012,-0.05175575,-0.2444879,-0.12181716,-0.09883141,-0.11702036,0.005702342,0.038054418,-0.040523466,-0.18867157,-0.095515616,-0.13758646,-0.08763924,0.14646928,-0.15814266,0.2255417,-0.16247703,0.01801607,-0.45077285,-0.38634577,-0.18477336,0.076337636,-0.09153681,0.1872689,0.15591565,-0.011968006,0.14402288,-0.1104542,0.08536545,-0.013527739,-0.023261707,-0.13602847
go,-0.11420678,-0.015378298,-0.16113023,0.082740374,-0.35913876,-0.13243794,-0.31033438,-0.014164729,-0.4414588,0.013286031,-0.23130885,0.0018668976,0.3127959,0.3341914,-0.21314666,-0.12404645,0.19751015,-0.128411,-0.31886703,-0.11307158,-0.03208107,-0.16598676,0.07272734,0.17934904,0.15615308,0.05088463,-0.47589338,-0.17511056,-0.11879058,0.14574824,-0.29842997,-0.11543662,-0.2906743,-0.05026647,0.09819113,0.02000831,0.052754458,-0.31746796,-0.0007459863,0.35904488,0.086522944,-0.3006572,0.18754339,-0.055210833,0.027313937,0.26299933,0.18173668,0.09189255,-0.14258802,0.12452853,-0.3451327,-0.3558287,-0.09813548,0.09231367,0.17369063,0.038302418,-0.1619834,0.001283798,-0.36870688,0.2799423,0.057302807,-0.02829415,-0.402532,0.059833173,-0.0043572555,0.093521535,0.04016959,-0.45092228,-0.12722802,0.020757208,-0.058273103,-0.15460324,-0.2739987,0.05910302,-0.18075502,-0.26095122,-0.16475795,-0.129166,0.09916075,-0.5597676,-0.049751546,0.110572405,0.054651767,0.288313,-0.036080327,0.26985547,0.060511682,-0.22931491,-0.09131007,0.02889752,0.030418942,0.28600532,0.21855168,-0.16327341,-0.05508641,0.12847912,-0.038040794,0.1296059,0.06174895,-0.09677171
here,0.08163893,0.027052486,-0.10326381,0.095986165,-0.2793411,0.112728246,-0.10670045,0.15041448,-0.1609746,-0.012681384,-0.15166728,-0.04794014,0.14533095,0.20321204,-0.16330941,-0.110666364,0.18258268,-0.1281128,-0.16771127,-0.029846,0.12030151,-0.036641,-0.06423299,0.24575157,0.20510806,0.059852716,-0.1650184,0.02662985,-0.1490316,-0.09597321,-0.10478854,-0.19755523,-0.21093677,-0.066448554,-0.032356597,0.11803862,0.1319199,-0.19157271,0.108893625,0.15000454,0.052016605,-0.10665027,0.2471439,-0.10089423,-0.05329736,0.20085631,-0.028561145,0.13582422,0.11447768,0.09063761,-0.10976273,-0.3492663,-0.06544169,0.07866158,0.12060838,-0.001317908,-0.032656208,0.015555313,-0.10044938,0.17518714,-0.075253166,-0.042739637,-0.287171,-0.06268656,0.10929399,0.041368812,-0.04722385,-0.15401751,-0.13968827,0.055550646,-0.028053734,-0.119034514,-0.1524397,-0.05300762,-0.01861603,-0.19305386,-0.044477064,-0.11468509,-0.12673523,-0.28767356,-0.057509605,0.019562248,-0.09221216,0.11198345,-0.18873073,-0.0068375883,-0.15425399,-0.19441308,-0.08150475,0.114038825,-0.08046117,0.1833264,0.13986124,-9.11055e-05,0.02165558,-0.009502243,0.07504907,-0.010928008,-0.04620375,-0.15011002
but,-0.07318446,0.13080537,0.009107424,0.16828309,-0.09663933,0.15275341,0.011553556,0.10928214,-0.1833369,0.17507611,-0.13668028,0.053732123,0.07517896,0.13133073,-0.11860854,-0.1735711,0.056482356,-0.18761395,-0.23948197,0.2180364,0.07909394,-0.12571199,-0.11001105,0.124634914,0.24854776,-0.117578454,0.019243171,0.01974377,-0.07513492,-0.16696967,-0.0022107475,-0.15843128,-0.10522164,0.07664644,-0.07756589,0.20793541,0.015470041,-0.1585052,0.037133116,0.06728519,0.013847269,-0.032565024,0.12161564,0.051432285,0.0003164818,0.030214228,0.102321856,0.05904962,0.22504318,-0.06718113,-0.033158652,-0.3442396,0.02347528,-0.0016418792,0.12746873,-0.0790713,-0.11453044,-0.066950105,-0.094717704,0.06504331,-0.116572976,-0.27119413,-0.32297847,-0.066853136,0.06655384,0.09532801,-0.046643518,-0.01219909,-0.00943477,-0.07519444,0.027315117,-0.23255458,-0.27531394,-0.10923812,0.068303764,-0.03699524,0.13145688,0.14894028,-0.19844472,-0.26386455,-0.096264504,0.034073975,-0.054059725,0.05875486,-0.28546375,0.06579977,-0.26605368,-0.29883662,-0.10220062,0.05803504,-0.14285624,0.0353141,0.12848504,-0.07330774,0.023687411,0.027816607,0.10276657,-0.073715515,-0.17962399,-0.09399486
she,-0.4075774,0.19609022,-0.06639283,0.249119,-0.018239805,0.082432985,-0.10360431,0.06576052,-0.0656951,0.3404215,-0.0785313,0.0054057427,0.121709816,-0.05894438,0.10831365,-0.1496044,0.009738645,-0.1391944,-0.15279657,-0.055224687,0.050619025,-0.0245778,-0.29857028,0.20774767,0.4213836,-0.056360565,-0.048553523,-0.060874645,0.0725892,0.028426006,-0.15204048,-0.19147474,-0.13884228,0.08577327,0.042856876,0.28739116,0.17136225,-0.35693547,0.021314645,0.029481187,0.06260517,0.056996174,0.13998665,-0.064005956,0.080675185,0.076964594,0.09978979,-0.057142735,0.27505714,0.041729,-0.048882235,-0.36667734,-0.10301433,0.020961354,0.16543105,0.09965924,0.072476394,0.07207277,-0.23024906,0.2355874,-0.1898484,-0.2809114,-0.1694604,-0.038031667,0.07240138,0.016160123,-0.06775623,-0.10864385,-0.17374009,-0.09070322,0.03807993,-0.37205833,-0.37839252,-0.13766016,-0.0008966846,-0.21775767,0.031635657,-0.040231295,-0.18798609,-0.24733205,-0.28766873,0.03162631,-0.11589317,-0.1367471,-0.30258393,0.020859234,-0.27860087,-0.20930624,-0.15445611,-0.023807667,0.062196344,0.15593612,0.09445678,0.0699569,-0.088631995,-0.03990135,0.1993514,-0.07764265,-0.18787262,-0.022099987
not,0.057513375,0.13828546,0.018144416,0.13612689,-0.20808318,0.08959667,0.0017179856,0.11489374,-0.16832004,0.056084026,-0.17801914,0.1445446,0.052927833,0.22721398,-0.10882435,-0.27055025,0.090227075,-0.20840023,-0.1935537,0.11008854,0.08473438,-0.06196529,-0.09310801,0.2878814,0.25358742,-0.15485805,-0.10950095,0.032248188,-0.22613126,-0.083768,-0.022298066,-0.14832789,-0.10820533,0.020558773,0.021101767,0.16378918,0.01775364,-0.101613075,0.08127057,0.071575604,-0.015674878,-0.04896583,0.23767456,0.04169388,-0.00097395794,0.07266951,0.07504243,0.17925271,0.15395069,-0.04706992,-0.062059864,-0.2924567,0.0048454283,-0.036309715,0.050648395,-0.11106976,-0.1619571,-0.09676265,-0.04654203,0.13148533,-0.055669963,-0.09109571,-0.30422765,-0.0728427,-0.00376995,0.029804694,0.031513322,-0.08145438,-0.098217174,-0.009896678,-0.011254775,-0.19699158,-0.30789626,-0.15525511,0.06703229,0.017075164,-0.03756064,-0.0067452495,-0.14043777,-0.28815177,-0.15193745,-0.008397719,-0.10090092,0.10578505,-0.13061067,0.14540131,-0.2569148,-0.3320084,0.024495712,-0.010047519,-0.13299471,0.118437074,0.117098704,-0.07312235,0.040975697,-0.0078087933,0.08730763,-0.047505483,-0.1160291,-0.11528923
no,0.10535737,0.063908204,-0.050150607,0.045630984,-0.3334477,-0.046394095,-0.17156781,0.11313371,-0.20296915,0.08606519,-0.20700593,0.101683065,0.096978605,0.09097748,-0.014159718,-0.41330042,0.13205793,-0.020882616,-0.018622886,0.11957838,-0.028824562,-0.09374957,-0.02563602,0.047032427,0.2757487,-0.045976613,-0.16156742,-0.115364045,-0.16023089,0.04507147,0.018627197,-0.32051077,-0.019723753,0.027473541,-0.13099839,0.10499072,-0.006871142,-0.2573075,0.19705316,0.32143837,0.004667741,-0.13056287,0.17969364,-0.20284757,0.13573651,-0.1364941,0.054805275,0.17271379,0.2206683,-0.2001364,-0.0629867,-0.36083874,-0.07707899,0.015877323,0.17858692,0.07929207,-0.0007127947,-0.14387006,-0.13913798,0.3200447,0.0038125736,0.06842214,-0.42340547,-0.07697802,0.18800478,0.015491192,0.035509836,-0.019707609,0.07681384,-0.06508404,0.05197236,-0.15552796,-0.19757538,-0.15457943,0.19388486,-0.03374186,0.06425679,-0.1536359,-0.2880326,-0.34643832,-0.07043657,0.04068234,-0.018615767,0.030985883,-0.22961254,0.014939645,-0.16740339,-0.46301582,-0.037563935,0.096208565,-0.049012914,0.2183274,0.019914472,-0.059521984,-0.042019177,0.10378257,0.07003489,-0.16132562,-0.22182745,-0.018461522
like,-0.16879219,0.19474201,0.020555051,0.14198752,-0.013403744,0.078596145,0.019196566,0.04129409,-0.22346085,0.2761167,-0.15024573,0.09430719,-0.02750689,0.104196,0.019046295,-0.16862799,0.012422942,-0.114073455,-0.15713331,0.22179832,0.003328072,-0.087178305,-0.10666221,0.121347845,0.33721334,-0.08219011,-0.046641335,-0.061505865,-0.088591956,-0.055673387,-0.088786654,-0.15112646,-0.030445654,0.07774426,-0.09492876,0.3096537,0.14395718,-0.27913833,0.12506196,0.117383905,0.022934891,-0.018199624,0.27290794,0.041095033,0.006598308,-0.018831657,0.027488157,-0.002541299,0.29314792,-0.100023136,-0.05859487,-0.4119281,-0.0044083977,0.050668467,0.140822,0.061081223,0.02448032,0.07358988,-0.089977354,0.17017728,0.014119502,-0.09807516,-0.32644537,-0.13645884,0.03666242,0.092633136,0.0424183,0.046737913,0.019710138,-0.082027495,0.057699356,-0.20316549,-0.3278407,-0.18857785,0.08936656,-0.041445624,0.108392775,0.1173599,-0.20688604,-0.18086696,-0.16876976,0.0038670409,0.0391552,-0.079719044,-0.3037208,-0.0073849857,-0.29942343,-0.3504133,-0.19144988,-0.021321043,-0.09866899,0.02530126,-0.01757601,0.0029198353,0.0030842293,0.07534995,0.059444763,-0.106681,-0.15440965,-0.021263944
if,0.093948916,0.021676492,0.0074584438,0.03288707,-0.18877451,0.22008954,0.027114155,0.14098272,-0.292493,-0.14421201,-0.2132404,0.06641641,0.22919889,0.3037187,-0.27802974,-0.12548734,0.11432604,-0.22365506,-0.3877278,0.17463505,0.067555204,-0.24064751,0.052923553,0.13763191,0.16076101,-0.06460732,-0.08129412,0.13097325,-0.18571094,-0.0863611,0.004330236,-0.105146386,-0.13362192,-0.014278167,0.013077321,0.14148566,-0.05365316,-0.14994784,0.029773816,0.0103653995,0.05134863,-0.10657979,0.27122736,-0.010873325,0.0053534373,0.06856679,0.006971125,0.11927106,0.15502542,0.01282778,-0.093301356,-0.43103203,-0.021413792,0.09924705,0.112888545,-0.14715649,-0.15441646,0.024480954,-0.12853296,0.0753044,-0.15677488,-0.2532309,-0.28212503,-0.117252976,0.09013243,0.03167094,0.09486518,-0.14307348,-0.04571078,-0.010930251,-0.13292527,-0.13247366,-0.21688186,-0.062324442,-0.050090984,-0.20183866,0.12340311,0.06845567,-0.19058125,-0.17505482,0.05865421,0.018243397,-0.10559856,0.2339547,-0.15666358,0.1318771,-0.2953806,-0.24235474,0.0026805422,0.14490238,-0.11822153,0.0484924,0.033705745,-0.1466749,0.11349077,0.021695165,0.115177155,-0.047179937,0.046088263,-0.10297252
with,-0.07253109,0.15859455,-0.064491786,0.11897635,-0.20973226,0.14127906,-0.052819576,0.0719603,-0.14853401,0.09094011,-0.16425958,-0.020355789,0.079125576,0.149326,-0.21434502,-0.033962637,0.110591255,-0.17976724,-0.20662592,0.12874803,0.085945986,-0.1317101,-0.07734642,0.18737718,0.22469516,0.019065006,-0.09083716,0.01810395,-0.14762107,-0.09059217,-0.12785365,-0.095821194,-0.0914235,-0.0091298735,-0.00020673714,0.21268018,0.13818821,-0.16899492,0.07667374,0.071609266,0.030933503,-0.072106674,0.23376767,0.007953978,-0.055057,0.058394957,0.042070217,0.07985624,0.12503852,0.0050737667,-0.016625836,-0.32897455,-0.07773175,0.10633879,0.08931337,-0.038239535,-0.026942095,0.06909908,-0.13123725,0.09162965,-0.06605738,-0.18098207,-0.28302568,-0.012101407,0.026209617,0.040169526,0.01365699,-0.09575312,-0.1533287,0.0065315175,0.013166349,-0.18695514,-0.18834473,-0.10716321,-0.013182021,-0.18585368,0.017467987,0.13699126,-0.13193049,-0.21794806,-0.08328014,0.08618946,-0.111828245,0.07615236,-0.27737883,0.05199811,-0.23715582,-0.2332621,-0.12146169,0.038484268,-0.10897261,0.06824481,0.11035225,-0.08849441,-0.01809648,0.047734343,0.08725802,0.020713752,-0.025857283,-0.11195291
will,0.08268473,0.04415618,-0.09763876,0.0692843,-0.27433538,0.30057323,-0.04409236,0.22571842,-0.22515929,-0.08972348,-0.1420033,0.0024271684,0.088061504,0.14741859,-0.2706548,0.115879044,0.1394843,-0.14475521,-0.29198962,0.21051498,0.026183715,-0.30016425,-0.07053095,0.23647259,0.20891002,0.02867271,0.05372011,0.23878789,-0.19295618,-0.26092398,-0.09078337,-0.084040366,-0.15657447,-0.13291252,-0.06480698,0.048186276,0.20326284,-0.08155289,0.13252711,0.04463761,0.039662782,-0.12310594,0.2358936,-0.076267235,-0.09209426,0.12517011,0.0040123356,0.054618604,0.06427275,0.12646897,-0.07776015,-0.4395331,-0.11950501,0.13791654,0.071014106,-0.06674215,-0.11687887,0.035994485,-0.13866863,-0.02831135,-0.17215624,-0.12853192,-0.34721127,-0.006793566,-0.013822209,-0.053337306,-0.0055642608,-0.05247606,-0.32075736,0.08924643,0.0493324,-0.11157886,-0.07797154,-0.12212473,-0.17200105,-0.15999418,-0.034843333,0.05202363,-0.13045828,-0.22987372,-0.055737287,0.18015124,-0.1367184,0.19756134,-0.13333604,0.089200474,-0.20608523,-0.09221288,0.042304475,0.04836633,-0.13132262,0.19511196,0.18530148,-0.003236657,0.09465219,0.050941862,0.0991045,-0.03482125,-0.054266237,-0.16635062
oh,-0.10815605,-0.00070522807,-0.049306117,0.03605813,-0.10778026,-0.07079643,-0.057652857,0.043767855,-0.090958856,0.2853023,-0.06412182,0.137212,0.0071869753,-0.09615155,-0.053131733,-0.26514488,0.29139844,0.033417355,0.12823954,-0.04588894,0.02933155,0.14912815,-0.21146354,0.059524737,0.513342,-0.0196342,-0.0856701,-0.021162989,-0.18907139,-0.020220928,-0.19497359,-0.26610836,0.011971,0.08952351,-0.116389036,0.27294597,0.19445324,-0.38996875,0.21261331,0.20791107,-0.13839343,-0.13392927,0.062754914,-0.05753096,0.10486804,0.10469238,-0.012714638,-0.025606368,0.24544732,-0.2567356,-0.02221544,-0.14260271,-0.16536632,0.019803407,0.06262112,0.19434176,0.08579956,-0.19580013,-0.026477322,0.36099902,-0.1871193,-0.00087354594,-0.49193984,-0.023079257,0.18950722,0.12971121,-0.14496067,0.05477557,0.06535224,0.009758955,-0.046032116,-0.13412327,-0.26938072,0.030081633,0.066075444,-0.05279146,-0.035265245,-0.27268144,-0.27951103,-0.26251158,-0.19584657,-0.17369078,-0.049795683,-0.00802535,-0.30588323,-0.026735293,-0.037050135,-0.4955367,-0.23694786,0.051626235,-0.085481524,0.17437688,0.012100662,-0.2859922,-0.044050127,-0.012668372,0.037954647,-0.098066896,-0.28492954,-0.167346
he,-0.36050993,0.14413851,0.029057542,0.36884513,-0.14009696,0.06452872,-0.07953929,-0.0061266115,-0.08788704,0.28715587,-0.15043336,0.023369027,0.22099277,0.03741495,-0.04243287,-0.17172281,0.023998993,-0.26775622,-0.09565428,-0.09241164,0.046935532,0.14149706,-0.24268569,0.11930055,0.28430396,0.03431748,-0.16382861,-0.086653866,0.14600094,-0.061137673,0.02750878,-0.2823673,0.027099766,0.12016392,0.017973458,0.32167795,0.18130597,-0.29408872,0.041446667,0.026963161,0.023833286,-0.09349874,0.13607785,-0.050683,0.111365564,0.078121945,0.057766255,-0.13119256,0.16463527,0.09707372,-0.006027111,-0.5220414,-0.09447938,0.043725077,0.26885748,0.020097472,0.10834263,0.06262756,-0.19617821,0.24911314,-0.13690606,-0.22218803,-0.20695905,-0.026878763,0.1139552,0.049660202,-0.044919793,0.19117352,-0.1582066,0.021846507,-0.056066353,-0.20793691,-0.3141496,-0.089564316,0.11404162,-0.2514534,0.24564847,0.024476586,-0.08172512,-0.22951733,-0.16750091,0.08556824,0.082476474,-0.11739253,-0.3789404,-0.2064169,-0.23669213,-0.30786395,-0.15572754,-0.04785861,-0.18281405,0.011241456,0.043094024,-0.12418005,-0.21025392,0.021191353,0.06255019,-0.0088761,-0.14770882,-0.05207939
just,-0.06587553,0.085573085,0.06995589,0.0884259,-0.16141191,0.032356672,-0.10859069,0.05442262,-0.18440501,0.19181083,-0.12840205,0.08020742,0.093683496,0.09219906,-0.076584324,-0.2527434,0.1110022,-0.17589995,-0.1740286,0.02016058,0.108949356,0.0044787135,-0.13808072,0.1580504,0.30084753,-0.050263457,-0.1598031,-0.058379453,-0.086021036,0.04863288,-0.09587344,-0.1599495,-0.07362679,0.03910222,-0.124737866,0.23289667,0.07953983,-0.25440794,0.0967739,0.10360068,0.013239822,-0.118482165,0.16739981,0.034246005,0.07450162,0.09770155,0.046497498,0.06138619,0.17994046,-0.06692559,-0.165097,-0.3461899,-0.07583744,0.038896713,0.16731702,0.047680363,-0.13826203,-0.02202474,-0.0781563,0.24102545,-0.09111288,-0.123193115,-0.29293203,-0.14017789,0.11103084,0.07333707,-0.06551408,-0.027249295,-0.04660645,-0.046143994,-0.049977984,-0.16314991,-0.2492235,-0.043274507,-0.0057200873,-0.115838274,0.052311104,-0.06470934,-0.178483,-0.26801687,-0.1710099,0.011723191,-0.07507167,0.10346023,-0.20669997,0.036682278,-0.16047642,-0.3285421,-0.15642042,0.038336232,-0.07059189,0.065233625,0.1273175,-0.06474432,-0.03603575,-0.008794937,0.14514303,-0.050759472,-0.07393581,-0.1119875
up,0.029800596,0.011775671,-0.043497168,0.06656138,-0.26738235,0.04689979,-0.13576642,0.14021789,-0.16532995,0.0064648027,-0.0919018,-0.04083864,0.16608067,0.15966614,-0.13465868,-0.10259843,0.11994454,-0.12819365,-0.1390845,0.03219415,0.054146178,-0.007925156,-0.04623811,0.1342606,0.18830924,0.1539607,-0.24918604,0.05317385,-0.12470408,-0.022515481,-0.25490338,-0.25784734,-0.22136167,-0.08006679,0.0044965968,0.13597474,0.18402523,-0.2797393,0.047193963,0.15517545,0.017160835,-0.10070781,0.32085177,-0.11858015,-0.070202075,0.21274985,0.05162916,0.005994655,0.083570726,0.0016668991,-0.20247076,-0.28228262,-0.1509714,0.040752936,0.07205474,-0.08067401,-0.04015066,0.13352445,-0.1335723,0.26674855,-0.058306847,-0.010540558,-0.4354517,0.0019209738,0.014923867,0.054340515,-0.03868583,-0.10429009,-0.15816791,0.06569556,-0.12831558,-0.06698587,-0.09685833,-0.015299676,-0.043480452,-0.23551646,-0.030864263,-0.12989858,-0.036654916,-0.38829726,-0.17789772,0.021949256,-0.0032251163,0.09416122,-0.14844266,-0.012176427,-0.01887982,-0.2540071,-0.14636904,0.038983785,-0.10772728,0.16998465,0.23556112,-0.0760623,-0.065610826,0.10801049,0.0038632122,-0.03363536,0.063852675,-0.20497969
can,0.17296979,-0.04847518,-0.07267952,0.15431908,-0.09214139,0.07404333,-0.056753885,-0.05629477,-0.2578251,0.04198143,-0.222973,0.12823509,0.21807538,0.33552596,-0.31756115,-0.22074316,0.19475375,-0.08709922,-0.32000297,0.09522363,0.090289794,-0.13109556,-0.0045698243,0.097819135,0.21983871,-0.121765845,-0.1430762,0.029940054,-0.23682591,-0.0007045863,0.03777743,-0.040915232,-0.08043512,-0.08098443,-0.055622257,0.16960752,-0.05763595,-0.17811865,0.0561393,0.18562615,0.033687927,-0.22058684,0.23878989,0.00704307,0.05885526,0.056236815,0.047444604,0.18150277,0.17234242,-0.08891508,-0.12044514,-0.4839238,0.028736405,0.11285008,0.041834287,-0.022873428,-0.19255018,-0.05967118,-0.13426559,0.06881295,-0.11077299,-0.14800453,-0.38076466,-0.22008899,0.024750812,0.02592565,0.04842558,-0.1828861,-0.018021265,0.03770807,-0.052955654,-0.14499612,-0.31156695,-0.012564823,-0.09363314,-0.084873766,0.039284907,0.12805365,-0.1796544,-0.25970128,0.07588026,-0.047302652,-0.099725164,0.21143073,-0.20956591,0.14646761,-0.16100495,-0.26617768,-0.011235624,0.101494044,-0.18779732,0.06635046,0.07292569,-0.13187994,0.0775401,0.08488476,0.07335633,-0.10236194,-0.08410651,-0.10860182
get,0.07937742,0.009074236,-0.061462358,0.18242976,-0.26096842,0.06286823,-0.15496895,0.108300015,-0.33157894,0.010413203,-0.2720602,0.033032853,0.19232142,0.3653892,-0.24005657,-0.17061348,0.187443,-0.23258325,-0.2657403,0.031965584,0.08209207,-0.117596716,0.070197515,0.18640265,0.17482741,0.019252168,-0.34827042,-0.035303105,-0.09371908,-0.016048398,-0.20932455,-0.13533168,-0.33830023,-0.10729038,0.1358396,0.006994913,0.056455027,-0.23814991,0.03474753,0.16940501,0.05857236,-0.2670369,0.18648596,-0.061509736,-0.006335727,0.2731129,0.11907516,0.08710783,1.6729886e-05,0.075718164,-0.2357124,-0.35079205,-0.05030937,0.033322483,0.0327313,-0.046761375,-0.20939794,0.021596087,-0.16395894,0.22381884,-0.020093659,-0.024631515,-0.33759364,-0.01298397,0.07079689,0.077738464,-0.01881342,-0.33541098,-0.14941497,0.11988277,-0.20455515,-0.053172234,-0.19401304,-0.0065917275,-0.16733149,-0.22726879,-0.11946706,-0.14810255,0.03601433,-0.48753485,-0.041460402,0.07063599,-0.004737399,0.32861468,-0.008357909,0.12855405,-0.0029654864,-0.1634445,-0.10820458,0.05955717,-0.041673973,0.21091479,0.18169105,-0.20414357,0.04205323,0.08965995,-0.00024237248,0.035608556,0.1197701,-0.24725753
right,0.16127841,0.09252712,-0.04036117,0.015761552,-0.31336412,0.16437133,-0.14873391,0.2499227,-0.18070056,-0.04064801,-0.10701485,0.05740875,-0.09667795,0.10129336,-0.071013615,-0.34159812,0.18647163,-0.15905413,-0.13295475,0.033416264,0.15175013,-0.18019941,-0.016187808,0.3027957,0.27512866,-0.18448268,-0.09322769,-0.050929546,-0.24620049,0.109782726,-0.09129096,-0.23809949,-0.16270249,0.0012432631,-0.1364711,0.17474459,0.27545026,-0.21216077,0.13008553,0.009300569,0.09690317,-0.08869073,0.22476497,-0.07947266,0.042963993,0.13369255,-0.08027286,0.22817205,0.13187036,-0.07830652,-0.12539399,-0.3222838,0.02961742,0.026705787,0.127013,0.07440036,-0.3078417,-0.08605526,-0.088436425,0.24798836,-0.029011883,0.024442513,-0.19472808,-0.20257989,0.20763545,0.017737975,-0.15506403,-0.32929188,-0.031333737,0.0073429947,-0.055958554,-0.134506,-0.16505699,-0.12095186,-0.056791354,0.04481664,-0.027732886,-0.26686972,-0.13294534,-0.280533,-0.104280785,0.13819717,-0.16184695,0.13792618,-0.15735678,0.09108826,-0.20885019,-0.2430346,-0.0690526,0.10654162,0.030162448,0.09152773,0.15264665,0.030701034,0.14350174,-0.10495203,0.23370549,-0.052823532,-0.053915724,-0.14119966
come,-0.004117262,-0.07049511,-0.06399336,-0.10132119,-0.35031736,0.12175436,-0.18394765,0.19492133,-0.24440618,-0.12560956,-0.10750153,-0.124021895,0.1767642,0.2928827,-0.1661493,-0.0130923325,0.21007983,-0.14353429,-0.1468112,-0.06929995,0.19681738,-0.13320258,0.0030587565,0.23270452,0.17134216,0.03352639,-0.4658375,-0.05740994,-0.19495861,0.03396152,-0.245423,-0.17581755,-0.24666238,-0.13259926,-0.12143072,0.013344316,0.18721732,-0.17140755,0.122661285,0.09519168,0.048532553,-0.09521501,0.25213003,-0.101236045,0.032116093,0.19363786,0.15770516,0.22610229,-0.015851239,0.11781024,-0.21542758,-0.36142915,-0.12913956,0.19189374,0.022712497,0.01919149,-0.09650512,0.028995758,-0.13228656,0.21831484,0.042094957,0.11955993,-0.36124408,0.13657087,0.17982607,0.10336763,0.0075709787,-0.30014497,-0.26876646,0.1021983,-0.05448995,-0.061566863,-0.13484497,0.01605741,-0.2099615,-0.20658366,-0.172,-0.24100606,0.04592982,-0.39756384,-0.07826264,0.025585804,-0.1825632,0.2102359,-0.17804323,0.1457626,-0.052250758,-0.2151599,-0.16786528,0.09640028,-0.0678428,0.22132327,0.06511636,-0.025293667,0.042260416,-0.061340522,-0.00075692264,0.12895389,0.12533933,-0.282589
let,-0.036371708,0.04112957,-0.19985108,0.13731371,-0.31672564,-0.0884765,-0.2301657,0.006645715,-0.26514897,-0.025294337,-0.1750683,-0.030974813,0.36239952,0.22137006,-0.19775847,-0.29074943,0.116669685,-0.09305671,-0.25088587,-0.22810437,0.073184334,-0.039616898,-0.04105207,0.16057116,0.13946304,0.07732006,-0.41667482,-0.14782198,-0.13544865,0.2638862,-0.38506827,-0.13726138,-0.24534371,-0.14831313,0.1323104,0.006354739,-0.019136924,-0.2920027,-0.0784059,0.32120338,0.07845706,-0.40230173,0.28256074,-0.059535887,0.061840896,0.23451059,0.12792356,0.18843566,-0.050506406,0.086034276,-0.37532005,-0.35757485,-0.12186679,0.11274874,0.20528011,0.054934144,-0.05576641,-0.06718501,-0.36829504,0.40093485,-0.07330726,-0.20142023,-0.3402533,-0.0067462344,-0.03595753,-0.06357079,0.064812265,-0.4335851,-0.08992795,-0.030296506,-0.054507874,-0.18631013,-0.2500413,0.0797853,-0.22212826,-0.32411695,-0.15080005,-0.121012315,-0.08824204,-0.5402415,0.0028914486,0.16297528,-0.07032992,0.25659904,-0.009509032,0.27683464,0.00091064774,-0.36538377,-0.040013067,0.05929043,0.17288397,0.34567493,0.2831022,-0.13105406,-0.20524837,0.058203757,0.13807699,0.14057863,0.14854516,-0.11687491
now,0.017160973,0.0122213885,-0.0132549815,0.08696403,-0.24594747,0.07433092,-0.11251726,0.15555544,-0.2410838,-0.024986083,-0.17525373,0.028447159,0.124457106,0.23035972,-0.15650602,-0.23813927,0.15502593,-0.14027922,-0.23938727,0.022609793,0.11293468,-0.12409513,-0.02626294,0.20327073,0.1971494,-0.026038973,-0.17936519,-0.002558593,-0.18073809,0.051847037,-0.07841195,-0.19241506,-0.18775153,-0.016456602,-0.04597889,0.11673771,0.04589847,-0.20947108,0.100433156,0.09447408,0.068071716,-0.0936442,0.21684694,-0.043816347,0.052650765,0.087101,0.059868995,0.13918254,0.14917648,-0.017881708,-0.19700725,-0.36098716,-0.0021300341,0.030269742,0.111777306,-0.018147845,-0.2025157,-0.02766802,-0.09962783,0.18719073,-0.05468973,-0.09955896,-0.26735687,-0.12883659,0.14177328,0.058479268,-0.028213052,-0.20680724,-0.028603945,-0.0077066077,-0.100290515,-0.15240881,-0.22090344,-0.06478266,-0.05668094,-0.11411024,-0.020475445,-0.09514279,-0.16444524,-0.33814305,-0.061333664,0.037594456,-0.03587011,0.20452753,-0.10372728,0.12968886,-0.15556364,-0.26743862,-0.09584046,0.08788868,-0.019912826,0.14890593,0.082034156,-0.07674442,0.08221562,0.040805023,0.06737377,-0.030123236,-0.051105686,-0.0982512
at,-0.008012515,0.15106519,0.032838754,0.054298207,-0.24788636,0.1869122,0.004326158,0.15596156,-0.25928864,0.03298042,-0.11601529,0.056000717,0.051628117,0.16233645,-0.11151989,-0.0818027,0.0552748,-0.20715624,-0.10383931,0.11413621,0.05137091,-0.052123323,-0.026961274,0.1839158,0.27931672,-0.027641114,-0.08657159,-0.029058805,-0.16227674,-0.047807112,-0.07729213,-0.08594432,-0.10342194,0.08876594,0.008216148,0.08103949,0.1595112,-0.20388623,0.07113763,0.06537618,0.018012686,-0.10100634,0.30060145,-0.013670455,-0.009526375,0.1014313,-0.0042831064,0.016271943,0.09886839,-0.03322051,-0.11233239,-0.3922028,-0.14827046,0.05425792,0.121199965,-0.0098824855,-0.101119265,0.10873779,-0.059735466,0.18243691,0.022910656,-0.13322385,-0.30523568,0.0068297475,0.079547375,0.0068903933,-0.049552035,-0.0077437824,-0.09093725,-0.050783474,-0.025954338,-0.10072075,-0.20688257,-0.101814896,0.07212875,-0.13645522,0.051282864,0.026475918,-0.12579845,-0.20293851,-0.08373911,0.13663076,-0.10283446,0.09140993,-0.28818634,0.02507709,-0.2767957,-0.26967388,-0.121767975,0.121682145,-0.16639806,0.11654536,0.14047077,0.027039,-0.022018248,-0.036182314,0.10511949,0.0018108992,0.010069731,-0.0697384
out,0.0776288,0.0857772,-0.051407084,0.146715,-0.34305725,0.07499369,-0.1421638,0.13606536,-0.1848332,0.004459585,-0.14788483,0.0075642467,0.095352605,0.23681237,-0.15484232,-0.15774918,0.15657575,-0.17545585,-0.053468775,0.042887595,0.084034815,-0.07895137,-0.122462764,0.23456052,0.21153395,0.073160484,-0.18703341,-0.041306905,-0.18649434,-0.06539491,-0.13987394,-0.20888165,-0.24125652,-0.067921996,0.012686353,0.024084808,0.18998356,-0.16994436,0.029865427,0.20522484,-0.016501477,-0.13045782,0.3051603,-0.07784472,-0.058520444,0.12678722,0.05530255,0.12696585,0.0202539,0.054014694,-0.13873562,-0.32885087,-0.09540208,0.0645443,3.0327112e-05,-0.09750952,-0.08090982,0.042406175,-0.13245928,0.25405246,0.08345986,0.02987664,-0.37085205,0.026105434,0.019311441,0.0007544082,-0.024948325,-0.14631006,-0.23103833,0.06420948,-0.017448643,-0.14633834,-0.11413618,-0.08626235,0.00052735454,-0.14767437,-0.080641225,-0.0935652,-0.06875539,-0.35886547,-0.034540676,0.060840078,-0.045086976,0.12752102,-0.14194211,0.005423861,-0.08207039,-0.17137475,-0.035115547,0.036018014,-0.12735291,0.26162767,0.18025166,-0.016889377,-0.03605965,0.05427511,0.016989507,0.03194546,-0.003121623,-0.21340682
as,-0.03832469,0.22933087,-0.15476818,0.230469,-0.17931458,0.49029884,-0.17610385,0.15494221,-0.20364752,0.15748864,-0.04329853,-0.014858369,0.28320214,0.37605077,-0.32474715,0.072386794,0.14523755,-0.20764238,-0.24769434,0.057375405,0.123117976,-0.09984563,-0.044256896,0.46480107,0.28152248,-0.3267361,-0.12252471,0.09375716,-0.3755841,-0.34433237,0.070439234,0.06750073,-0.15275559,0.031605996,-0.05889711,0.26646754,-0.075515844,0.068314694,0.112441674,0.13476592,-0.005886256,-0.11934032,0.22657704,0.1440024,-0.14058897,0.19181348,0.008182567,-0.065602675,-0.082873456,0.43989792,0.049111255,-0.5541959,-0.16446401,0.06969758,0.026059086,-0.032496292,0.011231818,0.1300893,-0.20813717,-0.17652284,-0.14925179,-0.29499844,-0.039425146,0.018038226,-0.20015141,0.23767042,-0.1587513,-0.022378055,-0.46159822,-0.12811026,0.20113732,-0.28287736,-0.3090075,-0.11187614,0.03184899,-0.21730655,0.15078756,0.39862794,-0.13561468,-0.08311939,0.050983846,0.29848638,-0.23904577,-0.07719342,-0.39574167,-0.01881769,-0.50709456,0.11071224,0.13147415,0.14244366,-0.32553014,-0.074909754,-0.07178234,-0.018866444,0.15603332,-0.08716206,0.043312367,-0.067008615,-0.016703907,0.046800885
back,0.025262436,0.07185899,-0.08527621,0.025096219,-0.39802876,0.08069733,-0.1502553,0.17275546,-0.15636873,-0.11592377,-0.19466253,-0.056173224,0.16478811,0.14345586,-0.29179308,-0.10352155,0.25319463,-0.16016555,-0.18170963,-0.054667205,0.11240991,-0.119206496,-0.11205767,0.22202544,0.13996828,0.13010848,-0.28280962,0.050799113,-0.20857109,-0.08917373,-0.2426077,-0.10614236,-0.23485303,-0.110461466,0.009011688,0.035974506,0.20436573,-0.19129665,-0.028917369,0.18082014,0.022200344,-0.14287429,0.23713912,-0.048468966,-0.040746238,0.21359555,0.1186491,0.12379508,-0.015407054,0.1190428,-0.21934348,-0.26264536,-0.23458949,0.034343295,0.050818168,-0.059326638,-0.14796284,0.053188056,-0.20221633,0.21938744,-0.055142734,-0.0454229,-0.31904802,0.10152559,0.014670112,0.06233193,-0.10921618,-0.18576941,-0.27538574,0.14581648,-0.16852003,-0.0063048387,-0.08176973,0.0702399,-0.1831887,-0.27701828,-0.12824541,-0.1480829,-0.031255987,-0.52318454,-0.149904,0.07200181,-0.020358602,0.24749106,-0.116185986,0.065568484,-0.018896097,-0.2002985,-0.0729612,0.00926085,-0.12483464,0.2831887,0.23701908,-0.16490665,-0.012595532,0.0016764905,-0.05649916,0.1346875,0.08267388,-0.22389552
her,-0.2958755,0.115686,-0.051433697,0.2539357,-0.14937112,0.021066636,-0.13624847,0.009101501,-0.20726438,0.14573003,-0.22363804,0.035580914,0.20981362,0.21055558,-0.12052115,-0.10144797,0.079715624,-0.16295779,-0.2909069,0.043488473,0.059364058,-0.04649164,-0.17002769,0.13812768,0.30158517,-0.017877392,-0.20104244,-0.024876898,-0.0671948,-0.067348175,-0.25348112,-0.08709265,-0.18470559,0.037761252,0.11601808,0.13810109,0.058203723,-0.19876319,-0.08726838,0.09789088,-0.008372231,-0.058121834,0.19314435,0.044327226,-0.03275059,0.058010306,0.23020186,-0.043414902,0.10016164,0.015746271,-0.14682442,-0.3858557,-0.10874195,-0.022988785,-0.02711602,-0.080754615,-0.080397554,0.039080337,-0.19559532,0.14577997,-0.0998079,-0.245116,-0.3380128,-0.012518578,-0.05302927,0.1004709,-0.023160713,-0.21053347,-0.23676923,0.04071965,-0.021061555,-0.28275445,-0.3365585,0.0014447704,-0.110463,-0.22704771,-0.048133705,0.0061069494,-0.021526337,-0.439765,-0.19664344,-0.035293784,0.024136899,0.07082958,-0.18884183,0.18622006,-0.053087555,-0.17235121,-0.057654593,-0.006632114,-0.06550277,0.2111297,0.14188354,-0.084057316,-0.045901474,0.088785835,-0.006871885,0.05318592,-0.019821258,-0.110613994
ah,-0.00012705478,-0.059439834,-0.076642744,-0.053744983,-0.1920343,0.077816874,-0.118167624,0.16381241,-0.08381644,0.20151012,-0.009311594,0.055321697,-0.043821074,-0.09372005,-0.06038943,-0.13370985,0.2603006,0.00050587027,0.02581827,0.017746206,0.06289911,-0.050562404,-0.12700942,0.15264131,0.3836325,-0.00084164826,-0.022176556,0.019691994,-0.16963828,0.051026005,-0.10782019,-0.3088961,-0.10416661,0.008464929,-0.2267076,0.27864066,0.29789522,-0.37740406,0.31136993,0.07558374,0.017670829,-0.061688554,0.08751119,-0.17025371,0.07748125,0.14358382,-0.107648574,0.037616096,0.2822662,-0.27502108,0.001768631,-0.13262248,-0.16864473,0.16000074,0.12680711,0.19444694,-0.04528631,-0.16032301,-0.015403408,0.24396011,-0.18305084,-0.036244124,-0.29562294,-0.10197849,0.29809973,0.033720005,-0.16394894,-0.048397142,0.104292296,-0.060368262,-0.042852834,-0.04909866,-0.13617583,-0.096680716,-0.057987332,-0.0698482,-0.013222634,-0.29742402,-0.265194,-0.20743488,-0.27918184,-0.051436942,-0.15611237,0.05887424,-0.20414235,-0.004861383,-0.11854518,-0.39594218,-0.28167313,0.04004874,0.025530899,0.10458315,0.110319644,-0.09749401,0.073238656,-0.093839556,0.14017843,-0.08913905,-0.20899774,-0.21750355
one,-0.06913489,0.12194142,0.009132891,0.07355096,-0.28491473,0.1867002,-0.06903591,0.2257648,-0.18214539,0.09386257,-0.1186257,0.024163252,0.1405938,0.1424696,-0.096213184,-0.0702296,0.06914543,-0.18993291,-0.07465957,0.17528568,0.03687202,-0.12874973,-0.06858053,0.24157432,0.28909126,-0.054082997,-0.061099086,0.050463557,-0.14282894,-0.16319196,0.03411756,-0.22515352,-0.045037523,0.004788508,-0.00815472,0.013911594,0.052140642,-0.094063446,0.112836294,0.12644178,-0.05660581,-0.0061608036,0.18877539,-0.051239435,-0.034799356,-0.055634595,0.050030965,0.105372906,0.13712415,0.08419557,0.03983796,-0.42161834,-0.14433119,0.034058217,0.113273725,-0.07077402,0.054849558,0.019290037,-0.09921051,0.15576579,-0.0027872878,-0.05326772,-0.33428583,0.011434227,0.06874516,0.011629888,0.037690304,0.057562888,-0.27963638,-0.10437322,0.1936615,-0.23904195,-0.19268428,-0.2341181,0.18781905,-0.09513159,0.12551777,0.016056277,-0.21101128,-0.18724848,-0.025055718,0.08315366,-0.13094531,0.032909725,-0.3060882,-0.028971452,-0.26957878,-0.20834525,0.03338318,0.11917879,-0.17869577,0.15474483,0.044727482,0.013901417,-0.02011247,-0.055203944,0.08055887,-0.0052662822,-0.10021241,-0.07579695
t,0.1729733,-0.0020957424,0.109469175,0.17323166,-0.04539138,-0.28367957,-0.12589554,-0.10822041,-0.4497619,0.008949682,-0.46101674,0.32034892,0.3342687,0.33772352,-0.29161325,-0.54971695,0.013478676,-0.3017576,-0.23620874,0.03113661,-0.02377626,0.052703757,-0.20702033,0.15798874,0.38874045,0.12061475,-0.30538726,0.0009110967,-0.017072909,0.07302367,0.062232763,0.12637644,-0.047516968,0.24491422,-0.13877535,0.13030338,-0.053750183,-0.3412244,0.0022172902,0.13133442,-0.026559155,-0.43813515,0.10242523,0.21305421,0.2728714,0.20872724,-0.10700566,0.104515806,0.17215656,-0.26387882,-0.25761,-0.5678757,-0.003889308,-0.09322958,0.16901176,0.23772746,-0.48750257,-0.08336938,-0.12111013,0.29110608,-0.23508066,-0.11117678,-0.45631912,-0.4560079,-0.005112906,0.058583822,-0.042298734,-0.17715287,-0.07260872,0.3070441,-0.46695545,0.032888576,-0.33318573,0.14673191,0.06777048,-0.33141088,0.104480326,-0.16347308,-0.02638433,-0.31958154,0.09967246,-0.30110788,-0.06669282,0.40329513,-0.043034457,0.21090113,-0.05690122,-0.4266445,-0.21928224,0.18546541,-0.29266208,0.22614917,0.075478874,-0.27714363,-0.13827823,0.23688945,0.0513757,0.059805144,-0.032508202,-0.28069013
well,-0.010416294,0.082256876,-0.10071086,0.080655806,-0.0857695,0.2516729,-0.0960287,0.1544094,-0.17748004,0.1496979,-0.06452308,-0.0017855891,0.11671551,0.19297834,-0.21159464,-0.10194116,0.17578208,-0.15571469,-0.29245225,0.077672236,0.11197099,-0.15891148,-0.07494162,0.26665902,0.25097856,-0.15493861,-0.08013422,0.07477657,-0.21238162,-0.10701931,-0.050498858,-0.08972261,-0.15696526,-0.016455812,-0.052342232,0.27026576,0.016540917,-0.1539708,0.083536394,0.04475973,0.022006156,-0.10507494,0.14142552,0.07495924,-0.059387922,0.20962551,0.03262611,0.03997167,0.10169349,0.072342604,-0.062430076,-0.2795982,-0.071763106,0.08053398,0.060288113,-0.009611224,-0.13693155,-0.03409313,-0.1628031,0.014331792,-0.18931396,-0.28773838,-0.20593393,-0.07017407,0.018196575,0.1481463,-0.1375544,-0.19662525,-0.045112994,-0.10284342,0.013847051,-0.23171687,-0.2380933,-0.06830359,-0.10104187,-0.118997194,0.045918807,0.07004793,-0.19044296,-0.19285758,-0.10630878,0.09260108,-0.1691054,0.13068768,-0.2861354,0.15558699,-0.2986841,-0.17298692,-0.13853523,0.08974072,-0.07937648,-0.021269513,0.086987294,-0.12208984,0.14889461,-0.07414537,0.13022183,-0.060466785,-0.0868604,-0.115809724
from,-0.09932714,0.14418896,-0.018015416,0.13262594,-0.33409876,0.24597725,-0.036124367,0.18294786,-0.15771966,0.07733341,-0.09543699,-0.031970464,0.04447133,0.02690085,-0.06990753,0.12093152,0.12011731,-0.1465455,-0.04089962,0.21891838,0.0229499,-0.1670636,-0.08943833,0.20520927,0.2168036,0.052250963,-0.028423605,0.016901745,-0.13130149,-0.15190595,-0.058678135,-0.21882492,-0.10975963,0.0030327786,-0.024590973,0.11256983,0.28607032,-0.20277774,0.15391389,0.07804963,0.048325505,0.02071742,0.28073514,-0.097959496,-0.013380807,0.024034698,0.032913618,0.011654293,0.05021684,0.0057734507,0.038934115,-0.3912906,-0.21156245,0.14479828,0.11939172,-0.045232993,0.08273256,0.19251196,-0.0301998,0.18479799,0.018021718,-0.07914659,-0.29419392,0.12456942,0.115132555,-0.03234429,0.016746446,0.015646499,-0.25123215,-0.0415947,0.06651371,-0.15669626,-0.13194834,-0.11029759,0.060308855,-0.16022533,0.038803976,0.066319056,-0.15294304,-0.22084825,-0.13415751,0.21898417,-0.102678455,-0.044513293,-0.28878117,-0.076273955,-0.26696676,-0.2395516,-0.11492101,0.00521394,-0.13584478,0.120771796,0.065112226,0.04497873,-0.037542254,0.018961478,0.024457522,0.009256033,-0.08832232,-0.11402563
good,-0.02694755,0.025840713,0.015128263,0.057215888,-0.06319326,0.118900664,-0.014329002,0.09796178,-0.16788375,0.15709218,-0.054646984,0.042094406,0.03525469,0.07096178,-0.060699664,-0.25550213,0.10805777,-0.08244157,-0.13590182,0.061597407,0.09970228,-0.02880167,-0.16045454,0.22392046,0.3479229,-0.09782048,-0.08567908,0.069459684,-0.20095073,-0.030079592,-0.017921515,-0.17136261,-0.0075000566,0.023580557,-0.16826177,0.24033633,0.094808,-0.28520155,0.13829602,0.06685152,0.005619477,0.039566148,0.19317253,-0.011472959,0.087869406,0.024491033,0.013235215,0.107503414,0.23713939,-0.055986676,-0.05478622,-0.4016265,-0.045432333,0.045290116,0.14601772,0.04042766,-0.048799735,-0.04830775,-0.122384615,0.18387152,-0.1078742,-0.05416539,-0.3041574,-0.1133132,0.108928636,0.09120713,-0.05175136,-0.00012985451,-0.058854677,-0.06140024,0.02431321,-0.23483357,-0.18746616,-0.09911846,0.06845557,-0.01483978,0.10537862,-0.05754408,-0.25820073,-0.15393232,-0.14053112,-0.034415368,-0.079952866,-0.052125458,-0.3314793,0.0071656494,-0.27043435,-0.30352247,-0.12600091,0.07048663,-0.09492285,0.066731766,-0.032423466,-0.04076518,0.062218923,-0.021280028,0.102162845,-0.12651147,-0.1558009,-0.050230086
did,-0.0551431,0.11202477,-0.0395131,0.3814614,0.1225783,0.025756653,0.043010674,-0.17431326,-0.17983335,0.31309932,-0.19354782,-0.0033821152,0.10615497,0.16561137,-0.15537946,-0.18623714,0.09107614,-0.22792384,-0.26185587,0.18692136,0.039577078,-0.11780633,-0.14813903,0.10458122,0.25556633,0.0021852918,-0.0013714856,-0.04773636,-0.04057075,-0.14448431,-0.1294678,-0.041546706,-0.14074495,0.01235422,-0.028977297,0.37796098,0.22344416,-0.30152434,-0.05776267,0.053583816,0.117076516,-0.13806383,0.20343031,0.14943999,0.013822322,0.22652704,0.046753082,0.09915943,0.20616199,-0.16123597,-0.018060576,-0.32950005,0.076821536,0.15059252,0.1341744,-0.09668676,-0.14252086,0.018813252,-0.22229142,0.020180708,-0.16399746,-0.309683,-0.40159976,-0.13686255,-0.008502149,0.06179329,-0.036314987,-0.11671722,0.051189836,0.10004531,-0.15519649,-0.25593913,-0.33933464,0.082627065,-0.062377173,-0.054211125,0.047507335,0.19577101,-0.07797628,-0.27430162,-0.061439205,-0.06977558,0.09104942,0.058304776,-0.327586,0.09269254,-0.17013495,-0.32254833,-0.24200365,-0.14079349,-0.13010365,-0.02952428,0.15754172,-0.14288618,-0.006906114,0.23030935,0.10453426,-0.04531425,-0.2073491,-0.16601427
going,0.15269725,0.16831566,0.0032891356,-0.01671212,-0.27170342,0.002535788,0.05204755,0.18752895,-0.06088142,0.09063158,-0.19999287,0.15462986,-0.04245843,0.18305689,-0.08695324,-0.25221467,0.12870333,-0.24453455,-0.22180589,-0.04152614,0.11134885,-0.057658613,-0.21596016,0.37682313,0.31405246,-0.21874794,-0.19846049,0.089143716,-0.20095477,-0.06654576,-0.13954717,-0.31442213,-0.25346127,-0.13078289,0.11702706,0.12698671,0.15023497,0.07107325,0.11802334,-0.054727264,-0.02701748,-0.0035061697,0.13545522,0.07869575,-0.14242868,0.29564464,0.09092079,0.21435344,0.13606277,-0.105257265,-0.06485979,-0.12311338,-0.035175502,-0.02434204,-0.07287165,-0.1518491,-0.32360312,-0.3103492,0.052872088,0.060990278,-0.0744615,-0.021941742,-0.39791244,-0.10984613,0.0615071,-0.0027892324,-0.083024494,-0.22041363,-0.160273,0.023923118,0.0034267115,-0.08829308,-0.35823572,-0.11659726,-0.10974326,0.111064285,-0.2524419,-0.28295988,-0.080391705,-0.4695594,-0.26722664,-0.24261549,-0.07773407,0.25293314,-0.022076542,0.2940854,-0.110015035,-0.29554638,-0.053044837,-0.050559152,-0.19407359,0.21611169,0.28489786,-0.1209668,0.06550071,-0.07479902,0.16590595,0.08297533,-0.18979177,-0.22827837
too,-0.06153889,0.07477021,-0.055608906,0.05175422,-0.1275349,-0.017417261,-0.08523516,0.07805307,-0.12548593,0.16531067,-0.17231642,0.070477664,0.14197437,0.10751589,-0.17439829,-0.21254326,0.19439887,-0.13300617,-0.23359749,-0.011144129,0.07929261,0.03866398,-0.1680756,0.18759671,0.33640322,-0.08765446,-0.10507588,0.06529582,-0.15121841,-0.035362743,-0.12724209,-0.1769444,-0.12918507,0.0010488181,-0.047486894,0.23368116,0.029906468,-0.23314378,0.12003737,0.07281012,-0.044728275,-0.11338229,0.14614865,0.016383627,0.010354255,0.10880762,0.06440735,0.08519475,0.19818799,-0.0414674,-0.08368901,-0.25545302,-0.00010215862,-0.063536614,0.06318084,0.041232996,-0.09478429,-0.12504762,-0.054085035,0.16386466,-0.17458385,-0.12428124,-0.2909881,-0.13355255,0.05919713,0.098740496,-0.08644997,-0.120859526,-0.0588154,0.036682565,-0.066576205,-0.1336831,-0.3024469,-0.07379545,-0.042516626,-0.09683486,0.017665023,-0.1136338,-0.15464103,-0.3121029,-0.23967747,-0.109524816,-0.06192584,0.11286279,-0.17588547,0.1316596,-0.19253628,-0.29495183,-0.10577566,0.042050842,-0.048525922,0.11781242,0.11374295,-0.14480594,-0.0014480766,0.0011533113,0.1038467,-0.03803027,-0.09150288,-0.1301061
yes,-0.109618954,0.073553324,0.0048804167,0.06624245,-0.15177578,0.06981423,-0.06963024,0.116851024,-0.14941753,0.12665674,-0.097088665,0.05042405,0.07895885,0.05135383,-0.104304686,-0.086543515,0.1731777,-0.096287474,-0.09691675,0.11045638,0.053796053,-0.04956985,-0.15914746,0.15870754,0.3149526,-0.02022564,-0.053673305,0.053905975,-0.1704149,-0.13348043,-0.09549383,-0.20163535,-0.031008508,0.0321578,-0.061552063,0.18964843,0.12471219,-0.23329984,0.10038579,0.10215973,-0.08254695,0.029137842,0.18527327,-0.033836752,0.006625104,0.040906735,0.0497164,0.021222407,0.13486768,-0.010813681,-0.006443492,-0.30369326,-0.105377026,-0.023753764,0.096953206,0.00301218,0.028499926,0.0015884241,-0.086983204,0.21282174,-0.08301202,-0.09240736,-0.36328617,0.021015342,0.053437527,0.085954666,-0.027360179,0.026509857,-0.14286348,-0.01931854,0.03610531,-0.17370984,-0.20364399,-0.09229798,0.09682974,-0.08932483,0.054956492,-0.004522395,-0.20308444,-0.23164207,-0.1202936,0.0031580608,-0.07269784,0.0063276757,-0.2789343,0.009587683,-0.17970821,-0.27745724,-0.08188965,0.052899178,-0.11522344,0.13428149,0.051916625,-0.118599705,0.008607693,-0.024514938,0.036434624,-0.028905686,-0.1276152,-0.08157379
ve,0.18511191,-0.18323915,0.107093185,0.059950102,-0.25656554,0.23514818,-0.09231716,0.2460733,-0.23725504,0.15191971,0.049701553,0.12862934,-0.03211582,0.13421105,-0.39346027,-0.20744729,0.5081656,-0.18705969,-0.22500303,0.12883061,0.32442427,-0.04908488,0.029069347,0.14175366,0.17336689,-0.053156886,-0.044503722,0.07093264,-0.17141944,-0.26856792,0.07649474,-0.32039195,0.08124073,-0.030891249,-0.27099013,0.31578812,0.28292316,-0.29732305,0.07218912,0.09084651,-0.13394997,0.19430237,0.15342523,-0.006863066,-0.04070627,0.12147011,-0.0220049,0.15658787,0.09915859,-0.1428482,-0.0313971,-0.30766633,-0.0012563133,-0.060231596,0.24634415,0.02272466,-0.08976325,0.09464053,0.13732281,0.15045127,-0.034244504,0.0032322428,-0.41400456,-0.05927178,0.1318158,0.35817862,-0.22275914,0.012779013,0.039196853,0.056501795,-0.1296619,0.006655181,0.101668656,-0.15780628,-0.03053263,-0.017812945,0.12781629,-0.11054266,-0.080722496,-0.18990283,-0.20139037,-0.07584845,-0.031842344,0.061034404,-0.53424364,-0.23170295,0.06486204,-0.316511,-0.33649087,0.13215175,-0.43709132,-0.061858587,-0.12539804,-0.25386912,0.22044465,-0.002585518,-0.079891875,-0.05397784,0.07341647,-0.14498314
see,-0.027281163,0.05603678,-0.043637678,0.1799152,-0.03691992,0.021936394,-0.106271215,-0.075003,-0.28580868,0.18229158,-0.20426033,0.08873977,0.16317108,0.29011878,-0.22473368,-0.16094121,0.13648899,-0.23719983,-0.3713593,0.10201894,0.042769168,-0.15298876,-0.025583398,0.1752469,0.23955047,-0.13006634,-0.1500062,-0.08405214,-0.104582965,-0.014278682,-0.14116706,-0.053514212,-0.22314553,0.034403604,0.0056668245,0.27548182,0.03586891,-0.26466328,0.053741097,0.11503656,0.105636,-0.18362364,0.15131772,0.07303898,0.038518257,0.20358676,0.06320603,0.062181138,0.10407591,-0.07727932,-0.06429367,-0.33479315,0.060157444,0.083772525,0.123566166,-0.0059575518,-0.23595998,-0.03152524,-0.17058788,0.09917201,-0.14258172,-0.23520824,-0.29091182,-0.13811131,-0.0007209954,0.1149128,-0.017371966,-0.27458942,0.037944295,0.010367119,-0.12905021,-0.16056076,-0.3332895,-0.022913506,-0.087607674,-0.09896047,0.038385727,0.092393436,-0.04493466,-0.24753918,-0.04977622,-0.016052302,-0.02286473,0.145712,-0.16731533,0.2074702,-0.14965785,-0.24418762,-0.16417745,-0.0031650679,-0.09181813,0.045253348,0.113910586,-0.1613022,0.08145449,0.10863336,0.06800198,-0.028895356,-0.08044838,-0.12194302
how,0.05704528,0.043299794,-0.005970329,0.17353836,-0.05735829,0.07329404,0.025479725,0.056610744,-0.13233374,0.19052012,-0.17941308,0.03080753,0.116015,0.2112219,-0.1890219,-0.18115884,0.13491496,-0.18000051,-0.2718475,0.13049059,0.15046749,-0.075226635,-0.070171185,0.15729243,0.24461763,-0.06593823,-0.02944379,0.009643218,-0.12883683,0.01925095,0.035766736,-0.15173812,-0.06396081,0.08097821,-0.03813878,0.24837005,-0.012579579,-0.2403179,0.14956798,0.020976758,0.080678985,-0.10167219,0.18301246,0.07578825,0.048547443,0.039718714,-0.007302806,0.11323888,0.33380017,-0.200979,0.03820044,-0.3474572,0.059637666,0.013913463,0.16891506,-0.06620271,-0.10713999,-0.041732084,0.04769354,0.12065524,-0.15715016,-0.3427088,-0.24193737,-0.2525969,0.13465223,0.09854395,-0.05588505,-0.17348205,0.14562553,-0.09338854,-0.10836315,-0.18912828,-0.32423976,-0.09034758,0.052436154,-0.047326274,0.15179232,0.08224001,-0.27687067,-0.14979765,-0.039386503,-0.06838915,-0.116788186,0.05558731,-0.30772427,0.14820634,-0.28617477,-0.39940393,-0.26390168,0.096000694,-0.08349356,-0.043827113,0.0018191146,-0.15036848,0.119250685,0.047810644,0.15850723,-0.06658253,-0.10719798,-0.08688079
us,-0.023673542,0.041378606,-0.10250709,0.04260388,-0.32742453,0.1436044,-0.11458418,0.10003361,-0.30670226,-0.09277385,-0.18064934,-0.08694038,0.25734296,0.34608707,-0.2169277,-0.006131132,0.08944154,-0.13016954,-0.2040172,0.07025955,0.104872,-0.16440384,0.032056637,0.23126131,0.12785913,0.13668771,-0.27108672,0.00622378,-0.23726033,-0.0021248304,-0.1692866,-0.060008794,-0.23975684,-0.03474841,0.039095294,0.042934623,0.042653944,-0.13300247,-0.08856257,0.15602209,0.046580445,-0.10542848,0.37263358,-0.037173003,-0.068278804,0.1818593,0.043129843,0.079999894,-0.038166046,0.15927537,-0.19142671,-0.4164092,-0.16810597,0.13790147,0.03596699,-0.12080344,-0.06724554,0.13311784,-0.27005902,0.13656195,-0.015158218,-0.07577818,-0.3553134,0.09835158,0.059045494,0.04664262,0.063532464,-0.20100932,-0.2781646,0.017203586,-0.03554244,-0.1919436,-0.1494185,-0.0036475589,-0.08963329,-0.22644031,-0.06822379,0.034963045,-0.06557251,-0.33828956,0.01541996,0.10413632,-0.09406211,0.18868616,-0.16840485,0.14076793,-0.16566509,-0.17595115,-0.043309435,0.079207994,-0.070898205,0.2361887,0.11914158,-0.031686127,0.023524264,0.0956944,-0.038237095,0.065790236,0.06707343,-0.11297828
our,-0.027210582,-0.055186983,-0.02799955,-0.018380359,-0.3884458,0.2904846,-0.041986622,0.28690663,-0.27200857,-0.119724326,-0.022383597,-0.0920029,0.14761885,0.22965904,-0.17454654,0.05121456,0.11077953,-0.19350977,-0.19608597,0.11085517,0.104789674,-0.2431866,0.0061282753,0.24869923,0.1140843,0.08441489,-0.14686051,0.11602902,-0.1386143,-0.11887395,-0.011809783,-0.2620718,-0.12750205,-0.026927836,-0.018225217,-0.009027079,0.123435445,-0.16691668,0.03601287,0.06389213,0.06403484,0.034233022,0.26816246,-0.14968748,-0.017068958,0.112784624,0.013322824,0.13389055,0.032179058,0.1306908,-0.07580354,-0.42086038,-0.16006391,0.19686368,0.13507965,-0.13112924,0.020944636,0.10811895,-0.15000586,0.07457732,-0.06308601,-0.084748894,-0.31287402,0.13024874,0.15931533,-0.017688543,0.059734806,-0.116673976,-0.21442153,-0.089551926,0.059442937,-0.1996546,-0.06609363,-0.13834885,-0.062268034,-0.1599441,-0.016579628,-0.11230895,-0.1519226,-0.20934047,-0.021551564,0.12324523,-0.1618813,0.09132725,-0.24066858,0.07683972,-0.17454822,-0.24599351,-0.0605844,0.06435821,-0.11693159,0.22698966,0.04232851,0.0009738891,0.08431994,-0.08284377,0.0012464169,0.027097052,0.01742407,-0.08862343
were,0.06977918,0.10347801,0.08179663,0.07712846,-0.21130213,0.42422605,0.08485026,0.2043557,-0.13047256,0.06227534,0.014687375,-0.03133162,0.014607203,0.13550521,-0.21742372,0.106149755,0.24951494,-0.24263807,-0.10818962,0.31969786,0.1505585,-0.30815,-0.043622725,0.350174,0.17269139,-0.052195527,0.10253801,0.1252737,-0.1829203,-0.30535525,0.12126644,-0.2518442,-0.028291816,-0.040510718,-0.1014472,0.18595384,0.31943876,-0.051156506,0.112818174,-0.061110206,0.020019691,0.11319987,0.25330952,0.03705454,-0.11061216,0.15439399,-0.081778474,0.15054913,0.14111228,0.09395553,0.1459668,-0.3664769,-0.08746304,0.16688095,0.14645813,-0.14180347,-0.06266072,0.124383375,0.06608328,-0.09998065,-0.02523501,-0.13018934,-0.3315103,0.021631796,0.10973851,0.05502141,-0.020381419,0.122044735,-0.26149884,-0.0261381,0.09359702,-0.16818887,-0.07779843,-0.22401316,0.03482619,0.052593987,0.090236194,0.19232912,-0.14612179,-0.06771125,-0.040716913,0.10937109,-0.24907272,0.10221836,-0.3885244,-0.14356157,-0.33629054,-0.197568,-0.1176957,0.05747459,-0.28043142,-0.05643461,0.024582686,-0.06427728,0.1920323,-0.075253084,0.07287643,-0.040291756,-0.1510081,-0.19506389
about,0.015116102,0.15931958,0.09240571,0.23301095,0.102058016,0.07077071,0.15152043,-0.020954644,-0.17823088,0.16586536,-0.22417983,0.013617968,0.12942208,0.24587348,-0.20457293,-0.1632414,0.03659112,-0.26490107,-0.26284862,0.25220466,0.050308418,-0.02296565,-0.16581589,0.1309258,0.28262204,-0.084895365,0.03243694,0.06389543,-0.050362803,-0.16337612,0.022037841,-0.030683978,-0.012928056,0.15235452,0.06821775,0.32527372,0.030475534,-0.14333661,0.012368734,-0.049032994,0.04389851,-0.02653164,0.23422275,0.13517258,0.062592305,0.115274705,0.08847429,0.0018079333,0.32815868,-0.16205972,0.06546818,-0.3402578,0.1132658,0.014726885,0.08685972,-0.19191313,-0.17581455,-6.835765e-05,-0.0808742,0.07576386,-0.05143771,-0.25048527,-0.47557932,-0.10768362,0.022819372,0.13806295,-0.045138393,0.025507597,0.14230555,-0.08102017,-0.06848561,-0.20500015,-0.4214331,-0.063795544,0.14157283,-0.006637702,0.23208575,0.2784998,-0.16444094,-0.13259421,0.017999815,-0.13891982,0.039830662,0.034057327,-0.45007703,0.10547808,-0.27403992,-0.4209219,-0.20039003,-0.03723948,-0.276435,-0.046275876,0.023038706,-0.22601226,0.10540689,0.14638855,0.14040829,-0.07015778,-0.1913389,-0.100227766
look,-0.022183143,-0.0024348,0.006463603,0.051335804,-0.08635472,-0.008846846,-0.07306393,0.021457309,-0.19258317,0.13259318,-0.15700197,0.010942297,0.0785352,0.09298728,-0.035693586,-0.16895689,0.04771349,-0.066975646,-0.08986627,0.027596945,0.009695776,0.040959783,-0.14826627,0.190382,0.33823904,-0.018939199,-0.16553165,-0.07838917,-0.074382864,0.03522938,-0.11108236,-0.16478905,-0.08177445,-0.009593687,-0.111021005,0.15810531,0.15239228,-0.31745568,0.16493651,0.13741496,0.028241565,-0.026642546,0.25184745,-0.04555652,0.059136115,0.09441016,-0.005064961,0.08910174,0.20414193,-0.064521,-0.12134175,-0.39588436,-0.06788566,0.07504682,0.09911153,0.07289174,-0.053247802,0.07714102,-0.084481336,0.32178164,-0.011980936,-0.077822246,-0.3612386,-0.108562134,0.11555195,0.05144471,0.019182613,-0.037433572,-0.07780331,0.027410751,-0.032042705,-0.0774953,-0.23401351,-0.053073473,0.0316391,-0.16132544,0.07796965,-0.10529555,-0.13970046,-0.20701799,-0.20057185,-0.08024589,-0.064289786,0.019054478,-0.23619376,-0.014514834,-0.15773608,-0.3497025,-0.19320443,0.07198461,-0.092208765,0.17507252,0.07988079,0.035288617,-0.05760977,0.0697252,0.09094709,-0.090640254,-0.17117465,-0.119605936
them,0.07393603,0.005970946,0.007929639,0.07839947,-0.28857544,0.20601025,-0.0540009,0.17873886,-0.29286453,-0.06855107,-0.13434254,-0.018212551,0.15990344,0.34473932,-0.23458953,-0.03359242,0.13523288,-0.22987191,-0.24486129,0.17706978,0.15237363,-0.21233119,0.022739535,0.22101822,0.15083367,0.06376246,-0.11606815,0.052628666,-0.13280883,-0.09253438,-0.090860344,-0.18395838,-0.23126055,-0.04866945,0.06379682,-0.015442849,0.047782492,-0.077879004,-0.0062933355,0.036783226,0.026034562,-0.12137359,0.21574883,0.0060978583,-0.061907984,0.23410015,0.060104646,0.08995222,0.04485906,0.02199818,-0.10272155,-0.31220463,-0.07332017,0.047617964,0.020460974,-0.245872,-0.20321536,0.038328752,-0.04850744,0.10396089,-0.019514123,-0.17936851,-0.3838862,0.029445462,0.066544846,0.042817395,-0.0050517656,-0.21724404,-0.124317266,-0.008569404,-0.09370945,-0.16556387,-0.1538844,-0.039655123,-0.059456646,-0.09689249,0.0014696545,-0.016390536,-0.08199613,-0.3149692,-0.007907183,0.06592236,-0.07188953,0.2799397,-0.14384528,0.15008734,-0.15494652,-0.24770935,-0.09729647,0.1029242,-0.09694494,0.177466,0.1887151,-0.10996359,0.106137924,0.05665962,0.0016916753,0.012739032,-0.005172083,-0.187004
please,0.049390785,-0.060932487,-0.1533354,0.052558333,-0.19262134,-0.08738868,-0.20220347,-0.011602336,-0.222692,0.11340219,-0.27530658,0.0034358671,0.24323894,0.2759894,-0.29316682,-0.18506607,0.13599746,-0.10248759,-0.32137144,-0.048675295,0.04972508,-0.0023000608,-0.09869952,0.08801599,0.31979644,0.09624358,-0.32231152,0.044112224,-0.19955811,-0.07027611,-0.3527446,-0.056150362,-0.29407546,-0.07416248,-0.039955422,0.097874224,0.0030195047,-0.17853718,-0.009992758,0.26222745,-0.074626364,-0.2970839,0.18106616,0.0068343314,-0.044886056,0.17799708,0.17033428,0.071632296,0.019536989,0.03130636,-0.21614444,-0.3138862,-0.11215537,-0.013509197,-0.027284896,0.011225373,-0.19197214,-0.18024509,-0.24787883,0.20425646,-0.12504666,-0.07893524,-0.47549286,0.016674053,-0.041191123,0.12953797,0.0012781103,-0.23975,-0.16832021,0.12823012,-0.10831693,-0.1569417,-0.20634124,0.115265675,-0.18248321,-0.2559821,-0.08697442,-0.03738817,-0.024952896,-0.5215505,-0.072018065,-0.15572062,-0.0029258584,0.2473815,-0.09094489,0.2403394,0.07788995,-0.23329437,-0.0823386,0.085757986,-0.06736441,0.28031507,0.29923776,-0.22691067,-0.118846126,0.114827454,0.0047100093,0.073585875,0.025763432,-0.24170019
take,0.000663271,0.008436987,-0.024507666,0.015497755,-0.24902609,-0.011758269,-0.16185185,0.013607174,-0.2846007,0.06468416,-0.2817701,0.20619603,0.107663184,0.21404266,-0.24421293,-0.077173054,0.15746996,-0.13836107,-0.25135076,0.11483272,-0.044347893,-0.056085613,-0.118636996,0.13280797,0.40461674,0.008501153,-0.2775231,0.034147974,-0.17326003,-0.07508676,-0.26532665,-0.06836302,-0.1723241,-0.030792698,0.027374625,0.047004037,0.08440674,-0.20790857,0.10680749,0.21428369,-0.121144265,-0.20505312,0.2202665,0.033975404,-0.0778554,0.035854504,0.05711166,0.044498794,-0.013643335,-0.08597396,-0.15757927,-0.37757272,-0.15444458,-0.011075862,0.0006391989,0.08222417,-0.18596007,-0.06418217,-0.13520475,0.26883444,0.00011230269,-0.0002675986,-0.39582163,-0.039773397,-0.055495,0.07999877,0.06470762,-0.18119328,-0.17973468,0.13500172,-0.08806376,-0.030004388,-0.16072938,-0.021793952,-0.06361607,-0.2562746,-0.0483647,-0.041961785,0.00608228,-0.43320152,-0.13399059,-0.12610053,-0.03067584,0.20475616,-0.03144767,0.17030232,-0.019017834,-0.18130758,-0.042592254,0.05737728,-0.20188051,0.24443512,0.1872838,-0.20312257,-0.06632377,0.04175786,-0.0272109,0.114649005,0.06633874,-0.22135124
know,0.034516,0.008393508,0.036842056,0.36560833,0.14890078,0.09158451,0.12594827,-0.1302771,-0.29121688,0.2001597,-0.2600247,0.12212605,0.15329143,0.42348427,-0.27871183,-0.14225066,0.07011028,-0.33132428,-0.51905346,0.25185928,0.05336099,-0.1576133,-0.06575809,0.11256665,0.21017165,-0.14879434,0.07945653,0.007208867,-0.034834247,-0.15712951,0.010804632,-0.07627255,-0.1012926,0.0746669,0.06856449,0.2959885,-0.06615377,-0.16902076,0.013569151,-0.014552724,0.11050117,-0.13743871,0.20495962,0.15230653,0.06802613,0.14110339,0.12818803,0.062175117,0.30553496,-0.2232062,0.023946252,-0.43004635,0.21570656,0.01949456,0.117366895,-0.2050855,-0.2805499,-0.09664203,0.032646406,-0.015706914,-0.15922207,-0.45406106,-0.39646688,-0.27877617,-0.031257663,0.107223995,0.051061396,-0.14645758,0.16903462,-0.006933997,-0.11052056,-0.2627507,-0.43592587,-0.08696268,-0.018823167,-0.0005406149,0.11689851,0.30632624,-0.11420364,-0.12571244,0.04740616,-0.15717483,-0.025248045,0.16224162,-0.2582106,0.2261486,-0.2255875,-0.43351027,-0.21599184,-0.018724378,-0.20228297,-0.06477782,0.10443548,-0.2150157,0.09826326,0.13967007,0.1227329,-0.06544237,-0.17329712,-0.16246215
time,-0.03504407,0.10171349,0.104677275,0.0033868088,-0.16563545,0.19442473,-0.05844432,0.20627926,-0.23185576,0.13333964,-0.058779992,-0.009178225,0.04143499,0.12423294,-0.1473666,-0.17741881,0.1438965,-0.19862916,-0.18069708,0.18375535,0.08766905,-0.13051206,-0.018505333,0.19326231,0.22542913,-0.08349324,-0.07390314,0.031829022,-0.1850877,-0.21027647,-0.053534366,-0.19470426,0.06960831,0.025932962,-0.09592238,0.17182726,0.1268783,-0.159368,0.08014847,0.10512999,-0.038667563,0.057992514,0.23766002,0.022714641,0.02052832,-0.02613508,0.11404861,0.0738539,0.107897565,0.060340125,-0.03172405,-0.37335226,-0.080950975,0.012420077,0.13978414,-0.10463155,-0.010782925,0.01635765,-0.032091223,0.16328102,0.021819742,-0.027699465,-0.42443424,0.001479674,0.063787974,0.1546234,-0.09809021,0.116143875,-0.12395801,-0.11404505,0.09646662,-0.16142237,-0.16028138,-0.18568148,0.16688962,-0.025325688,0.146893,0.05398541,-0.19643712,-0.15224367,-0.027914373,0.06487728,-0.080344595,-0.005717173,-0.4036286,-0.08980055,-0.16354756,-0.28383937,-0.08131931,0.06450086,-0.2568686,0.062531695,-0.0062599056,-0.075075015,0.0295875,-0.039693534,0.041848768,-0.018451158,-0.10962212,-0.066693395
want,0.016006479,0.01717837,-0.026750157,0.23035839,-0.047706008,-0.027105117,-0.016882686,-0.13197634,-0.31534255,0.15284222,-0.29080623,0.13954759,0.21211809,0.39204186,-0.3648289,-0.06285699,0.03701503,-0.27749547,-0.52342236,0.14187498,-0.0024011189,-0.15916002,-0.03205096,0.13108115,0.214891,-0.08033649,-0.13313292,0.064119495,-0.09310234,-0.11475301,-0.1529235,-0.023237329,-0.12985463,-0.027257295,0.11338819,0.1457566,-0.036506716,-0.10684421,0.01423771,0.08350613,0.13226715,-0.26857677,0.19174318,0.10661813,0.027697595,0.15940027,0.176684,0.0038079151,0.051586326,-0.10868088,-0.060659193,-0.48140004,0.056180112,0.06532878,0.07297107,-0.10017737,-0.30565223,-0.09877388,-0.071704835,0.018359266,-0.122073315,-0.2458398,-0.43357265,-0.22544366,-0.070031315,0.099639975,0.069020964,-0.22070628,0.014169387,0.056320082,-0.055936377,-0.106019534,-0.35571116,-0.039420426,-0.15514031,-0.13554199,-0.0068385117,0.09550202,-0.0024445343,-0.33001935,-0.016591618,-0.21051908,0.03147009,0.27149072,-0.112830475,0.32473764,-0.09753654,-0.36195198,-0.16222285,-0.051583517,-0.22404985,0.07488675,0.094014525,-0.21099079,-0.011265985,0.144119,0.017628165,0.059120066,-0.041300215,-0.105099335
an,-0.20955037,0.13996889,0.055652715,0.20465407,-0.18377854,0.27676424,-0.06335462,0.17282452,-0.17630099,0.1419255,0.011050705,0.030043896,0.1333723,0.13229989,-0.10774809,0.015719797,0.09447846,-0.14799304,-0.04479855,0.20963047,0.040270306,-0.14872138,-0.16568598,0.24515454,0.32759842,-0.049589105,0.0097279325,0.07384897,-0.12486061,-0.21880947,0.055766907,-0.23013271,0.01225174,0.07679071,-0.0933543,0.17504214,0.14796793,-0.16290832,0.09164815,0.09436057,-0.027811276,0.13997215,0.23191583,-0.015698602,0.026952004,-0.029613992,0.052965637,0.03502447,0.10398988,0.108905345,0.102047846,-0.5039342,-0.12703195,0.04212938,0.1186899,-0.079221696,0.10853183,0.1522025,-0.07673533,0.12514372,-0.028163625,-0.082740836,-0.3095743,0.038081925,-0.012838379,0.062120166,0.012596481,0.1045394,-0.2752934,-0.08490557,0.18081428,-0.33099917,-0.25111496,-0.19949652,0.16254249,-0.052240845,0.18837225,0.14049739,-0.22676367,-0.06678475,-0.03776967,0.10663404,-0.13755304,-0.13136107,-0.3885917,-0.11054458,-0.34685543,-0.16773182,0.013984708,0.045379013,-0.24726601,0.066785775,-0.08888551,0.0032769968,0.019390525,0.017735027,0.034846496,-0.08017867,-0.18202479,-0.049894832
hey,0.22472446,-0.12966919,-0.12872492,-0.06630077,-0.14693694,-0.07664856,-0.17685342,0.05288965,-0.11938852,0.17026816,-0.1755946,-0.03606077,0.04371699,0.076357625,-0.115491204,-0.25445262,0.20023568,-0.088605836,-0.1450203,-0.07886411,0.08049282,0.011577623,-0.08060836,0.18495126,0.3298261,0.06889957,-0.2299554,-0.07163227,-0.1881201,0.18881646,-0.19057482,-0.3256342,-0.2606531,-0.1259377,-0.12923308,0.26195565,0.1816517,-0.40661442,0.32860154,0.1161299,0.105928116,-0.13544019,0.18402843,-0.16092618,0.03461997,0.27306923,-0.101366654,0.13425519,0.32207084,-0.26241633,-0.1187245,-0.15991332,-0.0056618354,0.1560807,0.104394935,0.18793203,-0.19309045,-0.15241483,-0.052687123,0.325586,-0.18656726,0.029397411,-0.34114903,-0.23420465,0.26094368,0.026278932,-0.12944704,-0.26265332,0.11932225,0.049426705,-0.15623167,-0.0011526466,-0.15740925,-0.101905234,-0.06824809,-0.11734668,-0.098723516,-0.32518762,-0.13654514,-0.32848,-0.28677303,-0.16930063,-0.140687,0.19117586,-0.011391243,0.10095518,-0.10301297,-0.34058356,-0.25844646,0.046683032,0.12318094,0.15531917,0.3046986,-0.086984925,-0.013564748,0.018476387,0.20297886,-0.12032658,-0.11511348,-0.30840272
way,0.1105369,0.13571355,-0.09127722,0.11276333,-0.404729,0.053143997,-0.1180502,0.2153518,-0.291421,-0.038777806,-0.19022796,0.036391564,0.045811184,0.18749589,0.004405031,-0.20698771,0.04662867,-0.15235215,-0.0303982,0.15490839,-0.008663542,-0.14348891,-0.00031146972,0.19965152,0.20881973,-0.029390555,-0.1897915,-0.12893122,-0.18454224,-0.011365798,-0.1505333,-0.25636235,-0.17603499,-0.03472819,-0.012133223,-0.09702455,0.09584819,-0.12748434,0.12396072,0.2640097,0.04049588,-0.15606804,0.31624588,-0.17211407,0.042222824,-0.076576166,0.046741866,0.16357301,0.08485196,-0.03538231,-0.10088728,-0.35656247,-0.1007847,0.06541863,0.1122456,-0.05582007,0.007871865,0.022342792,-0.12046955,0.28032136,0.16060883,0.08880752,-0.4019759,-0.004010583,0.1293941,-0.027037991,0.068795934,-0.13515984,-0.10371207,-0.049032006,0.08296559,-0.120011784,-0.19081973,-0.14534663,0.13689177,-0.10413088,-0.0038396714,-0.11260586,-0.12384981,-0.3826,-0.038785666,0.1673679,-0.006205488,0.08908289,-0.1874832,0.110405274,-0.18637872,-0.31985,-0.023578024,0.087777235,-0.099077135,0.25518787,0.08896092,0.1074515,-0.06576562,0.06464429,0.045709774,-0.0095624225,-0.03197271,-0.052205756
who,-0.118171275,0.17438798,0.0104687875,0.085990064,-0.3357008,0.26993856,0.026913142,0.22048321,-0.14687473,0.07760813,-0.08914228,-0.0809595,0.10003065,0.100463025,-0.085225664,0.043974333,0.032779135,-0.15970795,-0.035033826,0.19539033,0.0981852,-0.10675689,-0.09148854,0.29306462,0.22557919,-0.0039899526,-0.020006169,0.10076082,-0.12518144,-0.20876358,-0.006747232,-0.19705272,-0.11551951,0.044543494,0.024249345,0.08686093,0.12598643,-0.06705622,0.06815653,0.06219994,0.012763181,0.0978855,0.2834946,-0.0043747523,-0.118176885,0.059653018,0.011030938,0.06777775,0.10981288,0.082572244,0.058073055,-0.42707112,-0.14834939,0.0732146,0.111017734,-0.12777779,0.11594424,0.112305105,-0.021294776,0.13990948,0.019829452,-0.16505037,-0.26436633,0.0580354,0.09475585,0.0127825355,0.04734903,0.02610891,-0.26587623,-0.12719104,0.17798609,-0.28692594,-0.20292106,-0.16469486,0.16757749,-0.14233252,0.091791116,0.1346523,-0.2147805,-0.15857197,-0.06493939,0.12416794,-0.17567144,-0.050832525,-0.33288488,-0.09161739,-0.33373937,-0.2233363,-0.057752702,0.09994203,-0.1625761,0.11423075,0.052367635,0.051730283,-0.010747731,-0.052877888,0.12533125,-0.00040532785,-0.12289184,-0.039258547
princess,-0.15220949,0.11032878,-0.09045551,0.05491681,-0.30371287,0.20179252,-0.105105534,0.12842359,-0.06395594,0.09171485,-0.049411908,-0.056320988,0.042400118,-0.008426231,-0.03169343,0.04622411,0.09201258,-0.050707124,-0.06687949,0.064328134,0.02161567,-0.13654514,-0.15692678,0.24985123,0.3249537,0.08758543,-0.11109825,0.023982368,-0.16590719,-0.010502311,-0.1741847,-0.22899908,-0.14845754,0.026594127,-0.052920714,0.16100986,0.22675426,-0.23844643,0.13275121,0.080318004,0.032977886,0.063800596,0.32332078,-0.12767728,-0.048346248,0.05293661,-0.011716356,-0.017125169,0.14623468,0.011839251,0.007730464,-0.3566417,-0.19931792,0.1323047,0.059372973,0.07564188,0.07141306,0.16731814,-0.14885022,0.2612858,-0.021740792,-0.05969848,-0.24516031,0.084284514,0.10551774,-0.08195135,0.046675198,-0.049257748,-0.28757015,-0.003972002,0.053258393,-0.22427838,-0.1614779,-0.16939208,0.02931372,-0.24031559,-0.017176725,-0.054311275,-0.13473862,-0.18311872,-0.13998868,0.06460406,-0.18986744,-0.064348295,-0.18928358,-0.013625488,-0.2705273,-0.18477786,-0.12244852,0.02802662,-0.044700775,0.20470911,0.11956893,0.08588249,-0.057310645,0.015347454,0.10768009,0.021268321,-0.057769243,-0.07592951
then,-0.036042072,0.09045711,-0.012306479,0.09960451,-0.23241277,0.2363921,-0.032787636,0.14865611,-0.25290817,-0.0015288423,-0.15561134,0.019282358,0.19213803,0.27604994,-0.2446616,-0.05368035,0.15474135,-0.21931526,-0.251266,0.12515202,0.11756754,-0.19018954,-0.0025032707,0.23910989,0.17161646,-0.025456615,-0.12880799,0.108607806,-0.12407681,-0.13292837,-0.06310984,-0.12813209,-0.12939312,-0.051050715,0.07694554,0.11346359,0.076260105,-0.11568209,-0.013810447,0.030914696,-0.01677719,-0.08672661,0.23094548,0.029705765,-0.048253056,0.18414886,0.04948499,0.075530246,0.02812804,0.15124151,-0.09749337,-0.39082766,-0.10911379,0.07500183,0.08826512,-0.12212738,-0.08971696,0.07333552,-0.18726602,0.030367997,-0.07382334,-0.16753753,-0.28967887,0.023574427,-0.016956152,0.06320221,-0.01693559,-0.1340671,-0.23589572,0.033953607,-0.03326838,-0.16283229,-0.1757894,-0.055690333,-0.084115036,-0.16461387,0.0154052,0.063853,-0.09080794,-0.2842519,-0.043145873,0.09991411,-0.106006056,0.20351742,-0.23280008,0.08258732,-0.20575352,-0.16758889,-0.050378907,0.06684895,-0.16007797,0.10004069,0.10097327,-0.13322853,0.06691945,0.018699152,0.02351681,0.02301852,0.03616181,-0.104125135
him,-0.20341606,0.10298984,-0.03938067,0.35577804,-0.15936777,-0.06738129,-0.11256041,-0.06302281,-0.21726544,0.1380004,-0.25982705,0.01202078,0.34618652,0.27143645,-0.26397064,-0.117578916,0.03440794,-0.22860518,-0.29187647,-0.0649457,0.026535276,0.023750272,-0.14118679,0.05831719,0.21665087,0.108644806,-0.26739413,-0.018419908,0.031439543,-0.11514723,-0.15889823,-0.09127028,-0.12719145,0.026006235,0.1666502,0.10529965,0.064553685,-0.25880346,-0.09139805,0.17550771,0.030328348,-0.25283796,0.19697669,-0.0011605661,-0.0023493269,0.20110984,0.1452821,-0.07853619,-0.014560211,0.114058375,-0.15059209,-0.48911256,-0.11786115,0.0051602563,0.11171568,-0.12064393,-0.06951442,0.082314104,-0.34829584,0.12692614,-0.085876405,-0.24638689,-0.3687093,0.028101154,-0.035731666,0.09969097,-0.031512838,-0.09799314,-0.20234723,0.08247317,-0.15697375,-0.17599313,-0.289633,0.093307346,-0.06634512,-0.3387993,0.07167126,0.05035654,-0.01058343,-0.46257496,-0.05592575,0.006408826,0.13516076,0.13335322,-0.24086964,0.06397152,-0.047105394,-0.18687026,-0.08596772,-0.05365409,-0.13452949,0.13773845,0.16224138,-0.26631707,-0.12509245,0.16726634,-0.03152933,0.086682335,-0.0051377704,-0.12810612
by,-0.06471958,0.14549156,0.006669803,0.097006865,-0.30690846,0.32698497,0.015054225,0.23929,-0.14627723,-0.0037267874,-0.068630874,-0.051880524,0.10959794,0.12529325,-0.14725664,0.09866555,0.12131598,-0.20846342,-0.100337796,0.20641659,0.1355326,-0.20137654,-0.08594116,0.2788209,0.21845691,0.024867045,-0.010054882,0.137554,-0.14567573,-0.17820798,0.027131692,-0.25490302,-0.11452725,-0.045918725,-0.011278127,0.076261684,0.19500497,-0.065030515,0.14158946,0.0032656542,0.009989635,0.07657594,0.29918358,-0.0516193,-0.1088481,0.089903176,-0.053815354,0.04529281,0.1368811,0.1214704,0.039878465,-0.4005082,-0.15701592,0.11084035,0.111248076,-0.1557342,0.046246737,0.18379983,-0.030167878,0.10665872,-0.035069678,-0.16105853,-0.24560528,0.05370269,0.12355103,-0.017039929,0.024650427,0.017325876,-0.2818772,-0.040122353,0.08920784,-0.20730348,-0.13243191,-0.16324285,0.032884747,-0.1827821,0.08231316,0.08399944,-0.19148739,-0.14058465,-0.015476735,0.1544499,-0.17242324,0.059743777,-0.26105,-0.045690425,-0.30169564,-0.16861875,-0.068216145,0.07307142,-0.1665192,0.087152705,0.08332192,-0.0019017041,0.030049058,-0.039911706,0.09416591,0.023516256,-0.08233874,-0.0943831
why,0.028741246,-0.020139752,-0.0133373635,0.1337756,-0.061530698,0.11651818,0.031404596,0.010526454,-0.25640336,0.08067193,-0.16134319,-0.018255074,0.1972852,0.3162133,-0.16863921,-0.10934237,0.040273402,-0.23024733,-0.32485813,0.08837872,0.120725535,-0.1073571,-0.017051939,0.20668268,0.20706093,-0.018991524,-0.093584895,-0.017513959,-0.14891239,0.02340613,-0.06544405,-0.14139374,-0.14235993,0.024251917,0.03443754,0.17604008,-0.02800759,-0.1936504,0.064958654,0.008737955,0.11902871,-0.12892975,0.270146,0.04366031,0.04007536,0.14030726,0.011777414,0.11051645,0.21474494,-0.06765429,-0.06932683,-0.41450113,0.024609923,0.10679021,0.14162493,-0.09844971,-0.14653029,0.00041925805,-0.012551653,0.13423023,-0.062140834,-0.2811525,-0.29474118,-0.15447055,0.121358074,0.061559156,0.078591734,-0.16689722,0.05648398,-0.0646087,-0.07070663,-0.2354858,-0.29312947,-0.07537435,-0.024960283,-0.102190465,0.0869356,0.064158365,-0.17828855,-0.12993348,0.03446844,-0.08162126,-0.12062739,0.1151866,-0.21926625,0.18908086,-0.27531686,-0.3507478,-0.18873486,0.08044867,-0.058879763,0.028807797,0.06425274,-0.06464482,0.031749964,0.037647814,0.11689044,0.0017755802,-0.028222041,-0.10277612
would,-0.031262603,0.0021517368,0.017430788,0.19623786,-0.014717323,0.07993011,0.021025324,-0.0016417843,-0.23191682,0.14061967,-0.14410591,0.06925067,0.17993166,0.26248103,-0.2249399,-0.16841035,0.058529362,-0.1729769,-0.279967,0.17443673,0.08720012,-0.05330506,-0.08779329,0.09647849,0.26598683,-0.059958152,-0.037374772,0.15106551,-0.19564375,-0.21190657,-0.029740661,-0.04271549,0.007766083,0.04789762,-0.102215454,0.2576801,-0.017596243,-0.18990174,0.032941002,0.08742679,0.020943455,-0.08497642,0.191916,0.1142663,0.051565904,-0.0046025855,0.08934235,0.037204955,0.19876066,0.013755568,-0.07366614,-0.5045146,0.007905256,0.0414067,0.10498503,-0.0806639,-0.063886195,4.8868438e-05,-0.12573598,0.05140433,-0.12512648,-0.14761896,-0.42353994,-0.11010363,0.009649115,0.14622624,0.033270597,0.09785453,-0.046559397,0.054906778,-0.033317104,-0.22714259,-0.25226593,-0.047671106,0.073351026,-0.06043394,0.16297852,0.16007546,-0.20621826,-0.15336713,0.03221522,-0.10835893,0.0077008875,0.039131112,-0.32815275,0.016414491,-0.23455845,-0.2804203,-0.07831715,0.056999903,-0.24794899,0.016133297,-0.0252091,-0.1966987,0.03537854,0.14188328,0.07171215,-0.09172614,-0.1050116,-0.090645984
ca,0.18407756,-0.0937014,-0.07795959,0.28897548,0.10264388,0.102680445,0.0008032578,0.0067086364,-0.38277963,0.14687766,-0.20466022,-0.012182563,0.15483406,0.2699498,-0.023162188,-0.27795753,0.019300371,-0.20180744,-0.4252501,0.26196396,-0.061946653,-0.29795006,0.0830559,0.08448104,0.110773236,-0.00035825057,0.10371192,-0.033995908,0.008156064,-0.16015106,-0.08695915,-0.13809422,-0.1871972,-0.074139096,-0.0613804,0.24942562,0.09164368,-0.30762044,0.053068437,0.12830776,0.18095918,-0.23472613,0.16252834,-0.03907574,0.12813245,0.20997408,0.017649254,0.2168907,0.20582744,-0.15268461,-0.10085076,-0.3928585,0.14007713,0.27966997,0.28152192,-0.06815083,-0.17741111,-0.13576593,-0.28260887,0.015646826,-0.16995879,-0.2715325,-0.45634407,-0.19703159,0.09953294,-0.048256822,0.06477565,-0.28384608,0.24659616,0.006939536,0.00783175,-0.3295387,-0.193136,-0.058148403,-0.07238235,0.0042965733,0.04316188,0.04121691,-0.120639965,-0.1943801,0.09147487,0.014842765,-0.04843642,0.11507186,-0.25422573,0.1654873,-0.13272782,-0.39799988,-0.14115708,-0.019703362,0.012130182,0.13469283,0.20200199,0.07441734,0.03389984,0.14900503,0.22644739,-0.17327264,-0.19007607,-0.14224409
think,-0.0030444304,0.055526547,-0.008654602,0.16030635,0.024553133,0.13440093,0.04115599,-0.012088216,-0.18095356,0.17319375,-0.1572942,0.09707255,0.09736628,0.31488398,-0.29531747,-0.082842685,0.18644743,-0.24462344,-0.39131525,0.20242707,0.122026585,-0.15272917,-0.069369994,0.19765466,0.27326387,-0.2219707,0.039020974,0.04095386,-0.17783637,-0.07465903,-0.020393264,-0.14715494,-0.055676498,0.039180275,-0.011762974,0.3107351,-0.039701294,-0.115204364,0.13798659,-0.045198392,0.05714816,-0.076110594,0.21328512,0.11259187,-0.007003033,0.017621191,0.07670066,0.07022419,0.2748322,-0.12735188,0.08630956,-0.38814646,0.09459779,0.029302415,0.07038667,-0.12093275,-0.1565933,-0.10528495,0.06549248,0.012494751,-0.11349603,-0.30259866,-0.28486177,-0.26250768,0.053671982,0.14748509,0.0018906111,-0.1167936,0.09815943,-0.040242467,-0.02105138,-0.19964342,-0.3792336,-0.18004102,-0.0039359387,-0.023332097,0.108040564,0.18794523,-0.1971657,-0.066395804,-0.07514256,-0.1541769,-0.12600602,0.10746736,-0.2577331,0.22093768,-0.30386612,-0.30147752,-0.17504603,0.04913158,-0.13655445,-0.07313349,0.0010104959,-0.15629147,0.13184203,0.0047532553,0.16064762,-0.062078964,-0.07808882,-0.12654217
got,0.018814573,0.07902039,0.16485366,0.107465625,-0.16066726,0.12748899,-0.09226267,0.16807695,-0.17543742,0.12087776,-0.01146616,0.04200402,0.0059570177,0.00903026,-0.18378095,-0.24135028,0.2137837,-0.21874595,-0.27626255,0.057307296,0.20678373,-0.063532844,-0.09940569,0.11279745,0.24277842,-0.083497524,-0.20928341,0.14357497,-0.14443663,-0.1419446,-0.07189886,-0.17590356,0.051541727,-0.04849862,-0.2538673,0.30101615,0.15882073,-0.27434978,0.16315018,-0.036644455,-0.022061823,0.014292795,0.05691729,-3.378566e-05,0.14844787,-0.00023738774,0.21970376,0.12236033,0.114674546,-0.11355011,-0.10993024,-0.41259187,0.0060581407,0.11520778,0.092036895,-0.0017869407,-0.18926646,0.05240534,-0.0047636484,0.07434357,-0.14538045,0.023171142,-0.31943792,0.03582011,0.0023564554,0.19918089,-0.20074421,-0.026334252,-0.05520303,0.105336025,-0.10630034,-0.12755676,-0.042658985,-0.016060816,-0.06640187,-0.10020419,0.10451756,-0.0516421,-0.10344548,-0.30163673,-0.19348355,0.067660175,-0.11953471,0.028389633,-0.41095513,-0.07383856,-0.12640743,-0.2845476,-0.17973973,-0.048955027,-0.3201668,-0.09277165,-0.008013911,-0.19681269,0.13276125,0.041916948,0.0140404655,-0.0037310978,-0.016292304,-0.2819866
where,0.089795865,0.023267005,-0.11147032,0.08533601,-0.21458018,-4.3825097e-05,-0.08258641,0.036770277,-0.097701214,0.08646358,-0.18412583,-0.011177848,0.051053736,0.12053987,-0.13418172,-0.121425495,0.15560716,-0.14374302,-0.1436386,0.01351964,0.13705395,-0.049423836,-0.11679322,0.25186667,0.26243138,-0.0024116412,-0.112140454,-0.040834244,-0.20075785,0.11651364,-0.09125432,-0.24149024,-0.1965699,0.00788771,-0.011764707,0.17840439,0.12541202,-0.25833365,0.14098965,0.07824334,0.08114974,-0.09897473,0.21356387,-0.0699017,-0.020213598,0.12151934,-0.07031689,0.16617484,0.24778335,-0.1840169,-0.039365917,-0.2664157,-0.018187465,0.07825861,0.12330046,0.011496579,-0.12820075,-0.049739618,-0.00655155,0.22064368,-0.06927822,-0.16593921,-0.2297348,-0.13381274,0.2070082,0.03797972,-0.03955835,-0.2257151,0.04785978,-0.006871004,-0.09379537,-0.1003166,-0.2712276,-0.06706115,-0.015224177,-0.09005234,-0.060172908,-0.14019166,-0.22529405,-0.28207704,-0.18005075,-0.08062216,-0.09524412,0.09942959,-0.11345311,0.1483736,-0.20413795,-0.34444106,-0.19592614,0.050077204,0.02635376,0.07982581,0.14983305,-0.092458755,0.03457457,-0.0030086674,0.14113706,0.013423716,-0.08659946,-0.134136
hurry,0.010732394,-0.13931437,-0.09648671,-0.01619227,-0.30177033,-0.061256997,-0.27459857,0.1429123,-0.28106678,0.039328303,0.0064318324,0.010342438,0.17932755,0.1792741,-0.11440271,-0.13363937,0.19266687,-0.08816304,-0.14306176,-0.07114478,0.006749916,0.011910588,-0.02755569,0.12520427,0.246902,0.2145724,-0.43332633,0.06423373,-0.1556359,0.07187379,-0.4271609,-0.38894513,-0.3065263,-0.1532086,-0.011277697,0.12670441,0.17770766,-0.43500203,0.16261855,0.21148634,-0.016955912,-0.10446438,0.301863,-0.19499859,-0.045486093,0.28985226,0.07783122,-0.004403418,0.09181385,0.014167323,-0.34881654,-0.29328778,-0.100507416,0.0588413,0.11555663,0.0075114225,-0.01156618,0.14268279,-0.12184633,0.39297107,-0.13986863,0.16059974,-0.51732665,-0.014489205,-0.04815173,0.050405517,-0.02607367,-0.17256452,-0.21647908,0.13445915,-0.17587139,-0.014236477,0.004506014,-0.050862245,-0.16197325,-0.32769763,-0.12590104,-0.30207786,0.058611616,-0.499438,-0.29468364,0.035525918,0.009346459,0.12948768,0.019352674,-0.018304273,0.12661555,-0.22786887,-0.1818801,0.010454378,-0.053109407,0.28977615,0.24865101,-0.1530399,-0.12280422,0.1796395,-0.04224375,-0.09207739,0.17728065,-0.24336874
really,-0.13276291,0.09994689,-0.022052279,0.13245608,-0.07960676,0.045480873,-0.07272699,0.029976863,-0.09245499,0.24671061,-0.12663358,0.104000054,0.041353393,0.035838634,-0.08538099,-0.16042952,0.14787912,-0.13047361,-0.1367437,0.05526148,0.0663832,-0.028980827,-0.22248985,0.16584706,0.3632467,-0.1053265,-0.032350574,0.028443595,-0.08814231,-0.018347932,-0.033310216,-0.20935953,-0.04794884,0.038486063,-0.12991725,0.30312786,0.15591238,-0.26934302,0.16827211,0.060998224,0.00065932545,-0.0149609735,0.11745582,-0.009996933,0.029282939,0.06773366,0.010314067,0.04979132,0.2498248,-0.13575305,-0.004607353,-0.3176238,-0.030073069,0.008668642,0.11677229,0.08620354,-0.07050933,-0.034828797,-0.077956125,0.13309783,-0.14959969,-0.13610192,-0.2776646,-0.14500792,0.09738211,0.10112198,-0.08537954,-0.032225873,0.0045429445,-0.021724425,-0.020904412,-0.16911592,-0.2931607,-0.10959302,0.0035788326,-0.046763197,0.089489624,-0.042088263,-0.21397309,-0.20003642,-0.23214279,-0.09733188,-0.040334452,-0.004553571,-0.28695455,0.035659164,-0.23365957,-0.29241323,-0.16541916,0.011319591,-0.1414596,0.007652667,0.041943017,-0.104869545,0.05076033,0.027448656,0.1351874,-0.0712482,-0.20019117,-0.101463
must,0.11072179,0.025977546,-0.029654209,0.17497228,-0.1474243,0.21878465,0.020196578,0.13073474,-0.25213075,-0.01375246,-0.095641516,0.012706819,0.11085012,0.2195469,-0.27206236,-0.09594263,0.08737652,-0.14322385,-0.30346185,0.17163885,0.13263574,-0.2435446,-0.058415424,0.18454047,0.16800316,0.018549075,0.0011559478,0.22539821,-0.20627588,-0.20952642,-0.000566036,-0.059608452,-0.06285549,-0.06817323,-0.10028877,0.19001788,0.09294678,-0.14407186,0.052615497,0.057489242,0.09954926,-0.09468636,0.2951409,-0.0065499996,0.013610076,0.09549795,-0.0073171756,0.11735204,0.09812029,0.12129364,-0.109159894,-0.52625114,-0.013583764,0.13938728,0.12917407,-0.06544916,-0.08975664,0.14055793,-0.15587495,-0.0038930883,-0.19589515,-0.09282133,-0.31987408,-0.08660866,0.011173173,0.006527743,-0.00012629,-0.037174277,-0.17523484,0.09917105,-0.051810153,-0.19608635,-0.12388849,-0.08296788,-0.032483604,-0.13369888,0.06600973,0.10448529,-0.17532122,-0.18799208,0.04242596,0.1214243,-0.083153725,0.1068387,-0.26245788,-0.0046164533,-0.25461203,-0.15316689,-0.018654404,0.070157595,-0.19882813,0.05025852,-0.021285256,-0.06369163,0.097634114,0.11934657,0.11351196,-0.07490629,-0.025237257,-0.10140452
could,0.015692193,0.050655264,0.031959094,0.2627415,-0.12882788,0.24383812,0.027153129,0.12776423,-0.27405277,0.048187647,-0.09597878,0.047791958,0.14788537,0.2535063,-0.24553862,-0.11196324,0.06830849,-0.21541068,-0.27030993,0.283009,0.09271728,-0.22687182,-0.049992196,0.13121666,0.15192713,-0.031787314,-0.0009085283,0.15507798,-0.10859418,-0.31737617,0.03300324,-0.11003369,-0.02589522,-0.03506878,-0.077827156,0.14507546,0.037230887,-0.093451366,0.0071484447,0.085545376,0.0009308954,-0.035840567,0.21662135,0.048450064,0.010998619,0.032476477,0.11217137,0.13897099,0.10831249,0.04490156,-0.030396698,-0.51602256,-0.028642586,0.0921479,0.1104363,-0.14075619,-0.038466185,0.08319065,-0.114218526,-0.01986157,-0.118231416,-0.14402686,-0.3923746,-0.03858717,-0.060253892,0.065746985,0.04253269,0.021351373,-0.18833056,0.026996288,0.05600617,-0.28817543,-0.15984918,-0.09733722,0.030957919,-0.08096448,0.12813357,0.241585,-0.14305538,-0.1951313,0.055014025,0.07033488,-0.08168011,0.07470474,-0.38522342,-0.02181503,-0.20371859,-0.21219847,-0.00934229,0.05796239,-0.31440207,0.027618794,0.035783023,-0.0860513,0.06895102,0.09720861,0.051477104,-0.06689885,-0.08126457,-0.10902074
when,-0.18945616,0.17579594,0.024390804,0.18446226,-0.19954678,0.23345916,-0.047991943,0.11498966,-0.09313795,0.18498942,-0.073932886,0.035740707,0.03032881,0.052512366,-0.1535151,-0.026532618,0.18757819,-0.18558384,-0.16586208,0.1564904,0.085732184,-0.12992613,-0.18621784,0.18830258,0.26557082,-0.049273103,0.009617757,0.049120836,-0.054638833,-0.16689502,-0.089888126,-0.20876515,-0.0471444,0.02424786,-0.059333242,0.21782862,0.2425502,-0.1580355,0.12526487,0.024373768,-0.019212525,0.012413037,0.17785722,0.05276007,-0.05666114,0.088504076,0.07754862,0.015396366,0.1504758,-0.009318037,0.027934592,-0.34733352,-0.11646333,0.044768676,0.07988707,-0.059256975,-0.009089166,0.09551194,-0.020603228,0.08032031,-0.1020831,-0.22677733,-0.23187405,-0.03137765,0.00424502,0.06655163,-0.08386671,0.008192317,-0.18945144,-0.029679006,0.033049155,-0.20222613,-0.24707568,-0.10264502,-0.02387223,-0.14639227,0.05873192,0.10750222,-0.14075941,-0.20401019,-0.17740688,0.07723125,-0.07966275,-0.00740856,-0.32238334,-0.014285476,-0.21342842,-0.21184655,-0.17801891,-0.038001202,-0.21060826,0.042820882,0.08556877,-0.059825413,0.030577864,-0.009890846,0.089788824,-0.0063707433,-0.1147,-0.09837199
thank,0.08340477,-0.029697416,-0.022451118,0.03689524,0.028427182,0.029504806,-0.01834654,-0.06283045,-0.13771163,0.19848074,-0.18460712,0.067586035,0.1205584,0.21512847,-0.30950078,-0.1099342,0.27130976,-0.192592,-0.3495939,0.08353969,0.11376168,-0.10541395,-0.1032341,0.14731807,0.32839233,-0.12579672,-0.056080475,0.060298897,-0.21057945,-0.066252835,-0.09494621,-0.07483598,-0.07702077,-0.0057203756,-0.1041376,0.32022712,0.05689818,-0.20926556,0.07234892,0.02341867,-0.00875533,-0.15128234,0.093687646,0.119228706,-0.03207857,0.14764144,0.037903015,0.17095816,0.2284526,-0.07859823,0.04722914,-0.29233542,0.059785526,0.017272754,0.08133639,-0.015367155,-0.23222601,-0.15987086,-0.06877705,0.02659408,-0.17199388,-0.22213155,-0.33700052,-0.1902368,0.03540122,0.14338219,-0.056646734,-0.19316632,0.0316435,0.090406135,-0.11667754,-0.10808646,-0.28756523,-0.03128643,-0.030997008,-0.048026033,0.046736088,0.046510365,-0.14030135,-0.20829338,-0.052787367,-0.25243747,-0.17079003,0.22174062,-0.21138681,0.18880072,-0.20888849,-0.26581383,-0.16514233,0.10113295,-0.13602538,-0.034396995,0.08255505,-0.27931297,0.108549364,0.01905018,0.13921353,0.011928092,-0.067255065,-0.22231582
little,-0.17021273,0.14037916,0.08638004,-0.050866567,-0.0689175,0.10417138,-0.04911586,0.090101376,-0.10038708,0.2872195,-0.12578024,0.025171394,0.09456149,-0.020940257,-0.089138284,-0.17100327,0.13003781,-0.14251713,-0.19209875,0.13642716,0.099073805,-0.08922772,-0.16326441,0.2191328,0.36515924,-0.07425731,-0.13342834,0.09996012,-0.20267206,-0.08147293,-0.13378206,-0.067536354,-0.08499225,0.008823357,-0.1443927,0.31045085,0.16286132,-0.2696682,0.13269906,0.05089124,-0.024965076,0.050637364,0.16401115,0.06834771,-0.04038137,0.05038005,0.07035233,0.010397068,0.21123175,-0.005875391,-0.05103734,-0.3617845,-0.09652039,0.027501594,0.08107939,-0.0007221386,-0.035926316,-0.010465679,-0.07948994,0.20931743,-0.11425922,-0.14328414,-0.23773862,-0.088403344,0.06808587,0.10270808,-0.12827836,0.084444866,-0.1507549,-0.043226138,0.067643195,-0.16553159,-0.19955315,-0.13817258,-0.0043939115,-0.16008589,0.11369562,0.07008957,-0.22096318,-0.16148527,-0.17195106,-0.014794242,-0.15674369,0.030760106,-0.30100217,-0.04071132,-0.24658224,-0.22492388,-0.19839066,0.046412718,-0.1175027,0.050080705,0.029834885,-0.06949394,0.049458936,-0.047666974,0.13666235,-0.017884342,-0.118447475,-0.15232718
wait,0.08711313,-0.08397681,-0.05761973,-0.060493227,-0.13062698,0.0023861185,-0.13566893,0.06255493,-0.21250331,0.11166074,-0.22734891,-0.0021714426,0.13109186,0.17723541,-0.23043886,-0.15597695,0.16884978,-0.1755389,-0.32302025,-0.015643027,0.0965835,-0.047715783,-0.0475559,0.16986862,0.2614932,0.0017634032,-0.19040054,0.017165156,-0.14529957,0.015351763,-0.19774465,-0.15998085,-0.2288415,-0.06575705,-0.08435814,0.18058604,0.068418965,-0.26006258,0.17287612,0.06706846,0.03302104,-0.18232267,0.12261255,-0.052767795,-0.010551796,0.22080822,0.05216884,0.08400984,0.18377171,-0.11470657,-0.103360675,-0.24843404,-0.034520093,0.057299044,0.06352535,0.015760936,-0.26804355,-0.17345145,-0.061583165,0.1692884,-0.15301487,-0.09906827,-0.33797622,-0.14587636,0.15367544,0.07883027,-0.096852265,-0.21529736,0.009720685,0.00996096,-0.12399374,-0.029053615,-0.19646758,-0.06437542,-0.13372979,-0.1444789,-0.04163527,-0.15666072,-0.0962103,-0.3401517,-0.1512699,-0.1505647,-0.12370512,0.2853416,-0.053375732,0.16889642,-0.06623795,-0.29327896,-0.1936535,0.08491574,-0.01467637,0.15214226,0.24610229,-0.1654686,0.016317636,-0.028078914,0.108623266,0.0117304865,-0.058149096,-0.25173634
more,0.039069157,0.034642264,0.02625166,-0.0069600004,-0.26645043,0.2120874,-0.04796902,0.21186493,-0.21299294,-0.0034177823,-0.12116333,-0.049475584,0.20354241,0.15816969,-0.1419276,-0.05894816,0.05575109,-0.17348698,-0.16092518,0.17738575,0.09310639,-0.19330323,-0.0093012145,0.1794452,0.18065213,0.055584088,-0.0336391,0.101241596,-0.16692597,-0.07647182,-0.005258215,-0.25126162,-0.091359995,-0.0120103415,-0.010325359,0.08052457,0.064436905,-0.16489397,0.08800991,0.047451075,0.035181854,-0.048921555,0.26427865,-0.10233886,-6.910183e-05,-0.0029809386,-0.031819317,0.07347949,0.1599849,0.05337019,-0.010855598,-0.42332265,-0.09474431,0.091980435,0.14587867,-0.11517136,-0.02499512,0.026114179,-0.12890215,0.16854404,-0.018785115,-0.09941236,-0.37775558,-0.022631096,0.1711765,0.0074037,0.04620034,0.015671553,-0.07169069,-0.10199927,0.077888094,-0.19252972,-0.12548761,-0.20505643,0.060187306,-0.16211641,0.10966981,-0.020180713,-0.24761586,-0.15959665,0.0041357684,0.065731704,-0.110734046,0.10568963,-0.25572187,-0.0009952049,-0.2498992,-0.30344155,-0.0480721,0.14886595,-0.057890747,0.13303855,0.009620017,-0.030060777,0.012342697,-0.022053529,0.13909954,-0.043012068,-0.072118044,-0.07987024
some,-0.01851009,0.026788399,0.026144663,0.048384648,-0.21176079,0.08325688,-0.08715553,0.10268408,-0.2571023,0.032376047,-0.17747688,0.014613872,0.2864504,0.31396958,-0.2767645,-0.15781319,0.08317614,-0.20910875,-0.28050032,0.079323664,0.13261008,-0.08874584,-0.038087707,0.13839184,0.1623079,0.05613145,-0.18906777,0.11459459,-0.14380984,-0.105979994,-0.17742673,-0.122792915,-0.14381863,-0.023086742,0.08144637,0.08537843,-0.07283467,-0.10300602,-0.088403456,0.10464184,-0.027065258,-0.1472206,0.22187354,0.04647248,-0.016739378,0.14000979,0.13447167,0.07555068,0.040364943,0.08602022,-0.12762295,-0.35884956,-0.07086052,0.019828048,0.054835536,-0.15960936,-0.09811688,-0.043010604,-0.1730391,0.16357623,-0.06408771,-0.082966775,-0.4714403,0.016518312,0.02759052,0.11584333,0.017810278,-0.07301387,-0.13993299,-0.02513985,-0.020238088,-0.23181768,-0.2201018,-0.032047264,-0.02201488,-0.16083233,0.049233284,0.015805427,-0.12566231,-0.3175849,0.049123675,-0.052469127,-0.02735825,0.21336633,-0.19313823,0.13269748,-0.09390389,-0.26661766,-0.024446175,0.12538312,-0.1035542,0.19618997,0.12094402,-0.1855931,-0.035892975,0.06397428,0.012243024,0.045859385,0.03653484,-0.15677029
make,0.032000035,0.040269777,0.017423099,0.07582748,-0.15457457,0.07536359,-0.055290468,0.05345771,-0.3187338,0.03923583,-0.27062616,0.1013097,0.18390825,0.32568038,-0.23892461,-0.12765482,0.106317796,-0.23462074,-0.31629816,0.17800824,0.023003077,-0.13543628,-0.006505173,0.114800565,0.24741644,-0.034248274,-0.1690823,0.048874225,-0.10127875,-0.11094888,-0.10106513,-0.046131574,-0.16125578,0.02216643,0.0077063534,0.12588443,-0.033469018,-0.16345133,0.008358837,0.10952388,0.00473843,-0.1766952,0.18721649,0.03480592,0.016491085,0.10251253,0.10173053,0.06120859,0.10329017,-0.030821463,-0.092576444,-0.3928028,-0.030570569,0.02873724,0.07860632,-0.073015675,-0.18281381,-0.04387301,-0.14163676,0.110090934,-0.07091243,-0.13831174,-0.38317123,-0.072282426,0.02474186,0.09983292,0.032189675,-0.15831816,-0.08239866,0.012240613,-0.07336922,-0.108327374,-0.25241002,-0.04251033,-0.025745748,-0.1671919,0.052915256,0.053804666,-0.08643062,-0.32031313,-0.014241522,-0.07076897,-0.056715015,0.2240491,-0.14931464,0.19295417,-0.14460772,-0.2700645,-0.06765555,0.07887493,-0.16358538,0.11578975,0.11951657,-0.15154256,0.042176824,0.07694307,-0.0008880435,0.005304979,0.004370005,-0.15880318
give,-0.047792446,0.055231392,-0.027530227,0.062632404,-0.14397338,0.021128898,-0.11050082,-0.0029285392,-0.24413982,0.15706941,-0.26660672,0.093228,0.23690608,0.26819032,-0.29459336,-0.117847614,0.10387496,-0.21920274,-0.38863906,0.08873959,0.03910777,-0.07691893,-0.07066422,0.094999276,0.29295012,-0.030572858,-0.25387672,0.08617671,-0.13896045,-0.09063355,-0.2717038,-0.0065289624,-0.18583669,-0.020246744,0.02252105,0.17721586,-0.028021853,-0.14742386,-0.032038637,0.116847456,-0.022036536,-0.22837025,0.17842972,0.08394822,-0.015989445,0.11641911,0.16864003,0.048336633,0.02822917,0.018178795,-0.12625936,-0.37552398,-0.07293829,0.012869084,0.040875785,-0.0035513905,-0.18197744,-0.08372828,-0.17435686,0.13220528,-0.1299083,-0.13373029,-0.39134535,-0.038966,-0.04023791,0.14995886,0.03121722,-0.16172901,-0.15485665,0.04913335,-0.08222973,-0.123288244,-0.23754635,-0.031241503,-0.16297694,-0.25803614,-0.0009613696,0.05397194,-0.021873562,-0.38403735,-0.086777866,-0.120113745,-0.062901676,0.21429156,-0.13049829,0.22139885,-0.08797398,-0.2516344,-0.114099585,0.038467877,-0.16650224,0.124561064,0.1286737,-0.23754711,-0.060154974,0.058502685,0.007964138,0.09506926,0.045153327,-0.19780484
girl,-0.24877544,0.16108353,0.0016300553,0.050116673,-0.114120804,0.14393693,-0.007922618,0.068788394,-0.12813646,0.24213085,-0.05867247,0.018608453,0.015915938,-0.045499206,0.042407684,-0.10170609,0.05678218,-0.112449236,-0.059773576,0.11749701,0.069492,-0.09479775,-0.19273491,0.21062785,0.37563702,-0.026317205,-0.079084046,-0.039421864,-0.12463397,0.021308517,-0.12616846,-0.21915726,-0.06899977,0.0017588967,-0.13983577,0.2904925,0.194382,-0.33318907,0.15549494,0.06804927,0.026466757,0.0799685,0.29756168,-0.047489144,0.03030088,0.00490524,-0.018719066,-0.034715507,0.26166043,-0.030489145,-0.045458376,-0.35763115,-0.11399854,0.1304623,0.101515636,0.08584552,0.08273792,0.13995908,-0.08682817,0.24748953,-0.113570996,-0.1258641,-0.26732343,-0.05369962,0.12766574,0.015794229,-0.025016284,0.054307878,-0.15815301,-0.07978033,0.05409069,-0.2521687,-0.22019538,-0.14803521,0.08143227,-0.16848013,0.03504942,0.033644985,-0.21054056,-0.15230271,-0.25027728,0.04506383,-0.1341414,-0.098609336,-0.32465827,-0.02696926,-0.33518475,-0.26357818,-0.20368013,0.03653161,-0.050268054,0.07742998,0.0017756032,0.10264841,-0.042183146,-0.021437114,0.13666114,-0.07148945,-0.15936303,-0.07331268
down,-0.04306083,0.032049175,-0.075240746,0.09649956,-0.2997118,0.11057752,-0.06746264,0.07289934,-0.147973,0.0045757806,-0.15212315,-0.014277533,0.07882811,0.17196463,-0.19996184,-0.044894807,0.16605774,-0.15216821,-0.13492684,-0.003820663,0.07148045,-0.074068934,-0.067381226,0.1921489,0.21130547,0.04210312,-0.18550192,-0.019636502,-0.18851338,-0.03646058,-0.18567565,-0.1766213,-0.2154148,-0.022856114,0.021954186,0.0762961,0.20642853,-0.22626014,0.06374752,0.11094428,0.045352533,-0.1045087,0.3001087,-0.11173429,-0.022721045,0.17931153,0.048207935,0.044761334,0.079888634,0.037280977,-0.14315268,-0.3472649,-0.11113566,0.08049571,0.044730086,-0.018102339,-0.0854956,0.06613553,-0.108832255,0.25876537,0.016840605,-0.050004594,-0.35234734,0.006228039,0.08735621,-0.0155694755,0.0421799,-0.13871853,-0.20369685,0.06984762,-0.10400619,-0.074323714,-0.17004669,-0.037872676,-0.052416794,-0.21490054,-0.09433844,-0.10397916,-0.09056015,-0.32564622,-0.121441275,0.062082853,-0.021010026,0.15923949,-0.09526623,0.040748507,-0.09064924,-0.25023878,-0.0979675,0.024493895,-0.053575113,0.23020613,0.17164586,-0.037471272,-0.026825596,0.007215624,0.003723088,0.012549827,-0.011117097,-0.1509875
over,0.05792537,0.04988672,-0.09467391,0.06691366,-0.33478373,0.15532793,-0.08070682,0.21966782,-0.18030149,0.0020109715,-0.11484493,-0.057628993,0.03484947,0.08382149,-0.08075531,-0.05019898,0.15050077,-0.08005247,-0.075340204,0.07177721,0.0422469,-0.1615192,-0.016277527,0.2320839,0.20309056,0.053573936,-0.09280777,0.0029235086,-0.18581738,-0.07053915,-0.091820635,-0.25228354,-0.19037259,-0.07703278,-0.033210978,0.10338276,0.20926172,-0.2424247,0.1985751,0.13561715,0.08690121,-0.044213418,0.2905393,-0.19253261,-0.03654891,0.11688218,-0.027744925,0.071112126,0.08794627,0.04212786,-0.0876744,-0.33164683,-0.10220091,0.12987152,0.11412184,-0.0023944196,-0.025821196,0.11248669,-0.08464856,0.23290317,-0.031085787,-0.010191995,-0.30662483,0.018061444,0.16917999,-0.03320895,-0.011990247,-0.10725416,-0.15629584,-0.00041269182,-0.0029049914,-0.1012567,-0.13881856,-0.16171105,-0.00327891,-0.15669948,-0.068583645,-0.12533107,-0.15433668,-0.30237716,-0.16319573,0.19522974,-0.09749137,0.06482464,-0.16003518,-0.036403973,-0.23034693,-0.2141833,-0.094343215,0.04199243,-0.029463457,0.16810806,0.111236855,0.067893334,0.023409525,0.0077229026,0.115375705,-0.084578484,-0.110906765,-0.123565465
don,0.26248875,-0.23056601,0.16070518,0.024385825,-0.07739505,-0.119266495,-0.037216462,-0.2453153,-0.42793557,0.094544664,-0.3816147,0.3017075,0.40344992,0.39367804,-0.33751664,-0.39975238,0.060042698,-0.19708735,-0.49367926,-0.1520373,0.06329288,0.15000288,-0.14678685,0.016331527,0.3312512,-0.027166918,-0.35716823,-0.0074194567,-0.039064884,0.2102302,0.034853894,-0.063186094,-0.11657295,0.040644247,0.057813648,0.12283816,-0.06615405,-0.30543607,-0.0044054985,0.16789839,-0.08184609,-0.45670968,0.21061538,-0.0057181693,0.23390646,0.29613036,0.0917854,0.19885631,0.26522964,-0.2453634,-0.3267353,-0.57780665,-0.06274577,0.10246315,0.06920117,-0.004981989,-0.50239635,-0.15156078,-0.06934086,0.25067645,-0.2499366,-0.20665784,-0.49801904,-0.26494396,0.045624588,0.05674223,0.08203974,-0.10324352,0.09103044,0.15452951,-0.33888412,0.044670235,-0.41058218,0.10893329,-0.18131396,-0.16313776,0.07802871,-0.084090665,0.035122868,-0.4100251,-0.023589453,-0.31837958,-0.0153437685,0.46786335,-0.104763865,0.21962865,0.010165098,-0.54326457,-0.038450167,0.14928433,-0.29147255,0.18304212,0.28503165,-0.27522516,-0.16466,0.07762001,-0.06318551,0.011946589,-0.0658875,-0.22261572
ha,0.48027194,-0.1196592,-0.10578645,-0.36394027,-0.30613124,0.55340284,-0.19639933,0.5219858,-0.049026985,0.30821344,-0.1432008,0.062617205,-0.27015463,-0.23426844,-0.23883949,-0.017058404,0.41256166,-0.2825401,-0.4232552,0.26015413,0.20327128,-0.5970601,-0.22096731,0.491553,0.5374159,-0.20216836,0.3722142,0.1750907,-0.16448249,0.21228796,0.2325199,-0.63281894,-0.3988692,-0.06774839,-0.53370726,0.5562719,0.6120147,-0.30906716,0.7815867,-0.42525518,0.21981221,-0.17167372,-0.100169584,-0.30473846,0.01760127,0.38189304,-0.37476936,0.2551826,0.6753349,-0.6121077,0.31122515,-0.15724558,-0.1261085,0.42548206,0.30338824,0.30150706,-0.68418527,-0.5163881,0.096618935,-0.022219628,-0.48660356,-0.36287773,-0.10222889,-0.50160736,0.70928645,-0.0032636106,-0.43094093,-0.50933313,0.39873448,-0.34445587,-0.1300178,0.03762654,-0.20427983,-0.39932874,-0.41957211,0.096563324,0.09571959,-0.46309504,-0.5827206,-0.11378677,-0.52540493,-0.11527877,-0.610683,0.5006659,-0.13514662,0.304328,-0.6012074,-0.5668925,-0.5814921,0.16008897,0.16697705,-0.15239587,0.46893895,-0.046552997,0.47027895,-0.44537362,0.6615084,-0.18161747,-0.46435064,-0.5709943
or,0.05970759,0.083220124,0.043204743,0.06592125,-0.17589009,0.17865057,0.007412222,0.12459427,-0.20225772,0.002896498,-0.14801978,0.020058462,0.17805004,0.23619862,-0.16567467,-0.076418355,0.062053114,-0.20661648,-0.21387735,0.18314105,0.08778554,-0.12590013,-0.06367351,0.16876684,0.23120162,-0.01558953,-0.06295802,0.08739118,-0.15382595,-0.12532394,0.010495483,-0.12667985,-0.099498466,0.013799536,0.016353276,0.12784001,0.020249557,-0.13578089,0.032441404,0.03932114,0.043725163,-0.047820684,0.21851769,0.02034337,0.00097953,0.08473087,0.014081795,0.09290532,0.15799259,-0.010033932,-0.01201714,-0.37578025,-0.064059675,0.054887988,0.10908972,-0.12203565,-0.10225739,0.026169304,-0.08700872,0.09399074,-0.05947686,-0.15333208,-0.35994667,-0.03401963,0.09774725,0.03322383,0.03589538,-0.039860334,-0.08704048,-0.05308465,0.0085865585,-0.20220377,-0.21505684,-0.1059447,0.043447234,-0.11875382,0.12095205,0.06459893,-0.19674575,-0.19822784,-0.00533121,-0.0006307064,-0.14278112,0.12071257,-0.25310886,0.061303537,-0.25761548,-0.27685863,-0.054343488,0.11018968,-0.14919777,0.106123984,0.07719957,-0.10830102,0.046232183,0.02514705,0.09262287,0.004875911,-0.064216204,-0.12887551
okay,0.014415778,0.064065814,-0.049922246,0.058071837,-0.17722094,0.063503094,-0.04695074,0.11358506,-0.16019657,0.053227235,-0.1711725,0.035328515,0.122235745,0.2011737,-0.18153259,-0.14126998,0.1619853,-0.16600695,-0.1961401,0.048609354,0.09497642,-0.07207615,-0.10124762,0.21375456,0.25793755,-0.030454881,-0.12325907,0.04943005,-0.175444,-0.068879545,-0.11463191,-0.17367844,-0.15110494,-0.022741506,0.001485585,0.15073806,0.07469293,-0.17279953,0.08597958,0.068975195,0.0059689195,-0.08051665,0.18974449,-0.018518982,-0.029375752,0.12846501,0.05240641,0.12301945,0.15003489,0.0015230633,-0.0790467,-0.29050148,-0.049647085,0.03384223,0.06506375,-0.047380805,-0.13272114,-0.054700304,-0.11031805,0.13996439,-0.0949215,-0.10318385,-0.33534238,-0.053947747,0.053374738,0.053942338,-0.024881763,-0.14213015,-0.104905725,0.019619111,-0.038883895,-0.1330365,-0.22742556,-0.066645026,-0.024245406,-0.10098425,-0.054233354,-0.0667259,-0.14320539,-0.3070258,-0.10902282,-0.046684615,-0.088491805,0.15324232,-0.14056964,0.12817648,-0.14999075,-0.23625503,-0.07556695,0.055597857,-0.08822626,0.1521013,0.116621695,-0.12495183,0.04530894,0.0035846552,0.08360085,0.019809693,-0.08813975,-0.13381514
been,-0.07136174,0.032936685,0.25950143,0.03931811,-0.17587724,0.33554924,-0.023347685,0.28668472,-0.19058993,0.088626884,0.05848552,-0.0587908,0.042577904,0.008819832,-0.16617006,-0.10116909,0.14132258,-0.26530272,-0.18419455,0.1660855,0.21675329,-0.13105816,-0.1080785,0.22511616,0.17827165,-0.033918135,-0.06743477,0.19189547,-0.12491128,-0.24489748,0.06420574,-0.22626753,0.10685904,0.03952678,-0.20732962,0.2846556,0.18677028,-0.24429886,0.13594922,-0.09931195,-0.0009012925,0.1736485,0.12751819,0.017723447,0.1277369,-0.00032149212,0.17195863,0.07940898,0.13798657,-0.0015132606,-0.018124662,-0.47506964,-0.069051124,0.13267627,0.17698385,-0.12363668,-0.055011485,0.1301672,0.027403725,0.05937466,-0.062378906,-0.04448938,-0.32893622,0.12043512,0.078388445,0.20287125,-0.20380132,0.20656687,-0.13349633,-0.07462097,-0.007961526,-0.19421197,-0.02410136,-0.11229975,0.13601756,-0.026076749,0.27686444,0.10885939,-0.1803088,-0.11458666,-0.1114799,0.15281253,-0.16724361,-0.033122428,-0.56457275,-0.25769418,-0.2755394,-0.3187305,-0.14839846,0.057133745,-0.32924393,-0.08060799,-0.040205233,-0.122227974,0.13815506,-0.03271703,0.039984353,-0.024622498,-0.06044304,-0.20130505
has,-0.105037384,0.12523445,0.03946813,0.11469092,-0.28898448,0.28447306,-0.06487706,0.23934606,-0.17980969,0.118204966,-0.045393523,0.003228519,0.011888117,-0.01996965,-0.0571936,0.017082047,0.11901801,-0.17286758,-0.048923697,0.22546208,0.03623372,-0.19872648,-0.09392641,0.2086031,0.23729213,0.032685626,0.0040870495,0.053957738,-0.089180075,-0.18515314,-5.9440048e-05,-0.24303994,-0.049761325,0.016702559,-0.14337017,0.18964536,0.32048503,-0.24129742,0.15901,0.05291514,0.03153992,0.07922826,0.2221096,-0.12102929,0.0017896843,0.050474953,-0.024988046,-0.009547476,0.081049174,0.009856498,0.0146775,-0.40962067,-0.19737229,0.1693058,0.21939121,0.0016628748,0.055535328,0.14974096,-0.10615891,0.162865,-0.036138922,-0.03616739,-0.2650977,0.06209368,0.14509337,0.0090459045,-0.07224695,0.101168744,-0.1846232,-0.077275895,0.08312458,-0.16155943,-0.058514606,-0.17274743,0.059758525,-0.13499784,0.13192225,0.012406982,-0.18835402,-0.16932993,-0.16020569,0.23244832,-0.06847728,-0.048936978,-0.35279983,-0.16887866,-0.25471216,-0.23866045,-0.1481921,-0.012881198,-0.2093294,0.0828828,0.046275057,0.065611765,0.029292222,-0.02204657,0.08080325,-0.058497068,-0.11981499,-0.09791717
something,-0.023389518,0.0604785,0.014471369,0.093011245,-0.11505673,0.047400005,-0.01926993,0.03758995,-0.19225554,0.08892259,-0.15519652,0.008157053,0.19320847,0.20497195,-0.12781182,-0.13417794,0.090660416,-0.18740803,-0.2253216,0.054527417,0.08998884,-0.05827599,-0.073228985,0.15065612,0.25450525,-0.03482933,-0.11249303,0.0025224162,-0.0917842,0.024463622,-0.05469266,-0.18687041,-0.10379089,0.03281031,-0.0015620118,0.20317617,0.018027538,-0.24821708,0.082049884,0.029470833,0.07960109,-0.07407821,0.20275353,-0.019555686,0.043174528,0.07464117,0.031885505,0.07800461,0.2022651,-0.07192457,-0.04788999,-0.36729777,-0.0057360055,0.054539707,0.13474791,-0.06448604,-0.106739394,0.021523442,-0.061596654,0.1530043,-0.10386755,-0.1807363,-0.3352895,-0.12405822,0.12994632,0.081289865,0.011557644,-0.089359805,0.014759525,-0.050101444,-0.05328725,-0.180169,-0.29679587,-0.10519298,0.018292803,-0.1130084,0.10763156,-0.002214076,-0.16661595,-0.22376025,-0.09341505,-0.055797476,-0.08052852,0.09161018,-0.2620503,0.09358734,-0.23976178,-0.33064926,-0.1355045,0.06480467,-0.06082744,0.059993483,0.03278129,-0.11866444,0.01554658,0.049165074,0.11603616,-0.02926898,-0.07107802,-0.10609263
his,-0.343957,0.20430721,0.030744027,0.21639106,-0.29617956,0.11202361,-0.095789194,0.1554147,-0.07974531,0.15049794,-0.14214051,0.014139171,0.16488695,0.028475167,-0.13027978,0.033566874,0.09017852,-0.2196439,-0.009820089,0.059914496,0.044103235,0.010660924,-0.23283413,0.15821451,0.3062723,0.05910632,-0.14749351,0.022606656,-0.020611329,-0.2167673,-0.057664454,-0.25827459,-0.01975853,0.0739261,-0.012605699,0.15567598,0.2452253,-0.16476433,0.066305324,0.0683349,-0.05273002,0.027779182,0.19887778,-0.09177665,-0.050774124,0.012928291,0.106515676,-0.08434279,0.0420166,0.11314784,0.050979808,-0.47245777,-0.22238071,0.02312628,0.12305515,-0.047818232,0.14781258,0.15610713,-0.16132644,0.15982385,-0.03781474,-0.07262679,-0.3066868,0.109509915,0.077457026,0.045246743,-0.039199386,0.17338386,-0.38727492,-0.009405101,0.055525288,-0.17217441,-0.23982544,-0.13294667,0.107597254,-0.24522072,0.15926337,0.047727447,-0.10244726,-0.28815335,-0.18122645,0.13493952,0.010447669,-0.06755553,-0.35333198,-0.17091429,-0.21759616,-0.18061666,-0.04727153,-0.038712826,-0.24458691,0.08307414,0.037804402,-0.10784018,-0.10909992,0.030883733,-0.0028838054,0.032757092,-0.10737684,-0.085330226
help,0.09422811,0.007838481,-0.073629245,0.09067813,-0.107383884,-0.00035968245,-0.10658258,-0.0011960055,-0.25137627,0.11329364,-0.3369071,0.070099875,0.2655192,0.32473677,-0.30351874,-0.2105377,0.10068877,-0.21632437,-0.40170082,0.051176976,0.06177738,-0.112481624,-0.060319006,0.101246074,0.29228932,-0.007756459,-0.21501344,0.04209506,-0.09662511,-0.06311972,-0.21340999,-0.033529058,-0.26810816,-0.007829179,0.026802413,0.14340122,-0.039607618,-0.14085157,-0.009277126,0.12465477,-0.01583585,-0.2877276,0.12397246,0.03567707,-0.0029925834,0.17923217,0.09716667,0.111568965,0.1087456,-0.014919176,-0.09771436,-0.34142885,-0.020355836,0.013812059,0.015273844,-0.057661816,-0.24415737,-0.16984978,-0.24763088,0.11985861,-0.13733205,-0.20192778,-0.40657255,-0.12322734,0.014302228,0.115861386,-0.009928731,-0.27305776,-0.047357302,0.045301445,-0.11666867,-0.14860202,-0.2915613,0.016222922,-0.13029985,-0.22697315,0.03311673,0.051682062,-0.064214766,-0.3955125,0.0066942694,-0.1700386,-0.056791805,0.30433488,-0.12205139,0.27095383,-0.068870395,-0.22713794,-0.07906769,0.09490032,-0.112309895,0.13766542,0.23489928,-0.24180155,0.0111005325,0.08462963,0.069162734,0.055327397,-0.015781352,-0.1865076
should,0.087443456,0.010724072,-0.039128788,0.14009717,-0.21479124,0.21530649,0.005223604,0.11748753,-0.28411967,-0.09029952,-0.14355654,-0.018554583,0.1411601,0.26778662,-0.24847133,-0.03558343,0.12877777,-0.1551031,-0.2857764,0.2038039,0.08999442,-0.22754028,0.023950472,0.1917575,0.1344363,0.03194538,-0.07430669,0.13039511,-0.19347683,-0.19265454,-0.0264711,-0.10542628,-0.09280356,-0.07940424,-0.021857124,0.13042137,0.0942098,-0.1529941,0.02323364,0.10743712,0.062339097,-0.07016388,0.2956673,-0.0043780585,-0.00411594,0.118098795,0.029942455,0.13959414,0.041234765,0.07476844,-0.124112636,-0.42152116,-0.0505768,0.1578132,0.106393225,-0.12928194,-0.09554941,0.12447332,-0.14926769,0.02802111,-0.09156371,-0.13056244,-0.3942299,-0.0049473327,0.016415522,-0.0026578559,0.030028706,-0.10959985,-0.1324977,0.05957442,-0.051698178,-0.15728408,-0.11986595,-0.038339514,-0.064046785,-0.132567,0.01010922,0.085165724,-0.11848638,-0.24465287,0.03705412,0.10588292,-0.067653276,0.1595513,-0.22787611,0.05033899,-0.16809684,-0.20917292,-0.030055637,0.04322045,-0.18023747,0.09300523,0.069489405,-0.08943627,0.098739825,0.08926704,0.028674692,-0.035139922,-0.016793963,-0.14228694
even,-0.013758215,0.010910852,0.04917891,0.11526606,-0.15141156,0.2469603,0.04962381,0.124468826,-0.23245996,0.034765195,-0.13463746,0.007543888,0.1952524,0.2315749,-0.15019864,-0.064380966,0.010283338,-0.1972523,-0.25069484,0.2305104,0.107556194,-0.14549576,-0.04924005,0.18576404,0.20179081,0.014813756,0.0061742766,0.11419531,-0.103315085,-0.14560851,0.07177685,-0.13409774,-0.09306533,0.04234428,0.0014981088,0.12952866,0.006619813,-0.16812737,0.046959452,0.00526524,0.038546614,-0.012534646,0.2173867,-0.0029798797,0.013310897,0.04603865,-0.012206057,0.049942244,0.18439747,0.013935843,-0.03130774,-0.46118146,-0.0653588,0.08295244,0.13437676,-0.15317717,-0.06076425,0.04909473,-0.075545065,0.10338563,-0.10239786,-0.24199156,-0.3196716,-0.07155854,0.0991836,0.04266213,0.061273996,0.0059383907,-0.05510464,-0.08951632,0.0049707373,-0.21220453,-0.19430551,-0.111266516,0.05476702,-0.12233738,0.17100634,0.09653409,-0.22479972,-0.12491915,0.026919711,-0.011543666,-0.1353395,0.08135834,-0.27931902,0.017344235,-0.29510164,-0.30547932,-0.1043258,0.1275074,-0.16287999,0.06150272,0.020597307,-0.09322602,0.026683647,0.022834916,0.051197253,-0.032504547,-0.085470304,-0.11316295
only,-0.054882776,0.1165903,0.060884364,0.100462794,-0.24610005,0.25114983,-0.021218263,0.17268156,-0.16651165,0.07309316,-0.09016773,0.034013957,0.09796304,0.17085262,-0.17006458,-0.0708247,0.08223525,-0.19419588,-0.070253685,0.18477029,0.09071672,-0.10407337,-0.09411529,0.21879815,0.24907355,-0.037720703,-0.07990291,0.07061626,-0.13395724,-0.1677745,0.02585132,-0.19406913,-0.05637018,0.037299518,-0.058888238,0.117898345,0.11950683,-0.1201759,0.088432916,0.054991752,-0.020226263,0.0049776575,0.24823044,-0.010961412,-0.01552842,0.03872729,-0.0058037825,0.043186598,0.159386,0.025282105,0.0025200176,-0.4387904,-0.10494803,0.025022324,0.11230122,-0.08715915,0.0133594405,0.095863804,-0.056110624,0.12581107,-0.034147285,-0.114297286,-0.31869754,-0.01936924,0.06865,0.081037246,-0.014319028,0.07831761,-0.21436073,-0.058641773,0.056213357,-0.19350289,-0.18456213,-0.12446463,0.13463254,-0.11709272,0.16056594,0.09319893,-0.18360524,-0.1801769,-0.041257314,0.084437124,-0.0980603,0.009659389,-0.30587837,-0.091536485,-0.28567782,-0.24150683,-0.07440599,0.09247955,-0.2086455,0.07185079,0.020506734,-0.036319144,0.022153284,0.0022762122,0.045105755,-0.02956887,-0.08715559,-0.07638138
humans,0.09392703,0.110556155,-0.005457401,0.09407787,-0.40431938,0.32249793,0.04398425,0.24819198,-0.27222204,-0.14889647,-0.12273686,-0.04257843,0.12711851,0.28078797,-0.18128839,0.027781269,0.09438107,-0.21655387,-0.18170558,0.24229033,0.08948014,-0.25208676,0.04228728,0.29437116,0.1293994,-0.004436825,-0.076906085,0.08440972,-0.2267131,-0.17520465,0.022742856,-0.1737825,-0.14633012,-0.04483042,0.0821587,-0.0067609437,0.10345787,-0.062290687,0.05716054,0.09235986,0.08026313,-0.027528536,0.33952558,-0.05529165,-0.07093995,0.10115667,0.0033983719,0.11516261,0.031013943,0.1339847,-0.06579704,-0.43143252,-0.15447402,0.15919916,0.10998285,-0.19580954,-0.022754664,0.15866345,-0.053928006,0.08255695,0.020741478,-0.11817228,-0.3126189,0.082547426,0.0936137,-0.029054064,0.08149632,-0.066542245,-0.23138718,-0.0629326,0.045047984,-0.15892671,-0.13688107,-0.14058617,0.02779258,-0.13319187,0.008685312,0.07261987,-0.12752661,-0.20838891,0.04631571,0.2270835,-0.16259202,0.13016367,-0.20733184,0.008231253,-0.27664322,-0.2089761,0.031171693,0.07635511,-0.18059824,0.15679596,0.08367961,0.020237511,0.07737499,-0.013602541,0.05241703,0.017031575,0.014446814,-0.063835524
raccoons,-0.010424309,0.15692928,0.03366575,0.064309016,-0.44987476,0.3395283,-0.013446091,0.2885767,-0.19081399,-0.08120878,-0.036334198,-0.05569464,0.035757516,0.109322965,-0.12179126,0.07220126,0.12569784,-0.19267394,-0.00082849956,0.24825352,0.081238426,-0.24220452,-0.036996614,0.30569753,0.17302954,0.07841601,-0.051360417,0.057512347,-0.1789502,-0.16278486,0.00034305715,-0.28625214,-0.09973779,-0.023387244,-0.016862009,0.01541813,0.2538436,-0.11310175,0.12817737,0.061487034,0.024001094,0.03644782,0.3402411,-0.095421284,-0.082563095,0.08640787,-0.07247052,0.06884622,0.036975015,0.079370715,0.009907617,-0.40110093,-0.2151045,0.1681734,0.10293098,-0.124508195,0.029571155,0.21052796,-0.026780598,0.14754969,0.057399392,-0.019650862,-0.30316278,0.1135808,0.15217099,-0.037985083,0.028856348,0.0268486,-0.29910797,-0.07894208,0.08295959,-0.17823711,-0.07604861,-0.16380472,0.10300688,-0.11675466,0.029352931,0.044742193,-0.17298855,-0.19642724,-0.019254608,0.27736863,-0.18323196,0.043685168,-0.27110305,-0.13466026,-0.29702753,-0.20113203,-0.047234274,0.062000737,-0.18123105,0.122267194,0.09596798,0.06350649,0.028944606,-0.017330807,0.041428894,0.022863256,-0.060973387,-0.122797064
stop,-0.036911927,0.052373286,-0.036216553,0.105179414,-0.22618888,0.08112785,-0.06942505,0.059854306,-0.28800878,0.030177552,-0.1642094,0.049775485,0.16310601,0.26470295,-0.14981773,-0.13039838,0.10597416,-0.16395922,-0.19806531,0.09104118,0.03461075,-0.100091204,-0.0023191043,0.14761345,0.2373653,-0.007211038,-0.16456638,0.003465447,-0.16390985,-0.029855816,-0.16153291,-0.12393526,-0.1790433,-0.011184681,-0.013678752,0.12869565,0.06402401,-0.25835788,0.038647868,0.115345344,0.08966861,-0.12163194,0.2391476,-0.046011228,0.04315377,0.118359566,0.069869794,0.02254801,0.07766498,-0.048004027,-0.1303443,-0.38462532,-0.07515207,0.067566864,0.11254185,-0.040625725,-0.118361,0.05139739,-0.14758122,0.18651131,-0.040483788,-0.10260933,-0.3582242,-0.02953743,0.095427066,0.034704722,0.04739157,-0.14582549,-0.061650015,0.03172933,-0.0953512,-0.1419758,-0.2050302,-0.0500755,-0.021341916,-0.13721192,0.0055144927,-0.022873696,-0.113790944,-0.27600944,-0.058047455,0.044234406,-0.026302498,0.15495203,-0.13807274,0.11116423,-0.14337027,-0.266723,-0.08299876,0.02469964,-0.09590672,0.19160977,0.10454093,-0.06493336,0.030693075,0.087022476,0.038370036,-0.034479707,-0.019163826,-0.082019106
wo,0.08415806,-0.048955884,-0.069932446,0.24267414,0.0778447,0.0686733,-0.015034592,-0.025727568,-0.374189,0.11897841,-0.17595083,-0.06382853,0.20876159,0.31954244,-0.100768924,-0.17558868,-0.029448332,-0.19554521,-0.42206204,0.15394549,-0.026309475,-0.24433465,0.012894765,0.13918814,0.12148067,0.07808975,-0.0021079157,0.02558458,-0.022868173,-0.13733698,-0.18188308,-0.047327645,-0.22127412,-0.04611171,0.018348934,0.20676798,0.05901456,-0.24951556,-0.037968136,0.12463487,0.18823178,-0.2497847,0.17810933,-0.006301142,0.09586658,0.28747952,0.065297484,0.08684664,0.121541545,0.018607689,-0.17680497,-0.40319502,0.07743387,0.2213069,0.20838578,-0.09776116,-0.18284152,-0.06336671,-0.35959905,0.021172944,-0.17405587,-0.24838519,-0.46847945,-0.08667502,0.0001743923,0.009864876,0.055199638,-0.22931759,0.10895416,0.050756775,-0.02352447,-0.29965743,-0.22582702,-0.01198884,-0.11354114,-0.0870373,0.008942627,0.028855182,-0.04918594,-0.23679665,0.07778902,0.015388633,0.054557703,0.1644328,-0.2169692,0.20547575,-0.117741585,-0.31935322,-0.1369048,-0.030830912,-0.010917733,0.17058684,0.19119085,0.021253347,-0.0017299176,0.17503983,0.13730809,-0.0809171,-0.119582176,-0.10384828
their,0.013814315,0.1541072,0.036382664,0.042829026,-0.40790015,0.41734162,0.027547019,0.31809923,-0.17346391,-0.085483864,-0.023396336,-0.08394295,0.090806484,0.17717183,-0.157219,0.18057716,0.11112778,-0.22402206,-0.021891415,0.23140204,0.12591256,-0.23869525,-0.06909065,0.37467828,0.18424857,0.03722685,-0.0073247673,0.11636717,-0.16305198,-0.19887528,0.052797,-0.30904,-0.13089085,-0.03493738,0.015202428,-0.007705912,0.22358541,-0.015854469,0.10674214,-0.0041727996,0.022254562,0.097316794,0.3213103,-0.076923914,-0.12398097,0.16106819,-0.07203903,0.08945388,0.07593668,0.1541379,0.06764142,-0.405835,-0.21266638,0.1367397,0.09117692,-0.17338626,0.028002428,0.18879324,0.013880719,0.04939351,0.04873571,-0.09059134,-0.33777127,0.1383469,0.1272012,-0.0150646,0.031145217,0.07372743,-0.3315759,-0.09396179,0.10435693,-0.16611758,-0.09951794,-0.20964761,0.06279749,-0.087276705,0.070013225,0.0649052,-0.1706793,-0.14908892,-0.034280177,0.18052268,-0.19393486,0.09464794,-0.28344348,-0.0951596,-0.36222306,-0.20461862,-0.030504951,0.10277973,-0.21177822,0.13697526,0.07768582,0.049059413,0.08636513,-0.0704072,0.03932709,0.016075697,-0.06820031,-0.100390546
howl,-0.034108773,0.035025254,0.009054565,0.12565653,-0.1492599,-0.007855633,-0.08428358,-0.0031609433,-0.19972193,0.13242154,-0.20968406,0.12299353,0.17537454,0.21801004,-0.18221442,-0.21791644,0.11889649,-0.1905201,-0.20593987,-0.0062691467,0.06083773,-0.008035514,-0.16061461,0.17883015,0.33256146,-0.0551272,-0.21150452,-0.004056331,-0.102814205,-0.015207338,-0.0742719,-0.16681118,-0.120190926,0.039838992,-0.029402554,0.14621398,0.04569056,-0.19051175,0.072789304,0.110338174,-0.055008497,-0.16225216,0.14944242,0.034306187,0.07250184,0.11345715,0.08062149,0.089772485,0.15803005,-0.110584274,-0.069931194,-0.38815865,-0.054921858,-0.016705638,0.05655197,-0.016274165,-0.16109195,-0.10137494,-0.057890784,0.187526,-0.078497544,-0.12600802,-0.3722973,-0.10761567,0.045007013,0.06740226,-0.0010957606,-0.073423035,-0.09445408,0.049446028,-0.085847124,-0.14014646,-0.32876173,-0.011000776,0.017815584,-0.106215596,0.06388816,-0.023296943,-0.11059616,-0.30627957,-0.08216138,-0.122876026,-0.040152375,0.14706577,-0.19445162,0.12888664,-0.10235963,-0.31941378,-0.092326105,0.023345133,-0.18213056,0.12511274,0.12109159,-0.17028514,-0.02897668,0.0274318,0.012221886,0.025073834,-0.1091243,-0.13958453
d,-0.037983976,0.0033068846,-0.026098711,0.09455023,-0.06550273,0.046797205,-0.048304163,-0.0027710516,-0.15732905,0.18921848,-0.10830391,0.08504363,0.08496223,0.151986,-0.23006321,-0.16334742,0.20088565,-0.14198978,-0.25785777,0.1116928,0.14213564,-0.09844166,-0.13393717,0.1507844,0.27156645,-0.06238129,-0.08631954,0.059006527,-0.16052529,-0.06124521,-0.08191003,-0.14637406,-0.08324225,-0.0307863,-0.081285484,0.2881843,0.09078059,-0.19393295,0.0945516,0.08902074,0.0019878582,-0.07785385,0.13791579,0.08622965,-0.0054445746,0.084381945,0.070219,0.10639144,0.21662524,-0.0969064,-0.08002818,-0.35071585,0.031875767,0.053876918,0.06608212,-0.01987857,-0.12641367,-0.06857098,-0.046114374,0.10134153,-0.11858994,-0.124912106,-0.37991825,-0.17563877,0.0681942,0.124140665,-0.028213253,-0.042875435,-0.047241278,0.05557007,-0.032350525,-0.14411564,-0.23591928,-0.08106709,-0.055447362,-0.045817062,0.031695068,-0.0007000333,-0.1787017,-0.22912537,-0.12366314,-0.14609933,-0.028842939,0.11576828,-0.2504127,0.08579132,-0.13583057,-0.29179457,-0.1797366,0.048648816,-0.15934987,-0.012295496,0.061523482,-0.19146138,0.062900566,0.06729637,0.089244336,-0.067105934,-0.116037555,-0.154674
sorry,-0.04225315,0.078336135,0.06782885,0.1180884,-0.046506733,-0.12198746,-0.024541989,0.04844226,-0.091352366,0.31475264,-0.2325506,0.21622652,0.13009606,0.19764589,-0.22225961,-0.32124504,0.21370701,-0.21877867,-0.29974264,0.052385833,0.0992728,0.15826404,-0.28484952,0.058685854,0.4040313,-0.18214051,-0.13222873,0.13252762,-0.13393556,-0.2831956,-0.26137733,-0.1420259,-0.10622727,0.017926205,0.024539117,0.26296464,-0.010652434,-0.0898332,-0.002722618,0.089802094,-0.24941444,-0.07369445,-0.017402362,0.199298,-0.064592965,0.10083725,0.32801384,0.08178012,0.1833754,-0.16304642,-0.093711354,-0.15180962,0.020454224,-0.23595348,-0.053980302,-0.18858244,-0.2170626,-0.38741457,0.017902358,0.10692253,-0.17998706,-0.183201,-0.539773,-0.046243213,-0.10294406,0.2311157,-0.09342703,-0.021193584,-0.05606797,0.09843235,-0.05572689,-0.14873992,-0.38811877,0.0024567796,-0.014612818,0.017424358,-0.049006514,-0.036704943,-0.08062208,-0.48734763,-0.26064545,-0.32403797,0.02794081,0.17284568,-0.20466006,0.22540848,0.042993363,-0.3695401,-0.067473955,-0.02585915,-0.27850586,0.16456068,0.25097397,-0.38918817,-0.039482307,0.02684807,-0.006178318,0.037443805,-0.13704798,-0.28143483
leave,-0.0075820605,0.038230285,-0.0077485987,0.095150456,-0.21687348,0.14734957,-0.030074727,0.07145361,-0.25266957,-0.0035384179,-0.23106089,0.042364474,0.1949239,0.27721807,-0.23276724,-0.0560303,0.097551465,-0.1930725,-0.29725116,0.1355582,0.024080446,-0.16154626,-0.032845363,0.14872423,0.175571,0.004845204,-0.11130787,0.09688701,-0.10508671,-0.16700807,-0.052968875,-0.086561754,-0.17472853,-0.0017813825,0.062768005,0.12088655,0.0513594,-0.13722853,0.011416662,0.0877406,0.03213883,-0.12025161,0.1915639,-0.018569877,-0.014741371,0.16586843,0.0860717,0.06831424,0.06545831,0.051342428,-0.097991645,-0.38405946,-0.08013147,0.06646592,0.104049616,-0.09382622,-0.16761446,0.0041657956,-0.15235764,0.08357278,-0.09611656,-0.14836739,-0.32628253,-0.014605647,0.030360492,0.060418345,0.027122626,-0.13643816,-0.14747322,0.029164132,-0.060917843,-0.13557665,-0.21705325,-0.072226614,-0.07984847,-0.14906316,0.002753214,0.055559345,-0.08444175,-0.30379242,-0.045259926,-0.012948337,-0.06805576,0.24256977,-0.13285981,0.09774168,-0.1653669,-0.22675474,-0.024701178,0.062339805,-0.1366418,0.1328863,0.15055342,-0.14627402,0.04847579,0.029997462,0.027816894,-0.012137942,-0.056579147,-0.1621061
away,0.13672997,-0.024028683,-0.081337035,0.010144139,-0.2690749,0.12282807,-0.15557554,0.14549926,-0.19736864,0.022439867,-0.173728,0.024343986,0.067822695,0.12189305,-0.21376449,-0.12672196,0.21637544,-0.1502217,-0.23143196,0.04942656,0.0748128,-0.18859455,-0.05158719,0.20593075,0.205627,-0.014173005,-0.080286585,-0.02232907,-0.1641983,0.07679221,-0.060983036,-0.24577281,-0.22827718,-0.06349989,-0.09610736,0.15201728,0.21417142,-0.22752485,0.16297342,0.07398296,0.08438616,-0.16267261,0.16018084,-0.15455703,-0.0053961,0.1668584,-0.053977944,0.15337345,0.16523884,-0.14548746,-0.109251454,-0.2427945,-0.06907561,0.14851214,0.15278344,0.050125994,-0.23501235,-0.08197771,-0.1114162,0.135207,-0.10472811,-0.121362604,-0.24242088,-0.14412408,0.16495122,0.016331254,-0.0917181,-0.25381142,-0.010532207,-0.025869543,-0.084855475,-0.051144883,-0.13902064,-0.09684352,-0.13765636,-0.114712864,-0.05373674,-0.13153641,-0.16262244,-0.34002477,-0.16004933,0.04262722,-0.11830997,0.27039418,-0.06279677,0.13563412,-0.1346747,-0.28480917,-0.11776835,0.06335931,-0.0063210507,0.10616398,0.23382078,-0.07291196,0.06625004,-0.04374517,0.15336333,-0.022877542,-0.08700786,-0.21351007
home,8.9784364e-05,0.07119693,-0.009214138,0.1455139,-0.25290444,0.1088917,-0.064596206,0.14382812,-0.2277961,0.022466695,-0.14042541,0.007684938,0.10808692,0.19489051,-0.19741286,-0.12988791,0.14254089,-0.1535819,-0.22456428,0.07311828,0.09644843,-0.07177962,-0.06678473,0.19035852,0.1861016,0.005904949,-0.16094121,0.062117375,-0.14140704,-0.124279864,-0.14795914,-0.10881362,-0.1300655,-0.020422202,0.044822287,0.09604395,0.08975938,-0.18389557,0.022418484,0.13139907,-0.011443129,-0.09783642,0.19758636,-0.010028461,0.0022334703,0.15101856,0.1354402,0.09409625,0.05437447,0.03588401,-0.17397776,-0.336278,-0.10944325,0.03183173,0.097161636,-0.08471383,-0.09588413,0.012793599,-0.15327963,0.1634478,-0.0698133,-0.11170897,-0.3567308,0.059059285,0.0028944856,0.07854093,-0.05291101,-0.10689546,-0.1597512,0.023175932,-0.061778266,-0.13952875,-0.19461131,-0.0059845108,-0.05459804,-0.13864021,-0.04348066,-0.031460684,-0.09373855,-0.38585922,-0.11575344,0.072621,-0.015009207,0.12420075,-0.20545536,0.07352445,-0.07845755,-0.27006578,-0.082343854,0.013221284,-0.15685114,0.18980083,0.1421464,-0.13515033,0.018347992,0.031906016,-0.006090222,0.0244902,-0.005746856,-0.13603768
still,0.025568584,0.055147313,0.006557366,0.039511874,-0.16830243,0.16570969,-0.06265599,0.1352425,-0.12841196,0.12708734,-0.088797316,0.039753985,0.05367918,0.07799965,-0.10612759,-0.13657193,0.13890667,-0.15060444,-0.15519746,0.08222643,0.088641115,-0.11116115,-0.122622326,0.24481335,0.2804851,-0.05563263,-0.059784018,0.05299054,-0.14727256,-0.016144099,0.01431685,-0.230856,-0.08348646,0.014886749,-0.10197554,0.23619582,0.15142922,-0.20467845,0.17829704,-0.0014524694,0.019236734,-0.030231535,0.16105548,-0.049733635,0.0055829226,0.09021586,-0.039546147,0.08559847,0.22677118,-0.06271049,-0.02289819,-0.32550454,-0.056319844,0.06594396,0.12429069,-0.005956436,-0.119674034,-0.031064944,-0.037723113,0.13604105,-0.10121849,-0.1011078,-0.27108425,-0.11070201,0.15341303,0.047514327,-0.07451977,-0.020978335,-0.043440174,-0.06465154,-0.0017114118,-0.12614772,-0.21589282,-0.164594,0.030621056,-0.042573094,0.05491559,-0.03971724,-0.22516008,-0.1827931,-0.1553542,0.007210885,-0.15715544,0.08219821,-0.23084502,0.01681382,-0.2548363,-0.3073161,-0.12480591,0.049197145,-0.09551171,0.029790897,0.091592245,-0.056053933,0.06271676,-0.039622795,0.14699483,-0.06235237,-0.16115633,-0.13942996
those,0.01179879,0.08091605,0.028812097,0.048434753,-0.32771185,0.3157447,0.0070878956,0.2327751,-0.23450549,-0.045236442,-0.058309678,-0.074565195,0.082274586,0.22787705,-0.16322736,0.053983286,0.063720964,-0.18831918,-0.0780922,0.18693034,0.11904543,-0.22027646,-0.046404086,0.32962346,0.201475,0.062633805,-0.05108546,0.076365046,-0.18454914,-0.14968906,0.014784025,-0.21532112,-0.13943648,0.02920988,0.012664261,0.040555257,0.15655124,-0.08247392,0.05200713,0.02672069,0.027377628,0.003758774,0.30451038,-0.023199534,-0.033146746,0.13932002,-0.033668853,0.11170538,0.051676713,0.0986238,-0.0038862217,-0.4244989,-0.12237958,0.125771,0.06912361,-0.13681135,-0.05139013,0.13090692,-0.044789914,0.12465035,0.039857507,-0.06357856,-0.35348982,0.054147985,0.107764564,0.004618162,0.034812156,-0.042666685,-0.22965072,-0.07308567,0.054886285,-0.22238041,-0.14709902,-0.16127864,0.0859528,-0.0673552,0.060014352,0.043008454,-0.16422483,-0.14483052,0.01565108,0.1221785,-0.1404329,0.06558677,-0.2813133,-0.022058023,-0.27652967,-0.22643153,-0.059895888,0.09040886,-0.15986289,0.13900293,0.067400955,0.040530566,0.0824859,-0.02948416,0.020302815,0.0068866797,-0.060620353,-0.07952437
say,-0.0479058,0.0677078,-0.026539778,0.12653641,-0.043287385,0.14697935,-0.00072281377,0.026881741,-0.17633747,0.18074578,-0.10851482,0.020180708,0.11149889,0.19236362,-0.15589583,-0.06636139,0.11395289,-0.20887329,-0.22550923,0.11402494,0.0939627,-0.12449245,-0.111997694,0.2031158,0.2758565,-0.084349595,-0.05561813,-0.023895197,-0.11741026,-0.0128026055,-0.03938961,-0.17517813,-0.116735086,0.04333013,-0.010714289,0.2673347,0.07316931,-0.22271329,0.087907754,-0.0095771,0.084976755,-0.053476065,0.21899506,0.02800391,0.02378435,0.12803628,-0.00014511833,0.03047723,0.2361323,-0.05699125,0.032014646,-0.33569428,0.0223573,0.06312315,0.12989567,-0.021513198,-0.10027834,-0.0037524735,-0.06480019,0.12780958,-0.10401967,-0.20156349,-0.2731429,-0.10809918,0.09013232,0.073603205,-0.004873383,-0.099181026,-0.0018319984,-0.058923107,-0.03884928,-0.20679797,-0.30435273,-0.1384926,0.0020281936,-0.051400308,0.09225444,0.06993351,-0.15062039,-0.11228177,-0.08410083,-0.046966244,-0.10363873,0.0727012,-0.27150008,0.103210226,-0.33289605,-0.3065265,-0.18388137,0.04278739,-0.06786233,-0.0074782376,0.03927209,-0.11000478,0.05584197,0.01501236,0.13289087,-0.073210195,-0.11065554,-0.1000679
everyone,0.04146688,0.028146928,-0.036773015,-0.032624394,-0.24015753,0.17002386,-0.10715492,0.1845965,-0.15293847,0.062001377,-0.15665612,0.02157001,0.08759735,0.08472851,-0.17953163,-0.04112626,0.17812768,-0.19468302,-0.23788175,0.04269188,0.0827716,-0.16717978,-0.08694971,0.26722822,0.27973917,-0.07876949,-0.069631435,0.044804525,-0.14720893,0.036926247,-0.06908786,-0.25346854,-0.20715427,-0.02712209,-0.0569881,0.124430045,0.18000773,-0.17633326,0.1959151,-0.020588662,0.055267084,-0.09509124,0.12586312,-0.07777485,-0.028172763,0.16738015,-0.035200942,0.077530764,0.16665125,-0.08856349,-0.018365787,-0.27701318,-0.09066735,0.06914595,0.11558833,-0.003964774,-0.20108701,-0.08617916,-0.038596597,0.117481716,-0.10073269,-0.18760248,-0.2221689,-0.10780188,0.17828177,0.031770453,-0.10884094,-0.20219533,-0.05760906,-0.056187596,-0.03677563,-0.06786775,-0.1939329,-0.11068771,-0.120751314,-0.11741917,0.018937921,-0.14199975,-0.17236692,-0.25653136,-0.1799386,-0.014462209,-0.1705384,0.21182095,-0.102394216,0.1397124,-0.2035173,-0.26904526,-0.14900382,0.071490034,-0.02474513,0.0911279,0.19710313,-0.072176315,0.086807296,-0.11742448,0.17023017,0.009697873,-0.093230434,-0.17570257
sure,0.004442792,0.07658134,0.053320985,0.087760106,-0.12274754,0.0064056166,-0.0018588017,0.08641926,-0.17147191,0.117068976,-0.20778349,0.12462561,0.10814854,0.1901892,-0.120184265,-0.22762136,0.12750117,-0.17192106,-0.22304471,0.062061552,0.057419155,0.017312644,-0.15912788,0.1692566,0.29659522,-0.10316436,-0.12017887,0.06474021,-0.15496227,-0.10460065,-0.118540026,-0.14731921,-0.122828476,0.003727417,0.004874738,0.18575825,0.04182252,-0.1507939,0.05187199,0.0641003,-0.0616569,-0.041152466,0.12501426,0.057006538,0.0031266653,0.09513456,0.13801028,0.120706744,0.17749478,-0.08088583,-0.11059819,-0.28407827,-0.016797984,-0.06235154,0.03318146,-0.09025074,-0.18575346,-0.15916397,-0.068053655,0.16426925,-0.08423734,-0.11575555,-0.40635797,-0.082673356,0.040912155,0.09323431,-0.025926936,-0.0686307,-0.069567025,0.03352915,-0.054953497,-0.13706553,-0.3277782,-0.048120465,0.016172871,-0.027810728,-0.008407528,-0.07835985,-0.1290757,-0.35292757,-0.15441737,-0.13009709,-0.016934805,0.15408339,-0.15600836,0.1458256,-0.1250328,-0.30843648,-0.026454488,0.021887861,-0.14967458,0.15393502,0.17186257,-0.1506594,0.013697684,0.025989696,0.089069076,-0.0011689516,-0.11677769,-0.15868844
eat,0.05527596,0.0024234324,-0.022149432,0.13399322,-0.17929934,0.03324944,-0.054764308,0.042584866,-0.35284093,-0.018035766,-0.26312754,0.041802756,0.270854,0.376703,-0.24566896,-0.1714615,0.06721405,-0.20569615,-0.41268253,0.10235353,0.04400444,-0.16183214,0.03439274,0.1315121,0.16723734,0.008939622,-0.20735954,0.04856885,-0.12028669,-0.07569139,-0.11314371,-0.024742914,-0.19775815,-0.018396625,0.13307334,0.08127535,-0.07003964,-0.19512033,-0.06706512,0.16249019,0.08485844,-0.20739897,0.24216183,0.011494842,0.018716855,0.18121497,0.12108261,0.09173803,0.023920609,0.06628619,-0.18400975,-0.4065963,-0.018757088,0.048052363,0.12997526,-0.13929777,-0.1853411,-0.0059466334,-0.24345298,0.14574458,-0.07869303,-0.14588928,-0.39140314,-0.027253725,-0.006486388,0.074494675,0.042234253,-0.23779368,-0.04300562,-0.013620649,-0.0746279,-0.1728701,-0.26921296,-0.004536213,-0.08858759,-0.20025913,-0.0072121727,-0.00021458688,-0.06764761,-0.36887148,0.043603312,-0.009733328,-0.032101594,0.26405734,-0.122091986,0.21751028,-0.11302379,-0.27219626,-0.03172983,0.07801629,-0.08614208,0.18055992,0.1475701,-0.18516225,0.038287424,0.07608528,0.038092084,0.03289226,0.033469424,-0.1092216
huh,-0.05019872,0.06505937,-0.020798497,0.14053029,-0.11983589,0.04599088,-0.058951665,0.026943455,-0.19413559,0.1373595,-0.123598345,0.061543617,0.098598965,0.15923859,-0.1379058,-0.16430192,0.11474789,-0.13456057,-0.15719642,0.09130807,0.04810194,-0.07366693,-0.0892379,0.15371118,0.2695269,-0.047819797,-0.09781195,-0.008122543,-0.119569264,-0.045707006,-0.07452586,-0.12932989,-0.08455272,0.03753798,-0.037550338,0.18259543,0.07828948,-0.23643161,0.07215484,0.116228454,0.027310433,-0.0816481,0.18425815,0.002214226,0.053074326,0.06910866,0.06699298,0.05131576,0.16254263,-0.094591655,-0.066635,-0.32141614,-0.039782666,0.050452616,0.09320866,-0.0054025743,-0.077867806,-0.024928257,-0.07166603,0.17491223,-0.06659737,-0.11969066,-0.32470745,-0.09178745,0.060790304,0.053009957,-0.014216132,-0.071130596,-0.022970475,-0.024473978,-0.0233563,-0.15686509,-0.25308335,-0.07856201,0.024317319,-0.07745676,0.029826421,0.007820944,-0.15454893,-0.22196975,-0.10272492,-0.014029272,-0.046760518,0.05258232,-0.21907116,0.05334923,-0.16049321,-0.30721775,-0.1265681,0.033578023,-0.08730373,0.10442408,0.06651695,-0.0967409,0.0077176313,0.044160433,0.057982482,-0.04632966,-0.1114339,-0.10765838
work,0.09103454,0.013908761,-0.020595914,-0.023195257,-0.2341662,0.19139645,-0.10551513,0.17708516,-0.20158821,0.04197455,-0.15954977,0.023251247,0.08699083,0.1690573,-0.19269289,-0.08721852,0.17346166,-0.18980953,-0.27700368,0.075608365,0.108563095,-0.16318549,-0.07403743,0.21911034,0.23291913,-0.058526587,-0.13237886,0.044767924,-0.13828231,-0.049260605,-0.06202552,-0.1463218,-0.15754768,-0.015543848,-0.08630973,0.15091603,0.1273889,-0.15955742,0.10504771,0.019707223,0.014805213,-0.11182514,0.14345688,-0.04881649,0.014280711,0.15971708,0.029692642,0.11555704,0.11802779,-0.011267918,-0.07394346,-0.3131355,-0.0888928,0.083854355,0.0860544,0.043119676,-0.2232523,-0.07544561,-0.07190806,0.10927711,-0.11228334,-0.10057069,-0.25905028,-0.05511778,0.12135026,0.092279874,-0.082836084,-0.19004303,-0.09577101,-0.023405114,-0.044028964,-0.080707364,-0.17899609,-0.08328915,-0.14622082,-0.1351556,-0.015320045,-0.1204284,-0.10020959,-0.2833256,-0.14702815,-0.0013506563,-0.1795916,0.22150303,-0.16069795,0.13255244,-0.17039481,-0.2406936,-0.12819949,0.09932607,-0.11452711,0.10204115,0.16080551,-0.06974064,0.083442055,-0.10621767,0.083381586,0.011871222,-0.02450838,-0.22459683
tell,0.051032834,0.058245853,-0.0075532235,0.16591011,-0.048271827,-0.005922728,-0.025169447,-0.08650049,-0.16987006,0.19479395,-0.25564808,0.09793217,0.19201916,0.3010823,-0.29036018,-0.15182054,0.1031738,-0.2567628,-0.36227298,0.059283268,0.08511008,-0.03245417,-0.11630035,0.13850872,0.31045905,-0.100406215,-0.1388536,0.010042727,-0.10119124,-0.07706472,-0.12437599,-0.07291051,-0.15691715,0.040569592,0.06035532,0.21225865,-0.012385619,-0.13096793,0.016912902,0.06274281,0.026271788,-0.21872841,0.15241621,0.08408507,-0.013755442,0.17087758,0.11606964,0.08657655,0.1430419,-0.121278994,0.021242207,-0.3178478,0.04645313,-0.032469664,0.061490525,-0.072488144,-0.24089734,-0.13829716,-0.06531536,0.0777669,-0.10944836,-0.24698532,-0.3728363,-0.14082657,-0.0020146167,0.11415404,-0.0016089429,-0.16716674,-0.010688892,0.014754387,-0.10005619,-0.13687111,-0.36025494,-0.04724659,-0.051814195,-0.11116477,0.05329534,0.100944,-0.064416975,-0.32514876,-0.070745036,-0.1858236,-0.046208017,0.21907374,-0.19341388,0.22703505,-0.15268648,-0.34443358,-0.14268993,0.045453463,-0.15038864,0.05956785,0.1361338,-0.27308866,-0.0034451874,0.073814176,0.074889176,0.04503578,-0.08000104,-0.16036846
into,-0.016005687,0.116280295,0.011688389,0.041344956,-0.38221386,0.29548487,-0.034097604,0.21175112,-0.16348952,-0.035451774,-0.09717188,0.011878069,0.056144156,0.114643596,-0.17485552,0.041013416,0.17131868,-0.1978853,-0.09811186,0.1484734,0.107008524,-0.17204098,-0.076928675,0.27436027,0.20899917,0.038178854,-0.08695483,0.07751874,-0.18997842,-0.09336489,-0.033816285,-0.21201728,-0.08612746,-0.023517743,-0.039443467,0.05122,0.24524137,-0.15390697,0.119316325,0.020245256,-0.01191694,-0.015022112,0.26040193,-0.062229633,-0.046904158,0.10345354,-0.042199165,0.08266644,0.07572795,0.05976706,-0.046881597,-0.3960443,-0.20650564,0.09589274,0.104048975,-0.034121163,-0.03326831,0.17082794,-0.03234423,0.13211836,-0.0018696511,-0.059819028,-0.25451097,0.06981247,0.07865646,0.008749239,-0.023122609,0.0073782485,-0.30199996,0.02027209,-0.03312245,-0.08179118,-0.070976764,-0.1374647,0.0072505563,-0.16647974,0.014805984,-0.022675,-0.11018783,-0.22605331,-0.11853787,0.17589124,-0.16123056,0.113582425,-0.20125657,-0.057674926,-0.25191906,-0.19232562,-0.06537642,0.060349572,-0.17970736,0.13301048,0.100739144,-0.050647233,0.029224914,-0.026086675,0.02190898,0.03716532,-0.0049637966,-0.13317494
father,-0.16944568,0.104555115,-0.015702194,0.15608938,-0.10842965,0.009955454,-0.06447671,0.08274875,-0.110140234,0.17683725,-0.12671457,0.006975565,0.13668318,0.079405256,-0.091964275,-0.1526314,0.12235924,-0.15455738,-0.17332476,0.05279476,0.039537266,0.0076397606,-0.18189934,0.15300572,0.31937402,-0.0059012203,-0.09127727,0.02395603,-0.0664371,-0.084147155,-0.14119773,-0.1909535,-0.081207655,0.038291562,0.010760169,0.20987481,0.1251491,-0.24306494,0.06277508,0.080519885,-0.0200997,-0.057904985,0.15183379,-0.008071447,0.005476498,0.057453856,0.13001762,0.0030273981,0.19244196,-0.002166871,-0.05850086,-0.3259157,-0.052428443,-0.021276558,0.10290214,-0.039629344,0.0020035345,-0.043560613,-0.110061675,0.21938007,-0.08478804,-0.16560236,-0.3705213,-0.03863064,0.051515225,0.057537463,-0.029084446,-0.027924486,-0.08889041,0.0016494859,0.015683433,-0.19335197,-0.2756074,-0.0563436,0.03169764,-0.14512715,0.05066559,-0.019392429,-0.1587994,-0.2990648,-0.14715582,-0.017740065,-0.028244015,0.0073950365,-0.25975025,0.058276203,-0.15129092,-0.28855607,-0.12590346,0.00045868062,-0.075765625,0.1517816,0.1087607,-0.10008665,-0.070896074,0.01903361,0.09721485,-0.009843746,-0.11170321,-0.106484115
mother,-0.17105916,0.12507881,-0.046874706,0.16524334,-0.15706557,0.041805368,-0.08748264,0.062300634,-0.115796976,0.18178396,-0.12956706,0.007007029,0.1321169,0.0961188,-0.086495705,-0.12213357,0.118679486,-0.14264557,-0.17902741,0.028032225,0.05422819,-0.011144832,-0.19131726,0.17004737,0.31748673,-0.028802091,-0.116530366,-0.0347673,-0.063939266,-0.020025572,-0.16663258,-0.2200088,-0.087601945,0.034693494,0.007100057,0.19774765,0.11939228,-0.2067884,0.06579506,0.07822378,0.007752609,-0.044472303,0.17420103,0.0039907773,0.0016837504,0.046300195,0.11438021,0.02613093,0.18995444,-0.01790823,-0.042709116,-0.32704365,-0.07692328,-0.010263751,0.10331409,-0.016228115,0.002143275,-0.01092344,-0.12306831,0.20590389,-0.08137904,-0.17583637,-0.33677834,-0.0714873,0.058807895,0.06330311,-0.01750294,-0.0941192,-0.10377952,-0.0256304,0.022996714,-0.20206593,-0.31639725,-0.05393466,0.021409646,-0.15086678,0.03852976,-0.008775482,-0.14057787,-0.32219478,-0.16767079,-0.043686032,-0.052862242,-0.0015102334,-0.27485713,0.10715211,-0.15876605,-0.30454466,-0.14150079,0.011222744,-0.073121004,0.13199522,0.09563338,-0.09458714,-0.05057792,0.020702153,0.09587736,0.007116757,-0.1251805,-0.056709964
off,0.04741512,0.020289537,-0.0058862367,0.029579712,-0.27853477,0.1539285,-0.0579776,0.12061472,-0.24384037,-0.047973227,-0.1413367,0.026829666,0.12272991,0.21583432,-0.18138096,-0.113167755,0.16893455,-0.17275006,-0.20590827,0.08022896,0.08094396,-0.15869421,-0.016898733,0.21235214,0.17456004,0.0051959823,-0.17070745,0.021431245,-0.18042958,-0.046626076,-0.09849003,-0.18372972,-0.13155818,-0.032574728,-0.025072614,0.102563985,0.1253812,-0.1891703,0.050855096,0.09295616,0.007347631,-0.08449023,0.26183632,-0.059186734,0.003052197,0.14686921,0.029858481,0.15115486,0.08199532,0.01809184,-0.13371132,-0.35871,-0.109162055,0.09683883,0.09504288,-0.06672085,-0.1529705,0.022096558,-0.12955686,0.16273782,-0.039793875,-0.07006525,-0.3608753,-0.003499296,0.06609514,0.01647414,0.01674694,-0.14697303,-0.14896253,0.034890443,-0.053228907,-0.09632658,-0.15229507,-0.050507966,-0.034707636,-0.1288628,-0.046155635,-0.082728356,-0.08216143,-0.2834054,-0.06627507,0.044028446,-0.10517738,0.17865643,-0.1502154,0.09420462,-0.1292575,-0.24868506,-0.05533591,0.06250685,-0.11479094,0.1766226,0.11916076,-0.08604633,0.03499418,0.0126722455,0.049976774,0.017815804,-0.010959755,-0.16839725
any,0.058261868,-0.030157046,0.0030098704,0.1358778,-0.16592526,0.14166795,-0.023286207,0.07443492,-0.3181118,-0.017753268,-0.19862099,0.013291435,0.22484267,0.3240088,-0.18167157,-0.1267789,0.015054497,-0.20815197,-0.27831644,0.168232,0.04275974,-0.17115223,0.017908972,0.16404758,0.16601294,0.049538113,-0.08346473,0.038587153,-0.10651441,-0.09051569,-0.044019822,-0.14143462,-0.15379344,-0.004988456,0.053551693,0.0667481,-0.012095111,-0.16866396,0.011976417,0.12077316,0.059753295,-0.16050497,0.2409136,-0.020970607,0.030836381,0.11565441,0.007144552,0.11432763,0.12059292,-0.0005212079,-0.099439524,-0.44328377,-0.055588074,0.08800296,0.13704874,-0.11352448,-0.14539292,0.011637751,-0.1289991,0.12783226,-0.047464546,-0.19700134,-0.36309737,-0.08410576,0.08723914,0.015179588,0.091257095,-0.13482283,-0.030779788,-0.036939982,-0.041515436,-0.1760018,-0.20327967,-0.07821702,0.013258125,-0.16151722,0.05823846,0.01681252,-0.14441614,-0.23650426,0.069373846,0.009486146,-0.08314958,0.18099988,-0.17175676,0.0975528,-0.19087462,-0.3008238,-0.051547367,0.12308565,-0.06405712,0.17033936,0.11403252,-0.065558985,0.00932761,0.06998619,0.060151238,-0.0014342683,-0.037979636,-0.11262552
coming,-0.03694083,0.11455107,-0.047061317,0.08248328,-0.2904218,0.060718868,-0.083116055,0.11411543,-0.15905534,0.05827469,-0.09416523,0.03409795,0.04850588,0.15336578,-0.047315728,-0.123502985,0.15323393,-0.13442473,-0.061704103,0.0076737595,0.07244005,-0.0198442,-0.13601278,0.23718794,0.3023298,-0.05629541,-0.17713794,-0.036203288,-0.15412436,0.01600858,-0.14320311,-0.26068154,-0.1306863,-0.03878695,-0.035494275,0.11003587,0.17579809,-0.19794817,0.1239221,0.12945977,-0.011172287,-0.045162156,0.2704746,-0.08836376,-0.014752785,0.058482755,0.04841697,0.102986805,0.10028682,-0.011353736,-0.0809081,-0.35067442,-0.086148426,0.0453251,0.07707633,-0.024382921,-0.017344538,0.019475568,-0.04778627,0.25315097,0.016233398,-0.005840409,-0.3194574,-0.015175151,0.075221814,-0.0038640639,0.020984357,-0.09932343,-0.14862223,0.018966455,0.02438871,-0.13885713,-0.220471,-0.12819038,0.03141678,-0.11060667,-0.059615403,-0.12690131,-0.11975209,-0.28544858,-0.15778658,0.05404992,-0.06542112,0.031104656,-0.17085174,0.0756918,-0.16413748,-0.27770644,-0.066578835,0.0074542947,-0.08978038,0.20504084,0.10669597,0.014261777,-0.04919702,0.005119912,0.06514257,0.0036034435,-0.072963186,-0.091515675
again,0.0053127436,0.023569899,-0.0016721989,0.084108435,-0.18419014,0.111460045,-0.033406816,0.09778007,-0.19459772,0.06372189,-0.15677808,0.037402082,0.14859793,0.221228,-0.2221023,-0.08123008,0.15330672,-0.19102791,-0.25077653,0.09218103,0.089573964,-0.1197498,-0.08133542,0.18219677,0.22032619,-0.0076142936,-0.09732532,0.07770012,-0.12890129,-0.0916678,-0.10198817,-0.1491349,-0.14317092,-0.0316926,0.034859844,0.13183574,0.088545226,-0.15570481,0.019968074,0.062002406,0.024097897,-0.113304295,0.20250213,0.014703242,-0.020072935,0.18280274,0.07936457,0.054839082,0.09288432,0.005681936,-0.07726296,-0.31064492,-0.08234619,0.048241615,0.07477816,-0.09723845,-0.14911348,-0.018921621,-0.10287126,0.13307154,-0.09765655,-0.14692931,-0.35085648,-0.013986454,0.03876217,0.05568664,-0.029850828,-0.121364765,-0.105635926,0.015589007,-0.08948732,-0.1183425,-0.21868895,-0.055750065,-0.058717344,-0.1344834,-0.018033905,-0.030043239,-0.10798172,-0.2988208,-0.08997217,-0.01226978,-0.064072534,0.1974907,-0.16384396,0.10584973,-0.15089017,-0.2715269,-0.11115404,0.049610153,-0.10624822,0.15561219,0.13792819,-0.15531208,0.048647016,0.01863258,0.045615003,0.013806058,-0.047453538,-0.16478124
mei,-0.17350928,0.091003604,-0.039852936,0.18002385,-0.15379716,-0.021523364,-0.107451186,0.037818763,-0.14258176,0.16651697,-0.12578754,0.07515564,0.14076558,0.17870966,-0.09822381,-0.15320078,0.14533015,-0.12684633,-0.20296797,0.029544288,0.027162017,0.019838907,-0.17351554,0.16962014,0.32832912,-0.040306993,-0.16428715,-0.013106876,-0.110794194,-0.0306568,-0.17349362,-0.1772975,-0.14601927,0.02520957,0.022528207,0.17577168,0.097218044,-0.25540584,0.03884802,0.14703293,-0.017432166,-0.1161822,0.19076934,-0.009225748,-0.016047088,0.075295776,0.1556708,0.019384421,0.13684691,-0.0028867973,-0.134583,-0.34657794,-0.043445986,-0.022927558,0.08377856,-0.0039790976,-0.03367392,-0.048503235,-0.10908266,0.21166436,-0.07745185,-0.1407745,-0.35470688,-0.06361526,-0.009730468,0.0663468,-0.0009723272,-0.11325803,-0.1409103,0.014079355,0.015549954,-0.19983144,-0.29954153,-0.045374237,-0.009597232,-0.112793736,-0.039647523,-0.05725817,-0.12741615,-0.38280407,-0.18337351,-0.01743378,-0.017521815,0.03864824,-0.20453687,0.116044216,-0.14470848,-0.270536,-0.09124533,0.010322651,-0.05122017,0.18523987,0.13442725,-0.1075792,-0.061351195,0.03629269,0.032238785,-0.034513336,-0.08117926,-0.13331893
forest,-0.07235665,0.17625393,-0.008110318,0.10605491,-0.48413506,0.37050205,-0.01213749,0.29540104,-0.23931003,-0.1064266,-0.030904138,-0.054293573,0.060263198,0.13641062,-0.08568817,0.15241732,0.10044454,-0.15572016,-0.04342023,0.2680688,0.055904888,-0.25393617,-0.0163433,0.30525368,0.16258873,0.052814573,-0.046969153,0.05708628,-0.21690588,-0.18469393,0.012777344,-0.260827,-0.078050464,-0.026906792,0.02894162,-0.023743486,0.20780398,-0.1277863,0.120002694,0.12791622,0.03988541,0.066572085,0.38126913,-0.15044597,-0.06298959,-0.029839035,-0.034899887,0.054411486,-0.0034378269,0.13209619,0.0149884755,-0.4677012,-0.24122861,0.19192855,0.16430731,-0.14738679,0.13762647,0.258804,-0.06838551,0.15792233,0.074182615,-0.050099205,-0.31368303,0.18821415,0.123203054,-0.08171801,0.112337045,0.04793279,-0.31948015,-0.10432798,0.17185754,-0.20349772,-0.09419722,-0.22857676,0.13433318,-0.16871904,0.037286274,0.06465087,-0.19829631,-0.17300026,-0.032194633,0.3351025,-0.15858594,-0.0063983244,-0.27336955,-0.07082821,-0.35810632,-0.20252404,0.012792118,0.06588404,-0.14826447,0.18672329,0.023133751,0.10533883,0.016152633,-0.0029237042,0.020742688,0.020137738,-0.03107332,-0.03661754
had,-0.09749494,0.120459795,0.060082443,0.1826275,-0.25602317,0.23990093,-0.02487485,0.17709185,-0.20147595,0.12714213,-0.07840205,0.058721274,0.11765953,0.13478492,-0.20178196,-0.042274922,0.1650353,-0.19730362,-0.11823775,0.2402647,0.08844594,-0.11606518,-0.09260965,0.18119547,0.18945386,-0.014345563,-0.03670128,0.08409022,-0.107075244,-0.27342033,0.026946338,-0.19883247,0.007070978,0.012088417,-0.05632226,0.17267053,0.16237901,-0.120237805,0.08475451,0.08116495,-0.054880474,0.03629424,0.20471957,0.008673231,-0.025937295,0.02495865,0.08577958,0.01935183,0.07452256,0.06815612,0.01005397,-0.43000597,-0.13941011,0.07679726,0.1421006,-0.09902073,0.06082905,0.10208755,-0.049759384,0.086805776,-0.01926485,-0.0949909,-0.36300194,0.07540749,0.043674458,0.119038336,-0.020885296,0.14684944,-0.20976461,-0.024079803,0.07744524,-0.1778292,-0.11948482,-0.1284731,0.078019135,-0.088782705,0.13714568,0.13802421,-0.12946928,-0.20942701,-0.0853086,0.097851045,-0.059812967,0.027449673,-0.39393857,-0.13273129,-0.18694563,-0.23474717,-0.07688817,0.03323236,-0.3257144,0.04070335,-0.002736414,-0.123693354,0.019440362,0.02740227,-0.0013596636,-0.031843424,-0.077389225,-0.10516239
ponyo,-0.08293854,0.072361715,-0.015152306,0.08080651,-0.15277772,0.036040083,-0.07278959,0.043487098,-0.13723803,0.13653135,-0.1448302,0.053606994,0.10846964,0.11534841,-0.111975804,-0.14795507,0.11819258,-0.14027247,-0.18222177,0.022209546,0.07435793,-0.024550047,-0.15621817,0.173933,0.29113227,-0.03141484,-0.14263539,0.01765269,-0.104501024,-0.033996906,-0.12850931,-0.15702759,-0.09576754,0.014162738,-0.033746097,0.17922616,0.093759544,-0.20458274,0.07918371,0.08951149,-0.008212326,-0.07062724,0.14819072,-0.0061967513,0.019536668,0.10193462,0.07809814,0.05624567,0.1436514,-0.029236568,-0.089438975,-0.31074476,-0.069507286,0.009309302,0.086740375,0.019537134,-0.07656485,-0.038652886,-0.10492357,0.19704996,-0.09878749,-0.107957296,-0.3039501,-0.05923807,0.051397633,0.06890569,-0.039741144,-0.08280125,-0.09736351,-0.009026077,-0.0076088468,-0.14632691,-0.24129485,-0.05184101,-0.029961536,-0.12009888,0.0135249775,-0.04690854,-0.13129579,-0.29332322,-0.16031921,-0.04678806,-0.07630907,0.07325534,-0.19473276,0.07679287,-0.12018775,-0.26829177,-0.11244043,0.027927184,-0.08654084,0.1269355,0.11503331,-0.10439005,-0.019531615,0.015896535,0.07575858,-0.013104629,-0.09371338,-0.119555235
very,-0.01768455,0.06590383,0.025126426,0.05807084,-0.076372266,0.13761415,0.0024622774,0.120926574,-0.15955582,0.14672878,-0.113552816,0.0715679,0.108799495,0.14307019,-0.15233295,-0.14887325,0.1391458,-0.19788381,-0.21675265,0.076770075,0.08376195,-0.019246578,-0.17350088,0.2266974,0.33716294,-0.11182562,-0.06313605,0.06748138,-0.16088139,-0.105221316,-0.041398104,-0.17821805,-0.08433719,0.046494525,-0.04029038,0.23423444,0.07811881,-0.16812395,0.07774358,-1.6918444e-05,-0.039482556,-0.042731877,0.1397916,0.05440448,0.030112205,0.09910849,0.06261041,0.06318012,0.2149406,-0.0039296253,0.009064274,-0.32013118,-0.018605499,-0.029697552,0.08857009,-0.06135297,-0.1097713,-0.08377426,-0.06805379,0.11942771,-0.1249595,-0.16911982,-0.30718744,-0.06782879,0.040728673,0.11957647,-0.06279995,-0.056772225,-0.0883413,-0.01865319,-0.024774503,-0.18760434,-0.27300537,-0.07785686,0.025757778,-0.062449157,0.08588897,-0.024192423,-0.1887863,-0.21452479,-0.12349512,-0.08297583,-0.10860524,0.07767717,-0.25932595,0.099933244,-0.24694002,-0.28360897,-0.09687596,0.074025474,-0.146533,0.079091065,0.06648433,-0.13976374,0.056669705,-0.05542865,0.070687495,-0.03851872,-0.113503866,-0.1166381
use,0.025154395,0.036385715,-0.028046483,0.07435249,-0.25600255,0.12129593,-0.07763633,0.10841913,-0.25593218,0.015202009,-0.17140494,0.078353636,0.17162026,0.22932783,-0.1338863,-0.19877243,0.09146075,-0.13663705,-0.21852759,0.1698993,0.027183909,-0.18616092,0.025542824,0.13279732,0.20275746,-0.012430481,-0.10250207,-0.02503788,-0.13282293,-0.03878408,-0.019823486,-0.18910073,-0.07425104,0.040660482,-0.05197634,0.111467525,-0.0037467568,-0.19375807,0.10565267,0.14436132,0.05725277,-0.14242895,0.22563408,-0.10228676,0.069762684,-0.0041403566,0.040309485,0.11556746,0.13938138,-0.03306602,-0.03748893,-0.40659484,-0.04190439,0.07080827,0.15790404,-0.027609099,-0.049477957,-0.015434761,-0.13113968,0.18016846,-0.073138915,-0.076728836,-0.3554112,-0.0838715,0.1050335,0.012312918,0.0852776,-0.11590938,-0.0212891,-0.053546276,0.021664457,-0.1611153,-0.2101727,-0.11169742,0.080023415,-0.09683689,0.081255525,0.014084903,-0.15031217,-0.22308959,0.019204387,0.05504981,-0.11748201,0.11160039,-0.1997668,0.08642051,-0.18838058,-0.33040524,-0.043228604,0.10488685,-0.114421725,0.1286842,0.012480832,-0.08231931,0.023913344,0.078798175,0.049429037,-0.07758854,-0.08479725,-0.06934894
people,0.04873402,0.08931958,0.06224429,0.08899699,-0.2615764,0.28902096,0.05828411,0.22848253,-0.17970966,0.018738806,-0.06539272,-0.054036215,0.10521529,0.18811052,-0.13658085,0.038877532,0.07142588,-0.19092263,-0.07918103,0.18835957,0.12557541,-0.17197174,-0.047771204,0.29636356,0.20439327,0.017283004,0.0046476284,0.09533204,-0.16639699,-0.18689981,0.06865311,-0.23122977,-0.10586813,-0.0035009484,0.011521012,0.06940035,0.11663422,-0.053574968,0.11783618,0.008273814,0.040781736,0.035497624,0.2828614,-0.0045246147,-0.04478061,0.10071611,-0.0359631,0.0777081,0.11217011,0.0979297,0.045573153,-0.4153482,-0.093027405,0.12377603,0.092202514,-0.18574473,-0.011425095,0.13695526,0.021200426,0.09720154,0.0036920372,-0.11745072,-0.34014055,0.046270855,0.12896425,0.017584736,0.017488582,0.06546405,-0.20680755,-0.09551583,0.07929519,-0.226161,-0.17271496,-0.17488147,0.116795376,-0.048103355,0.091966555,0.100188315,-0.22310653,-0.13654444,0.011320972,0.118616916,-0.16506265,0.058577884,-0.2977489,-0.09424407,-0.3364175,-0.26553023,-0.0544455,0.087549664,-0.18705624,0.07399254,0.03326628,-0.00037542306,0.07981379,-0.034932688,0.08290195,-0.037625507,-0.14652956,-0.08471859
human,-0.04845047,0.13531296,0.013425313,0.14536953,-0.22273593,0.22287327,0.041367736,0.1238881,-0.2342164,0.0194684,-0.11283728,0.0063408567,0.11714742,0.18830249,-0.1361874,-0.005201508,0.064254336,-0.18215829,-0.21548405,0.18478553,0.06802967,-0.17562786,-0.040234815,0.22117794,0.22285853,-0.024346432,-0.03282245,0.054166924,-0.1605584,-0.10798111,-0.039347157,-0.13821296,-0.10993299,-0.00839573,0.04635045,0.10595223,0.115374774,-0.14393856,0.058025476,0.073939025,0.07748064,-0.041434504,0.31613228,-0.019175373,-0.020431427,0.07372379,0.021786112,0.03420583,0.10437737,0.06471232,-0.020556746,-0.43865207,-0.11850608,0.12126651,0.09209409,-0.106182985,-0.03807375,0.15638718,-0.09993386,0.10759726,-0.048881743,-0.17502227,-0.3009539,-0.0060384357,0.031577274,-0.0023283148,0.055006616,-0.02651661,-0.18852004,-0.06164765,0.04658558,-0.21002816,-0.20923191,-0.1339738,0.030866787,-0.15263732,0.03736814,0.11021925,-0.1374719,-0.16312899,-0.021237804,0.11724505,-0.10954683,0.06729451,-0.24862775,0.02153396,-0.28622538,-0.22406875,-0.03725514,0.03930252,-0.13212909,0.10819184,0.056887,-0.0060805734,0.016009156,0.013170758,0.088951446,0.014836826,-0.04773021,-0.064556
fine,0.032729056,-0.0004904404,0.03404867,0.020621745,-0.10471014,0.07900309,-0.02860605,0.12554131,-0.11371306,0.15303732,-0.16350032,0.06913529,0.08751661,0.13341685,-0.15731743,-0.19404317,0.13093534,-0.18239447,-0.28802726,0.02953158,0.1350445,-0.046567127,-0.17603374,0.16170153,0.30766678,-0.06731961,-0.10574836,0.13210474,-0.1291227,-0.049034957,-0.07025738,-0.15288894,-0.12425235,-0.013654029,-0.045205407,0.20257637,0.073726274,-0.15004507,0.07483654,-0.0095762005,-0.029070504,-0.062263165,0.09938796,0.031098427,0.03135897,0.16443276,0.09655997,0.10937561,0.22062127,-0.065982014,-0.086267956,-0.27004322,-0.024634292,-0.007904298,0.05021423,-0.04345147,-0.20873654,-0.17134857,-0.07234204,0.14071906,-0.16820249,-0.12950803,-0.35044718,-0.09463108,0.08530343,0.068395585,-0.06719553,-0.12264696,-0.06561647,0.032722894,-0.10226168,-0.15318008,-0.25117204,-0.078190364,-0.063293085,-0.06574262,-0.0015448271,-0.12707126,-0.16465695,-0.28327525,-0.14436065,-0.14479208,-0.091181815,0.1790486,-0.17945161,0.12642078,-0.1605017,-0.2981877,-0.12209385,0.05259472,-0.11567793,0.10491034,0.1706689,-0.15700127,0.04759858,-0.03716434,0.13307534,-0.024459241,-0.09944648,-0.18920106
never,-0.005094825,0.061291132,0.086297326,0.088281035,-0.2014843,0.24057518,-0.004922053,0.1474804,-0.19016019,0.06499118,-0.07074802,0.032800592,0.10850885,0.17330451,-0.24729665,-0.05999389,0.17065436,-0.24167475,-0.24784271,0.17812881,0.14520825,-0.15129471,-0.07604214,0.19648409,0.21360625,-0.0012892253,-0.046468575,0.13847801,-0.13477878,-0.20788176,-0.027058903,-0.15264511,-0.05695963,0.009125474,-0.04068894,0.20653245,0.11748484,-0.16573273,0.057010476,-0.04194976,-0.006092104,-0.007811648,0.17544812,0.023035983,0.00067186984,0.11847012,0.07405159,0.025912378,0.13103929,0.028219312,-0.0013399845,-0.35944557,-0.058889065,0.08205503,0.08800329,-0.098608114,-0.09580748,0.06756715,-0.03464109,0.060936164,-0.08385791,-0.1428254,-0.33607772,0.029377012,0.048154965,0.13541247,-0.05317113,0.016172409,-0.14104874,0.031967748,-0.051896334,-0.1616028,-0.14149356,-0.08981418,-0.0028478175,-0.09197884,0.104809076,0.050116293,-0.11484161,-0.18945776,-0.105818205,0.015560909,-0.09189174,0.13316543,-0.3178986,-0.028912013,-0.22297277,-0.264974,-0.13541171,0.028840572,-0.23284276,0.048237115,0.032648474,-0.16656268,0.09622686,-0.00078213186,0.0141731035,-0.018061263,-0.030845016,-0.12640558
these,0.03843354,0.06420888,0.007903391,0.055913802,-0.21804497,0.16025232,-0.031897932,0.15590428,-0.16238533,0.07390464,-0.1301332,-0.021723215,0.08917723,0.16753675,-0.11499242,-0.055063974,0.07394716,-0.1770475,-0.12802754,0.13598724,0.08184247,-0.099309035,-0.08874237,0.24887364,0.23075321,0.034147,-0.08521622,0.028447824,-0.13634807,-0.100001544,-0.055939358,-0.235807,-0.13435347,0.03748056,-0.010552975,0.10770995,0.12983848,-0.14581685,0.091435835,0.035939187,0.023246855,-0.04607052,0.22732504,-0.038564842,-0.02425884,0.15382566,-0.014710868,0.077151075,0.14859086,-0.032422125,-0.0018181977,-0.32629165,-0.08361126,0.08039695,0.091252625,-0.08227386,-0.08739282,0.026335822,-0.03647538,0.16388035,-0.032113437,-0.09445833,-0.3570748,-0.012883117,0.12398371,0.028715294,-0.011858909,-0.04890159,-0.10987727,-0.07781124,0.023176305,-0.16888027,-0.18300425,-0.12329736,0.04707681,-0.07558236,0.055088412,-0.049324527,-0.16637711,-0.21074052,-0.065171465,0.0032386887,-0.12749155,0.09275782,-0.2291308,0.04177452,-0.19818437,-0.3045439,-0.11836707,0.08209893,-0.11031117,0.13306732,0.1354401,-0.031021297,0.018599786,0.0009048912,0.08618238,-0.00038939656,-0.10947225,-0.12592529
need,0.08486563,0.0034201916,-0.0047862595,0.089676425,-0.16474272,0.07774808,-0.06420485,0.04347112,-0.25373766,0.097383395,-0.25153637,0.12791207,0.17400427,0.27238098,-0.2713074,-0.16868044,0.14372604,-0.18463103,-0.3563333,0.13056265,0.04950768,-0.13011704,-0.047329642,0.12475393,0.23833866,-0.061629165,-0.12694255,0.055760317,-0.12995389,-0.082203165,-0.0720149,-0.11640441,-0.13999723,-0.030019617,-0.0015044198,0.12738794,0.0065919636,-0.13216299,0.042909596,0.13714002,-0.030917209,-0.19379337,0.138857,0.050274782,0.0062301327,0.109379664,0.095774025,0.08865451,0.111660406,-0.038073093,-0.11018614,-0.38245174,-0.034675688,0.012087819,0.07074788,-0.07870332,-0.23171069,-0.0889134,-0.09475651,0.11069728,-0.09961827,-0.17920135,-0.3700489,-0.12990007,0.0060472414,0.084004045,0.00081783114,-0.14240395,-0.045876097,0.017313406,-0.057477556,-0.09403069,-0.23064935,-0.018903533,-0.08589625,-0.14085332,0.024649486,0.026377808,-0.08578583,-0.34394625,-0.0406354,-0.1059304,-0.054205313,0.2426385,-0.1461386,0.16217066,-0.08054348,-0.2599211,-0.07316342,0.06150384,-0.20200203,0.113996595,0.14480704,-0.20352301,0.02954916,0.054016624,0.034751736,0.00552025,-0.062872194,-0.15079182
place,-0.04806433,0.07996969,0.017208409,0.05764995,-0.22730991,0.114479944,-0.07823135,0.16382883,-0.19944972,0.110260054,-0.12528256,0.0018744582,0.09584832,0.110880435,-0.06558532,-0.053621728,0.06506106,-0.17220335,-0.13685434,0.14365941,0.018656157,-0.063734636,-0.09179922,0.18677121,0.301532,-0.0030753836,-0.109916925,0.045549992,-0.110291995,-0.13784961,-0.12761873,-0.19823594,-0.10086944,-0.0035721597,-0.023129633,0.08243893,0.1305735,-0.1886324,0.09883882,0.13406959,-0.048323337,-0.017164357,0.24898958,-0.03471379,-0.026842836,0.0071756276,0.07388797,0.036330946,0.13883682,0.017213138,-0.051087674,-0.36894313,-0.10618099,0.023203637,0.09586222,-0.051452603,-0.0032480478,0.025912832,-0.046711408,0.20919809,0.03894918,-0.066940546,-0.37414652,0.01989101,0.05048978,0.0604119,0.00017537939,0.017108705,-0.1537831,-0.05003977,0.08600106,-0.15323716,-0.1725325,-0.13457721,0.0724651,-0.15443414,0.07697219,-0.0131198475,-0.15489331,-0.26176736,-0.12881742,0.016613284,-0.078108914,0.021316433,-0.25836852,0.015360897,-0.17090595,-0.27506417,-0.08385777,0.06444121,-0.13806447,0.16293338,0.11961059,-0.02111364,-0.032036576,0.0061289184,0.048054032,0.020546775,-0.05179239,-0.13469493
yeah,-0.03993653,0.051427927,-0.011989154,0.09836053,-0.15386258,0.09118255,-0.058832757,0.09120992,-0.19937238,0.13078226,-0.1123706,0.0524216,0.104961686,0.123851575,-0.10348328,-0.1652815,0.15800484,-0.14022286,-0.14251724,0.092837125,0.06190294,-0.068446465,-0.08311143,0.15897663,0.2461337,-0.031579975,-0.102472,-0.003234321,-0.10081485,-0.04620918,-0.059956294,-0.20883906,-0.05175822,0.007242699,-0.05894867,0.21844046,0.12939194,-0.26279858,0.09778331,0.111682884,0.006336658,-0.042695083,0.20357996,-0.031027583,0.030377341,0.08789793,0.018873064,0.07131884,0.15660498,-0.05501087,-0.05192928,-0.32816955,-0.064860344,0.07427495,0.14102131,-0.0033039015,-0.0141237965,0.013588972,-0.10569214,0.1786181,-0.08118627,-0.11496025,-0.32524127,-0.047529813,0.09894219,0.06710312,-0.03010718,-0.037506178,-0.04490557,-0.024930552,-0.014146276,-0.15689938,-0.18695398,-0.09284603,0.02203802,-0.101228245,0.064160086,-0.01820938,-0.16875537,-0.21962933,-0.124899775,0.02591616,-0.050657418,0.05515194,-0.2695517,-0.0066722753,-0.16759452,-0.30641663,-0.11858674,0.046948276,-0.1197759,0.090580784,0.069885895,-0.08495691,0.010645109,0.02618229,0.0662566,-0.05964976,-0.106884316,-0.11827669
huff,-0.10338881,0.15754628,-0.035640735,0.26899284,-0.51621497,0.37242946,-0.10989214,0.32746884,-0.43897834,0.19779825,-0.26481944,0.04283806,0.28303924,0.37891647,-0.3665607,-0.19215514,0.3583011,-0.40886465,-0.41956306,0.33437905,0.2010461,-0.28775787,-0.2734121,0.55158484,0.66976035,-0.019896684,-0.21010286,0.11747609,-0.3786709,-0.26116157,-0.21039379,-0.5074489,-0.26984867,0.018670961,-0.09472922,0.393364,0.32328212,-0.49068332,0.2647384,0.2100441,0.06541246,-0.12862009,0.5842981,-0.049733765,-0.025750218,0.24795279,0.07354857,0.18136996,0.32847214,-0.013422548,-0.115855314,-0.93777806,-0.22422406,0.19626357,0.23220292,-0.14312543,-0.17005603,0.102143995,-0.22154455,0.38534716,-0.18309727,-0.3120329,-0.8392271,-0.06861704,0.20750122,0.14675209,-0.060531758,-0.11534681,-0.32898322,-0.012743452,-0.0237931,-0.4384821,-0.4819051,-0.23382296,0.0075815422,-0.30756757,0.094403364,0.007870565,-0.3646345,-0.6224381,-0.23292978,0.07141823,-0.26464748,0.2348218,-0.62546265,0.10002193,-0.534703,-0.66938424,-0.28506342,0.14175043,-0.3372228,0.2788116,0.23866118,-0.20293386,0.08065949,-0.003598301,0.17009367,-0.05604419,-0.24040115,-0.35284337
much,0.026431477,0.050078347,0.0268804,0.06755729,-0.028946528,0.16801842,0.0063435864,0.10947541,-0.17074466,0.17287324,-0.106207974,0.022620888,0.12487261,0.18339714,-0.15056258,-0.13783073,0.09174357,-0.1700217,-0.22301109,0.14116025,0.08490615,-0.08575488,-0.1407033,0.18727247,0.30640098,-0.074200004,-0.03035626,0.088651896,-0.10937189,-0.06999757,0.044885103,-0.116196916,-0.054700322,0.069744125,-0.040889725,0.23315017,0.058844842,-0.17584293,0.13087265,-0.02955286,0.049930148,-0.060144573,0.116664946,0.019461831,0.05547623,0.11116886,0.035157464,0.06322138,0.25967583,-0.073105395,0.033093113,-0.374086,0.003529615,0.026885714,0.11626989,-0.027447887,-0.13317302,-0.03614073,-0.0664656,0.0709887,-0.13164265,-0.17743196,-0.33261675,-0.11076029,0.0767669,0.11706078,-0.08590423,-0.026779044,-0.02958651,-0.058718167,-0.02670657,-0.18938518,-0.2771733,-0.108511984,0.05355055,-0.00577079,0.13006824,0.046783578,-0.19664685,-0.15038683,-0.055805277,-0.06832471,-0.10769755,0.086893365,-0.3283073,0.046953823,-0.3094242,-0.32200658,-0.13764164,0.08369454,-0.15191905,0.00870981,0.039591845,-0.11531577,0.08350293,-0.00037306405,0.124345616,-0.110748924,-0.17875582,-0.12463684
came,-0.15055771,0.14729796,-0.013270231,0.17143936,-0.2481074,0.16183661,-0.060299188,0.1339061,-0.14938852,0.10331475,-0.0887328,-0.002737705,0.091030024,0.11539372,-0.13408111,0.02801447,0.1640721,-0.17705713,-0.10325731,0.15043992,0.062020827,-0.10431329,-0.15814136,0.20766965,0.24455142,-0.007923718,-0.10831055,0.03797046,-0.071929924,-0.21188451,-0.09630656,-0.21152617,-0.09007736,-0.006258897,-0.02367815,0.123133376,0.24279743,-0.14183246,0.08821641,0.08892306,-0.015013796,-0.0033677875,0.20908792,-0.008843419,-0.04404525,0.06582389,0.10570759,0.06669926,0.05702014,0.10808835,-0.0051376633,-0.40146723,-0.12636594,0.06547657,0.06561004,-0.064123586,0.04906261,0.111827664,-0.07418354,0.11779903,-0.020142468,-0.065899305,-0.35277328,0.062117405,0.035049908,0.025045257,0.016903052,0.016881615,-0.31400782,0.031079052,0.063572995,-0.17321804,-0.21693388,-0.09299342,0.009819082,-0.13999875,-0.006993615,0.033768356,-0.09599851,-0.2712981,-0.12760924,0.085232235,-0.072857715,0.018107088,-0.28151876,-0.021228159,-0.15628968,-0.18393424,-0.06974903,-0.0011108196,-0.21081667,0.14100753,0.072074406,-0.038012743,-0.0028155944,0.01964773,0.004049574,0.0017750709,-0.11778555,-0.13778853
beautiful,-0.10861341,0.13111255,-0.002574373,0.109771624,-0.18347894,0.19798571,-0.030032925,0.13943414,-0.14288065,0.12352863,-0.03956395,0.028344255,0.028076941,0.08127403,-0.036710493,-0.083048515,0.1078626,-0.1243239,-0.09708778,0.10193919,0.09197537,-0.10670166,-0.13766964,0.24201958,0.30274495,-0.034476053,-0.05184906,0.016215796,-0.12772074,-0.038232267,-0.016911177,-0.20966686,-0.056615353,0.017085843,-0.0820682,0.20429768,0.17384054,-0.2301705,0.123475395,0.032230534,0.026879044,0.03975535,0.22631225,-0.0634488,0.020068886,0.04957696,0.020140221,0.04018397,0.1858,-0.006122775,-0.008876237,-0.35737213,-0.10245373,0.08591091,0.11519087,0.010480283,0.008615383,0.0810989,-0.08118626,0.16811465,-0.0643828,-0.09280605,-0.28432226,-0.0062444643,0.09023197,0.026075961,-0.015290223,-0.0070531904,-0.13220662,-0.06581253,0.041948766,-0.21316856,-0.22422762,-0.14688662,0.05833451,-0.07172296,0.056744598,-0.018705195,-0.1943928,-0.16553745,-0.17583781,0.08640126,-0.12355204,-0.032681767,-0.29667,-0.022092402,-0.30865964,-0.2629695,-0.11476699,0.017895425,-0.11379602,0.08643968,0.040512446,0.017951962,0.038140867,-0.009062289,0.10585473,-0.064914756,-0.12883732,-0.07027405
because,-0.10254391,0.1262055,0.029883798,0.14176701,-0.22389781,0.21438475,-0.020906707,0.15993987,-0.15190192,0.10088909,-0.042303745,0.041420013,0.10061343,0.16076857,-0.13295668,-0.027567513,0.12961745,-0.16541046,-0.09763447,0.17843404,0.109680735,-0.094582625,-0.12952678,0.22878936,0.25082603,-0.024413735,-0.043503318,0.05303215,-0.16302954,-0.16251126,-0.013331335,-0.20315827,-0.06542638,0.0373461,0.0010427726,0.14403968,0.09351075,-0.13630101,0.07685643,0.06150512,-0.03338702,0.027374286,0.24338983,0.013706844,-0.037433382,0.03014022,0.060129322,0.061108466,0.11099673,0.040357713,0.007918804,-0.39326796,-0.08879309,0.0471853,0.076432884,-0.13310976,0.026598096,0.094304934,-0.0073482296,0.1393735,-0.02909151,-0.14496593,-0.31341442,0.01061244,0.055710226,0.052648302,0.010534299,0.041108347,-0.17304434,-0.041828997,0.082373425,-0.2106427,-0.21506135,-0.13704024,0.09279255,-0.07911934,0.073677234,0.097116135,-0.18696105,-0.18894348,-0.05919972,0.08822023,-0.104788125,-0.004009943,-0.30160046,-0.02379884,-0.26643282,-0.23584576,-0.045197435,0.06448335,-0.19309132,0.07503898,0.016903827,-0.05765796,0.026849296,0.00682901,0.03561041,-0.029910982,-0.10270713,-0.082403734
day,-0.1450526,0.14869955,0.03274989,0.06453842,-0.23941445,0.22411865,-0.03289762,0.202574,-0.19219452,0.055337448,-0.072085254,-0.02629465,0.07734569,0.10609865,-0.10077151,0.056456268,0.113564245,-0.15029527,-0.069635354,0.19526243,0.026977113,-0.11720595,-0.10450817,0.22562307,0.29023674,0.012564827,-0.05822413,0.06763587,-0.16008054,-0.16698842,-0.04139123,-0.17718399,-0.04326037,0.02675188,-0.057883002,0.12563935,0.20849317,-0.18743522,0.0939146,0.09320479,-0.02807677,0.04613838,0.27069163,-0.03333061,-0.0005106612,-0.0039529325,0.057087153,0.0024598623,0.08502424,0.098408245,-0.0146131925,-0.4411309,-0.16986783,0.09173649,0.12954086,-0.060277052,0.068811595,0.1431949,-0.08267852,0.17332825,-0.009359987,-0.079454176,-0.31952834,0.0779458,0.06267206,0.032805376,0.024134418,0.09271865,-0.2768141,-0.031566672,0.11010797,-0.1795173,-0.14769483,-0.14359787,0.1001015,-0.1622855,0.08247043,0.06513398,-0.18144862,-0.15713218,-0.088337526,0.15130003,-0.12640877,-0.023548288,-0.30841422,-0.076254256,-0.29063705,-0.19502752,-0.030877586,0.041436195,-0.17253688,0.120787434,0.018749524,0.006251335,-0.023493895,-0.008239249,0.025849378,-0.0073653343,-0.0717009,-0.11073838
does,-0.060145188,0.07819793,-0.010706005,0.22415154,-0.013912639,0.017938366,-0.059727374,-0.0059103733,-0.24758331,0.1891354,-0.18239349,0.024804316,0.07314332,0.11875404,0.013182892,-0.22629766,-0.0049839797,-0.11383049,-0.1726012,0.14416063,-0.05556181,-0.12673914,-0.10628595,0.12527587,0.31145486,-0.010241742,-0.071607076,-0.06878764,-0.035236176,-0.03032468,-0.117314674,-0.096153535,-0.12234285,0.08563875,-0.08910205,0.25911805,0.18388754,-0.3416642,0.038024325,0.12906101,0.111674406,-0.11284639,0.19000912,-0.04628221,0.13758124,0.1033126,0.035689756,0.07312094,0.20277727,-0.12521401,-0.1116308,-0.3946829,-0.023232551,0.13781935,0.17108625,0.07514269,-0.08520492,0.02817597,-0.23915866,0.16912255,-0.07955556,-0.106977254,-0.3629221,-0.13147739,0.08106973,0.010052347,0.0174071,-0.09328563,-0.0005235801,0.00093229767,-0.027395781,-0.25815988,-0.27839372,-0.05685578,0.018589735,-0.071900085,0.07901404,-0.0127224075,-0.15905912,-0.24259393,-0.107425556,0.018615896,0.008669649,-0.015602706,-0.2895604,0.048296116,-0.1946149,-0.31393823,-0.13846451,-0.02915325,-0.040869832,0.10191882,0.12754363,0.048522614,-0.0077921334,0.122685865,0.13222273,-0.113384835,-0.18617211,-0.08349425
after,-0.0020656544,0.14620914,-0.014406048,0.10695419,-0.27154952,0.23269503,-0.030972179,0.18592276,-0.16509517,0.043506056,-0.074495666,0.002529331,0.019458221,0.13841332,-0.11673466,-0.038358778,0.15587689,-0.19419122,-0.11081103,0.15838426,0.115696706,-0.16006763,-0.0757757,0.25636187,0.26684594,-0.044188358,-0.04003115,0.018673576,-0.15372054,-0.09664302,-0.064233825,-0.21879804,-0.11301799,0.00914763,-0.0071242237,0.12743875,0.22686377,-0.12665634,0.08021754,0.042491008,0.019688683,-0.013569297,0.2461743,-0.004211386,-0.035629746,0.12553227,-0.021611521,0.09946134,0.107809186,0.025287291,-0.021349607,-0.33627194,-0.08134319,0.056288965,0.10716804,-0.07101138,-0.075862,0.067923136,-0.064545244,0.10534437,-0.017760579,-0.11097295,-0.29618457,-0.018069234,0.07221147,0.015606981,-0.04559962,-0.08611368,-0.17109826,0.0021944821,0.028786717,-0.16139077,-0.18101753,-0.14649948,-0.0022400157,-0.06262392,0.017473437,-0.01258831,-0.11289018,-0.22553115,-0.116076246,0.116216056,-0.12409434,0.0563677,-0.2505814,0.025573466,-0.24076626,-0.21552363,-0.07844417,0.022202238,-0.121219054,0.10453539,0.13114129,-0.01629993,0.054401863,-0.018714448,0.103215545,-0.008176212,-0.07345965,-0.117231905
keep,0.045986194,0.032951813,0.03032621,-0.0011837655,-0.25228724,0.12725657,-0.062412772,0.1463997,-0.19968486,0.02163406,-0.15511106,0.037391465,0.121160634,0.18567228,-0.20573524,-0.057109945,0.14620553,-0.20524603,-0.19435725,0.08981335,0.06709637,-0.12870169,-0.088710085,0.20601182,0.23685472,0.0023589723,-0.11686224,0.056396022,-0.1275293,-0.10979201,-0.08224913,-0.16293181,-0.15019846,-0.008332184,-0.012807772,0.097400494,0.1473284,-0.14610554,0.07456424,0.04794932,0.0014830914,-0.07897498,0.19152465,-0.026674105,-0.03203394,0.14641435,0.055581857,0.095788755,0.09179724,0.018182678,-0.07119105,-0.34675142,-0.074273914,0.04414104,0.07476287,-0.057642404,-0.16164377,-0.013573139,-0.057331014,0.14206307,-0.047605105,-0.057262648,-0.35650265,-0.018696329,0.06581382,0.032677013,0.002099275,-0.077638276,-0.16462156,0.023291878,-0.058668002,-0.074215926,-0.16382001,-0.102260634,-0.049240436,-0.1331245,-0.020989548,-0.06858683,-0.08547273,-0.3092502,-0.111695684,-0.01318115,-0.10342262,0.21419337,-0.15551482,0.060866334,-0.14190708,-0.26367038,-0.094715856,0.056289535,-0.12533386,0.16107912,0.14378098,-0.09528602,0.010865309,-0.023915473,0.037234675,0.01833095,-0.05087707,-0.17339465
ugh,-0.17489845,-0.096897535,0.038647067,0.17522404,-0.06570159,0.06588568,-0.047564153,-0.055479653,-0.2216273,0.19483963,-0.03849843,0.09589774,0.0027644,-0.14578117,-0.09207232,-0.10935205,0.19219314,0.057947125,0.19566971,-0.08620613,-0.015661627,0.06667833,-0.21092243,-0.0077185365,0.4323785,0.20321524,-0.006393872,0.1631501,0.041301124,-0.11663999,-0.11750149,-0.14715238,-0.036279272,0.11134607,-0.04754023,0.23010755,0.19534011,-0.356809,0.17058872,0.19992064,-0.09954858,-0.2974297,-0.039680686,-0.074525565,0.18221931,0.3213672,-0.01438349,-0.15728438,0.19091336,-0.26632413,-0.055497304,-0.12062838,-0.34626955,0.19533344,0.04498894,0.22859895,0.1467748,-0.06428654,0.07352886,0.23561773,-0.35033834,-0.09046639,-0.40439847,-0.018829472,0.2027233,0.08496627,-0.15929043,0.1550123,-0.00029305325,-0.008293469,-0.098014176,-0.15321621,-0.22762123,0.12300484,-0.067359895,-0.16057503,-0.20027098,-0.3661261,-0.25313675,-0.09815644,-0.084720016,-0.114324085,-0.08435532,0.043989733,-0.25360954,-0.21649393,0.08093512,-0.52797073,-0.30830473,0.04550408,-0.026902698,0.17199144,-0.0053124214,-0.32169837,-0.05115413,-0.059104938,0.04230827,-0.13213077,-0.27954105,-0.27273262
man,-0.08244551,0.008969638,-0.03010509,0.093610846,-0.13442369,0.1570402,0.0023621125,0.08918787,-0.164764,0.12444865,-0.07767153,-0.025300872,0.1023218,0.09861366,-0.10588156,-0.038082633,0.12474654,-0.14303486,-0.10533503,0.12660466,0.06444346,-0.09370537,-0.10447932,0.17628379,0.2689564,0.08149206,-0.10602037,0.03565772,-0.151842,-0.090479605,-0.052890167,-0.25108936,-0.11178243,-0.0050908336,-0.05527199,0.2257429,0.14677085,-0.30592382,0.15405928,0.049647853,0.033830214,0.028788144,0.27728528,-0.06947095,0.018088415,0.1234369,-0.020833299,0.021239521,0.2207399,-0.008654199,-0.0065970765,-0.3444075,-0.046345335,0.1404454,0.12626585,-0.038971517,0.009682623,0.060764655,-0.051760033,0.1982018,-0.1190351,-0.11326852,-0.3507724,-0.025354853,0.13374999,0.016064558,0.004833976,0.01720846,-0.096862465,0.010640492,-0.049907975,-0.1892758,-0.16726227,-0.12664375,0.066895895,-0.14042701,0.033487804,0.028246516,-0.16398959,-0.14601763,-0.12896201,0.018008215,-0.100177884,-0.0036874851,-0.24296905,-0.05830686,-0.26804802,-0.25661528,-0.14849654,0.034299575,-0.08303113,0.09648809,0.059657067,-0.03548243,0.033912405,0.033747934,0.049056616,-0.08770226,-0.09843078,-0.1318201
soon,-0.041377407,0.12136146,-0.0911353,0.13070399,-0.23511171,0.26619363,-0.15323249,0.16761112,-0.24326164,0.0016407019,-0.08996778,0.0015694448,0.22726515,0.304289,-0.25842148,-0.0077514034,0.13184583,-0.16091017,-0.26441106,0.039426796,0.08411812,-0.08733046,-0.080911845,0.24700668,0.24590372,-0.10209344,-0.18463792,0.11790283,-0.22224745,-0.23070998,-0.07690048,-0.035266623,-0.19975384,-0.017012343,0.030670075,0.16213605,-0.011053871,-0.05082736,0.05269607,0.12391297,0.0070259413,-0.13500258,0.21993877,0.028623285,-0.08620642,0.18118371,0.10975512,-0.012845962,-0.0487625,0.28070885,-0.12505972,-0.4572732,-0.15360337,0.049293827,0.01568958,-0.057581462,-0.046433304,0.090910524,-0.21000533,0.011527824,-0.13792583,-0.13589482,-0.24821849,0.047566805,-0.093989275,0.13813384,-0.060921546,-0.096818164,-0.33531994,0.021369752,0.042403217,-0.19405413,-0.24369377,-0.04887121,-0.085783444,-0.22414882,0.0062555624,0.103381835,-0.054469932,-0.2555169,-0.026733052,0.17132843,-0.112174734,0.09886507,-0.2310342,0.041743577,-0.24045621,-0.04875,0.06228494,0.08462148,-0.23168632,0.12321027,0.060829677,-0.07173054,0.05649017,-0.0050443145,0.00395551,-0.04638652,0.010161292,-0.06934432
nice,-0.08728257,0.05915581,0.019333174,0.11054581,-0.06779188,0.11776197,-0.00030715586,0.06532807,-0.16521032,0.15885018,-0.10912408,0.040997095,0.10614646,0.114156395,-0.1454048,-0.13225265,0.09523422,-0.1347901,-0.20350245,0.109345175,0.091385625,-0.08668248,-0.13298538,0.18426555,0.28421283,-0.05882557,-0.06876992,0.07798386,-0.13227849,-0.046461586,-0.04316369,-0.16560961,-0.036269274,0.037390746,-0.07465054,0.25470904,0.057564355,-0.22366905,0.11751184,0.050871655,0.020135928,-0.036893513,0.17209283,0.009341092,0.063236035,0.05852342,0.058526773,0.048830625,0.22018534,-0.018638402,-0.027951391,-0.37885058,-0.044275172,0.063626796,0.12986563,0.004546513,-0.054759696,-0.007231498,-0.09077926,0.14585325,-0.15480788,-0.16196904,-0.29315588,-0.103527285,0.05854634,0.059966426,-0.01807552,-0.008584262,-0.052418932,-0.021234818,-0.007202879,-0.22920156,-0.24503098,-0.10779811,0.023807304,-0.078104,0.103638716,0.027632363,-0.20142896,-0.15351541,-0.114946604,-0.015903056,-0.08356092,0.009988378,-0.27688658,0.019835802,-0.2504729,-0.27265733,-0.12323699,0.04368285,-0.122476034,0.04792705,0.030223016,-0.07489051,0.026841288,0.012643359,0.120342486,-0.06964358,-0.12632696,-0.07080331
thing,-0.07702995,0.06824725,0.0050548236,0.10260233,-0.12275167,0.13062344,0.0288083,0.058674682,-0.17828152,0.14025882,-0.14533342,0.036173657,0.10687671,0.18262331,-0.15329878,-0.05602127,0.105909824,-0.18105803,-0.21209496,0.16949928,0.07022134,-0.0975038,-0.08482482,0.16656637,0.30034152,-0.075189784,-0.060098816,0.058786623,-0.16166992,-0.09594893,-0.0046652695,-0.15254967,-0.045655005,0.008160167,-0.030582769,0.18421766,0.043893307,-0.19581147,0.10974245,0.07714942,0.010796637,-0.012456026,0.23091988,0.034156933,0.0009838695,-0.005669958,0.026101956,0.046698153,0.20982717,-0.055821188,0.007878545,-0.40952072,-0.034328416,0.062688924,0.08688936,-0.06154512,-0.023831272,0.0071487008,-0.044384312,0.13502885,-0.076068066,-0.18182617,-0.3218929,-0.07208954,0.089105554,0.06620522,0.0128695825,0.0064313067,-0.08766697,-0.04214171,0.020346787,-0.1929947,-0.23040482,-0.13999039,0.06111385,-0.10368159,0.13399656,0.10992531,-0.20223853,-0.1679938,-0.06687373,-0.021947324,-0.110177755,0.0463092,-0.26937133,0.04585,-0.2981703,-0.29410347,-0.12054663,0.05306367,-0.15384677,0.020692166,0.02487747,-0.10308221,0.039730716,0.017790742,0.094942376,-0.04566559,-0.08916706,-0.09537459
such,-0.08116914,0.07849151,0.036920093,0.10619362,-0.17538893,0.1689566,0.0011608381,0.09355584,-0.14948232,0.16121301,-0.074926935,0.03682225,0.097717255,0.10848397,-0.1268014,-0.06469193,0.1187112,-0.173223,-0.14759186,0.10473506,0.107326694,-0.07506334,-0.1318564,0.23405091,0.29701003,-0.048823595,-0.058559794,0.058449168,-0.13708033,-0.08900983,0.009830466,-0.1997142,-0.034145523,0.0023913523,-0.05130409,0.18498242,0.11569525,-0.17977737,0.13337004,0.057421394,-0.007160532,0.00022050615,0.22791487,0.017351808,-0.0015165423,0.041420784,0.011925762,0.02770734,0.18480279,0.009480495,-0.007048756,-0.40241775,-0.084082715,0.08541318,0.10939321,-0.026704736,-0.010591069,0.046172064,-0.0109553365,0.14929368,-0.058776215,-0.12580378,-0.2785595,-0.050186817,0.05416403,0.03494833,-0.013860938,0.075233504,-0.15820588,-0.019509638,0.03356117,-0.16546504,-0.18191193,-0.1464635,0.07159628,-0.11647509,0.09465524,0.040432557,-0.17916645,-0.15306927,-0.11819831,0.012547703,-0.12344519,0.0028913957,-0.27652386,-0.050551698,-0.27616945,-0.25508446,-0.09426553,0.042183753,-0.15468623,0.06647295,0.051626246,-0.061045032,0.013831934,-0.0121744,0.07474619,-0.03408412,-0.097918585,-0.110543534
thanks,0.0044074473,0.036781605,-0.0018040633,0.056293886,-0.15406558,0.09026509,-0.060568485,0.105222814,-0.17208143,0.11062609,-0.13858843,0.0703803,0.100784004,0.17360716,-0.20645672,-0.1052824,0.16080377,-0.1816295,-0.22908355,0.10100105,0.07201113,-0.08220902,-0.11154362,0.16577464,0.28157225,-0.060206216,-0.11044196,0.0886518,-0.158907,-0.1331743,-0.10915197,-0.14810939,-0.079013996,-0.015999468,-0.05218467,0.16414973,0.08845244,-0.12714688,0.078180216,0.06672975,-0.047675174,-0.07481377,0.1577892,0.031897377,-0.008371475,0.11274319,0.09650028,0.074018836,0.10674466,-0.0331946,-0.035804264,-0.32421842,-0.07544258,0.005219516,0.04063322,-0.03476933,-0.13306272,-0.07538129,-0.071131974,0.09315489,-0.105007604,-0.10756861,-0.35358888,-0.04944193,0.014649343,0.10007668,-0.034784555,-0.056174308,-0.13028045,0.0327987,-0.01104116,-0.12446543,-0.21194121,-0.06374941,-0.032402482,-0.08725704,0.0045353323,-0.025080428,-0.12441675,-0.28757617,-0.12040869,-0.05904927,-0.07261704,0.14420334,-0.19932988,0.097112335,-0.13014495,-0.25471205,-0.09226968,0.048246138,-0.16867743,0.120862074,0.104739465,-0.15120219,0.028639156,0.010617377,0.041440517,0.016777651,-0.0681966,-0.1584397
sophie,0.046699654,0.025568878,-0.01990152,0.05343991,-0.1836853,0.028286682,-0.09452061,0.04119909,-0.17729804,0.10223827,-0.16211304,0.069004506,0.13581079,0.18360303,-0.20256005,-0.18956624,0.17336696,-0.16012149,-0.20225473,-0.0072459374,0.10515668,-0.022518799,-0.11521264,0.17977852,0.28429776,0.0014781073,-0.20495068,0.017383536,-0.15654178,-0.0010881487,-0.14242253,-0.14955425,-0.15759258,-0.0013804635,-0.047150277,0.16580682,0.10307167,-0.21306299,0.09522991,0.09763511,-0.006386056,-0.15183766,0.16967605,0.012616259,0.020079328,0.1864032,0.052437045,0.09793568,0.16498962,-0.072384335,-0.11627121,-0.30879948,-0.058055542,0.025237292,0.051550042,0.008997639,-0.16792943,-0.08764534,-0.07840934,0.18750319,-0.10100561,-0.08641929,-0.373424,-0.07509659,0.07011091,0.08467581,-0.07488343,-0.1267182,-0.07362868,0.036161214,-0.11891707,-0.10988554,-0.2332063,-0.018578721,-0.057343945,-0.117570385,-3.961082e-05,-0.0877516,-0.11115965,-0.35176727,-0.115088694,-0.10614294,-0.082788564,0.1758531,-0.16328643,0.09725002,-0.102230355,-0.305728,-0.15418041,0.054373447,-0.12170726,0.12162547,0.16067794,-0.18889719,-0.0042017447,0.022313902,0.06727595,0.01752373,-0.052016407,-0.20055008
stay,0.063542694,-0.048075236,-0.021336783,0.05591091,-0.13482307,0.087030046,-0.06337358,0.05451387,-0.27090627,0.07549396,-0.20064239,0.037136156,0.1739902,0.27827072,-0.22687267,-0.1368304,0.108630724,-0.19009246,-0.34073666,0.05915809,0.089659296,-0.11299866,-0.024408983,0.16367356,0.22108607,-0.0012706512,-0.16325636,0.04941485,-0.12757252,-0.05823675,-0.1253461,-0.08799557,-0.21387303,-0.02464273,0.0006721191,0.16310719,0.02818521,-0.19045067,0.01994676,0.070699506,0.05133695,-0.18534818,0.15979134,-0.00083008053,0.02869527,0.20807247,0.074071884,0.10450797,0.11979391,-0.0102341585,-0.1347962,-0.3573172,-0.026740965,0.09005856,0.07735639,-0.032039475,-0.21626034,-0.085934475,-0.12470341,0.12252676,-0.11749703,-0.15919708,-0.35580575,-0.09606569,0.078330524,0.070922755,0.0067117154,-0.22918622,-0.019252218,0.008631846,-0.102696545,-0.14601243,-0.23067191,-0.025920063,-0.105300695,-0.12025082,-0.032386612,-0.044474684,-0.08831639,-0.3026886,-0.046452284,-0.0949252,-0.089271255,0.24061224,-0.15285358,0.15631744,-0.10698629,-0.3060347,-0.13686123,0.076807566,-0.07350022,0.14124474,0.15642555,-0.13222812,0.03974393,0.0319355,0.048421852,-0.0061832205,-0.04627132,-0.16253975
old,-0.052697606,0.119660884,0.045887835,0.06713753,-0.24766041,0.20553316,-0.031021174,0.22425924,-0.117834754,0.10906958,-0.056370765,0.01396118,0.048899513,0.039021503,-0.06433395,-0.058308877,0.11946023,-0.14814809,-0.03410419,0.13206148,0.08548545,-0.064275816,-0.16870582,0.24065803,0.31429645,-0.046639327,-0.035246804,0.06041646,-0.16728894,-0.10241018,-0.030819504,-0.24313171,-0.077122554,-0.0028313606,-0.07804658,0.14801934,0.2201257,-0.17783305,0.17545226,0.04870318,-0.021344574,0.053070962,0.21142812,-0.043661464,0.018518347,0.050226767,0.021534124,0.050069626,0.17067227,0.0007438942,0.023606967,-0.32697755,-0.1327083,0.05550812,0.08551265,-0.032467928,0.012614979,0.04345649,-0.041497625,0.18135363,-0.048805457,-0.09051813,-0.32929757,0.030660711,0.11028612,0.030955939,-0.06105747,0.051726326,-0.19580029,-0.06941422,0.057289787,-0.16494271,-0.20050411,-0.15724863,0.09477394,-0.08978887,0.08500607,-0.03472852,-0.20955284,-0.1975119,-0.1452728,0.08519455,-0.1495892,0.006297182,-0.2934523,-0.056085855,-0.29372144,-0.26099116,-0.089347914,0.04277609,-0.12472675,0.12171804,0.06638964,-0.0153622925,0.011655717,-0.0411583,0.07901105,-0.03576977,-0.14210239,-0.14287247
water,-0.03874153,0.10312982,-0.002094112,0.07681376,-0.31360877,0.23376822,-0.07857247,0.22919951,-0.20066787,0.029158821,-0.11982978,0.027026718,0.0815998,0.11220294,-0.12021273,-0.001254763,0.11472774,-0.18097064,-0.12412507,0.17683072,0.018195588,-0.1847251,-0.06263778,0.22658059,0.21482022,0.02989035,-0.051957086,0.05589423,-0.11680408,-0.1283046,-0.08943037,-0.2144586,-0.12935361,-0.024264066,-0.024811499,0.054598726,0.22402303,-0.15638873,0.12577999,0.05881634,-0.003494177,-0.08497384,0.21054807,-0.07255663,-0.030510982,0.07725628,0.018011859,0.037902966,0.06859006,0.03892779,-0.029647708,-0.33605814,-0.19223784,0.12637746,0.0849051,-0.062732145,-0.029511046,0.0778864,-0.10088781,0.122781,-0.034197975,-0.08684188,-0.32594526,0.039308187,0.09374519,-0.015586493,-0.006907622,-0.03139135,-0.22398649,-0.026487548,0.031743754,-0.11469251,-0.13028377,-0.11527271,-0.0083810985,-0.1493378,0.01673128,-0.021852965,-0.13051462,-0.25897968,-0.097577974,0.14564027,-0.12152685,0.10848706,-0.17391056,0.010630674,-0.18011859,-0.2178687,-0.052023962,0.03381461,-0.14577381,0.14550668,0.14486685,-0.008147133,-0.00054867787,-0.015500251,0.04997467,-0.0010908191,-0.055228896,-0.16842885
doing,0.18479465,-0.011323579,-0.028237436,0.053289462,-0.06119397,0.11189046,0.042883966,0.032095227,-0.17523332,0.046458792,-0.13327134,-0.02658347,0.05657887,0.24224742,-0.14358547,-0.13279878,0.08922764,-0.18681863,-0.18367982,0.07415004,0.10875996,-0.0897086,-0.07060124,0.27779868,0.23727547,-0.038008362,-0.062346123,0.0034561588,-0.20224275,0.031920515,0.010549679,-0.19867156,-0.17830296,0.023249846,0.00854578,0.28654763,0.11307473,-0.19544485,0.15217604,-0.06898221,0.1430981,-0.062466785,0.2910315,-0.034838155,0.010421892,0.2917363,-0.13005412,0.12129712,0.2670148,-0.17001067,0.012073916,-0.25092986,0.045881223,0.17058772,0.056644607,-0.031468518,-0.2286001,-0.022286043,-0.0370525,0.11035337,-0.09376302,-0.12623431,-0.31391796,-0.1627304,0.21714751,0.03187545,-0.038640272,-0.17621039,0.11737801,-0.049267717,-0.16002452,-0.13066436,-0.27250943,-0.09531143,-0.0028240734,0.021106012,-0.012961539,-0.07042108,-0.17417802,-0.11395788,-0.090666085,-0.118635535,-0.103288814,0.14494048,-0.1869973,0.08704723,-0.28643414,-0.3681489,-0.2077538,0.040661998,-0.056035064,0.03300981,0.11782093,-0.0709378,0.14807117,0.0048649786,0.17669305,-0.09405295,-0.17526364,-0.12506095
two,-0.050378937,0.083859086,0.00359246,0.029271848,-0.2974768,0.2459821,-0.038257692,0.22752137,-0.15078062,0.048448272,-0.06707782,-0.04653012,0.09582766,0.11529013,-0.15530461,0.016819904,0.14630495,-0.16390009,-0.062289193,0.13398844,0.11299958,-0.12626036,-0.0995992,0.24899212,0.2380057,0.027865436,-0.089870125,0.06985226,-0.16273956,-0.12145046,-0.02499218,-0.23140837,-0.0983145,-0.008081141,-0.03668633,0.09968426,0.18347546,-0.12686089,0.105268694,0.05331142,-0.006587571,0.015697172,0.2380641,-0.04858367,-0.029736139,0.09893884,-0.017179951,0.0899654,0.10224201,0.07841769,-0.004687513,-0.37370637,-0.14584954,0.093941405,0.103900544,-0.07421864,0.011929943,0.08233099,-0.050308205,0.15647368,-0.018971743,-0.055861957,-0.3120532,0.06353015,0.12562804,0.035861757,-0.029469948,-0.0052133114,-0.23559244,-0.052180734,0.05419886,-0.17903693,-0.13146742,-0.1357916,0.030448187,-0.1122548,0.06392908,-0.015355115,-0.17918053,-0.20716773,-0.062402356,0.09082689,-0.16521673,0.07000246,-0.26468495,-0.042485874,-0.2578646,-0.23461224,-0.091677986,0.07843916,-0.13804689,0.11923153,0.04860346,-0.04632359,0.042325936,-0.035681635,0.05061235,0.014752528,-0.06881447,-0.1334264
better,-0.03263211,0.06207026,0.019985719,0.06986846,-0.12305532,0.023854703,-0.048322536,0.057802375,-0.1706835,0.14792083,-0.14011757,0.055948474,0.118546255,0.15604308,-0.16204546,-0.18589716,0.13350756,-0.17170827,-0.20180635,0.06927453,0.09978235,-0.049030796,-0.11523479,0.15666291,0.28241023,-0.03700242,-0.13458993,0.032849804,-0.13009922,-0.051037516,-0.12786514,-0.14640032,-0.10915891,0.0189362,-0.032672316,0.21780618,0.09627783,-0.23486023,0.041179683,0.08140123,-0.012336905,-0.086802185,0.16471063,0.019549727,0.023722973,0.09765526,0.062449317,0.07955105,0.21381761,-0.06777626,-0.07997227,-0.32236654,-0.020824645,0.015927043,0.118478216,-0.03532361,-0.11205961,-0.07436882,-0.11124949,0.19095746,-0.11084636,-0.10817732,-0.37454095,-0.11333706,0.06903633,0.10611916,-0.06819803,-0.06908376,-0.045016862,0.012632013,-0.06823489,-0.14247686,-0.25306797,-0.066353165,0.016984504,-0.10276794,0.030885553,-0.038972624,-0.15427026,-0.29983735,-0.15029506,-0.09430021,-0.0075633004,0.098438576,-0.22120404,0.07571019,-0.1627058,-0.3237649,-0.14479774,0.045344926,-0.112433165,0.09480051,0.09039245,-0.15540044,0.0066302265,0.03734508,0.091631815,-0.02250859,-0.07824345,-0.15614182
said,-0.14907917,0.16672428,-0.0046937293,0.20774433,-0.13815725,0.11812699,-0.026483756,0.06011659,-0.13500957,0.18552327,-0.115652815,0.010783692,0.07948288,0.10811185,-0.12572415,-0.037723377,0.12286698,-0.16182528,-0.09233562,0.15114342,0.07033356,-0.08670048,-0.1677784,0.17974673,0.25623193,0.00063006557,-0.04661125,0.008369198,-0.09928746,-0.13445745,-0.07121762,-0.18814336,-0.07244618,0.02638807,-0.035301667,0.21918823,0.1957973,-0.16880682,0.055595227,0.08663445,-0.0144324815,0.013103555,0.22976549,0.0034869772,-0.052308116,0.072684646,0.042770572,0.043148495,0.1475488,0.0044961926,0.024851931,-0.35909662,-0.06555775,0.065126896,0.08055522,-0.05854405,0.013516662,0.084362924,-0.08753473,0.09138948,-0.03476795,-0.13481107,-0.3118473,-0.020356568,0.042671885,0.062593676,-0.022267139,0.06018001,-0.18881077,0.012928277,0.029387802,-0.19023344,-0.21869989,-0.102154255,0.060460135,-0.08678387,0.054629028,0.0949545,-0.11335862,-0.23657386,-0.14489469,0.044966042,-0.034690965,0.004396746,-0.30849588,-0.038609207,-0.23931266,-0.23243766,-0.1316565,-0.009333942,-0.17786999,0.054936726,0.060595036,-0.052875042,0.012887623,0.074601226,0.02814043,-0.025639487,-0.121465005,-0.103661135
big,-0.06529909,0.09154548,0.01873584,0.07206795,-0.19925709,0.17431016,-0.027905634,0.15318675,-0.141922,0.1331605,-0.06842282,0.013679211,0.082674205,0.10193549,-0.08018262,-0.0805316,0.1214235,-0.15755835,-0.09439331,0.117005415,0.08774405,-0.09366883,-0.099613,0.23154868,0.2817846,-0.022401264,-0.08553643,0.05582337,-0.16302821,-0.073749244,-0.042788487,-0.23874034,-0.08138456,-0.012150353,-0.067824975,0.18693072,0.1688232,-0.21420655,0.14782609,0.07825963,-0.009746486,0.004473202,0.23990685,-0.047249325,-0.028180059,0.07879522,-0.0014875508,0.04017782,0.1663898,0.014403827,-0.006745063,-0.3617734,-0.10943408,0.077083535,0.11092939,-0.034301538,5.4343145e-05,0.058571465,-0.050043557,0.17359626,-0.07248174,-0.09428227,-0.29595545,-0.04577448,0.110497355,0.035329282,-0.027722849,0.025982263,-0.1499303,-0.032422923,0.03451799,-0.16333084,-0.15668318,-0.15653916,0.06537537,-0.115950204,0.04541248,-0.018479893,-0.1852256,-0.18476987,-0.13693444,0.051465664,-0.13719492,0.025880983,-0.26306158,-0.042361677,-0.2700129,-0.2542073,-0.11902015,0.061983883,-0.12715277,0.08675262,0.047830954,-0.027330138,0.020325786,-0.017343966,0.090627946,-0.0482168,-0.09996724,-0.13421546
long,-0.10811606,0.12515807,0.10524642,0.032648176,-0.17303455,0.26002333,-0.040684037,0.22466707,-0.17226031,0.16026431,-0.051754244,-0.035456024,0.07103697,0.042886812,-0.1457663,-0.07512025,0.17289561,-0.18268768,-0.09310148,0.19573675,0.10075062,-0.07455917,-0.12505221,0.20695855,0.2532415,-0.075139195,-0.07286369,0.0646297,-0.16692658,-0.18554628,-0.012742566,-0.19493121,0.024927346,0.039525315,-0.11394838,0.21811758,0.19100395,-0.18791021,0.14304465,0.016377816,-0.043836027,0.09733686,0.2034864,-0.017155547,0.014348328,0.005803019,0.08936131,0.019980995,0.16010067,0.025773644,0.00959777,-0.35749444,-0.13407479,0.041590944,0.15474315,-0.06564297,0.025637057,0.05115519,-0.010294884,0.15245542,-0.016497778,-0.057883017,-0.3229174,0.04948231,0.109525636,0.14610901,-0.13503543,0.15917845,-0.18717426,-0.099035,0.094143905,-0.18508077,-0.13290307,-0.14375415,0.10546145,-0.072067834,0.14520751,0.11424355,-0.20144558,-0.12614399,-0.10107349,0.107985154,-0.14430287,-0.018620212,-0.41795352,-0.11666898,-0.25613847,-0.25908813,-0.09363024,0.037780523,-0.24368297,0.027405573,0.029295422,-0.06963268,0.06633457,-0.07704015,0.07828106,-0.023586784,-0.12225205,-0.14150292
name,-0.19983749,0.17778535,0.0059598614,0.1784121,-0.17198156,0.14058022,-0.087489955,0.08053148,-0.10134745,0.16561791,-0.09701557,0.05504514,0.11153564,0.06653908,-0.08910418,-0.058908418,0.110365115,-0.1456858,-0.12431454,0.113112815,0.008033365,-0.033356767,-0.21061336,0.18018131,0.3200294,-0.07205483,-0.0803482,0.034134455,-0.08999279,-0.13704686,-0.08763939,-0.12953162,-0.04313152,0.07598501,-0.037942957,0.17589897,0.15521741,-0.19185759,0.09886412,0.065393314,-0.038173545,0.0083702095,0.19177023,0.0104241595,0.0046912567,-0.0025004814,0.10329605,-0.013536642,0.14443551,0.003615528,0.02027415,-0.36003277,-0.13625503,0.0063414974,0.053266227,-0.027209964,0.030881263,0.07020278,-0.1079328,0.15121569,-0.05605728,-0.15663232,-0.29467574,0.023626648,0.0021525086,0.074506626,-0.047640838,0.03324504,-0.20956619,-0.0032911047,0.07343348,-0.18300894,-0.27674884,-0.07335972,0.04527231,-0.1766781,0.092763215,0.09325226,-0.15044329,-0.25322258,-0.14171548,0.07248194,-0.056273628,-0.028758729,-0.30273825,0.0046482356,-0.2158167,-0.20092666,-0.07766653,-6.4168285e-05,-0.19515534,0.074539475,0.066005446,-0.058120824,-0.03871543,0.014555235,0.04742687,0.00656739,-0.119614646,-0.09312283
put,0.026822623,0.05991409,-0.02399568,0.02212375,-0.29990992,0.190017,-0.089675605,0.14209603,-0.20779018,0.005120053,-0.12484133,-0.010739013,0.088602886,0.15457019,-0.16468064,-0.040750574,0.14143927,-0.17115413,-0.1624407,0.111794874,0.07605728,-0.17863937,-0.043966487,0.19927976,0.21154362,0.007638579,-0.1666347,0.0072372463,-0.12872264,-0.0319299,-0.067236334,-0.19213882,-0.14957148,-0.023629824,-0.065033816,0.12907384,0.19182824,-0.20412165,0.110453695,0.05876101,0.055426974,-0.101055674,0.23123708,-0.06695871,-0.00011178166,0.13858902,0.0029057446,0.12026532,0.103001915,-0.013555604,-0.07468921,-0.35979632,-0.10716534,0.13665716,0.10715595,0.0020375312,-0.09607534,0.042752925,-0.094437234,0.13702644,-0.05293508,-0.043585118,-0.3014743,-0.015083305,0.13210514,0.00850904,-0.0060216812,-0.11257357,-0.14703618,0.0034151096,-0.042858403,-0.09732579,-0.1640318,-0.09491765,-0.073361784,-0.14940642,0.009092444,-0.045033425,-0.082779795,-0.27050662,-0.06987196,0.102685645,-0.12978469,0.13467754,-0.20347175,0.050990537,-0.18437709,-0.23365788,-0.1322242,0.04652429,-0.12574,0.104107656,0.103334755,-0.05847934,0.04464106,-0.021106731,0.06684158,0.024798313,-0.018465517,-0.16846725
am,-0.012210784,0.028041484,0.026038872,0.109628424,-0.13531396,0.096222304,-0.04789774,0.05845104,-0.18271537,0.14063174,-0.13488327,0.109032564,0.10977767,0.16724965,-0.21854424,-0.120166756,0.18272826,-0.15559255,-0.23610444,0.11242199,0.07763333,-0.061482538,-0.13800067,0.17779313,0.2996061,-0.08012518,-0.06866411,0.05525013,-0.13285328,-0.17361343,-0.059996262,-0.16537589,-0.08029939,-0.025920413,-0.028828084,0.15600772,0.06729381,-0.14861207,0.107494645,0.123416714,-0.06148814,-0.07342948,0.15405142,0.038039625,-0.0140972175,0.097660184,0.123775244,0.089697726,0.14951535,-0.027176823,-0.041549947,-0.34683773,-0.008203775,0.004973657,0.061580945,-0.048741,-0.12076841,-0.0698569,-0.025343634,0.123670325,-0.07661362,-0.11947337,-0.37221882,-0.07158795,0.010143869,0.095524855,-0.024875406,-0.033067375,-0.11914075,0.033904925,0.019023959,-0.15735164,-0.21989164,-0.099582225,0.00328684,-0.06809802,0.03215267,0.038288623,-0.11526168,-0.27071816,-0.09869426,-0.06791764,-0.09190276,0.10956931,-0.22115107,0.06595604,-0.11828191,-0.28328174,-0.0754217,0.049989346,-0.18029085,0.10343044,0.10402852,-0.14500839,0.011515281,-0.0027114456,0.03566897,-0.042257123,-0.13393869,-0.15448622
sheeta,-0.04617793,0.0691958,0.0033099093,0.11961686,-0.17017297,0.07472016,-0.05983835,0.09399974,-0.1750217,0.118825965,-0.13268176,0.015505843,0.0837274,0.12805511,-0.10541557,-0.132548,0.108333975,-0.1493455,-0.16329527,0.08186707,0.062752746,-0.089159206,-0.11514945,0.1869843,0.2571693,-0.011817271,-0.10619644,0.011303215,-0.10488121,-0.05381575,-0.09553776,-0.1864431,-0.14214486,0.013651556,-0.022854332,0.17396858,0.12226911,-0.20673099,0.092331804,0.0843884,0.038122546,-0.07435895,0.17722867,-0.022027332,0.021719018,0.12696585,0.04888214,0.06461978,0.13431856,-0.057880506,-0.058167726,-0.3260026,-0.07387867,0.06433057,0.1000476,-0.031568043,-0.0953488,-0.017091969,-0.10611891,0.17274857,-0.06542304,-0.119074106,-0.33543038,-0.05297337,0.107254066,0.056641553,-0.01597534,-0.098089434,-0.058102146,-0.027783789,-0.013688279,-0.18066148,-0.2189189,-0.05989763,1.0380136e-06,-0.09155334,0.033332177,-0.061672788,-0.15968306,-0.2847942,-0.13543563,0.008727356,-0.072270274,0.071112335,-0.21524796,0.05974111,-0.17032875,-0.3017739,-0.12030503,0.022274602,-0.07745196,0.11884112,0.13884354,-0.059660677,-0.005500692,0.023063924,0.07481755,-0.026287666,-0.10174542,-0.14747836
live,-0.05088945,0.08869419,0.018624077,0.09847315,-0.27883485,0.27300906,-0.032296583,0.16427536,-0.24668424,0.02122134,-0.11736848,-0.010435928,0.13813604,0.23973064,-0.17428519,0.07519169,0.13614196,-0.20721944,-0.20334966,0.228197,0.06829758,-0.21191397,-0.02895682,0.2506154,0.18712129,0.00070392917,-0.046131633,0.07824676,-0.12288383,-0.21769287,-0.019498825,-0.18367589,-0.1437049,-0.016756633,0.024510285,0.07408826,0.13177726,-0.08456966,0.057606447,0.069966264,-0.0027318448,0.008411452,0.25890657,0.01173533,-0.09441716,0.10629696,0.032912195,0.056278385,0.067170784,0.09810292,0.010700791,-0.3950013,-0.11777673,0.09123111,0.09194958,-0.16883366,-0.03314678,0.100162625,-0.0383875,0.0755359,0.004168138,-0.17057477,-0.34463257,0.036840584,0.054269888,0.05305491,0.027851174,-0.04680021,-0.22120582,-0.06365425,0.093878776,-0.18676229,-0.18047836,-0.15590319,0.019765507,-0.12913355,0.04617263,0.11998182,-0.11614944,-0.19046141,-0.017835792,0.09407406,-0.1290454,0.10841419,-0.26070055,0.032341782,-0.22129282,-0.20023921,-0.04225842,0.06951872,-0.1975157,0.1114995,0.089339085,-0.034100167,0.07705349,0.024698654,0.029111234,0.019587565,-0.057971925,-0.1182902
ahh,-0.13482445,-0.013021642,-0.00026027567,0.067728534,-0.17194079,0.06326899,-0.03257114,0.047712628,-0.1599506,0.17136887,0.013928766,0.071602605,0.07707264,0.0033411314,-0.10769981,-0.038015746,0.20211048,0.017654322,0.07014909,0.018571902,-0.0024738198,0.0030835592,-0.096479416,0.086404726,0.29454243,0.045231797,-0.0044395016,0.05308004,-0.11298165,-0.04793511,-0.12383007,-0.15277676,-0.045139607,0.057881374,-0.06454339,0.17748012,0.20175861,-0.28167027,0.18612234,0.13512586,0.030970063,-0.14386244,0.107482515,-0.03251384,0.093133934,0.17001593,0.008669929,-0.04320059,0.15614972,-0.10088417,-0.028506126,-0.19796462,-0.20331521,0.12253719,0.11386012,0.1018596,0.0890201,-0.050074015,-0.044360653,0.16549122,-0.154271,-0.07022123,-0.29814073,-0.02984528,0.16317376,0.015901959,-0.072666414,0.05326794,-0.04062337,-0.053048205,-0.05870926,-0.073463604,-0.17703626,-0.013411601,-0.025592746,-0.0791428,-0.060853817,-0.16087817,-0.16463463,-0.17556393,-0.1344059,-0.025516523,-0.09334576,0.010623365,-0.16773018,-0.11004943,-0.08021387,-0.31352735,-0.18815598,-0.011957786,-0.043012027,0.13059658,0.016894052,-0.13491379,0.0026023926,-0.023610368,0.057058483,-0.08856423,-0.1469559,-0.17155352
na,0.12300767,-0.11729636,-0.020334307,0.048625987,-0.26829863,-0.057161666,-0.18317398,0.044958938,-0.2997365,-0.017430056,-0.2310183,0.17095762,0.19153886,0.2621493,-0.24505971,-0.38556647,0.136748,-0.12021919,-0.26482695,-0.02150099,0.11056656,-0.043970987,-0.081116915,0.12273355,0.26695833,0.008571985,-0.28926945,-0.057513382,-0.18237853,0.11188595,-0.122168586,-0.15309465,-0.17359902,-0.10725974,-0.007788774,0.0631665,0.036401454,-0.28795367,0.021319244,0.25596324,-0.015602471,-0.21081622,0.21963805,0.01094165,0.11872262,0.16780998,0.09324865,0.19042544,0.06404054,-0.11654042,-0.26453644,-0.38514543,-0.021603525,0.09245601,0.092343666,0.038083866,-0.21245147,-0.123921536,-0.1471348,0.26937038,-0.13034788,-0.009521247,-0.41932866,-0.14086294,0.06342703,0.051505547,0.02983634,-0.20387927,-0.10850912,0.13483538,-0.1672182,-0.09243985,-0.18663305,-0.0031642616,-0.12355037,-0.17301607,-0.11900748,-0.17198813,-0.07594495,-0.38747266,-0.08382947,-0.061893668,-0.03125004,0.25891298,-0.016791346,0.12068837,0.06403634,-0.31081316,-0.044500485,0.05279365,-0.06953337,0.2650031,0.2513495,-0.16000126,-0.053301383,0.048879903,0.008832427,0.017852534,-0.055184197,-0.2541458
world,-0.050695106,0.14590693,0.01857148,0.1618185,-0.30724782,0.2628123,0.031248653,0.16535062,-0.2024404,-0.0106178485,-0.10095728,-0.022773104,0.11402886,0.17957176,-0.14752296,0.110943474,0.086515576,-0.2094714,-0.11630742,0.22504753,0.039534457,-0.17776915,-0.06894837,0.26968768,0.21982418,-0.0020752114,-0.027607365,0.08432735,-0.1423916,-0.21212165,-0.014794969,-0.20764457,-0.09263051,-0.011983758,0.04418144,0.051814955,0.1696289,-0.11110217,0.07874075,0.078894705,0.020250725,0.00478005,0.32684812,-0.01223873,-0.07651707,0.051139105,0.00041723,0.020603575,0.06907644,0.07517288,0.030532187,-0.42322433,-0.16939825,0.109002724,0.08663442,-0.14471185,0.041032996,0.16451031,-0.026382547,0.099600695,0.04723202,-0.14006923,-0.3371004,0.07446785,0.06076608,-0.0068398914,0.05633993,0.042294256,-0.27000082,-0.046609927,0.07784275,-0.1742632,-0.17593585,-0.14017764,0.09045636,-0.13346022,0.07500269,0.11985226,-0.14713478,-0.17480266,-0.036976673,0.15020351,-0.10899821,0.031038983,-0.27970466,-0.04713216,-0.2746483,-0.19541502,-0.029721672,0.032121196,-0.18640292,0.12895134,0.068785794,-0.008108294,0.027233545,0.03221237,0.026899494,0.041788775,-0.058858596,-0.08275969
wind,-0.03895833,0.1087695,-0.022576585,-0.008658306,-0.43721136,0.38981372,-0.040522385,0.35155496,-0.15926011,-0.01121479,-0.0027193392,-0.022054913,-0.043892913,-0.009283584,-0.0032509195,0.13597006,0.15613015,-0.13874073,0.026459254,0.22500777,0.055049136,-0.27952242,-0.0719537,0.32733402,0.26368263,0.06000494,0.034057092,0.044608865,-0.15843828,-0.065743044,0.02797045,-0.38519904,-0.12916952,-0.04063024,-0.1154955,0.07144343,0.3432513,-0.20254077,0.2766537,0.037557494,0.03996322,0.072540134,0.295208,-0.21530446,-0.045125153,0.032877516,-0.09405345,0.049401857,0.11335824,-0.01198792,0.05518493,-0.32925245,-0.24494934,0.22157726,0.15864119,-0.049177848,0.048933003,0.16936082,-0.009042591,0.16604628,0.0036659285,-0.065691836,-0.2312896,0.08282208,0.2211896,-0.09616417,-0.027405,-0.010802249,-0.22376813,-0.11640003,0.10623312,-0.14643721,-0.064506486,-0.26024082,0.038174894,-0.12066557,0.024149267,-0.07460752,-0.2353039,-0.12454999,-0.1588184,0.27639332,-0.2224791,0.008240858,-0.23095547,-0.063351266,-0.35339284,-0.22486769,-0.089885056,0.050955515,-0.091979586,0.12057296,0.10795103,0.14291018,0.062458374,-0.09877508,0.11126451,-0.030363465,-0.13495782,-0.13367425
before,-0.030096613,0.06874203,0.041908793,0.12366429,-0.1863494,0.1994375,-0.035110604,0.14710122,-0.16517854,0.12260349,-0.07575009,0.009232142,0.0498879,0.082358845,-0.15288217,-0.093854345,0.14087084,-0.17864826,-0.16972439,0.14542457,0.08585641,-0.124281116,-0.09430159,0.18028644,0.22074847,-0.018339252,-0.064868696,0.0740169,-0.10859984,-0.15387598,-0.0398294,-0.2033856,-0.06965734,-0.0057376013,-0.09280573,0.22133835,0.19620062,-0.21617498,0.116372935,0.021533193,0.03319515,-0.008981904,0.19275633,-0.037017345,0.026069803,0.09517729,0.038747773,0.042645916,0.14939603,-0.0108762905,-0.021534873,-0.3718282,-0.07484359,0.10194079,0.12327905,-0.022443043,-0.07018888,0.052155823,-0.05663215,0.10524253,-0.08604989,-0.10689661,-0.2995498,-0.035068188,0.08837136,0.09030623,-0.08051226,0.017338833,-0.099035084,-0.0017224242,-0.010825022,-0.13224341,-0.13497414,-0.0936087,0.006822118,-0.09555193,0.077521496,0.0132357525,-0.1558831,-0.21443447,-0.128235,0.07459121,-0.0775493,0.05022836,-0.29712865,-0.059663635,-0.20610829,-0.27171856,-0.15418394,0.012586279,-0.16826083,0.035437446,0.040932458,-0.075959966,0.065534025,-0.0008278467,0.068740115,-0.03966381,-0.10782149,-0.14804335
things,-0.0038914632,0.08933744,0.029627245,0.130095,-0.17596738,0.18566692,0.012093422,0.12867095,-0.18355489,0.06291822,-0.10770139,-0.029736247,0.11956047,0.21501438,-0.15260202,-0.03992042,0.102687865,-0.21866018,-0.17784244,0.15721755,0.11127165,-0.116178274,-0.07001865,0.22084336,0.20118798,-0.030276014,-0.06078479,0.039899506,-0.13614243,-0.12242433,-0.022345016,-0.18860507,-0.101511255,0.013781201,0.02372315,0.14479125,0.10287879,-0.14736643,0.059154227,0.036623046,0.04167903,-0.031299736,0.24320407,0.018268006,-0.014678391,0.1294792,0.0276692,0.07382903,0.14473058,0.016775979,-0.03250051,-0.3703709,-0.06098128,0.0791693,0.09291498,-0.15458323,-0.06212746,0.07022007,-0.04757902,0.12157879,-0.025490744,-0.16983305,-0.3544478,-0.004094375,0.09314314,0.0692041,-0.0012458365,-0.035318416,-0.11149035,-0.031230075,0.0069603487,-0.18688107,-0.21549505,-0.0988157,0.05173619,-0.07422586,0.07427516,0.05857242,-0.14972097,-0.19505796,-0.021433057,0.04048869,-0.10791376,0.087477684,-0.2814019,0.01155429,-0.23746383,-0.2725949,-0.11535493,0.056203928,-0.13135387,0.08664648,0.09268221,-0.0701707,0.050664023,0.013754285,0.08675489,-0.006278056,-0.09625664,-0.1181481
looks,-0.13914931,0.07563542,0.005478042,0.0862491,-0.16673106,0.06077251,-0.09450194,0.05376595,-0.15477338,0.16104357,-0.071170144,0.034792643,0.08634309,0.06549086,-0.0088487845,-0.18047242,0.12646256,-0.08400286,-0.032015342,0.09204029,0.0487661,-0.0147385765,-0.15314029,0.14647028,0.33270678,0.01900466,-0.1416452,-0.06554831,-0.12275438,0.019856429,-0.07249233,-0.17673846,-0.070104815,0.05703388,-0.12525162,0.24555129,0.14732826,-0.3284294,0.107382275,0.13773876,0.015789317,-0.03686696,0.23023273,-0.024529394,0.06602178,0.030640315,0.0241947,0.056787997,0.18628356,-0.05617136,-0.091964826,-0.36251664,-0.09337387,0.077534534,0.13367662,0.042515516,-0.0031506792,0.08363306,-0.11042129,0.2757594,-0.044761382,-0.040498346,-0.31963518,-0.068043895,0.114041485,0.03464369,-0.024855722,0.03450955,-0.09607598,-0.014705703,0.0017584121,-0.17578655,-0.23989491,-0.08244191,0.07707438,-0.09491779,0.08015769,-0.0660858,-0.19979025,-0.19978625,-0.14672534,0.03966582,-0.040191546,-0.039527882,-0.2949791,-0.044648826,-0.19916286,-0.29229444,-0.15095611,0.027386416,-0.10429539,0.100068964,0.04955482,-0.040170547,-0.009179139,0.07702852,0.08222521,-0.1148463,-0.14146057,-0.0855529
haku,-0.027417496,0.06317825,0.0003177876,0.106131494,-0.1735349,0.05483906,-0.0736717,0.060466055,-0.15812485,0.13040845,-0.1804428,0.025732582,0.15328725,0.16397616,-0.18798722,-0.16076559,0.13603999,-0.16324419,-0.18185845,0.022052152,0.07978239,-0.028218102,-0.13748108,0.17593656,0.28390494,-0.003635489,-0.18054189,0.021178016,-0.12614061,-0.04419738,-0.11265215,-0.15855311,-0.111243896,0.03995257,-0.038745705,0.19527787,0.110644646,-0.22788633,0.059701145,0.079131246,-0.006240122,-0.124623045,0.19024047,-0.010493378,0.021538965,0.13099603,0.04321113,0.060556278,0.14068787,-0.04937945,-0.07634497,-0.35758924,-0.07466629,0.020580048,0.08790987,-0.004936379,-0.10606771,-0.03937011,-0.12143393,0.1921012,-0.07755039,-0.10315205,-0.32750002,-0.08416532,0.07795214,0.0854257,-0.053099968,-0.06782584,-0.10477539,0.018454835,-0.0813665,-0.14892064,-0.25272617,-0.026227206,-0.0055883974,-0.14057578,0.04879088,-0.04258677,-0.11278084,-0.3020952,-0.08987669,-0.05941628,-0.049682,0.11143194,-0.23360537,0.04893972,-0.13536115,-0.3012233,-0.1414447,0.045616545,-0.14548801,0.119278975,0.11575754,-0.14848,-0.020304428,0.0136242835,0.05906921,0.005997624,-0.071626514,-0.13605465
wrong,0.04422467,0.032663684,-0.056744054,0.06392707,-0.08705964,0.049037967,-0.016375296,0.016306149,-0.15489852,0.085293435,-0.14292513,-0.00033488782,0.09734963,0.20399639,-0.13975653,-0.1590197,0.109239474,-0.15679371,-0.18582699,0.015702154,0.07642823,-0.09736906,-0.100302875,0.23225744,0.24428408,-0.05424928,-0.11297358,-0.023506097,-0.17130643,0.08264509,-0.05556462,-0.19157933,-0.1332398,-0.0020251977,-0.00090232014,0.2498664,0.08739819,-0.21093626,0.115554735,-0.011048742,0.10767627,-0.10659194,0.25525343,-0.03230247,0.035944063,0.21272786,-0.032017276,0.089360215,0.22083646,-0.11453592,-0.023367427,-0.26331842,0.0010634287,0.10225435,0.08622351,-0.0011885844,-0.16398184,-0.06999583,-0.0906245,0.15485711,-0.115369886,-0.13317934,-0.3007764,-0.15918927,0.15671818,0.009288663,-0.02236712,-0.21697164,0.060885735,-0.05447686,-0.0821511,-0.16804925,-0.28293064,-0.084608585,-0.014138719,-0.045607455,-0.014953671,-0.07986401,-0.16499239,-0.18295261,-0.10758012,-0.075182855,-0.10131743,0.11196217,-0.1665554,0.14236249,-0.25688004,-0.34123534,-0.16044779,0.020585949,-0.0025474012,0.0887076,0.0914862,-0.099537164,0.061931606,0.011056688,0.1853936,-0.042939313,-0.12514159,-0.102530815
find,0.0049792076,0.06883746,-0.03727374,0.14142165,-0.22020254,0.10047882,-0.08060784,0.070897005,-0.2321762,0.06985515,-0.21462755,0.06683277,0.17406844,0.2797617,-0.21756022,-0.14046252,0.13870949,-0.20958678,-0.3007983,0.0724928,0.080796435,-0.12871078,-0.0430309,0.19472449,0.2543615,-0.078224234,-0.18314113,0.03174136,-0.15133013,-0.08546714,-0.12122238,-0.13047154,-0.18462533,-0.013618593,0.03288274,0.098176,0.002745728,-0.14020629,0.029397376,0.12632456,0.0046745916,-0.14722694,0.18597175,0.030129518,-0.019022625,0.11714493,0.09727426,0.08395946,0.098325096,0.047168735,-0.09654654,-0.38555792,-0.047527548,0.03186253,0.07085531,-0.075877935,-0.123574376,-0.060795773,-0.121470496,0.115274765,-0.061498016,-0.16427217,-0.31667054,-0.054966588,0.016271135,0.06804373,0.026888197,-0.16326892,-0.11154844,0.02751293,-0.0133533655,-0.17014846,-0.25149858,-0.056455996,-0.052282214,-0.1614677,0.007511172,0.025836037,-0.08282023,-0.3133026,-0.018614512,-0.024441594,-0.07429251,0.16074494,-0.16893902,0.13022126,-0.14206767,-0.23476614,-0.060894966,0.072149776,-0.13878441,0.1491599,0.13027318,-0.1455674,0.026908088,0.03452722,0.053122297,0.013918302,-0.0064146896,-0.106796086
fire,-0.08864297,0.118438035,-0.018983362,0.14478056,-0.22933851,0.19443427,-0.03726167,0.10390476,-0.23362698,0.04303788,-0.124923944,0.016070174,0.112917095,0.17716794,-0.1018977,-0.05322953,0.08044227,-0.15529539,-0.1249447,0.15252507,0.007107672,-0.146085,-0.06506475,0.21895748,0.23053172,-0.020328347,-0.109827526,-0.015438443,-0.12847339,-0.07198226,-0.046054058,-0.15202335,-0.12837087,0.016854674,-0.008057013,0.10985374,0.1274441,-0.20009364,0.08609825,0.092016816,0.053426005,-0.07603959,0.24078216,-0.032182608,0.040650584,0.08013934,0.016260803,0.017049028,0.080011874,0.021389656,-0.06548692,-0.40138468,-0.13479722,0.11968168,0.10279096,-0.03633746,-0.029048657,0.091331504,-0.118019484,0.1712552,-0.026792483,-0.11488061,-0.30561092,0.02275776,0.064114675,-0.003966813,0.03388152,-0.046571158,-0.1596001,-0.04562833,0.0048004375,-0.19201225,-0.20979445,-0.07833657,0.024022887,-0.12933077,0.046552047,0.049828127,-0.13261323,-0.21740317,-0.05363531,0.15013935,-0.093467176,0.061108317,-0.21589373,0.027090862,-0.23101452,-0.24260147,-0.04290746,0.022069652,-0.1134166,0.13021292,0.073857084,-0.0060954993,0.011820255,0.040030487,0.034404088,-0.030199666,-0.067217365,-0.06658802
sousuke,0.013375447,0.011281035,-0.028190143,0.063368924,-0.16547011,0.06635324,-0.048907354,0.07685325,-0.1768869,0.07021676,-0.14106944,0.03540876,0.10734917,0.15923609,-0.14519958,-0.16563638,0.12108968,-0.12922,-0.20803061,0.026690796,0.071789555,-0.08367076,-0.08223543,0.16202673,0.23144464,-0.002035289,-0.13458781,0.031073356,-0.13897091,-0.018771842,-0.10281047,-0.14057726,-0.12672621,-0.014936648,-0.03325965,0.16153803,0.08397902,-0.20149887,0.057762947,0.081104375,0.032882247,-0.087413184,0.18738975,-0.024857273,0.033539776,0.12304397,0.05203752,0.09239852,0.1337562,-0.03587873,-0.10479993,-0.3118558,-0.046983812,0.052743785,0.08825917,-0.027734892,-0.11592926,-0.040159352,-0.12515542,0.17023666,-0.09004113,-0.109273486,-0.31647763,-0.05319027,0.08399345,0.049457766,-0.018848268,-0.12922469,-0.06770635,0.007765013,-0.05565008,-0.12567586,-0.20000589,-0.04544968,-0.03684565,-0.10242192,-0.019873027,-0.07079747,-0.12746304,-0.26425838,-0.10126118,-0.012665899,-0.072531916,0.13691245,-0.16114947,0.07140377,-0.12185714,-0.25741163,-0.11214655,0.0417601,-0.058925845,0.13839829,0.11383726,-0.09804944,0.0071730246,0.011579984,0.08004334,-0.019556524,-0.06772375,-0.123545
yet,-0.026246447,0.03529426,0.038437482,0.13588691,-0.14538273,0.16858806,0.0049176617,0.12338194,-0.19452874,0.10632211,-0.08416756,0.02068598,0.12085666,0.18197964,-0.13157678,-0.09392543,0.07748618,-0.1965733,-0.19267657,0.14470208,0.090874285,-0.087522976,-0.086701095,0.19166732,0.23407659,-0.031508856,-0.031621262,0.061380364,-0.101779506,-0.1432488,-0.038316686,-0.19526923,-0.084111586,0.032175854,-0.02275826,0.16084833,0.07857232,-0.18427478,0.052947592,0.047841225,0.02550143,-0.039837603,0.18746673,-0.019604856,0.025143515,0.102236286,0.058440503,0.055630684,0.15111074,-0.039664548,-0.018329568,-0.34317747,-0.06056044,0.078980096,0.11910628,-0.121818446,-0.064180076,-0.0035607521,-0.06252541,0.09558229,-0.096260145,-0.18805447,-0.3463504,-0.01172109,0.08131948,0.039975625,-0.016193898,-0.010911703,-0.06511466,-0.03580902,-0.006890412,-0.20034003,-0.21356048,-0.08809826,0.0458359,-0.06270004,0.08202724,0.025879554,-0.1456655,-0.2082301,-0.068304025,0.02574526,-0.066072226,0.07503805,-0.27839056,0.034466323,-0.20474765,-0.31020808,-0.09869276,0.041805893,-0.14111152,0.0964921,0.096262716,-0.08527648,0.020262253,0.0062168324,0.06472024,-0.011146321,-0.10426315,-0.12260189
sen,0.00836881,0.035563093,0.0065129055,0.09564175,-0.11262577,0.022907075,-0.03644183,0.036363646,-0.20220143,0.116090514,-0.21379659,0.041213594,0.13299175,0.20592171,-0.19392312,-0.14745831,0.15643552,-0.18763965,-0.25456932,0.050783686,0.09049119,-0.031236866,-0.117655985,0.1522624,0.28248453,-0.045203283,-0.14337337,0.041768532,-0.13868749,-0.06503543,-0.13074346,-0.13970262,-0.12468656,-0.00936679,0.01573523,0.17333022,0.08381369,-0.23135822,0.055181097,0.08537174,0.021389324,-0.10836095,0.18791094,0.010423849,0.0009482549,0.13602006,0.0862295,0.07534826,0.19678834,-0.0727569,-0.08327163,-0.33941895,-0.022130467,0.010769642,0.072339974,-0.031502277,-0.1536562,-0.051080965,-0.07336382,0.16599879,-0.1106522,-0.14968297,-0.3827453,-0.091821946,0.056165252,0.099085726,-0.03860419,-0.12510234,-0.064477205,0.040359054,-0.08888054,-0.1270742,-0.27672064,-0.04326879,-0.039957702,-0.11954792,0.019898456,-0.04615872,-0.10992155,-0.32551667,-0.13625947,-0.12241529,-0.042595852,0.14266293,-0.21229173,0.12180443,-0.14347044,-0.30350715,-0.124189906,0.04741114,-0.11988353,0.11652939,0.12672697,-0.15200037,0.013490779,0.038532984,0.055591546,-0.014182608,-0.059884682,-0.16783112
first,-0.044568043,0.10071512,0.012989327,0.097902276,-0.22195995,0.16738419,-0.036226176,0.1357316,-0.19934154,0.06315787,-0.14028183,0.014384041,0.13654079,0.16206017,-0.15678707,-0.036982622,0.12092885,-0.18499745,-0.17104392,0.16209254,0.053867303,-0.09889372,-0.07864033,0.19789797,0.23737457,-0.020491567,-0.073727995,0.07642853,-0.115805954,-0.15499249,-0.08764817,-0.16097082,-0.11213222,-0.008518739,0.009816907,0.11478152,0.11462984,-0.15399157,0.092222564,0.07086142,4.2598826e-05,-0.047488242,0.2078479,-0.0033308465,-0.04880593,0.0840657,0.061806057,0.0555429,0.10527382,0.033403456,-0.014327576,-0.3737148,-0.10732987,0.056412112,0.093096726,-0.10312631,-0.017697018,0.041324347,-0.09193393,0.13692565,-0.048052084,-0.11792704,-0.37025636,0.0021121663,0.04890432,0.06026879,0.0045497906,-0.011105429,-0.16417104,-0.025973646,0.05557998,-0.15644458,-0.21398124,-0.11423013,0.024663137,-0.16506562,0.057076506,0.062339634,-0.15196104,-0.23820144,-0.061064873,0.045336574,-0.08686984,0.09036829,-0.24496724,0.036787145,-0.20028464,-0.24019812,-0.056924846,0.061087523,-0.14309976,0.12224798,0.10390184,-0.07946202,-0.0028845174,0.027774557,0.07337784,0.0058453125,-0.07553048,-0.1186003
new,-0.055885915,0.11482534,0.024462076,0.018648857,-0.30815312,0.21399386,-0.034158166,0.19862263,-0.16095461,0.014108734,-0.0578079,-0.021010786,0.068199135,0.10886268,-0.111019164,-0.014198052,0.15464407,-0.16629775,-0.06530622,0.15954848,0.081813015,-0.14047764,-0.07718251,0.27071947,0.22640792,0.031881683,-0.115256876,0.050637823,-0.18308468,-0.094145775,-0.06576504,-0.22302724,-0.095000446,-0.044950526,-0.04704117,0.09009316,0.20194034,-0.16367266,0.09528603,0.10367203,0.00015081622,0.032757964,0.27859965,-0.043651287,-0.06625234,0.06863515,-0.004997332,0.07740358,0.07268861,0.09886151,-0.04096855,-0.3713568,-0.16120309,0.11672373,0.11332071,-0.06669769,0.014613256,0.124047205,-0.077411056,0.1581177,-0.006608615,-0.024483431,-0.31298387,0.04701234,0.09917292,-0.0036367446,-0.018310584,0.012367491,-0.25820127,-0.021756731,0.073051766,-0.14949167,-0.12637839,-0.13265003,0.018867917,-0.1173488,0.01174164,-0.0064495755,-0.14904957,-0.21914393,-0.076975,0.1477321,-0.14067999,0.056100957,-0.24824065,-0.060567237,-0.22082865,-0.20096843,-0.059078127,0.05721327,-0.13537723,0.15063903,0.065938756,-0.004969458,0.011447234,-0.01365507,0.025616629,0.022413319,-0.038237777,-0.12216092
fly,-0.024061289,0.069806084,-0.0024368572,0.07990295,-0.18435833,0.1570808,-0.056484398,0.10260853,-0.24384946,0.08836147,-0.14589317,0.06406584,0.12419646,0.21464546,-0.112334244,-0.12871312,0.092507504,-0.1835798,-0.21692419,0.14007644,0.049081225,-0.14179291,-0.035138864,0.20952457,0.2441008,-0.032033756,-0.112625286,0.009877667,-0.11332071,-0.07229985,-0.049304705,-0.15363406,-0.14979592,0.013242468,-0.018258069,0.16861704,0.07684456,-0.20018245,0.07652806,0.07208114,0.030590778,-0.06497709,0.19545083,-0.009518524,0.012254069,0.11826489,0.026652675,0.051964045,0.1437324,-0.005914725,-0.058999963,-0.35502067,-0.06250835,0.07320801,0.1023361,-0.06031539,-0.12124935,-0.0047733025,-0.10203418,0.13622205,-0.07863535,-0.13726054,-0.29182935,-0.053554952,0.08220722,0.05585197,0.0097455345,-0.10865311,-0.09077076,-0.04154285,-0.023378696,-0.17193805,-0.23819079,-0.09664301,0.008697373,-0.09773992,0.061791494,0.0039128223,-0.11908635,-0.22243617,-0.07621305,0.020142384,-0.10219353,0.11674981,-0.20261542,0.07772441,-0.2161727,-0.26534954,-0.10196481,0.06762319,-0.13333876,0.1037037,0.10585918,-0.07466786,0.041946664,0.012664471,0.060650136,-0.046031144,-0.08914868,-0.104571015
hold,-0.00933866,0.043279745,0.0002535962,0.034654196,-0.24082439,0.12839605,-0.080427915,0.14628223,-0.22576565,0.022822155,-0.13153394,0.008735868,0.11900832,0.19236533,-0.12122414,-0.074847646,0.12389714,-0.16778982,-0.16488636,0.09022975,0.05410653,-0.14250462,-0.023395203,0.18594235,0.21719317,0.006519153,-0.19824311,-0.011315165,-0.13767992,-0.037213665,-0.12455127,-0.16917223,-0.15953633,-0.026050635,-0.03474197,0.0984197,0.13450454,-0.19485842,0.06444629,0.097621694,0.044479787,-0.09139144,0.23415928,-0.047724422,0.013885628,0.14433213,0.046979714,0.09370178,0.09626493,0.015277496,-0.11680164,-0.3448229,-0.08722687,0.093604244,0.10272972,-0.04950363,-0.10566522,0.029468086,-0.11311378,0.1794381,-0.029957108,-0.06324342,-0.32836106,-0.015088033,0.1041164,0.04344935,-0.0070810276,-0.12485842,-0.15893151,-0.005969525,-0.030448843,-0.12125788,-0.1654875,-0.05668659,-0.04413326,-0.13579652,-0.0011255585,-0.0761741,-0.0720564,-0.29516938,-0.06565485,0.05576716,-0.10168461,0.15355591,-0.15916038,0.078619055,-0.14450777,-0.2305741,-0.09664303,0.052822478,-0.110904925,0.14520721,0.12731482,-0.053521868,0.014579304,-0.0024317293,0.055316776,0.012637482,-0.027158312,-0.16821326
great,-0.03658142,0.09123149,0.004478775,0.0852489,-0.16134551,0.14887589,-0.034569424,0.09590868,-0.17612794,0.10959095,-0.08939898,0.016282711,0.08600721,0.12513892,-0.078752354,-0.12551497,0.09378362,-0.15570623,-0.14909703,0.097163595,0.05992987,-0.0920334,-0.10842828,0.21023725,0.2774228,-0.032684777,-0.08230542,0.009062412,-0.1234531,-0.04024647,-0.019459752,-0.18948038,-0.07269437,0.022223689,-0.062153537,0.18098593,0.121962056,-0.2246649,0.12901786,0.047401365,0.03661702,-0.041633695,0.21318987,-0.026039418,0.043070104,0.063418776,-0.0042333617,0.079817005,0.18328111,-0.020250617,-0.047103964,-0.37504986,-0.07017722,0.083784774,0.12154733,0.002172172,-0.05249823,0.019193035,-0.07705367,0.1605205,-0.067613944,-0.11125671,-0.2825553,-0.06148107,0.09589265,0.03879428,-0.0070008463,-0.02034918,-0.061586883,-0.04022491,0.025076658,-0.18038271,-0.22941421,-0.1127869,0.04911306,-0.07326817,0.08245514,-0.0067707673,-0.17829415,-0.16424324,-0.09143009,0.046924908,-0.1018034,0.019349491,-0.26559028,0.0055100094,-0.24912994,-0.28588578,-0.11230179,0.051401697,-0.11524246,0.066078514,0.06953164,-0.014907527,0.0005220977,-0.006498133,0.10133773,-0.04466379,-0.1255525,-0.08322761
than,-0.019948961,0.105739236,0.02474708,0.0035294709,-0.2825601,0.25280562,-0.052060664,0.23995048,-0.11066887,0.054203797,-0.10021137,-0.011995799,0.052672215,0.045668706,-0.117838554,-0.036547545,0.16485828,-0.13949986,-0.11523455,0.18487309,0.10255181,-0.1464095,-0.09849386,0.24392532,0.26379737,-0.014277432,0.016051052,0.09076225,-0.16520207,-0.084654465,0.014526848,-0.27748784,-0.059451044,-0.024483476,-0.10035918,0.19775473,0.21712385,-0.18011816,0.18770319,-0.006457913,-0.014477253,0.02299183,0.21336843,-0.0751866,-0.018760819,0.013084628,-0.037440285,0.06621327,0.18830112,0.014076094,0.028443621,-0.3419834,-0.1496195,0.10353509,0.1102813,-0.025438087,-0.034399617,0.06007832,-0.058141124,0.13864206,-0.059309173,-0.08994201,-0.28282988,-0.055994574,0.15559196,0.045616485,-0.05358338,0.055262893,-0.1461229,-0.061404057,0.041432355,-0.12335038,-0.13654669,-0.1899454,0.038362972,-0.11353184,0.073741354,-0.03274193,-0.24276686,-0.18571308,-0.13796638,0.102007166,-0.13869049,0.07227649,-0.28290945,-0.07802053,-0.27875996,-0.24270022,-0.110652536,0.09510988,-0.095698185,0.057883315,0.04210259,-0.023383146,0.060127772,-0.049912516,0.14569207,-0.029485885,-0.12934923,-0.15435524
told,-0.124962635,0.121151224,-0.0047099213,0.1569063,-0.1762535,0.1370427,-0.084645554,0.060991134,-0.1256701,0.18344636,-0.12666836,0.025061512,0.14127232,0.13016756,-0.20310417,-0.046016764,0.15013193,-0.19652952,-0.20451844,0.07753416,0.08672805,-0.075215325,-0.1531958,0.20149562,0.26217735,-0.054699387,-0.1055478,0.045333497,-0.086380556,-0.12513731,-0.10313276,-0.1820471,-0.09332726,0.0009357986,-0.023278039,0.19660972,0.16282201,-0.1437301,0.072454914,0.062491536,-0.019266112,-0.082191564,0.1655816,0.025641607,-0.04458324,0.13529335,0.09772964,0.038608473,0.10319733,0.015633635,-0.012423845,-0.3726324,-0.09241476,0.043973308,0.077745564,-0.03246947,-0.061878897,0.03425212,-0.089610144,0.087912664,-0.079259515,-0.18179731,-0.28914797,-0.024957296,0.01958065,0.09777435,-0.053576447,-0.032418203,-0.17096269,0.015421573,0.0064852457,-0.14460433,-0.23679729,-0.06765106,-0.04864725,-0.15723518,0.0476727,0.04907224,-0.08779349,-0.28937724,-0.15871511,0.018747969,-0.074296206,0.08979401,-0.2633029,0.020087445,-0.16180415,-0.21819736,-0.14014493,-0.0008778231,-0.19197397,0.053888094,0.112248294,-0.134318,-0.009066603,0.004581966,0.048240747,0.041270334,-0.09503398,-0.12680402
made,-0.028930405,0.078346804,0.02808551,0.06985054,-0.22951381,0.16536294,-0.059205033,0.14287597,-0.14590392,0.097221635,-0.09533958,0.04609529,0.0331051,0.07643013,-0.121591814,-0.08944004,0.15188254,-0.17465411,-0.13064449,0.16062121,0.07921435,-0.11706444,-0.113875054,0.20889193,0.26497126,-0.036864143,-0.056752212,0.052310828,-0.120767295,-0.10862538,-0.039470956,-0.21429837,-0.077117875,0.0045662713,-0.08053599,0.1722928,0.17123795,-0.19105753,0.13790712,0.028541261,0.012385873,-0.0054722307,0.18723536,-0.04267998,-0.010692906,0.060948152,0.02744914,0.0816809,0.14965907,-0.060313936,-0.016348807,-0.31152812,-0.0804581,0.06470162,0.11230127,-0.028207742,-0.05550108,0.0153343715,-0.019778162,0.13476014,-0.07228508,-0.08216343,-0.2926791,-0.033653107,0.071705505,0.041116863,-0.05415556,-0.020903565,-0.118040964,-0.019805152,-0.000916687,-0.14447261,-0.16002338,-0.13575658,0.0035380016,-0.07287051,0.05641419,-0.027329164,-0.1477549,-0.23004623,-0.159218,0.068233795,-0.12470064,0.06809522,-0.24021922,-0.0048219115,-0.20295204,-0.26213825,-0.11991409,0.025853517,-0.12528488,0.09008221,0.10729187,-0.050622344,0.027259063,-0.026466316,0.09138393,-0.022794256,-0.09918223,-0.15682122
raccoon,-0.084937364,0.08211027,-0.024229,0.080466755,-0.21862626,0.14950748,-0.047123145,0.11755095,-0.14340363,0.10816565,-0.106677055,-0.008977364,0.11523255,0.1392329,-0.1540116,-0.029751223,0.12526911,-0.14213952,-0.15094472,0.091942966,0.07347836,-0.08433194,-0.11128816,0.21303988,0.25904652,-0.020038698,-0.1044058,0.033862915,-0.1369534,-0.08503336,-0.049885675,-0.1852049,-0.102355875,-0.030066153,-0.032061752,0.12657216,0.08554657,-0.1508502,0.09801723,0.102230534,0.021138936,-0.04498274,0.21982992,-0.014581194,-0.022805423,0.09651386,0.035298314,0.03177389,0.12379782,0.06880718,-0.0375494,-0.35865822,-0.11952287,0.05291723,0.10709979,-0.040916983,-0.009875356,0.007426457,-0.086563244,0.16005501,-0.053707577,-0.14454003,-0.2936736,0.001223617,0.084591106,0.043540157,0.019616785,-0.018580608,-0.16522819,-0.031246936,0.06599551,-0.19374698,-0.21838422,-0.09979224,0.028877825,-0.11997568,0.036442656,0.026767978,-0.1457754,-0.21139884,-0.068290584,0.042004764,-0.12747788,0.031056387,-0.2226899,0.02951206,-0.25286853,-0.24414615,-0.09468481,0.06579362,-0.114052616,0.13594766,0.062288314,-0.061139964,-0.022012806,-0.010922995,0.083064005,-0.010153796,-0.05732622,-0.11596554
mom,-0.046293087,0.04932195,-0.0145998625,0.095074125,-0.13303424,0.04937384,-0.0943079,0.07903624,-0.13367027,0.15484323,-0.14224684,-0.0058063986,0.10808307,0.08648366,-0.08293845,-0.18649144,0.11789543,-0.13044648,-0.14709708,0.089274935,0.043917384,-0.04072656,-0.13600281,0.16871557,0.27272356,-0.0075956443,-0.094279036,0.0017185879,-0.08528086,-0.019911462,-0.11967317,-0.17023355,-0.103346884,0.024325015,-0.051593825,0.21854374,0.13593113,-0.2551209,0.09936129,0.050595533,0.010554758,-0.05841441,0.16329114,-0.011347895,0.019932376,0.11335476,0.052521564,0.0650863,0.19505726,-0.09331157,-0.057942882,-0.3042111,-0.061949495,0.052347567,0.120082274,0.033473227,-0.07726002,-0.01963619,-0.0909767,0.19094817,-0.1054554,-0.13708593,-0.30249387,-0.055280752,0.11156404,0.08359913,-0.07779858,-0.07570812,-0.02291002,-0.02732713,-0.009322445,-0.18264581,-0.22601038,-0.055967983,0.0053605293,-0.10371747,0.06432664,-0.046154156,-0.17240854,-0.26492786,-0.17431943,-0.008890278,-0.083276145,0.05929128,-0.22431952,0.04052467,-0.16390608,-0.30565172,-0.16412693,0.04418953,-0.08591225,0.0994624,0.13263029,-0.07237371,0.0009300811,0.036081236,0.10347907,-0.026899597,-0.1324244,-0.14020164
love,-0.083001755,0.07057477,0.04159425,0.11114584,-0.14237013,0.12585199,-0.042400684,0.09787053,-0.20204374,0.116384804,-0.11843087,0.06167755,0.10340984,0.16296354,-0.15097028,-0.08510486,0.121451974,-0.17738236,-0.18232651,0.13208835,0.056073777,-0.10275514,-0.108355254,0.18045379,0.26953498,-0.0021656111,-0.08742424,0.050492276,-0.09446075,-0.102297276,-0.055592883,-0.15954928,-0.08627771,0.032937773,-0.04132962,0.18942633,0.14053138,-0.19239363,0.065113366,0.041388474,-0.024503293,-0.050464567,0.17504385,0.019833872,0.015119344,0.11695982,0.058885038,0.05519454,0.15558787,-0.020476084,-0.037207756,-0.35832617,-0.058995254,0.043037407,0.09869549,-0.04762194,-0.08666734,0.013680076,-0.07324372,0.12154835,-0.086781554,-0.1405103,-0.32734823,-0.059316076,0.04578177,0.07119437,-0.021451317,-0.04785712,-0.12762746,0.009899969,-0.0034739969,-0.1638378,-0.2302097,-0.09623208,0.0038985745,-0.09233118,0.049719814,0.009574015,-0.13080207,-0.21088901,-0.09971355,-0.0055937953,-0.07439997,0.10247462,-0.2454431,0.04047702,-0.18165244,-0.2742801,-0.11866694,0.046751544,-0.16156025,0.09633226,0.08558772,-0.09625412,0.031090904,0.026959524,0.03848565,-0.021073619,-0.10759069,-0.121394195
young,-0.12936449,0.12959376,0.026300162,0.12222907,-0.14826234,0.17056379,-0.002838359,0.10967766,-0.14931324,0.13989355,-0.1104531,-0.0008704618,0.104228586,0.12419338,-0.09148467,-0.046826642,0.085504286,-0.16867074,-0.11251969,0.16023734,0.048523758,-0.078355655,-0.14279775,0.2157157,0.2922528,0.01392118,-0.05122197,0.034274064,-0.09488822,-0.08787303,-0.03690975,-0.1845821,-0.05478554,0.041064337,-0.007149241,0.16906525,0.13297437,-0.2103695,0.10362787,0.062539555,0.0058029196,0.005482937,0.24185893,-0.0053236093,0.017035821,0.079237826,0.0333339,0.038047925,0.1828481,0.0010920699,0.016739083,-0.38307172,-0.09103763,0.04951819,0.12981719,-0.054180104,0.015542478,0.07077422,-0.08518897,0.17681561,-0.07637493,-0.14977719,-0.3209955,-0.03346131,0.06994792,0.02779443,0.009878555,0.02856823,-0.16408062,-0.028206827,0.02904214,-0.1975846,-0.24030711,-0.12863918,0.100118786,-0.12130575,0.07952751,0.07675261,-0.18263926,-0.16037956,-0.092298284,0.05808498,-0.09815061,-0.003981529,-0.29965997,-0.013074416,-0.29466003,-0.2774271,-0.091819555,0.031672146,-0.13916789,0.10590665,0.058415372,-0.017025786,-0.008006296,0.019182568,0.062629424,-0.045899685,-0.13249247,-0.09814177
run,0.16578585,-0.028575428,-0.05512146,-0.07211536,-0.28362465,0.24338491,-0.12778762,0.21895444,-0.17646606,0.05960816,-0.12091338,0.06711898,0.0100292545,0.07085525,-0.19603252,-0.066516206,0.20822021,-0.17318752,-0.2554328,0.1036602,0.07297532,-0.2550157,-0.07161002,0.2704106,0.24510945,-0.06657249,-0.0076176752,0.060075633,-0.13116688,0.012006874,-0.00022610754,-0.29081035,-0.21195784,-0.032681894,-0.12664144,0.18764731,0.23089871,-0.18538254,0.27128896,-0.047486316,0.088146396,-0.10797006,0.10179258,-0.13373844,-0.015964542,0.21374,-0.0833852,0.121279046,0.21107996,-0.13526781,0.0057252734,-0.2693326,-0.09380335,0.15478481,0.1508258,0.059905622,-0.28349602,-0.13115218,-0.023884406,0.082856365,-0.17728594,-0.12267321,-0.21432135,-0.14611615,0.23043728,0.0056461175,-0.10652504,-0.21313046,-0.0062157903,-0.071840204,-0.05360104,-0.020416304,-0.15090686,-0.15353686,-0.14973882,-0.055131152,0.011077861,-0.15847279,-0.17682461,-0.22616243,-0.18076815,0.005578326,-0.2115098,0.25609386,-0.08865469,0.1288246,-0.21031663,-0.28842658,-0.17830837,0.07465279,-0.038605947,0.07188365,0.21074033,-0.08679899,0.1381155,-0.09512712,0.18868956,-0.05189834,-0.11065009,-0.24767593
ship,-0.060022146,0.12862553,-0.01059334,0.05202687,-0.34958708,0.2349754,-0.038274366,0.2153457,-0.16623302,-0.0005986928,-0.054157328,-0.034356393,0.02779664,0.08315899,-0.042442948,0.008481989,0.12643638,-0.13222677,-0.022956135,0.13080278,0.043668926,-0.14911455,-0.05989895,0.26499373,0.2519004,0.020105843,-0.089825206,-0.006061742,-0.17444788,-0.039126307,-0.0627807,-0.28089303,-0.10949864,-0.023628963,-0.04173231,0.073703736,0.23672,-0.21244371,0.17348966,0.10246258,0.043337457,0.040609986,0.31437165,-0.1272351,-0.019777652,0.04438913,-0.024578456,0.043142382,0.078484364,0.04697604,-0.03991225,-0.3921136,-0.18029538,0.1373092,0.1232702,-0.033943824,0.03625775,0.14796242,-0.044091545,0.23238187,0.040316664,-0.033040836,-0.28562966,0.059865445,0.14658567,-0.049185105,0.015273397,0.01388472,-0.22381711,-0.03580786,0.05304994,-0.1415266,-0.10500995,-0.15106554,0.06484953,-0.12834819,0.020465393,-0.03482323,-0.16522574,-0.20677607,-0.10414445,0.20697545,-0.14112744,-0.010063852,-0.23790833,-0.06378998,-0.28062314,-0.2501192,-0.06895747,0.028763894,-0.1075732,0.15721828,0.06893828,0.059581302,-0.000842881,-0.029075678,0.051878415,-0.021066574,-0.06684791,-0.08916022
already,-0.01695309,0.050760545,0.02876157,0.08753456,-0.19699578,0.12381788,-0.04710163,0.14123487,-0.17220958,0.07165708,-0.10714015,0.0351578,0.073958926,0.111860625,-0.11667792,-0.13969988,0.13404381,-0.14633773,-0.14457777,0.11844209,0.08587011,-0.09362605,-0.11446335,0.17831779,0.24947204,-0.041498296,-0.06855253,0.05767097,-0.1351018,-0.08054283,-0.02833649,-0.21041085,-0.04829556,-0.0012375832,-0.0994418,0.1911821,0.11750822,-0.21311197,0.1255437,0.07004035,0.005396755,-0.023134904,0.18066509,-0.045751188,0.063140005,0.043187574,0.07705763,0.09821747,0.16927439,-0.059689466,-0.06108792,-0.3588572,-0.052381486,0.066643216,0.11688265,-0.024520842,-0.07619726,0.012566853,-0.049425866,0.15727869,-0.076435305,-0.07787464,-0.33151406,-0.035698555,0.0883101,0.06874235,-0.04824075,-0.004167954,-0.07275797,-0.016912296,-0.005819641,-0.16495207,-0.1842786,-0.088814616,0.037085377,-0.067965515,0.06173183,-0.03298473,-0.17648456,-0.24418709,-0.14102778,0.039610777,-0.08943337,0.044653613,-0.2545633,0.002634532,-0.19954598,-0.30741674,-0.095607534,0.03954636,-0.15137914,0.09379158,0.051551655,-0.078117095,0.037731748,0.007713961,0.062285744,-0.06890874,-0.13181923,-0.14903714
last,-0.08995212,0.12853849,0.03619536,0.06846835,-0.26342624,0.20567575,-0.042210136,0.1852484,-0.18668209,0.07394937,-0.08689176,0.024761902,0.090307884,0.11667244,-0.12979555,-0.0232096,0.1519799,-0.15529288,-0.07108939,0.15135068,0.06973383,-0.06047511,-0.12186283,0.2214438,0.27987114,-0.026395893,-0.08580089,0.05644192,-0.13972442,-0.18390267,-0.053155698,-0.21193369,-0.06347611,0.019986447,-0.03390589,0.098370135,0.16367127,-0.14767285,0.10482772,0.11849998,-0.07198651,0.022120424,0.22983935,-0.015328289,-0.026258683,0.03178272,0.08496448,0.037870836,0.07744253,0.05748901,-0.038155083,-0.39781424,-0.17743587,0.021653615,0.10504586,-0.08096347,0.033117756,0.0948381,-0.05757764,0.17849958,-0.011789564,-0.09154609,-0.35938108,0.087398835,0.03951745,0.063107476,-0.009643403,0.09354593,-0.2491679,-0.010706737,0.06827746,-0.14544694,-0.1623003,-0.12703861,0.054560542,-0.13214225,0.077824004,0.054938227,-0.14571469,-0.2359027,-0.1231474,0.09916077,-0.08148598,0.021275785,-0.2876433,-0.057771303,-0.19607542,-0.23429558,-0.04395705,0.06495137,-0.22776262,0.14924099,0.0771188,-0.061569337,-0.0069543123,-0.0036183153,0.011998446,-0.008445798,-0.065537214,-0.116693266
mountain,-0.08603511,0.11095073,-0.03028893,0.11915015,-0.28334883,0.21072176,-0.021402175,0.15303208,-0.16980287,0.021033375,-0.08694264,-0.037837,0.11602133,0.12542844,-0.10736817,-0.00048226843,0.09287303,-0.16049065,-0.119806744,0.12693927,0.07110145,-0.1424872,-0.07899691,0.25661233,0.22716066,0.020706162,-0.10006926,0.034160476,-0.16131304,-0.10862644,-0.08049792,-0.2101717,-0.10838207,-0.008885359,0.018176874,0.10678003,0.15753454,-0.19815415,0.085570194,0.06547447,0.02986632,-0.008536929,0.28889838,-0.059970215,-0.04623898,0.08780337,-0.008043739,0.03974792,0.088056445,0.049814504,-0.023242006,-0.3929438,-0.13831235,0.10355675,0.10698733,-0.085364446,0.013076696,0.121303186,-0.09508376,0.15891822,-0.01471228,-0.12485285,-0.31156543,0.048001412,0.09506127,-0.0052493783,0.029028965,-0.04275644,-0.21383819,-0.020736068,0.04096795,-0.2028798,-0.178789,-0.1070255,0.040720716,-0.15118997,0.034489617,0.01931474,-0.168614,-0.22070959,-0.08101678,0.14225878,-0.12791556,0.03352283,-0.23355825,-0.01188011,-0.25481865,-0.22057562,-0.052753296,0.03709952,-0.10645497,0.14296335,0.092798,-0.004015621,0.012122862,0.008927528,0.07632174,0.01245468,-0.057911597,-0.08199935
bamboo,-0.23314753,0.079620756,-0.03276547,0.13700889,-0.20129232,0.13822594,-0.03625155,0.12089792,-0.08499077,0.12988038,-0.064708896,-0.01940636,0.07720757,-0.016439006,0.00899632,0.008284646,0.08909999,-0.063475505,0.011244681,0.020434035,0.10996021,-0.019601332,-0.20835544,0.18218185,0.2532164,0.07512102,-0.13022982,-0.041501913,-0.05294626,-0.10687713,-0.06748848,-0.20133854,-0.037727457,0.03828551,-0.0795845,0.11774558,0.1630486,-0.21904123,0.06516175,0.106134124,-0.0037352433,0.051199425,0.21438976,-0.06547855,0.04975601,0.041841254,0.06273459,0.006939719,0.101137854,0.065665245,-0.09567719,-0.34502867,-0.17034246,0.08995193,0.09615411,0.002285996,0.10102553,0.1908876,-0.114216566,0.25083527,0.014198301,0.009213292,-0.2075881,0.12203025,0.063383475,0.009378312,0.062666304,0.056379072,-0.26694822,-0.023126721,0.030858705,-0.2135511,-0.15773986,-0.08544339,0.031566575,-0.17913593,0.023728378,-0.029538838,-0.104246914,-0.21448274,-0.1343743,0.13931409,-0.06578133,-0.11038646,-0.28079027,-0.13894515,-0.14891814,-0.16963856,-0.10393852,-0.0014394532,-0.02796257,0.14485596,-0.024020463,0.043691456,-0.0651498,-0.026304811,0.0041009434,-0.021952633,-0.09884257,-0.022485146
lady,0.010304598,0.015954131,0.0034120881,0.059047714,-0.121992536,0.051577237,-0.043992225,0.04906501,-0.1796638,0.13529149,-0.15595403,0.0361867,0.13592589,0.13004428,-0.1344067,-0.10746541,0.10835834,-0.17585063,-0.1528776,0.062102035,0.07483675,-0.028033275,-0.122836344,0.1847148,0.3065471,0.0010532096,-0.115922585,0.013303064,-0.11253396,-0.02426953,-0.047275674,-0.18342747,-0.11596648,-0.011871945,-0.061472744,0.17912005,0.11976799,-0.21589929,0.13728735,0.0732325,-0.007147508,-0.08101083,0.20032725,-0.02666173,0.031183029,0.119873956,-0.0012541458,0.096427776,0.21880542,-0.097219326,-0.017879004,-0.3395119,-0.063383944,0.079063825,0.07535754,-0.010078455,-0.12205775,-0.032040603,-0.058132987,0.16661009,-0.11946101,-0.11989696,-0.3333758,-0.107918926,0.1041001,0.028079227,-0.032950662,-0.053915787,-0.09237275,0.013968084,-0.040218394,-0.12411007,-0.23100749,-0.10313173,0.022196015,-0.11003605,0.044977326,-0.044447336,-0.13195834,-0.22889115,-0.10149898,-0.0838175,-0.12615038,0.11843878,-0.17045149,0.06521051,-0.18407309,-0.2836343,-0.111909874,0.066422604,-0.10025516,0.11331313,0.15484497,-0.06842537,-0.027817229,0.008015807,0.09687685,-0.034159817,-0.12374073,-0.16994616
worry,0.07076678,-0.044651475,0.024645215,0.18748023,0.007961281,-0.024005814,-0.016950455,-0.049564186,-0.31273633,0.110511534,-0.2657368,0.08828038,0.26987684,0.37226263,-0.23702505,-0.2372,0.036889777,-0.22406933,-0.42482668,0.04748474,0.04207722,-0.052163422,-0.043056775,0.07525182,0.21553694,-0.023040757,-0.15137936,0.0042569106,-0.07845393,-0.007330121,-0.06760823,-0.048793297,-0.13068716,0.05839999,0.07155964,0.18190694,-0.09275973,-0.20347238,-0.007196611,0.09544423,0.06660411,-0.2353936,0.18366829,0.0631517,0.10584673,0.17945011,0.12491407,0.0543698,0.20106025,-0.11850891,-0.15877263,-0.43665534,0.035365276,0.03729206,0.13137206,-0.100995824,-0.27406174,-0.10623444,-0.10363068,0.142566,-0.1591686,-0.31546062,-0.38988057,-0.20698144,0.03055778,0.1114116,0.022473969,-0.17435256,0.064281784,0.02972825,-0.1618347,-0.15769608,-0.34717184,0.00028909685,-0.072093636,-0.16371602,0.06510543,0.045764197,-0.0783077,-0.26129785,0.004303472,-0.14530237,-0.027512621,0.22069563,-0.16338935,0.2079383,-0.1193947,-0.39664012,-0.14638041,0.07200811,-0.13679114,0.09835277,0.115500696,-0.18651801,0.0012113844,0.09609249,0.062946,-0.014978451,-0.058219124,-0.13174179
nothing,-0.08974323,0.09824887,-0.022333259,0.1394172,-0.1883906,0.11144253,-0.051915366,0.10196735,-0.15441032,0.13473816,-0.129372,0.0124253025,0.120846584,0.11169359,-0.109690495,-0.121409476,0.11516342,-0.122770585,-0.1285057,0.10011452,0.041020043,-0.09527369,-0.099463664,0.17876829,0.2921333,-0.016699826,-0.06964518,0.0012192223,-0.11966752,-0.053361885,-0.05756449,-0.21650717,-0.06678177,0.01752063,-0.02461039,0.16538276,0.09390588,-0.2196057,0.12292491,0.11572313,0.005225654,-0.0428997,0.21626899,-0.044660263,0.017573236,0.016421368,0.014343124,0.027000515,0.1745425,-0.030255295,-0.04869606,-0.38671145,-0.06635547,0.031182883,0.13586155,-0.015366859,-0.011193137,0.031215899,-0.066390134,0.20846884,-0.055172425,-0.13106719,-0.3330827,-0.06305719,0.09320143,0.039311174,0.0046661897,-0.009714147,-0.07789071,-0.051724464,0.0324223,-0.18760814,-0.2539304,-0.11803877,0.07462902,-0.11092193,0.067833625,0.006299653,-0.22280376,-0.23064902,-0.10312526,0.037949543,-0.07084925,0.027663147,-0.25346452,-0.003930116,-0.21520282,-0.30535078,-0.11783152,0.05722006,-0.0924757,0.09639742,0.068551145,-0.07998969,0.001690964,0.034196615,0.08658461,-0.049189717,-0.13973047,-0.09220567
while,-0.04155997,0.100942925,0.06136901,0.029607775,-0.21015665,0.19215561,-0.04367125,0.1404354,-0.18003222,0.11638262,-0.09401533,0.0042378996,0.07934529,0.124023855,-0.1886113,-0.07986509,0.185113,-0.17697601,-0.17648107,0.14214052,0.1158968,-0.12768278,-0.10001048,0.24876688,0.2594379,-0.02803936,-0.12748794,0.052544273,-0.1632418,-0.14273855,-0.083244815,-0.16818276,-0.051172227,-0.015443173,-0.074880295,0.1610306,0.17800733,-0.18168968,0.08736486,0.08077166,-0.034999467,-0.0014556942,0.26111838,0.008772944,-0.037753414,0.10547024,0.04746679,0.052200772,0.09331015,0.06725949,-0.060448628,-0.36836305,-0.10631388,0.04504856,0.07973935,-0.061527826,-0.03228673,0.0908306,-0.047875173,0.14515439,-0.031207085,-0.07894711,-0.32869455,-0.016944665,0.044908047,0.07311366,-0.0641432,0.03782208,-0.22421962,-0.031013202,0.03592921,-0.1345069,-0.14388557,-0.11423188,0.010142226,-0.13688236,0.052518815,0.056604736,-0.12058579,-0.20494986,-0.08283865,0.062054057,-0.12445308,0.07124616,-0.28996632,-0.027590424,-0.17475946,-0.21276426,-0.10748342,0.04489592,-0.193863,0.088546336,0.08248806,-0.07578754,0.043094803,-0.029793635,0.055222195,0.023744572,-0.06651438,-0.13887078
shishigami,-0.036780592,0.13229336,-0.02651614,0.12320548,-0.40720105,0.27536213,-0.021390706,0.209283,-0.19604006,-0.03631446,-0.09545416,-0.017742315,0.090415984,0.14352365,-0.10840194,0.07002314,0.110408105,-0.19244675,-0.07656547,0.20020917,0.029945267,-0.18320963,-0.049888026,0.29169446,0.23141274,0.016191153,-0.06231395,0.021994121,-0.17487155,-0.14773169,-0.073160216,-0.26387706,-0.14418362,-0.033353813,0.034600597,0.019586654,0.21697445,-0.14052916,0.12992537,0.0970758,0.0318308,-0.012772079,0.30132604,-0.08219323,-0.04757413,0.047252532,-0.01028009,0.07569015,0.054822985,0.07683728,-0.0036982775,-0.41956726,-0.18217114,0.11362936,0.11891905,-0.12570415,0.009121946,0.14807746,-0.0482806,0.17042945,0.041069984,-0.08671109,-0.3313058,0.094217986,0.11220201,-0.05729353,0.06413716,-0.035691105,-0.25900632,-0.018151943,0.06631505,-0.15436617,-0.14394103,-0.14597924,0.060499087,-0.15828724,0.028185975,0.008101289,-0.13510837,-0.25948688,-0.056131713,0.1975449,-0.1401228,0.05359228,-0.22295259,0.008131828,-0.25552583,-0.21771258,-0.008235157,0.03763181,-0.120589875,0.18195581,0.142901,0.035288393,-0.024767995,0.0044948794,0.058520854,0.033436242,-0.0449656,-0.1162702
kiki,-0.057624944,0.08477138,-0.03292359,0.046815682,-0.18399115,0.053541686,-0.08237038,0.106938444,-0.17724401,0.0829822,-0.11514439,-0.019281643,0.12834664,0.16190584,-0.13752452,-0.10432603,0.13780448,-0.14374202,-0.14730544,0.024357682,0.07331143,-0.07875527,-0.108045384,0.21623102,0.24776335,-0.015880343,-0.16774903,-0.01633926,-0.16052471,0.011195944,-0.12570406,-0.17356053,-0.12639906,-0.019199956,-0.010288965,0.13278697,0.1164609,-0.22494459,0.07523133,0.115403704,0.04381079,-0.063297,0.2168008,-0.028536879,0.004413432,0.12669761,0.0646838,0.086671494,0.10086693,0.0079633575,-0.100771286,-0.31723115,-0.08794798,0.05273798,0.12599178,-0.0006107051,-0.0567745,0.0015046482,-0.14602746,0.21089506,-0.03715188,-0.082679436,-0.34350178,-0.015677,0.06306993,0.04876905,-0.01563488,-0.1411015,-0.12512963,-0.036893655,0.0066813966,-0.15176553,-0.23136736,-0.058322985,-0.0030789908,-0.12533243,-0.00938321,-0.034327164,-0.14167222,-0.27482125,-0.110840134,0.026788116,-0.07858908,0.07497691,-0.21713573,0.0840495,-0.18664792,-0.2743537,-0.120676674,0.0446008,-0.07518145,0.13993281,0.108453505,-0.06943311,-0.006498496,0.006901159,0.07983472,-0.00067123456,-0.0712292,-0.10899254
return,-0.060358986,0.09281641,0.029296461,0.081226274,-0.22666517,0.18247254,-0.05223571,0.1549307,-0.19626527,0.05169294,-0.1651624,0.042935893,0.14284456,0.19545652,-0.2199252,0.0019652955,0.1322418,-0.23671578,-0.2447635,0.17100745,0.06626006,-0.12868513,-0.10830661,0.2166431,0.23185556,-0.03542206,-0.073975146,0.10216338,-0.13187112,-0.20447093,-0.10963618,-0.15188171,-0.121640205,-0.0018380682,0.026247656,0.10342395,0.10771054,-0.088494614,0.048312243,0.05687181,-0.027719744,-0.049225647,0.168114,0.034720737,-0.09326494,0.119097315,0.089638986,0.04830662,0.069551826,0.0374024,-0.020326644,-0.36682504,-0.11145826,0.012704249,0.0491617,-0.11245829,-0.09869708,-0.002912658,-0.06146415,0.07247716,-0.03792656,-0.1489402,-0.3497813,0.00556069,0.0018886804,0.09561383,0.0004529787,-0.035864342,-0.21280695,0.008226643,0.04001805,-0.13514704,-0.20056827,-0.10919595,-0.029357584,-0.14542268,0.026373042,0.02849708,-0.09259501,-0.2807825,-0.08413915,-0.010199762,-0.09691613,0.15820774,-0.22210398,0.076584674,-0.15851928,-0.22442138,-0.06722425,0.040950112,-0.195119,0.14905322,0.14078157,-0.10489027,0.040881533,-0.013634499,0.02665467,0.054435175,-0.052202784,-0.12073974
move,0.03841648,0.01857738,0.014975278,0.10254881,-0.149415,0.11411249,-0.014168924,0.0878579,-0.27993286,0.038127173,-0.15927723,0.037345983,0.14629085,0.26031134,-0.16359769,-0.121448465,0.06980045,-0.19316424,-0.25088376,0.13664925,0.03465446,-0.1274843,-0.020196415,0.16410656,0.22683793,-0.0065028425,-0.11513118,0.03649362,-0.12784408,-0.07120574,-0.066787995,-0.112655066,-0.14619371,0.0035570676,0.010806081,0.1409626,0.042369485,-0.1935845,0.05260285,0.097623244,0.045426067,-0.12886557,0.22368988,-0.008713514,0.035186328,0.13762358,0.05559179,0.050689247,0.13082437,-0.028398441,-0.10333504,-0.3965219,-0.05278669,0.08082865,0.11899747,-0.08904098,-0.14169714,0.01215273,-0.1139416,0.12903558,-0.07038276,-0.13895074,-0.34773082,-0.05528264,0.051003277,0.06274994,0.024353163,-0.117138036,-0.06803924,-0.011676764,-0.04795644,-0.13867499,-0.22305593,-0.054449264,-0.022446902,-0.12539595,0.04292554,0.018493894,-0.11877691,-0.2397323,-0.047090907,0.007262612,-0.069127604,0.15078439,-0.17595156,0.10716177,-0.18437624,-0.31546757,-0.09857151,0.048407268,-0.13636777,0.13701819,0.12388237,-0.09663378,0.013986274,0.04779894,0.042864196,-0.035384584,-0.046892468,-0.12393624
enough,-0.021113126,0.05741733,0.04526388,0.070196256,-0.19138607,0.1761507,-0.019206777,0.15267456,-0.22540474,0.052862052,-0.11024826,0.029012842,0.12403599,0.18861671,-0.15665393,-0.11017421,0.08701462,-0.19611494,-0.21003607,0.13431905,0.08737063,-0.1187529,-0.06899503,0.18582262,0.22079717,-0.007815636,-0.07821379,0.07015751,-0.120717555,-0.09965669,-0.038573105,-0.1926853,-0.0915765,0.014406034,-0.040453963,0.15763612,0.111596726,-0.18412092,0.06883605,0.03166522,0.011696114,-0.048528817,0.20572113,-0.018049318,0.018980987,0.09724565,0.06403368,0.06801747,0.12863262,-0.0022639872,-0.07100293,-0.4024221,-0.079760835,0.06988749,0.10849815,-0.09611463,-0.09576584,0.030379748,-0.09305376,0.13606422,-0.0669005,-0.13082382,-0.35816073,-0.025332669,0.08924091,0.055720687,-0.03473787,-0.012800943,-0.11856002,-0.013395304,-0.0239096,-0.172273,-0.18694352,-0.09974305,0.007493119,-0.121838935,0.06064002,0.006067679,-0.14476965,-0.2230757,-0.06299434,0.031058429,-0.06974861,0.10806738,-0.24205089,0.02204824,-0.18251207,-0.2818609,-0.10199603,0.06230278,-0.15869762,0.11006119,0.08265735,-0.06800733,0.01564665,0.008394486,0.06127092,-0.019332865,-0.06869314,-0.14650439
witch,-0.08177139,0.14400569,0.012772498,0.09908303,-0.2164896,0.15037024,-0.020091083,0.14232376,-0.13354908,0.13590004,-0.101395816,0.037576634,0.050871015,0.07704896,-0.064962536,-0.045420434,0.122545086,-0.15514515,-0.06840441,0.15843779,0.056289107,-0.070788935,-0.12290535,0.23224749,0.30990705,-0.02673682,-0.06306043,0.032545086,-0.15997705,-0.1075409,-0.045551635,-0.20313719,-0.09434315,-0.01404561,-0.049191855,0.1419698,0.19522947,-0.19647661,0.14982943,0.08898263,-0.027926397,0.0315888,0.22309428,-0.021894831,-0.056278557,0.0399194,0.010068517,0.063803755,0.13954955,0.004076633,-0.012022187,-0.34382203,-0.1002204,0.07176764,0.09188266,-0.041306615,0.02813027,0.053226124,-0.030142738,0.149374,-0.03842233,-0.096469976,-0.2987635,-0.024847992,0.09140319,0.008305929,-0.01893059,0.031161472,-0.1946563,-0.024250656,0.079838894,-0.15814619,-0.19109832,-0.15521209,0.08101434,-0.088578366,0.008592678,0.019046638,-0.16367957,-0.23839454,-0.15226826,0.07152115,-0.1219104,0.016508937,-0.2195958,-0.02108166,-0.2369662,-0.22025701,-0.07206756,0.023195975,-0.12790379,0.10936909,0.102056496,0.019435417,-0.01464434,-0.0016784923,0.08556798,-0.03216365,-0.13229465,-0.13259575
today,-0.022129117,0.072831236,0.01415448,0.07523827,-0.18957828,0.09211658,-0.03032735,0.11154308,-0.15455605,0.10672525,-0.123776846,0.035064742,0.090722136,0.12395814,-0.14886118,-0.08572421,0.14485744,-0.17193532,-0.15442097,0.11127565,0.08212626,-0.043489125,-0.12687321,0.21458258,0.27009526,-0.028444076,-0.06911299,0.063501514,-0.13247974,-0.12442649,-0.09242994,-0.18778151,-0.08741064,-0.00023895042,-0.0017625347,0.16282248,0.13575462,-0.1658343,0.084426396,0.05853358,-0.02285663,-0.035246827,0.17374095,0.02114015,-0.027841043,0.09743473,0.0712306,0.07150847,0.13977706,-0.022006288,-0.029723465,-0.30558756,-0.06669544,0.020871013,0.06409359,-0.08907144,-0.07967339,-0.035022568,-0.038703665,0.1401741,-0.058806535,-0.109397344,-0.3496392,-0.01023109,0.040685486,0.06721768,-0.028520674,-0.020308025,-0.12920883,0.0066259108,0.015226225,-0.15035486,-0.21462618,-0.08169092,0.02868736,-0.08372182,0.01250825,-0.0065324996,-0.14488451,-0.28024462,-0.15066421,-0.027920904,-0.08849468,0.07791535,-0.23263416,0.049575374,-0.16236176,-0.2682333,-0.07626481,0.016347699,-0.13609228,0.11521245,0.122747675,-0.11276814,0.014089435,-0.005025379,0.06267339,0.0006058841,-0.09571612,-0.13381316
bad,0.016465586,0.052400466,0.04655619,0.049057793,-0.13541864,0.11294154,-0.023159737,0.09290359,-0.138971,0.14138211,-0.12901959,0.08598315,0.06904428,0.10784606,-0.12050836,-0.13770401,0.11007874,-0.17761038,-0.2097816,0.10053352,0.083745755,-0.04845741,-0.14943445,0.2048106,0.3142482,-0.063414365,-0.057465006,0.0561917,-0.11889864,-0.03523518,0.0011051401,-0.17036557,-0.07338311,0.026070155,-0.07451466,0.2117497,0.12063859,-0.18265003,0.13936916,0.017812038,-0.00086251134,-0.059955575,0.1488348,0.0056189694,0.05708963,0.10294299,0.03996865,0.07470177,0.22176298,-0.110980876,-0.004064626,-0.3354588,-0.031987075,0.031331223,0.10820277,0.0031797832,-0.14662796,-0.06720689,-0.032360196,0.14326659,-0.12185114,-0.13856348,-0.3138367,-0.09866659,0.107730046,0.0706218,-0.064536214,-0.01895166,-0.041851453,-0.0083782,-0.03451786,-0.12264953,-0.2395558,-0.101793684,0.02166868,-0.039461948,0.08544288,-0.031453397,-0.17470782,-0.21493946,-0.164962,-0.042276826,-0.1125617,0.100044474,-0.2435048,0.04766414,-0.25339478,-0.33657625,-0.13555826,0.048773322,-0.12968406,0.061218467,0.10075268,-0.11285531,0.040623702,-0.02075093,0.0948714,-0.04696856,-0.14756627,-0.15084617
bring,-0.015402833,0.088417076,0.005554333,0.0683712,-0.25990957,0.22097623,-0.043649055,0.1750966,-0.22944017,0.022279589,-0.12964855,0.016406268,0.14030279,0.23396981,-0.2177327,0.012608024,0.13647781,-0.20920601,-0.24130818,0.15990537,0.0590975,-0.18120068,-0.040725984,0.21657774,0.19867809,0.006527887,-0.08229206,0.07534046,-0.13936393,-0.16403778,-0.10021947,-0.16308095,-0.15939365,-0.021761334,0.054445673,0.098691255,0.12314911,-0.11018796,0.057149835,0.037657768,0.017969696,-0.07164954,0.22771513,-0.014679011,-0.061989892,0.15591276,0.061693676,0.047556706,0.05786754,0.06861236,-0.02579861,-0.35314047,-0.12805079,0.07517856,0.08188636,-0.123007424,-0.08818471,0.030546723,-0.08722857,0.10410837,-0.036558412,-0.13524069,-0.33680916,0.036515843,0.047284514,0.048899893,0.0015722044,-0.10461695,-0.19549276,-0.015323342,0.0076453276,-0.14895809,-0.18819618,-0.11391043,-0.049698807,-0.15911286,-0.0029190448,0.03652401,-0.08358514,-0.26239428,-0.06361779,0.06580756,-0.118131846,0.16323146,-0.18311374,0.092200466,-0.19635853,-0.2152114,-0.075629845,0.04133701,-0.14204328,0.14179227,0.13317257,-0.103181146,0.056373354,-0.020645615,0.046301417,0.035346176,-0.022394195,-0.14649448
always,-0.118892565,0.11131172,0.027133774,0.15180017,-0.14277187,0.16140454,-0.040890183,0.13314629,-0.1725116,0.12734936,-0.09278528,0.0058540483,0.114294276,0.122071825,-0.1335425,-0.056271136,0.10290555,-0.17073749,-0.1563812,0.13301612,0.081805035,-0.0665499,-0.13802236,0.17583835,0.25684825,-0.01114392,-0.06731832,0.042351812,-0.09516345,-0.15136023,-0.05784608,-0.1693932,-0.07275711,0.04326806,-0.048550367,0.20000926,0.13509898,-0.18414824,0.08287375,0.05239907,-0.0014548267,-0.013145733,0.1947642,0.021249173,-0.0035596609,0.082381584,0.079937905,0.018679319,0.14446971,0.035838094,-0.032936756,-0.3795451,-0.080678076,0.068863966,0.09805651,-0.07618916,-0.007490488,0.07130949,-0.08364359,0.117254354,-0.07258745,-0.16737233,-0.31649598,-0.0043783397,0.03711022,0.09021182,-0.053437717,0.00815891,-0.1612553,-0.02188201,0.03293293,-0.19211933,-0.2203109,-0.088789456,0.022807673,-0.12697089,0.09219663,0.06625064,-0.13901712,-0.21291076,-0.11072128,0.04630274,-0.062092006,0.024771828,-0.31209135,-0.013382236,-0.21617672,-0.23778112,-0.10657969,0.010346596,-0.19065313,0.07354632,0.0590556,-0.06518974,0.024123995,0.015047397,0.06255647,-0.030232161,-0.09728719,-0.10277345
matter,-0.021771453,0.08689653,-0.021660525,0.1443613,-0.11879178,0.072899766,-0.024639366,0.026942218,-0.1698305,0.1085737,-0.102829345,0.03200651,0.090198204,0.16301702,-0.05858179,-0.14123376,0.08063426,-0.1605177,-0.15265924,0.103935786,0.010923861,-0.093654156,-0.10933528,0.20637551,0.24466978,-0.0700423,-0.061387558,-0.058731902,-0.10660792,0.0029713402,-0.03272436,-0.20718956,-0.07981203,0.03680277,0.011844432,0.20885754,0.07029544,-0.22175086,0.12467581,0.060587198,0.098073214,-0.055285566,0.24578877,-0.056478005,0.060205285,0.08235841,0.017870083,0.043329336,0.18232445,-0.09314996,0.020216966,-0.32274073,-0.005553636,0.08776929,0.12975566,-0.019619562,-0.062556446,0.0024424733,-0.08265663,0.17831522,-0.04363807,-0.10988914,-0.34014508,-0.08531486,0.08849007,-0.0067953113,0.007858286,-0.09236806,0.032653447,-0.069450095,0.0067979963,-0.18429285,-0.30726394,-0.12572455,0.09836486,-0.04617354,0.0789347,0.021223811,-0.13868584,-0.14994688,-0.06372518,0.014655289,-0.079093106,-0.00031331278,-0.25782645,0.059226908,-0.24598344,-0.34483284,-0.105279565,0.021858903,-0.10150444,0.080920905,0.07528002,-0.029100096,-0.0053883507,0.03829822,0.12834994,-0.060623057,-0.14462003,-0.05667954
may,-0.024508804,0.066791296,0.020577056,0.15124397,-0.16103996,0.13845691,-0.030889465,0.11544491,-0.20681734,0.076261215,-0.11146807,0.037749164,0.11412146,0.17502864,-0.18312998,-0.117230795,0.10646408,-0.16823588,-0.2221733,0.14422005,0.07619872,-0.12031171,-0.10610405,0.16812803,0.23887828,-0.019832138,-0.06210863,0.07548654,-0.11593166,-0.16457994,-0.03079326,-0.1566447,-0.07322249,-0.015746627,-0.026994126,0.15656632,0.07837622,-0.17580687,0.065227605,0.08885995,0.004268801,-0.04282738,0.21022835,-0.00080232945,-0.004611324,0.05112907,0.0811361,0.083629146,0.12763916,0.04347807,-0.06875051,-0.39642528,-0.037605,0.04392166,0.10602108,-0.0736205,-0.042241216,0.015959572,-0.09802776,0.10874315,-0.09746998,-0.12702143,-0.382319,-0.040191624,0.02984865,0.04020636,-0.010380265,0.0020030902,-0.15054508,0.0075385203,0.023412833,-0.19921012,-0.19985713,-0.104266666,0.028583145,-0.09436884,0.050418817,0.07143308,-0.16718096,-0.24327877,-0.059596088,0.04805138,-0.06399943,0.07768866,-0.2584352,0.03027572,-0.20257683,-0.25892022,-0.037913147,0.04250362,-0.1514409,0.09865957,0.067776285,-0.082445756,0.031288303,0.055227347,0.073448405,-0.05582291,-0.10585962,-0.1094753
laputa,-0.12378458,0.13287897,0.0013782124,0.15363637,-0.26209188,0.25081274,-0.03466254,0.19638416,-0.15081288,0.08791213,-0.06242667,-0.015970446,0.09009645,0.13028328,-0.09862827,0.056958675,0.0879046,-0.17156263,-0.09956094,0.20517601,0.022146208,-0.15171008,-0.11698432,0.23683807,0.26942882,-0.030427907,-0.00064562185,0.06659099,-0.13955641,-0.17901184,-0.028075062,-0.22992104,-0.104675226,0.02964714,0.0017605816,0.11715029,0.1504832,-0.13889095,0.113573894,0.07071513,-0.013501197,0.028146725,0.24558918,-0.038884312,-0.06840173,0.009240093,0.029447488,-0.004297404,0.10027726,0.078328796,0.053429127,-0.3920281,-0.15617053,0.077309996,0.06961821,-0.10390699,0.07254591,0.10371694,-0.060301665,0.11193033,-0.015834263,-0.15733825,-0.29977468,0.05978295,0.07102049,0.021289736,0.0027085054,0.040232085,-0.21332932,-0.088637054,0.13107204,-0.21754247,-0.21585348,-0.17655411,0.09036713,-0.13331723,0.07955717,0.07337343,-0.20302168,-0.18298458,-0.07957285,0.14718406,-0.120341204,-0.030625643,-0.27147883,-0.042269193,-0.2819913,-0.1985987,-0.03334364,0.026024042,-0.1530362,0.09442678,0.061714973,-0.00056469446,0.0141109275,-0.016111486,0.066802286,-0.021142915,-0.10092004,-0.07143062
tama,-0.067002304,0.21874958,0.008441474,0.09873581,-0.4833488,0.37644678,-0.043317102,0.33216685,-0.20908488,-0.04883673,-0.030059999,-0.04885092,0.036552615,0.11659981,-0.15655127,0.11050871,0.16726808,-0.20182143,0.012391237,0.1976236,0.10925435,-0.19997352,-0.07319,0.31704614,0.20809229,0.07992787,-0.042829137,0.0855348,-0.19101745,-0.17956023,-0.05682999,-0.32640317,-0.083642036,-0.046943054,-0.0094671715,-0.025318835,0.2736958,-0.07891287,0.12650391,0.10345809,-0.019335544,0.0849883,0.31496802,-0.09482035,-0.10146515,0.07808277,-0.045749024,0.078519836,0.010578866,0.14341405,0.009130041,-0.4489094,-0.26342016,0.10895749,0.11909523,-0.11084367,0.086662374,0.25102657,-0.045208424,0.14704938,0.057006005,-0.009838954,-0.34164077,0.19336826,0.09309077,-0.045516152,0.030060023,0.042003233,-0.42404208,-0.014147616,0.16088945,-0.15645126,-0.07883473,-0.1857668,0.0917612,-0.15472183,0.04946408,0.04091326,-0.17082286,-0.19742326,-0.0693563,0.28772867,-0.16428821,0.015270731,-0.32496947,-0.12927905,-0.2535006,-0.14547516,-0.024667546,0.08957917,-0.20959464,0.2086379,0.073833235,0.064752944,0.01031198,-0.013649083,0.0049551977,0.034645155,-0.016216632,-0.118343554
around,-0.03252172,0.079627216,0.015782591,0.080925375,-0.25750446,0.21906209,-0.037931632,0.17209028,-0.18674918,0.027087823,-0.09513417,0.012184469,0.08092603,0.13323818,-0.11892468,-0.06280735,0.13657364,-0.15578859,-0.10786894,0.14997183,0.093010284,-0.1415187,-0.08200452,0.2312341,0.23520608,-0.0026693528,-0.08076772,0.049722813,-0.16239162,-0.12460648,-0.012492106,-0.2033341,-0.11722748,0.0008365608,-0.05437288,0.12926249,0.15464109,-0.18296845,0.103318304,0.057880115,0.01538238,0.007787578,0.23052612,-0.051752973,-0.0077677625,0.07359846,0.015719661,0.062202588,0.11486089,0.039113276,-0.05872866,-0.3802054,-0.11659781,0.10274069,0.108403444,-0.048938584,-0.039535526,0.0838011,-0.05465198,0.1422127,-0.03472603,-0.094600394,-0.29389253,0.0252235,0.099921465,0.04193264,-0.022938315,-0.013905696,-0.18554275,-0.021707153,0.019618599,-0.18005562,-0.16363774,-0.12683626,0.02324492,-0.10465599,0.027191022,0.019421227,-0.16250502,-0.22883716,-0.107453875,0.12632039,-0.12528627,0.06389598,-0.2468352,-0.04348127,-0.2263829,-0.22429562,-0.07659481,0.06192391,-0.14870472,0.1106411,0.08267684,-0.008299444,0.058555927,-0.0144985225,0.059527695,-0.04466194,-0.09123963,-0.13281192
thought,-0.10717648,0.13387747,0.037302118,0.1705785,-0.14636442,0.17560247,-0.037872087,0.09004664,-0.1486453,0.19233309,-0.09433117,0.07691659,0.101955436,0.122277945,-0.19379722,-0.0651002,0.19101457,-0.1924578,-0.16308628,0.1614425,0.09255458,-0.0800931,-0.13982198,0.1977517,0.29335105,-0.11013958,-0.051129308,0.039514903,-0.11638122,-0.16410235,-0.038852952,-0.18398374,-0.04344186,0.027816072,-0.04629283,0.19850294,0.13405319,-0.14355493,0.09584038,0.07896912,-0.052602656,-0.015162232,0.17314874,0.05747182,-0.04212748,0.030291008,0.08695761,0.04306488,0.14825486,-0.002773874,0.030876944,-0.3884917,-0.06542282,0.011116025,0.095526285,-0.07059385,-0.027383247,0.018812072,-0.0176613,0.09223219,-0.050319113,-0.15806317,-0.33652762,-0.043273,-0.00059955026,0.11213194,-0.05747904,0.04083449,-0.17965412,-0.0065980474,0.0546306,-0.19216353,-0.2550097,-0.13213255,0.05251695,-0.07196727,0.10169045,0.12486787,-0.15687484,-0.21620202,-0.10540261,0.013175284,-0.059879772,0.039016802,-0.32237536,-0.011184716,-0.20581686,-0.21821572,-0.08826126,0.028038068,-0.22242047,0.030624392,0.06732014,-0.118330486,0.024938397,0.0024529803,0.050052997,-0.009985527,-0.100953355,-0.12318773
mean,-0.03730605,0.082232565,-0.03659801,0.16002916,-0.1033972,0.059755556,-0.037329417,0.004077155,-0.18583985,0.12004444,-0.15133347,0.038034886,0.12621514,0.23149101,-0.17859617,-0.113842525,0.12657149,-0.15762003,-0.22965503,0.111945994,0.044878356,-0.08475505,-0.09916879,0.14987394,0.24226522,-0.06781558,-0.09456363,-0.01488703,-0.14105855,-0.038169477,-0.10909759,-0.11235499,-0.13291816,0.03463422,0.0002492959,0.21063735,0.051584978,-0.20011729,0.058847222,0.08322696,0.041287985,-0.09970097,0.22533934,0.016707234,0.005939395,0.09437924,0.0610334,0.043768268,0.15908878,-0.067397214,-0.046504494,-0.33416605,-0.018152483,0.034335982,0.086051196,-0.03665608,-0.10315043,-0.010822644,-0.093129106,0.11801347,-0.095561534,-0.17332359,-0.32260108,-0.0903404,0.031651706,0.077148795,0.011643863,-0.12919243,-0.026743196,-0.011164,-0.0448407,-0.17502058,-0.29061204,-0.06126873,-0.01440132,-0.097371854,0.038372397,0.07399766,-0.1271741,-0.21898541,-0.06310373,-0.028137904,-0.049642418,0.08599881,-0.21627675,0.13249241,-0.21147716,-0.28494692,-0.12395089,0.014265311,-0.111154124,0.05064083,0.072297215,-0.12854992,0.027903976,0.06545698,0.08742879,-0.03022798,-0.069311455,-0.1149404
life,-0.10181317,0.13966143,0.017026527,0.12766051,-0.24536471,0.19789954,-0.05867312,0.14919348,-0.13929942,0.11169725,-0.07874373,0.012795506,0.11282496,0.10627783,-0.10884635,-0.034609817,0.12054823,-0.18446575,-0.11015898,0.1485779,0.07956209,-0.0951961,-0.14968742,0.23099685,0.29124773,0.008601312,-0.071695045,0.065879546,-0.14545923,-0.12802468,-0.07529398,-0.17631683,-0.08638557,0.022427259,-0.028859459,0.1287502,0.1897945,-0.1724568,0.09168979,0.04667065,-0.0032508734,0.0028853423,0.2165139,-0.008516037,-0.007830211,0.053483367,0.045925185,0.031070199,0.12767337,0.022433557,0.0011297731,-0.3952146,-0.12682992,0.057898745,0.07816481,-0.06923273,-0.006571197,0.09555507,-0.080017954,0.15998794,-0.03109714,-0.123822555,-0.34097427,0.049303684,0.04226853,0.043494243,-0.037823834,0.022568155,-0.20339964,-0.009317084,0.036065985,-0.18719506,-0.18722102,-0.11703569,0.056002665,-0.14941408,0.09048517,0.04220429,-0.1423505,-0.23365544,-0.09304221,0.079545945,-0.108535826,0.023983039,-0.2952874,-0.024764083,-0.22599363,-0.23353133,-0.09900996,0.027495565,-0.1629258,0.09596509,0.076512255,-0.05128438,0.0015415488,0.020527394,0.061030872,0.026639657,-0.07247414,-0.13422541
course,-0.02152194,0.059467185,0.007459597,0.08561512,-0.26446474,0.22225133,-0.046841275,0.1923779,-0.18237896,0.026575053,-0.05869704,0.043296985,0.11172419,0.20060503,-0.15246782,-0.024386663,0.118622236,-0.18168914,-0.116046146,0.14734401,0.083520286,-0.12751722,-0.08918073,0.2408964,0.24338251,0.008768069,-0.06742017,0.0736139,-0.1518281,-0.117479175,-0.025034593,-0.22927931,-0.13376282,-0.019149799,0.0017849349,0.056928605,0.099317126,-0.12912941,0.09054007,0.044932917,-0.026115485,-0.01568331,0.24041836,-0.05439236,-0.043388523,0.087809354,0.030081704,0.05093284,0.09490558,0.04916164,-0.015870601,-0.35818103,-0.116103284,0.06723889,0.056693774,-0.12460088,-0.034619316,0.0555467,-0.05488325,0.13025898,-0.036676526,-0.087981164,-0.31960118,0.025811736,0.0783005,0.015603611,0.013801022,-0.024703182,-0.1914718,-0.024370339,0.04332445,-0.16808024,-0.14335006,-0.14779896,0.038908713,-0.101235546,0.043359935,-0.007199857,-0.13986363,-0.22328094,-0.061380405,0.038289223,-0.11734304,0.100606896,-0.19613622,0.02915195,-0.2114097,-0.21978734,-0.04627021,0.081229806,-0.16394411,0.15952015,0.06500066,-0.066554084,0.03078197,-0.010790645,0.040919866,-0.013212609,-0.049722545,-0.15313385
become,-0.075276904,0.10783238,0.042965733,0.1073889,-0.22022454,0.22423755,-0.002779416,0.18036854,-0.20392486,0.09344957,-0.112192295,0.002411478,0.10483453,0.13000828,-0.10758599,-0.03149972,0.07953825,-0.19358894,-0.19230518,0.20187649,0.052496012,-0.1631995,-0.06617604,0.19632529,0.23570605,-0.025321458,-0.03632403,0.08300097,-0.106893145,-0.1732477,-0.012830392,-0.18003477,-0.05752857,0.029089035,-0.035909057,0.16429718,0.12982167,-0.18334953,0.10826793,0.027743738,0.030827032,-0.0060935984,0.22184993,-0.022698298,-0.002322778,0.06562059,0.05628509,0.010916551,0.1414357,0.02249622,-0.012287116,-0.4064746,-0.12674275,0.09985512,0.1321802,-0.107325494,-0.010908143,0.07216441,-0.05235552,0.101324394,-0.060570013,-0.16805415,-0.30414987,0.011558002,0.06922326,0.044010885,-0.025302386,0.04097523,-0.13323276,-0.065828584,0.040485613,-0.17414163,-0.20260768,-0.14805533,0.048229072,-0.12720554,0.103129886,0.0809475,-0.17490599,-0.17729789,-0.10502055,0.09294383,-0.110664405,0.044421088,-0.30727875,-0.036346294,-0.27757785,-0.27959555,-0.10758453,0.029051695,-0.1867503,0.0737496,0.06428542,-0.041553684,0.028712848,-0.010636384,0.06549946,-0.038742572,-0.10129196,-0.10540992
pazu,-0.027708132,0.031251837,-0.016549153,0.07676983,-0.12338852,0.08791323,-0.042788725,0.069661796,-0.13481103,0.13640003,-0.08652167,0.030474046,0.108274534,0.11017402,-0.15638886,-0.10031971,0.15303205,-0.1338582,-0.14958453,0.06936401,0.08391182,-0.06834642,-0.10205464,0.15158887,0.25030488,-0.010085778,-0.096483074,0.04601354,-0.11381311,-0.0680572,-0.07941084,-0.17396703,-0.10717035,0.004970039,-0.04296647,0.16298074,0.105103746,-0.17516302,0.10952145,0.05843556,-0.011349068,-0.0596643,0.15812433,0.010245746,0.029004386,0.11158575,0.029694857,0.04123273,0.15263318,-0.047385126,-0.037007492,-0.28170735,-0.055009298,0.04761294,0.06852215,-0.005331551,-0.08792036,-0.032635346,-0.062428143,0.13994217,-0.069865264,-0.1291364,-0.31262296,-0.051803906,0.06533406,0.07166091,-0.047425468,-0.03445159,-0.07307782,0.0091225365,-0.053547397,-0.12839897,-0.19720984,-0.07688862,-0.020780299,-0.09402716,0.025606912,-0.018019924,-0.121999554,-0.21058498,-0.12887056,-0.0215922,-0.05812723,0.09619146,-0.21416245,0.049177874,-0.13000026,-0.2693778,-0.12829284,0.03901025,-0.10029207,0.10062665,0.092184976,-0.10195812,0.03732868,0.010443387,0.056254826,-0.01096382,-0.08187453,-0.13966522
once,-0.056595907,0.07384119,0.06367075,0.08811446,-0.18013763,0.18384822,-0.033309586,0.12410099,-0.21664438,0.07852055,-0.11296189,0.0064108614,0.12879795,0.1768193,-0.16782221,-0.05659907,0.096486464,-0.19580641,-0.20206927,0.12787104,0.083021946,-0.088751025,-0.08664949,0.21691318,0.25950387,-0.02209613,-0.08947144,0.08774576,-0.116962776,-0.16214933,-0.07672413,-0.14439715,-0.11032731,0.0017713984,-0.0188728,0.1494647,0.11951823,-0.17474,0.06804804,0.056937132,0.0031822147,-0.018504001,0.21119075,0.027656883,-0.017848179,0.14276606,0.052398175,0.04251706,0.110334925,0.06516456,-0.051574368,-0.37864286,-0.11126439,0.05160306,0.09184524,-0.09143791,-0.069099724,0.04806745,-0.09626126,0.13544855,-0.047854073,-0.13204995,-0.3473512,0.009077168,0.06845225,0.09830983,-0.023776382,-0.0040723705,-0.16862646,-0.022001885,-0.0014035117,-0.15555999,-0.18103443,-0.09206817,0.010518622,-0.12055323,0.07956403,0.017691353,-0.14498729,-0.21210235,-0.080669664,0.008049849,-0.09370502,0.09973496,-0.2584599,-0.011296138,-0.18148369,-0.2535655,-0.09780022,0.0520519,-0.16666037,0.13127755,0.09515225,-0.089886904,0.045301523,0.006429183,0.037894875,-0.014016428,-0.060473375,-0.13181409
mr,-0.08863401,0.029288422,-0.037271004,0.083301455,-0.1897731,0.06136684,-0.07889571,0.09603327,-0.16554978,0.07479848,-0.13734111,-0.026967853,0.11457408,0.110873625,-0.14743248,-0.04810879,0.12445847,-0.08626576,-0.12591851,0.055158325,0.04087962,-0.04973075,-0.11036211,0.1595372,0.25232822,0.04721874,-0.14732255,0.03621672,-0.13936906,-0.05378845,-0.09612975,-0.14194494,-0.11536735,-0.0183315,-0.033189002,0.13983497,0.11044777,-0.22431141,0.06599069,0.123997666,0.03429584,-0.07908776,0.19443433,-0.025513237,0.015100594,0.09328789,0.05296573,0.044550277,0.12524365,0.01915796,-0.09537292,-0.32637542,-0.117519505,0.050449535,0.09076172,0.009293878,-0.013163618,0.00603203,-0.1355076,0.18488249,-0.06809548,-0.08037682,-0.30348665,0.0063815434,0.08936725,0.028123697,0.00859538,-0.06999769,-0.15446362,-0.019244388,-0.021588631,-0.16818342,-0.18294452,-0.03201429,-0.014873042,-0.15243757,0.0015975211,-0.033324037,-0.1360332,-0.25278416,-0.10947776,0.032925557,-0.054410823,0.057153013,-0.21539128,0.047006287,-0.1914662,-0.253922,-0.10093531,0.043862987,-0.07673524,0.16505662,0.07587004,-0.077454075,-0.020434035,0.02949922,0.06375777,-0.015637284,-0.05006415,-0.12956646
ohh,-0.07335422,0.0063847746,0.005933085,0.10155273,-0.14002751,0.08191997,-0.04205346,0.05751043,-0.1734781,0.12629524,-0.086421005,0.06733096,0.056284722,0.04571597,-0.12185121,-0.110645555,0.1560108,-0.07229257,-0.055596564,0.03530333,0.027259639,-0.022640979,-0.122476935,0.10181453,0.30158117,0.037790965,-0.05978204,0.07525222,-0.084683046,-0.09552071,-0.09107297,-0.15417664,-0.08158134,0.031353455,-0.037249926,0.18240584,0.13304551,-0.23081438,0.12096557,0.10395028,-0.015502893,-0.13111116,0.102108344,-0.034912292,0.066810735,0.14423539,0.04154422,0.0021847705,0.13896737,-0.10824525,-0.03937586,-0.24256475,-0.14809221,0.09576436,0.06684629,0.044965047,-0.0088733025,-0.04579307,-0.030305773,0.16005756,-0.15898909,-0.08200906,-0.33443248,-0.037907865,0.09870599,0.055396497,-0.065683775,0.017528431,-0.06397286,-0.002575732,-0.034704495,-0.11843642,-0.19398695,-0.0190484,-0.031436916,-0.090011515,-0.03787431,-0.11826885,-0.15886934,-0.19467726,-0.10148122,-0.028268794,-0.06479077,0.06058875,-0.21490085,-0.033971656,-0.0842465,-0.32639116,-0.15056194,0.032635037,-0.081144005,0.11213281,0.06370326,-0.14941415,0.013640506,-0.0017158646,0.056048602,-0.060030714,-0.14793181,-0.17088757
understand,-0.028560461,0.06265983,-0.018440625,0.12397187,-0.051215313,0.07370444,-0.022684757,0.0064244336,-0.19335903,0.18009946,-0.18360776,0.07617605,0.11371565,0.19478987,-0.13957313,-0.14951585,0.09104365,-0.19309466,-0.26839328,0.10998364,0.038406756,-0.08693494,-0.11024227,0.17093399,0.29519588,-0.081271924,-0.04918383,0.004711624,-0.08026622,-0.06750121,-0.06736993,-0.14681321,-0.13115135,0.027219316,-0.010708673,0.22476652,0.045213968,-0.19175087,0.07509034,0.049490333,0.037848223,-0.10141616,0.16693923,0.022264548,0.020154467,0.122953236,0.057571508,0.051778775,0.20010151,-0.08582167,-0.010793616,-0.3582076,0.027184581,0.03706159,0.10112919,-0.050037265,-0.15061122,-0.0815606,-0.08128082,0.13021274,-0.10514015,-0.21338056,-0.3304944,-0.13450983,0.055778477,0.07847116,-0.006455965,-0.122031115,0.009892484,-0.02387138,-0.021941168,-0.1928018,-0.30467805,-0.08598684,0.013584537,-0.07019573,0.071360864,0.064103775,-0.15078782,-0.21499015,-0.086352676,-0.0815118,-0.07955008,0.090858,-0.23433709,0.13333496,-0.20786305,-0.33156085,-0.13494734,0.025539812,-0.11674869,0.07123295,0.11406023,-0.092680536,0.013595311,0.013601649,0.11075259,-0.04442135,-0.14043017,-0.1135053
pretty,-0.04540563,0.072998494,-0.022956625,0.084716424,-0.12565492,0.102476805,-0.06060412,0.06388046,-0.1528964,0.14591083,-0.115234196,0.039436318,0.06574319,0.10931467,-0.10726622,-0.11171532,0.1277226,-0.11985355,-0.13902417,0.07748454,0.054791763,-0.07421273,-0.13527395,0.1949847,0.3045811,-0.07434837,-0.06327084,0.0035014027,-0.115332104,-0.026483098,-0.030505437,-0.18961357,-0.0685502,0.035964977,-0.08574896,0.22553156,0.13831997,-0.23296344,0.15449327,0.06913774,0.013527498,-0.060859174,0.17795752,-0.038247548,0.043012954,0.07563493,0.0022475368,0.063439,0.18831882,-0.0779782,-0.00070755417,-0.32692656,-0.06719192,0.08578929,0.11641984,0.027025979,-0.07965013,-0.013710834,-0.07382693,0.14147241,-0.10397173,-0.124103904,-0.2816592,-0.09567125,0.09484673,0.043023672,-0.046607826,-0.066900104,-0.03315113,-0.046200395,0.008779457,-0.16544653,-0.23073334,-0.08905942,0.018792983,-0.080395006,0.06780897,-0.033586353,-0.18664277,-0.16677201,-0.12052921,-0.0082640955,-0.1157308,0.03750596,-0.24893987,0.05652473,-0.2267177,-0.28756544,-0.12928106,0.035999212,-0.10221024,0.057597727,0.069371514,-0.056554455,0.036365684,-0.004134202,0.103354216,-0.070400074,-0.13940401,-0.10552252
anything,0.021208383,-0.019599188,0.01230526,0.23176788,0.0005121692,0.058483545,0.02129096,-0.022495933,-0.27190366,0.13145596,-0.22047965,0.049633,0.21166368,0.33786952,-0.22585529,-0.20006347,0.05289604,-0.22962129,-0.37713262,0.15654573,0.07572233,-0.10065224,-0.009351893,0.10171225,0.19469056,-0.021489203,-0.08415967,0.024036305,-0.093253896,-0.106336355,-0.058392573,-0.07309097,-0.13728696,0.041168038,0.050382916,0.217255,-0.07713416,-0.22001907,-0.017928233,0.05052877,0.0694027,-0.16123511,0.19118375,0.07190204,0.05925798,0.1193258,0.11639713,0.05254521,0.19659017,-0.09616982,-0.101292096,-0.4087949,0.062281143,0.06181678,0.101330675,-0.15711291,-0.19054325,-0.06251493,-0.08201288,0.092096254,-0.14130032,-0.3155945,-0.39900154,-0.13540164,0.047013313,0.09928138,0.03698777,-0.10600645,0.08528705,0.00055599544,-0.12001273,-0.21225964,-0.30552718,-0.032939393,-0.02309885,-0.10290609,0.10054697,0.12101501,-0.12887116,-0.22969492,0.01743946,-0.0847206,-0.012216016,0.17490128,-0.24039266,0.1489307,-0.17458192,-0.39236414,-0.16479032,0.052331742,-0.1232757,0.06911788,0.084240854,-0.1886194,0.026859436,0.11327519,0.042004704,-0.0406874,-0.074424416,-0.13632785
pig,-0.037237417,0.060264967,-0.019821664,0.070893586,-0.23656425,0.1301583,-0.05692,0.122138724,-0.1608041,0.05471053,-0.12184418,0.014658773,0.08208747,0.11730734,-0.09257458,-0.06856645,0.12091859,-0.15168859,-0.103618026,0.06687252,0.05319151,-0.09283257,-0.099753655,0.20793921,0.26395684,0.010268551,-0.12042621,0.0012634627,-0.12262816,-0.036570165,-0.080851205,-0.19295213,-0.13671117,-0.023719953,-0.039480116,0.13667293,0.20110142,-0.22975935,0.11549231,0.09241539,0.04574341,-0.05139916,0.22478986,-0.049217757,0.0035846487,0.102872066,-0.006159193,0.06765987,0.119999126,0.008512036,-0.06843349,-0.352878,-0.099944286,0.10844426,0.118818484,-0.016635176,-0.028416576,0.044649526,-0.08162848,0.19958943,-0.031488284,-0.062310882,-0.29402485,-0.0121541815,0.10734607,-0.0027983293,-0.0012224185,-0.046803676,-0.15658994,0.02324625,-0.024619373,-0.12814799,-0.1670974,-0.10240188,0.0012947278,-0.14182141,0.006641159,-0.041776665,-0.10897199,-0.23976254,-0.11241487,0.065631196,-0.10877185,0.07002998,-0.19871458,-0.0055806166,-0.1945884,-0.2339574,-0.11030227,0.03611487,-0.091613315,0.13509801,0.108327664,-0.024316799,-0.0166831,0.0058399932,0.06822011,-0.009987327,-0.06799042,-0.13409285
house,-0.07270635,0.10266209,-0.022237139,0.095296815,-0.24657133,0.14569151,-0.040895868,0.1559204,-0.18363139,0.06979496,-0.102978915,-0.018441677,0.084762,0.12092764,-0.115228474,-0.043772154,0.1262448,-0.12013706,-0.104197375,0.12165289,0.04184493,-0.09890178,-0.08505502,0.2084272,0.23795654,0.0109013375,-0.11020445,0.04727755,-0.14286453,-0.12579821,-0.09173182,-0.17356853,-0.09374214,-0.0065559633,-0.0011842453,0.10247995,0.13680336,-0.19383508,0.080288924,0.11799209,-0.006730196,-0.02782049,0.23711471,-0.048059434,-0.04478437,0.06989234,0.056774825,0.046895027,0.10001048,0.060768824,-0.061465196,-0.36211663,-0.12026921,0.06374602,0.09978667,-0.05694966,0.013896393,0.062230762,-0.11421529,0.18303765,-0.017263426,-0.094464645,-0.3472382,0.039514586,0.0566903,0.041062776,0.0012296704,-0.014976869,-0.18162793,-0.03609694,0.054390248,-0.16799854,-0.19819465,-0.09208665,0.050280623,-0.15496181,0.009698598,0.010023179,-0.16048504,-0.2741718,-0.09592106,0.10082767,-0.06793395,0.043209296,-0.24570678,-0.008941716,-0.20648754,-0.24058735,-0.06600435,0.054850213,-0.11553566,0.14287117,0.09054125,-0.035539422,0.0017056355,0.0073026167,0.035504263,-0.005975937,-0.07336527,-0.1000004
care,-0.05043751,-0.0058597815,-0.010693941,0.12956244,-0.1696458,0.1182305,-0.06107185,0.09167362,-0.19895053,0.04032403,-0.1324017,0.076835625,0.19381002,0.2551738,-0.22447321,-0.06247927,0.08459136,-0.16673054,-0.20971613,0.1046159,0.066896394,-0.07078126,-0.10245148,0.1646833,0.3026458,0.05955885,-0.119726576,0.06763801,-0.11939901,-0.12742561,-0.12198516,-0.18231234,-0.12731461,-0.01970048,0.073664755,0.027178189,0.059392482,-0.16598797,0.0023777697,0.11049011,-0.091583475,-0.07833459,0.23746268,0.009612867,-0.024889655,0.1018489,0.09096802,0.033797737,0.0829384,-0.018001225,-0.07226571,-0.40609252,-0.11309385,0.003979979,0.0012095603,-0.1362218,-0.1135775,-0.008479947,-0.082185134,0.17795323,-0.040390305,-0.19510727,-0.4394821,-0.0032895475,0.0031932772,0.02040028,0.081221014,-0.117094815,-0.1895051,0.01211488,-0.0027138507,-0.16252428,-0.17102277,-0.02459278,0.0037310421,-0.17661235,0.038637586,-0.046039864,-0.100603044,-0.28585878,-0.06642503,-0.06205593,-0.08527641,0.15309541,-0.16229066,0.10926633,-0.09075471,-0.2281277,-0.038411602,0.099769376,-0.15058441,0.24323675,0.16719608,-0.1367299,-0.06890166,0.05569505,0.0044277324,0.05816495,-0.020229371,-0.20221955
until,-0.049086466,0.084750116,0.025082177,0.07477131,-0.25963774,0.21758401,-0.036543455,0.18876813,-0.18822715,0.018330367,-0.089012586,-0.01192761,0.10071812,0.13884401,-0.15936679,-0.030436246,0.14435786,-0.19198653,-0.15688144,0.15387732,0.08838464,-0.14639308,-0.072715536,0.23807484,0.21213809,0.018619813,-0.07456071,0.0961916,-0.14272657,-0.1414353,-0.06763975,-0.21396491,-0.105692066,-0.016091712,-0.020144073,0.11767702,0.1485158,-0.16424648,0.079495095,0.04929705,-0.00860073,0.0028384882,0.26088652,-0.045164008,-0.027933719,0.09585515,0.04744445,0.047913454,0.10117482,0.05270207,-0.04359438,-0.3603305,-0.14830548,0.08438864,0.10307148,-0.09656216,-0.01471417,0.08687864,-0.06432551,0.13709958,-0.04007084,-0.0985395,-0.32989395,0.042159572,0.089176595,0.019320916,-0.016053885,0.0154903745,-0.21076466,-0.011009337,0.014231182,-0.14638971,-0.14023063,-0.12587026,0.012237588,-0.13715753,0.042951703,0.0191452,-0.14852168,-0.20348793,-0.07571886,0.09697547,-0.10715407,0.091137245,-0.23626,-0.019170098,-0.21756019,-0.21989968,-0.06981197,0.049394555,-0.15963836,0.13739797,0.077136956,-0.052709922,0.03280951,-0.017794292,0.055015944,0.0050308793,-0.051985264,-0.13775457
next,-0.08539608,0.12699272,0.016593503,0.10889845,-0.27076337,0.17412001,-0.072346635,0.18420883,-0.20526399,0.01986978,-0.119534545,0.03415834,0.117654204,0.16578142,-0.1603921,-0.030689167,0.12658745,-0.15869598,-0.14795172,0.13605827,0.05900051,-0.09946303,-0.113544315,0.19462031,0.2724355,-0.044929437,-0.08971875,0.059633512,-0.15832981,-0.18228082,-0.10445651,-0.14081132,-0.09633404,-0.004560209,0.009835698,0.08778024,0.11283516,-0.12042024,0.07090865,0.12226823,-0.019809304,-0.030127177,0.23153478,-0.017482875,-0.042047184,0.034110583,0.12477559,0.039015654,0.058887556,0.098449506,-0.05698324,-0.38934296,-0.14166605,0.028838655,0.08627287,-0.08615945,-0.0023463622,0.07254931,-0.0960463,0.1336103,-0.023765992,-0.08088579,-0.34331065,0.07169596,-0.0043420824,0.047335744,0.007456209,0.0011013108,-0.27545917,-0.010047002,0.06907049,-0.16253439,-0.20921662,-0.115265556,0.023483189,-0.1762165,0.013119659,0.037512746,-0.12127042,-0.27443358,-0.09224604,0.12296407,-0.063764505,0.045461595,-0.22397628,0.007610307,-0.18057466,-0.18654476,0.0169824,0.037409134,-0.16783835,0.1665623,0.09668837,-0.032858275,-0.026436383,-0.0037510616,0.026436424,0.012771824,-0.039320033,-0.10682976
jiro,-0.0059417184,0.042965677,-0.026287075,0.07665204,-0.1755333,0.11502141,-0.055819325,0.098220795,-0.18127096,0.08011023,-0.12814291,0.012799141,0.10216468,0.16782257,-0.1562928,-0.09453737,0.13264385,-0.14144725,-0.17504187,0.06700815,0.075233325,-0.10797525,-0.06886336,0.18996844,0.23046693,-0.0011835318,-0.11871402,0.013353672,-0.15467374,-0.04549104,-0.07758138,-0.16232343,-0.12415164,-0.011949428,-0.03485852,0.16552539,0.09868543,-0.19965555,0.10485699,0.053450685,0.04943766,-0.06484972,0.19819729,-0.03410452,0.0033141817,0.13520972,0.019842908,0.07280781,0.14267807,-0.03141123,-0.063408814,-0.32882148,-0.06823199,0.07854635,0.10200525,-0.02921409,-0.10349784,-0.005499625,-0.07366439,0.1575136,-0.074446864,-0.112782426,-0.3045402,-0.045256082,0.085642636,0.042830773,-0.021765944,-0.11517448,-0.08415238,-0.013090815,-0.0483126,-0.14458664,-0.20154363,-0.085175164,-0.017311264,-0.110879496,0.017355498,-0.035059355,-0.1330961,-0.22021492,-0.08698406,0.0023567593,-0.09835413,0.11136798,-0.19319502,0.056322664,-0.2005495,-0.26772565,-0.11964791,0.04253303,-0.07867203,0.09944186,0.10053735,-0.06886659,0.038440663,0.013269375,0.0775028,-0.034280587,-0.07678962,-0.13217534
other,-0.023520598,0.1403828,-0.0063177445,0.057086006,-0.3616464,0.22743313,-0.0496868,0.21167311,-0.1916622,-0.023442006,-0.089309536,-0.03354704,0.09109675,0.13495621,-0.1208862,0.03001538,0.12772462,-0.16546378,-0.05536165,0.18170805,0.051824093,-0.16769804,-0.049911223,0.25334942,0.21733396,0.014382215,-0.09175489,0.021868078,-0.18351252,-0.11410623,-0.07263752,-0.23909432,-0.098455966,-0.0050944174,-0.008066982,0.0465371,0.20992239,-0.13003916,0.10009756,0.10542712,0.019202184,0.0007465077,0.2988288,-0.07074146,-0.04247401,0.06439669,0.020630892,0.0782036,0.043655504,0.07946411,-0.043016106,-0.39029813,-0.15098278,0.117658965,0.11519452,-0.094632186,0.0019787382,0.11277782,-0.09338619,0.16823712,0.04942317,-0.038436506,-0.34049568,0.09125083,0.106810264,-0.0095878495,0.011730808,-0.010571788,-0.2543813,-0.022976829,0.093560964,-0.15529668,-0.12808289,-0.15364632,0.048214532,-0.13153158,0.0032772883,-0.0008106049,-0.13104291,-0.2556465,-0.045156993,0.17525893,-0.12215361,0.05713939,-0.22959445,-0.016770473,-0.22697935,-0.22558148,-0.023433028,0.039634455,-0.14194088,0.1737462,0.07865807,0.02401478,-0.0102963345,-0.016382642,0.04547404,0.04005299,-0.055530638,-0.1327396
true,-0.13534474,0.13763712,0.016816074,0.14738342,-0.17687935,0.15015428,-0.064951,0.094241016,-0.14935535,0.12801777,-0.09651171,0.030521972,0.0894132,0.1000418,-0.06889395,-0.09081856,0.07636207,-0.17052056,-0.10671188,0.15208621,0.03035684,-0.107284404,-0.12675944,0.17837764,0.28785294,-0.04305161,-0.0477998,0.0067981156,-0.09584617,-0.10024337,-0.02679805,-0.19977157,-0.03806015,0.05178103,-0.07013411,0.18304463,0.12401402,-0.21536303,0.1072956,0.08124718,0.02434851,-0.004298244,0.20941173,-0.029329402,0.032345857,0.017494934,0.03309963,0.039927475,0.15274188,-0.01042117,0.006061921,-0.38787293,-0.07718824,0.059015155,0.14704928,-0.019131642,-0.002970356,0.062899455,-0.101669185,0.14422166,-0.065538116,-0.12761283,-0.30415034,-0.046599865,0.070981614,0.046305377,-0.0053804033,0.021564899,-0.13576336,-0.039209485,0.05532252,-0.21632098,-0.24062833,-0.118900746,0.074529596,-0.08349832,0.12739535,0.052302852,-0.18153565,-0.17391524,-0.09354734,0.09621628,-0.07247926,-0.022295635,-0.29872423,-0.016476393,-0.2671587,-0.25948223,-0.078919426,0.0049301735,-0.12503345,0.05722366,0.047024067,-0.019960783,-0.0031164829,0.024168883,0.0899102,-0.053773846,-0.14206327,-0.07240892
being,-0.038330313,0.1293958,0.014810593,0.0826103,-0.26346037,0.20903096,-0.03840293,0.18255533,-0.15672842,0.06678223,-0.082798846,0.009209216,0.06457768,0.15022987,-0.0733584,-0.024545258,0.12666447,-0.1808639,-0.051980224,0.13473633,0.075600475,-0.09526211,-0.1173391,0.2798196,0.28837168,-0.026400391,-0.08560406,0.041647356,-0.15938663,-0.108497754,-0.05499364,-0.24396782,-0.107127264,-0.005246502,0.006851418,0.08689272,0.18462263,-0.13306217,0.11877593,0.059738483,-0.034450382,0.009930132,0.25955194,-0.04848894,-0.052941233,0.083594285,0.011140485,0.08516189,0.10926581,0.031379644,-0.0035437227,-0.34326082,-0.15967903,0.07282688,0.0656919,-0.09725944,-0.0018024668,0.046451237,-0.024246583,0.1645339,0.013214937,-0.07915235,-0.31719437,0.036007505,0.09039984,0.006327711,-0.009921468,0.001417815,-0.231884,-0.029213753,0.06306154,-0.16849236,-0.18025719,-0.15737312,0.07820417,-0.08390508,0.011574998,-0.015851922,-0.15900719,-0.22032294,-0.08733389,0.056693036,-0.13156702,0.042234097,-0.25140896,-0.011721895,-0.23452634,-0.23633139,-0.049281903,0.04425293,-0.14151722,0.14802797,0.1039823,-0.0143546015,0.0038870655,-0.018098671,0.052912895,0.01387991,-0.08949596,-0.12870705
master,-0.003326487,0.07314917,0.019965291,0.09805229,-0.20074901,0.12543115,-0.03266525,0.10728642,-0.17745812,0.08298061,-0.14439628,0.05069908,0.11660927,0.14786609,-0.15513311,-0.08949593,0.12286852,-0.16872977,-0.11448696,0.09262541,0.06496314,-0.072240494,-0.109355874,0.18126464,0.2540084,-0.01619934,-0.107335456,0.046644263,-0.12831464,-0.09149555,-0.034422867,-0.18750219,-0.08592975,0.005575274,-0.025068242,0.10699733,0.12029884,-0.15452826,0.087399736,0.08195998,-0.022134965,-0.082995504,0.20680779,-0.012477906,0.0072315447,0.09244315,0.030685835,0.087760806,0.115131706,-0.0008796264,-0.02598769,-0.3351581,-0.10130108,0.053908702,0.091456175,-0.04564145,-0.07626402,0.014667005,-0.06808129,0.15701334,-0.06165082,-0.10002523,-0.3438267,-0.01094204,0.074354336,0.03329433,-0.00053722085,-0.029178856,-0.16531932,0.01898096,-0.027697936,-0.12684257,-0.19775361,-0.077620246,0.034845337,-0.09514452,0.058678146,-0.0027317347,-0.13019238,-0.23460478,-0.066451535,0.014619364,-0.10386515,0.11154656,-0.21179833,0.029816769,-0.16694874,-0.2631946,-0.08225822,0.04330083,-0.16318403,0.13568476,0.09286048,-0.106065206,-0.0040957737,0.006282748,0.03445614,0.009963235,-0.08103316,-0.1596536
turn,0.04030447,0.00814194,-0.011017988,0.044053666,-0.22501582,0.1291054,-0.056155503,0.09367983,-0.22305556,-0.011077903,-0.17533566,0.048238367,0.15319572,0.23602714,-0.212738,-0.10080886,0.1524945,-0.20876959,-0.24830294,0.0657368,0.10238544,-0.121978715,-0.066221505,0.19269203,0.20510855,-0.005230864,-0.13924035,0.030302191,-0.13304755,-0.058337715,-0.06121109,-0.1707542,-0.17083302,-0.015464289,0.019796498,0.12050098,0.10789399,-0.18666138,0.05381894,0.05532789,0.04281816,-0.11218797,0.21757768,-0.011243264,-0.010248509,0.19499885,0.019269513,0.107716344,0.123513736,-0.011111072,-0.1079195,-0.3495936,-0.08772183,0.09167758,0.08079763,-0.05095348,-0.18730916,-0.018060356,-0.07709423,0.13680921,-0.09216295,-0.10650348,-0.32131395,-0.050309524,0.09893101,0.04433651,0.01259172,-0.13256925,-0.103807226,0.055816974,-0.100786425,-0.093488544,-0.19738688,-0.0736476,-0.075833485,-0.13137482,-0.023696356,-0.06584041,-0.07149883,-0.29058164,-0.093288444,-0.017261842,-0.11890551,0.198356,-0.1481349,0.1055373,-0.16553083,-0.2655659,-0.109160736,0.0637291,-0.13575883,0.14502999,0.1211778,-0.11714507,0.05272117,-0.008713369,0.038963597,0.025251037,-0.02515579,-0.17953281
ok,-0.048437443,0.030532999,-0.028893666,0.08576154,-0.2272754,0.083629854,-0.10323951,0.101295054,-0.20256858,0.04735407,-0.11931663,0.029015243,0.15055677,0.17074095,-0.16132392,-0.12559378,0.14361562,-0.14569825,-0.21021979,0.03595233,0.06697096,-0.091331095,-0.09092712,0.18301117,0.23347175,0.0019422148,-0.17516308,0.013472656,-0.14491314,-0.021214731,-0.13793896,-0.19416462,-0.13785225,-0.02673321,-0.013878007,0.1487783,0.085400276,-0.23182625,0.07714852,0.10521951,0.020422004,-0.08605771,0.22117497,-0.034695577,0.0100419065,0.121965796,0.07998067,0.07117814,0.097690195,0.0047484576,-0.12847486,-0.34047964,-0.09113545,0.049253874,0.10172603,-0.0337399,-0.08469765,0.005373562,-0.13309237,0.2110745,-0.08493497,-0.0993263,-0.3294787,-0.040697075,0.065362886,0.041990418,0.0035283058,-0.13679522,-0.10293857,0.0029115453,-0.032812178,-0.1539453,-0.21796173,-0.06487567,-0.035393186,-0.15609382,-0.020454627,-0.06586629,-0.12781563,-0.28890097,-0.09975864,0.015839865,-0.080560334,0.12275287,-0.16813809,0.09008251,-0.12324132,-0.26900637,-0.09651895,0.049546745,-0.07510336,0.1555505,0.12272667,-0.095941745,-0.002346887,0.016523939,0.06038259,-0.014453321,-0.025610827,-0.12282936
die,-0.02109079,0.051790025,-0.0030913346,0.07824702,-0.18584915,0.16308029,-0.027918031,0.110961154,-0.22228521,0.036801495,-0.17744435,0.011220312,0.1624795,0.20493919,-0.1883908,-0.02944193,0.1039416,-0.21639046,-0.27753565,0.1319149,0.05356571,-0.14686486,-0.06459044,0.18779923,0.22437304,0.024814852,-0.097290404,0.08114205,-0.106747486,-0.13025574,-0.12692077,-0.14224587,-0.1900128,-0.011295119,0.03130954,0.14146821,0.08316834,-0.18122505,0.047849294,0.043601148,0.027464105,-0.08496166,0.2124702,-0.010519263,-0.04236136,0.17283309,0.06537562,0.04631266,0.14830346,0.012250353,-0.050546423,-0.36046642,-0.08112195,0.07544235,0.1017654,-0.1189141,-0.1232287,-0.006184496,-0.11333445,0.119295076,-0.116533875,-0.18830174,-0.3423148,-0.021310365,0.05050668,0.042465866,0.012866611,-0.10526399,-0.137236,0.0009665974,-0.0456344,-0.16393107,-0.22808811,-0.06907599,-0.06645549,-0.15512069,0.015802959,0.00049948826,-0.10910669,-0.26246342,-0.102074064,-0.008369912,-0.092074394,0.17399707,-0.18170962,0.09447593,-0.19773294,-0.2733813,-0.09602937,0.040599555,-0.101393566,0.1592056,0.15253681,-0.09399766,0.04720062,0.0045282985,0.05928895,0.007284696,-0.052870233,-0.15971495
many,0.0062797912,0.08227127,0.03177604,0.10785387,-0.21144359,0.22234987,-0.0038935677,0.1888326,-0.16721368,0.09605485,-0.07466406,-0.026687654,0.12101756,0.1728641,-0.16890827,-0.04173022,0.10216487,-0.17224938,-0.1306357,0.18741043,0.09646946,-0.14334571,-0.09139128,0.2249559,0.2285082,0.0072864653,-0.0414669,0.081079185,-0.13771315,-0.14175017,0.048823852,-0.18376023,-0.0886163,0.036530036,-0.025369348,0.13795725,0.09305521,-0.13439173,0.11078553,0.03248568,0.020374246,-0.01197851,0.20750587,-0.017667452,-0.013195872,0.121051155,0.007793462,0.06814537,0.15353943,0.019987801,0.040609747,-0.37697017,-0.07343088,0.07168991,0.09942307,-0.095669754,-0.021006795,0.0796326,-0.044256907,0.09818637,-0.06186113,-0.13940443,-0.3411442,-0.008440213,0.106981784,0.06276864,-0.03971255,0.016179765,-0.13504323,-0.081858784,0.042665564,-0.19178437,-0.2123633,-0.12562789,0.086162366,-0.061569404,0.13031033,0.08980884,-0.21042883,-0.1692017,-0.02267924,0.046859283,-0.12773262,0.06842625,-0.32819086,-0.031358067,-0.28552216,-0.29262617,-0.101462394,0.10041517,-0.17784636,0.06249644,0.0522541,-0.07918753,0.07225099,0.019059125,0.07283614,-0.05863927,-0.12782535,-0.10347744
feel,0.02495218,0.03451854,0.02652991,0.10737344,-0.06613019,0.116339825,-0.021785628,0.057810843,-0.16836002,0.16805264,-0.115339145,0.06810073,0.06315084,0.1420996,-0.16425256,-0.08108533,0.15350766,-0.20240998,-0.21999782,0.15478835,0.094050296,-0.07696386,-0.14605506,0.17443429,0.28238434,-0.07393913,-0.009804251,0.04201948,-0.07429681,-0.11536368,-0.034400266,-0.18227041,-0.08248068,0.003226479,-0.07013792,0.22219568,0.1324115,-0.17247753,0.1263357,0.031920712,-0.004991568,-0.05389532,0.13810155,0.04429886,0.012509755,0.11088527,0.053924527,0.10015182,0.22495615,-0.12693581,0.01383853,-0.3103089,0.0017193579,0.051738236,0.08672124,-0.062231332,-0.15469684,-0.051929127,0.003659665,0.08442246,-0.08275507,-0.1856828,-0.3618271,-0.11399229,0.07348901,0.09274505,-0.038516432,-0.05657448,-0.0354059,0.001548537,-0.008772687,-0.14502934,-0.25603995,-0.11664615,-0.007848884,-0.037128005,0.06810299,0.03647273,-0.14282055,-0.2050037,-0.13279256,-0.098424576,-0.10089153,0.10878176,-0.27848205,0.07176743,-0.17914276,-0.31741568,-0.1734051,0.025977433,-0.17163356,0.051522724,0.13912472,-0.10440195,0.05433254,0.013153092,0.11356079,-0.051945757,-0.14264552,-0.18098485
hard,-0.020289993,0.057083882,0.014593478,0.06375882,-0.1986541,0.15179096,-0.05592133,0.13430509,-0.19139162,0.07508528,-0.11946434,0.010240815,0.11660037,0.16522771,-0.15045534,-0.10084925,0.13329265,-0.17044862,-0.17619057,0.08975069,0.09667467,-0.09817771,-0.11139645,0.20677404,0.26962999,-0.0056657945,-0.10000436,0.04294607,-0.11380036,-0.055143926,-0.032129522,-0.19375864,-0.08492217,0.017905977,-0.049268622,0.17588949,0.115380295,-0.19378087,0.083365485,0.04536441,0.016145855,-0.03962194,0.19726986,-0.022253647,0.026037183,0.092658795,0.017747339,0.07285207,0.15375641,-0.003399344,-0.03625507,-0.36424989,-0.07488717,0.07743145,0.11873146,-0.034695964,-0.078252696,0.013592847,-0.078129284,0.13300078,-0.09549258,-0.11858923,-0.31589416,-0.058317307,0.10323629,0.043368764,-0.031246372,-0.039048422,-0.11123482,-0.029738793,-0.0013896305,-0.16620767,-0.18918699,-0.11147006,0.010683657,-0.116911806,0.06445263,-0.030440385,-0.17232883,-0.21191618,-0.08027026,-0.0014582471,-0.10229478,0.09474125,-0.26249978,0.01674683,-0.21879524,-0.28316692,-0.09799562,0.06110745,-0.13927808,0.09098812,0.06877357,-0.07107657,0.037695877,-0.01620526,0.07812209,-0.034068864,-0.08985368,-0.1323029
sir,-0.040440504,0.04571477,-0.027062794,0.053916674,-0.1357452,0.063244276,-0.050986107,0.084769465,-0.15854152,0.09043094,-0.13669457,0.027671168,0.10061944,0.12187834,-0.12115369,-0.09344183,0.13114594,-0.1214538,-0.16001397,0.06917775,0.061039697,-0.07921733,-0.1009258,0.17776509,0.2577492,-0.010666202,-0.08269202,0.024971804,-0.1426313,-0.062071633,-0.095325924,-0.18285973,-0.12152326,0.006328297,-0.011819785,0.15687212,0.08771283,-0.19603628,0.07510991,0.07095261,0.013311565,-0.048017446,0.17173503,-0.03725508,-0.0038347295,0.11267401,0.04784909,0.053494256,0.12906212,-0.01512273,-0.05805013,-0.28319114,-0.051128484,0.038888708,0.09693394,-0.015019552,-0.07440098,-0.04067062,-0.108865805,0.17650513,-0.062628984,-0.10338314,-0.33418912,-0.035374336,0.08474319,0.05786981,-0.01693094,-0.0700371,-0.07774556,-0.00939132,-0.017384464,-0.14298534,-0.21109368,-0.0767498,0.009182697,-0.09871092,0.01862139,-0.017943328,-0.16150038,-0.23135293,-0.08920582,-0.023971044,-0.074643694,0.08487686,-0.19993538,0.073653415,-0.16216917,-0.26245373,-0.09409634,0.051728025,-0.07490287,0.12735336,0.095936,-0.08506546,0.018531667,0.0006751162,0.088575296,-0.030525858,-0.09883328,-0.11735763
hear,-0.01522633,0.04611171,-0.013576274,0.1279414,-0.08108932,0.066925935,-0.044676017,-0.008252941,-0.19854861,0.13553125,-0.18353891,0.06266661,0.14157176,0.22856073,-0.21182553,-0.11934956,0.1326075,-0.20505264,-0.29404324,0.0839871,0.07781164,-0.088360906,-0.095928945,0.15518777,0.27364093,-0.07933087,-0.12487871,0.0037900875,-0.121504776,-0.059229206,-0.101077355,-0.09659344,-0.14081937,0.022109384,-0.025746262,0.19955577,0.04180908,-0.18571419,0.06397248,0.0655196,0.04940073,-0.12470253,0.15837045,0.04939738,0.018167177,0.11902546,0.095487304,0.074695416,0.1564903,-0.05943074,-0.036726404,-0.34445855,-0.004105843,0.028848343,0.09504612,-0.024311535,-0.16532771,-0.07149784,-0.0749795,0.10916855,-0.11362134,-0.18898611,-0.31789786,-0.09468681,0.03321322,0.10349669,-0.0076759094,-0.15721907,-0.035417255,0.01821328,-0.056196086,-0.15057659,-0.2766282,-0.05030806,-0.03853757,-0.10847407,0.04044034,0.036392566,-0.10596902,-0.2399748,-0.06599719,-0.07764341,-0.07293877,0.14099643,-0.19883227,0.13787018,-0.18175806,-0.28073886,-0.14434062,0.037131965,-0.11660692,0.062592715,0.088542745,-0.16182424,0.034346938,0.038008455,0.07351937,-0.007894632,-0.070346355,-0.14040633
yourself,-0.012716437,0.04470552,0.006047717,0.06748658,-0.1943833,0.16031757,-0.04932928,0.13257301,-0.17736095,0.064333275,-0.11932105,-0.004827634,0.119329266,0.178976,-0.16998093,-0.08524816,0.11412022,-0.16766079,-0.17565648,0.10479487,0.08516817,-0.123794794,-0.08315855,0.23046835,0.25379834,-0.000991687,-0.11645404,0.06668242,-0.1567003,-0.08096263,-0.05761438,-0.16301243,-0.1288138,-0.016158443,-0.01752306,0.15446433,0.12614298,-0.18259323,0.0706334,0.05609511,0.015046898,-0.047829967,0.21661259,-0.013146087,0.0012957514,0.13286915,0.016934939,0.078176364,0.12569821,0.021239571,-0.04907325,-0.3494163,-0.098569565,0.073534586,0.08281949,-0.060275197,-0.097588055,0.007155358,-0.10819421,0.13080777,-0.06410477,-0.108933814,-0.31343958,-0.040038444,0.09421345,0.043974135,-0.015574153,-0.069449954,-0.15773056,-0.01121564,-0.025784303,-0.15732658,-0.18582425,-0.08406117,0.0021943145,-0.11669251,0.015803691,-0.0077692606,-0.15716767,-0.22512235,-0.05966788,0.0100702895,-0.1035931,0.12730412,-0.22046576,0.04862019,-0.22351803,-0.23918279,-0.088557534,0.06957164,-0.11929675,0.11345937,0.10115794,-0.07812395,0.0548321,-0.015690405,0.068673395,-0.0021400948,-0.07769902,-0.15046932
wow,-0.040050324,0.07222793,-0.00097059604,0.07620783,-0.15414533,0.098242536,-0.05315522,0.09210445,-0.13135485,0.12910086,-0.107909225,0.042154063,0.05934791,0.0835572,-0.102444,-0.113659434,0.13515386,-0.14056991,-0.13425472,0.09645183,0.063255005,-0.06777149,-0.13846287,0.18704991,0.27150708,-0.038146097,-0.06428511,0.016677896,-0.12512216,-0.047762737,-0.042188853,-0.19725306,-0.07588091,0.016811665,-0.080967836,0.20659466,0.15285328,-0.2230281,0.13118431,0.064497955,-0.0014474441,-0.03684452,0.16705477,-0.022795277,0.01925739,0.08425184,0.02205156,0.06620383,0.17054014,-0.06189948,-0.028136631,-0.30373988,-0.06749548,0.046962254,0.11886925,0.007114674,-0.067472935,-0.0012920843,-0.073983744,0.15376359,-0.086151876,-0.10061777,-0.27676404,-0.0636627,0.09199071,0.06358272,-0.051948383,-0.032886643,-0.07045322,-0.025231648,-0.020466315,-0.13547155,-0.19742176,-0.08848794,0.012530859,-0.081489764,0.057654884,-0.017862182,-0.15523371,-0.21309264,-0.14703661,0.015903754,-0.08816175,0.057030883,-0.24156779,0.024178123,-0.1981374,-0.27045316,-0.14052583,0.024625946,-0.11210885,0.06796585,0.08346889,-0.08330852,0.021978548,-0.009132308,0.09516758,-0.035483986,-0.11539899,-0.13156365
head,-0.065700315,0.09197407,-0.028848333,0.1357781,-0.239048,0.11703921,-0.07856859,0.105772495,-0.17374584,0.04619889,-0.1552719,0.031766485,0.14555803,0.15442562,-0.14939357,-0.11398783,0.13332029,-0.1788375,-0.17608276,0.067002445,0.064674735,-0.08959287,-0.116764806,0.18466969,0.24241495,0.020653043,-0.15125963,0.015699198,-0.1143032,-0.061477393,-0.13755159,-0.17096338,-0.11814342,-0.026317976,-0.0030140176,0.12795275,0.14419709,-0.20848255,0.042058382,0.10077159,0.013122526,-0.084953405,0.23189369,-0.034555145,-0.0060082134,0.098727055,0.068606,0.07596952,0.109179415,0.032378428,-0.09737047,-0.38029706,-0.08685301,0.04841688,0.09503334,-0.056686614,-0.06570638,0.038967423,-0.14147387,0.18899915,-0.051834002,-0.09973069,-0.33554026,-0.015040337,0.03954371,0.0313422,-0.0068994313,-0.0909297,-0.17343123,0.028158387,-0.015481587,-0.1679929,-0.21593106,-0.05640709,-0.013624411,-0.17558841,0.012245485,-0.022410428,-0.10070185,-0.3134281,-0.0906385,0.058679666,-0.06997688,0.09696757,-0.20960885,0.060350318,-0.15769035,-0.2568358,-0.091605216,0.023895675,-0.11610975,0.1680265,0.13252202,-0.07155302,-0.019830767,0.014303651,0.07373889,0.03047589,-0.038140718,-0.13634321
someone,-0.07058925,0.063361414,0.015775336,0.10107384,-0.16828105,0.10685447,-0.056764316,0.09828012,-0.16283257,0.118764296,-0.1158325,0.020136107,0.1403066,0.13586308,-0.15932845,-0.11045596,0.12925105,-0.16628943,-0.15493351,0.07486753,0.08368742,-0.05072199,-0.11531505,0.17788418,0.26769945,-0.009294373,-0.1223438,0.031293124,-0.13418546,-0.078868374,-0.06454096,-0.18105489,-0.057024874,0.01222151,-0.047921922,0.16481891,0.08474455,-0.21461962,0.0764358,0.09946325,0.0045702304,-0.029395873,0.18652593,-0.015995113,0.014673768,0.046680942,0.061804913,0.07261437,0.15339293,-0.016211892,-0.032491446,-0.37096953,-0.076231085,0.030931994,0.11554435,-0.035092626,-0.0342008,0.025361685,-0.07175343,0.17557943,-0.045883857,-0.107712194,-0.34980667,-0.036682352,0.061677437,0.08486059,-0.020310098,0.00071044615,-0.1255906,-0.006497414,0.018711898,-0.17164531,-0.21173088,-0.11124641,0.037801076,-0.10655625,0.08117249,0.010120247,-0.15276156,-0.24861212,-0.11116724,-0.0030016343,-0.0923182,0.049057115,-0.28665587,0.0066248924,-0.18619208,-0.3000453,-0.09202393,0.05460427,-0.13233232,0.10013359,0.062278725,-0.1040418,-0.001916623,0.010272467,0.03833678,-0.014526935,-0.08843056,-0.116774246
valley,-0.031981193,0.102309115,-0.017303798,0.06554427,-0.4105121,0.35568202,-0.039081395,0.29341182,-0.23787251,-0.05803574,-0.016548242,-0.024699792,0.052994333,0.12571657,-0.08433284,0.123591654,0.12562074,-0.14630228,-0.04013968,0.21061935,0.04660741,-0.21868476,-0.04458685,0.2865844,0.22807553,0.08015985,-0.04201694,0.09335119,-0.17629248,-0.13290104,-0.045224953,-0.30074078,-0.14312422,-0.0529778,-0.039574154,0.028344188,0.2404238,-0.1705171,0.16921178,0.083649635,0.02459035,0.04537885,0.3268885,-0.16220337,-0.07403786,0.062232494,-0.03459417,0.034099903,0.061995074,0.0899165,0.0011634377,-0.41537467,-0.21117668,0.16708232,0.12975167,-0.08897356,0.063941635,0.19492784,-0.061532024,0.17257826,0.0049278075,-0.048862193,-0.32493955,0.114134066,0.115903154,-0.053625077,0.037825573,-0.0072916057,-0.26554418,-0.052577306,0.09655947,-0.15781403,-0.055838913,-0.19241506,0.054556735,-0.17106305,0.02217782,0.0045364206,-0.17276454,-0.18547353,-0.0953835,0.23957406,-0.16134563,0.03912583,-0.21960795,-0.055364974,-0.29402292,-0.1855992,-0.03215827,0.07604302,-0.14174084,0.16388689,0.07479441,0.09415724,0.037644047,-0.0033396743,0.05812431,-0.030473784,-0.040746443,-0.13156459
kill,-0.020286458,0.106157996,-0.02304223,0.11540997,-0.27677253,0.20376484,-0.0297786,0.16214204,-0.20479123,0.020835033,-0.15158634,0.010121086,0.1610326,0.20467807,-0.18932533,0.00500258,0.11301953,-0.216397,-0.18242145,0.13589112,0.054323267,-0.15303701,-0.06260077,0.22641747,0.2338248,-0.014748616,-0.09174331,0.06295702,-0.14888498,-0.16126083,-0.08798911,-0.1776715,-0.15524141,-0.011148665,0.0582762,0.09369434,0.10984568,-0.11537015,0.06874267,0.08142232,0.020555558,-0.055893075,0.23286037,-0.023301775,-0.0539286,0.12377102,0.035770867,0.052403674,0.07099727,0.08127823,-0.033258297,-0.37869838,-0.112552,0.0665998,0.093148515,-0.11669244,-0.048173554,0.048910886,-0.10188039,0.10576648,-0.036211997,-0.13451567,-0.34392592,0.028770715,0.04548306,0.022803577,0.024519669,-0.07123862,-0.21162716,0.0004926198,0.02582908,-0.16262951,-0.19250576,-0.13095166,-0.016265018,-0.17031752,0.009833753,0.040631965,-0.11818267,-0.2783022,-0.08276791,0.08024247,-0.124521054,0.1258916,-0.20354015,0.066431195,-0.20796217,-0.19850132,-0.02027758,0.036573432,-0.13466485,0.15106967,0.1281169,-0.0651742,0.0075202016,-0.005842807,0.0624151,0.033104636,-0.040397335,-0.13127351
open,0.0026056608,0.042989537,-0.025166808,0.07520947,-0.26171204,0.1255697,-0.07317784,0.13942398,-0.19958591,0.0433598,-0.12417887,0.015655626,0.121469356,0.18105926,-0.15104057,-0.08776542,0.12997052,-0.15366462,-0.16574766,0.08415976,0.07973864,-0.072447106,-0.07712845,0.1844419,0.23047443,0.016862983,-0.14723614,0.02897591,-0.15276852,-0.08427405,-0.12852536,-0.20433085,-0.12261994,-0.018599406,-0.009429174,0.08823217,0.13175502,-0.19330396,0.08199047,0.106905006,0.024232836,-0.072333455,0.22581424,-0.06012296,-0.014906092,0.10111724,0.046165187,0.069313034,0.08724475,0.027594466,-0.08877508,-0.34822103,-0.09414035,0.062609956,0.08886971,-0.042805485,-0.049027584,0.057140525,-0.10208794,0.17700972,-0.049133703,-0.049396984,-0.36028862,0.01665746,0.05911884,0.047977526,0.0030283765,-0.07255508,-0.1693073,0.016594538,-0.010576511,-0.12835048,-0.16322012,-0.07417506,-0.011639561,-0.14507677,-0.009679032,-0.051953666,-0.09657477,-0.28362575,-0.09214488,0.049889393,-0.08643257,0.08910509,-0.18609944,0.041374914,-0.15029117,-0.2429947,-0.08495413,0.050028395,-0.1185099,0.16983715,0.09074311,-0.089961104,-0.016818225,0.04435533,0.039567355,0.0048330068,-0.039087154,-0.11596518
heart,-0.18507628,0.14969939,-0.020861676,0.16944338,-0.23466787,0.12447071,-0.07382775,0.0890173,-0.1282094,0.14096364,-0.13111295,0.044778313,0.12526555,0.082265735,-0.10117556,-0.070109956,0.11199521,-0.153393,-0.115286335,0.110819094,0.024224835,-0.05845983,-0.1747248,0.18348937,0.30971617,-0.010048782,-0.11085451,0.01647928,-0.08019038,-0.122089654,-0.11438952,-0.19088885,-0.070200555,0.021573287,-0.03759407,0.17440653,0.16326429,-0.20506378,0.10402442,0.11617585,-0.030539263,-0.029602384,0.1945545,-0.021939833,-0.005472482,0.038706686,0.087354615,0.02298307,0.1313404,0.0053357147,-0.032941487,-0.38203064,-0.12849106,0.032768637,0.104377426,-0.0120490035,0.03646536,0.05609928,-0.11855951,0.17787382,-0.06628882,-0.13938107,-0.31782266,0.006244656,0.04069759,0.055077642,-0.011510395,-0.0048436816,-0.20071948,0.0022757272,0.049466997,-0.19620927,-0.270486,-0.08702303,0.030025586,-0.18810709,0.07657936,0.050819553,-0.13351597,-0.27946034,-0.14953586,0.052598312,-0.06631853,0.014668964,-0.2869489,0.010041525,-0.19683412,-0.23355444,-0.093698405,0.018224891,-0.1657564,0.1122602,0.0966598,-0.06460044,-0.06328948,0.016908288,0.054473132,0.02708321,-0.11455986,-0.10208398
fight,0.043504655,0.052325834,-0.014652923,0.06127191,-0.22246404,0.12905717,-0.06646362,0.1123923,-0.22355145,0.041791584,-0.17071745,0.020715063,0.13295205,0.23137645,-0.1904967,-0.050211795,0.12963894,-0.19859348,-0.19557165,0.10697378,0.051381543,-0.111556664,-0.05509522,0.2267092,0.2551175,-0.03335867,-0.12955663,0.026186164,-0.1502304,-0.09960358,-0.1149528,-0.17066562,-0.16374156,-0.020639267,0.0071207187,0.09864653,0.12126793,-0.13695015,0.07862498,0.08815828,0.01300461,-0.09941441,0.21786654,-0.020468332,-0.04270144,0.14709494,0.04451675,0.10291642,0.079448074,0.010574234,-0.055055745,-0.3280639,-0.07343546,0.047475662,0.07757255,-0.076799974,-0.11459207,-0.007952475,-0.09746125,0.1358748,-0.007221663,-0.07083299,-0.36802173,-0.021417923,0.054944634,0.06071425,0.0051540197,-0.12938711,-0.15479098,0.009643751,-0.0065946383,-0.116396055,-0.19739145,-0.07807386,-0.019404635,-0.11429731,-0.009761151,-0.022296611,-0.07388959,-0.30650353,-0.08051292,-0.02184522,-0.105757,0.15418662,-0.16768084,0.10587023,-0.13867426,-0.2526675,-0.06510424,0.052115846,-0.13079773,0.16644819,0.15289302,-0.08767303,0.012306501,0.0125083495,0.04327895,0.009168576,-0.05433316,-0.15198772
remember,-0.060938854,0.09182689,0.032611117,0.12854055,-0.16503364,0.13810878,-0.037081078,0.07304065,-0.21858208,0.12630548,-0.121327415,0.09307567,0.122680105,0.16124326,-0.15348183,-0.10281733,0.1332304,-0.1968167,-0.17654106,0.13586944,0.0767166,-0.07445977,-0.1292768,0.17837484,0.27562013,-0.058094792,-0.09548141,0.015927078,-0.10202783,-0.124361075,-0.046186313,-0.16051027,-0.04915438,0.028825935,-0.038156193,0.15965456,0.121130414,-0.17003174,0.06332884,0.09001099,-0.025115961,-0.045492936,0.2168861,0.022830598,0.014851016,0.08153676,0.064601064,0.07773202,0.11807613,-0.018230472,-0.03671225,-0.39830673,-0.067894794,0.0476962,0.09459009,-0.062597446,-0.05930012,0.03191298,-0.05117322,0.1312153,-0.048200026,-0.119997814,-0.35462648,-0.046953563,0.021902766,0.076711565,-0.016998915,-0.005777904,-0.13728553,0.024620539,0.014700628,-0.15965949,-0.22768368,-0.086672604,0.02063075,-0.1273355,0.053969808,0.03639804,-0.10466562,-0.24232179,-0.0828477,0.01857923,-0.07520242,0.075846285,-0.2729344,0.028797958,-0.17615514,-0.2519983,-0.093791336,0.040189847,-0.22576287,0.109636545,0.07787069,-0.098126575,-0.017750066,0.021767462,0.042145506,-0.012133657,-0.091079205,-0.12726428
uh,-0.047794223,0.039147753,0.009147344,0.07894163,-0.17422293,0.09949556,-0.023333715,0.08226937,-0.16394944,0.13320997,-0.06133624,0.03322568,0.10145824,0.09773357,-0.14176221,-0.041263014,0.16499698,-0.09385486,-0.06132312,0.08130394,0.05729135,-0.07483611,-0.08623545,0.15474872,0.24254847,0.020669382,-0.06924361,0.042972557,-0.12187808,-0.050425902,-0.07574167,-0.16909215,-0.0985187,0.026912315,-0.051904313,0.16724548,0.1731965,-0.21872383,0.12488318,0.08706428,0.021425836,-0.077096224,0.17830874,-0.0024389783,0.041213393,0.14841288,0.022332087,0.028857304,0.15596665,-0.048606463,-0.016667629,-0.2580477,-0.12456962,0.08977984,0.096160546,-0.020194711,-0.018154528,-0.00210649,-0.054223843,0.12322032,-0.09233574,-0.10649813,-0.31451237,-0.023267811,0.124184966,0.011390134,-0.040938236,-0.031288605,-0.07208695,-0.040976737,-0.046834733,-0.11926515,-0.18091549,-0.0512598,-0.010736069,-0.07272733,0.016466394,-0.04941663,-0.12722643,-0.21386465,-0.107514046,0.006824698,-0.09461938,0.06954191,-0.18093447,-0.014508813,-0.16150941,-0.25091937,-0.1390745,0.013440367,-0.07747322,0.10171993,0.08411409,-0.11288042,0.021414457,0.012944318,0.07278864,-0.01162606,-0.10401879,-0.15551674
flying,-0.06353439,0.10475091,-0.0066489303,0.103769034,-0.22510901,0.19685708,-0.023096599,0.14969012,-0.15246567,0.108521305,-0.063959524,0.00951119,0.0504606,0.065261565,-0.072887436,-0.06016593,0.1273439,-0.1401371,-0.071579546,0.12912558,0.08938023,-0.113040805,-0.112524375,0.22402179,0.25994676,-0.0064876103,-0.05298938,0.0315265,-0.14359778,-0.08689259,-0.012345374,-0.23110609,-0.08016648,0.0058971294,-0.07349208,0.18804297,0.21194449,-0.19229004,0.15074103,0.071063526,0.024021272,0.034331188,0.2499481,-0.058623146,-0.0036565517,0.07519132,0.00012761501,0.06340467,0.16908672,-0.0030606985,-0.014243872,-0.36496714,-0.09574298,0.09814882,0.10345594,-0.017710233,0.0034353898,0.101262264,-0.06754294,0.14988287,-0.040968385,-0.07972142,-0.28388155,-0.022311166,0.1233366,0.028081523,-0.03747199,0.009190331,-0.14435205,-0.046368822,0.03727571,-0.17262775,-0.17105602,-0.14647493,0.06012058,-0.09173631,0.052947402,-0.005857932,-0.18619053,-0.2060167,-0.13363677,0.09869083,-0.11968906,0.00116341,-0.2761542,-0.05849108,-0.26292253,-0.23826317,-0.100043245,0.042698838,-0.12581407,0.07892378,0.057579443,0.008437444,0.040488277,-0.016248995,0.098977886,-0.07523265,-0.14257812,-0.09725691
years,-0.09682167,0.085021466,0.051662333,0.067571774,-0.30096373,0.28605077,-0.05260998,0.24922594,-0.1859285,0.06435665,-0.056663714,-0.01196356,0.09410171,0.08848193,-0.13688502,-0.0063540903,0.15220277,-0.17473653,-0.09400311,0.18525608,0.092377745,-0.16316284,-0.10417326,0.23127353,0.22052452,0.010790892,-0.059543744,0.09684525,-0.14091216,-0.17827229,-0.0052252365,-0.25515246,-0.036775924,0.011974318,-0.095659,0.14280568,0.21821652,-0.18060304,0.12299444,0.034396116,-0.019420424,0.06622819,0.25972885,-0.06882307,-0.00458534,0.04911109,0.022396965,0.057673752,0.1182919,0.056961883,0.0077950177,-0.42423448,-0.15998663,0.08796061,0.12614584,-0.089467265,0.04231913,0.12430851,-0.0554492,0.15789106,-0.021099342,-0.06857034,-0.3197968,0.055636458,0.117339976,0.052146953,-0.05027942,0.079716764,-0.24948417,-0.0695699,0.080470756,-0.1800345,-0.119447224,-0.16357069,0.069357485,-0.12934844,0.09555787,0.020340253,-0.18035482,-0.1774462,-0.087707445,0.14728385,-0.12574035,0.025454117,-0.34181365,-0.108198404,-0.23494583,-0.2421855,-0.09913998,0.06423991,-0.20035477,0.09843547,0.03951948,-0.02078429,0.052903406,-0.028319621,0.055411328,-0.007994308,-0.097015694,-0.10942055
try,0.027867505,0.052176695,-0.022971764,0.07915252,-0.23348457,0.11172581,-0.07106392,0.11556888,-0.2439921,0.047061425,-0.15953359,0.021791523,0.14329132,0.20262957,-0.17793499,-0.10289259,0.13618198,-0.18274747,-0.22015089,0.09354549,0.0603395,-0.13594122,-0.043942224,0.20545912,0.23823364,0.00025439766,-0.14373904,0.023460709,-0.14021611,-0.06729428,-0.07009606,-0.1643652,-0.15872604,-0.023085548,0.0033840407,0.108974956,0.112733975,-0.1822277,0.07450885,0.10828448,0.025421154,-0.10732807,0.22133991,-0.04706687,0.00403582,0.14553614,0.044358518,0.07476893,0.07856233,0.009445472,-0.10089695,-0.35633606,-0.08556046,0.079316236,0.110084906,-0.05050105,-0.118634835,0.0020631892,-0.11307093,0.1432737,-0.0553517,-0.09719024,-0.3394196,-0.018418808,0.058613453,0.05618514,-0.006215036,-0.123760164,-0.13287209,0.013796467,-0.039715316,-0.1273865,-0.19488735,-0.083688796,-0.039238203,-0.12333524,0.014391625,-0.038134612,-0.08581357,-0.29887715,-0.07082388,0.037237052,-0.08994913,0.16609463,-0.17750968,0.08801859,-0.16807029,-0.2594778,-0.07219707,0.043120764,-0.12799188,0.15458395,0.12828071,-0.07270637,0.013394836,0.019922448,0.04151407,-0.007135293,-0.07201613,-0.12914054
wah,0.038141612,0.015061124,-0.02234296,0.0042335596,-0.18680623,0.17292789,-0.05479199,0.16984333,-0.1222979,0.11469776,-0.0719664,0.025226178,0.022869984,0.047354095,-0.11451824,-0.07971108,0.16228084,-0.13324691,-0.12886415,0.1040373,0.08401638,-0.12894055,-0.11428339,0.222692,0.25576687,-0.035011146,-0.0074113416,0.04515773,-0.114364766,-0.009206963,-0.021610543,-0.23532996,-0.12227697,-0.0066202516,-0.12263707,0.18765868,0.19616379,-0.20286362,0.1945679,-0.0096804155,0.04379104,-0.04411256,0.12818427,-0.07815904,0.010826315,0.11934771,-0.052328832,0.084555596,0.19700064,-0.09649457,0.0177739,-0.24407524,-0.077386685,0.12257135,0.11688146,0.044827856,-0.12659289,-0.06460894,-0.025914362,0.109134495,-0.12695105,-0.11582978,-0.23694748,-0.102996245,0.17942104,0.033194654,-0.09297897,-0.096060194,-0.013308354,-0.050564475,-0.02639991,-0.10057459,-0.15921822,-0.13153982,-0.04290006,-0.04448866,0.038968444,-0.08648912,-0.18614557,-0.15369084,-0.14991516,0.008409726,-0.16520673,0.1190604,-0.17963143,0.047788553,-0.21768005,-0.25758466,-0.17321144,0.050503127,-0.041766502,0.055650815,0.12529577,-0.047772087,0.08324482,-0.07829155,0.14377217,-0.05957711,-0.13581958,-0.17859717
1,-0.1134356,0.019420782,-0.055175733,-0.031733677,-0.3535056,0.19842024,-0.11424725,0.21436867,-0.14934878,0.071450725,0.058767498,-0.017477576,0.06970685,-0.023084905,-0.020022033,0.019880317,0.17152722,-0.06800786,0.040411938,0.05216552,0.07243936,-0.1014811,-0.09555798,0.2534698,0.325895,0.1409855,-0.20285392,0.037146885,-0.2075913,0.019923957,-0.19538118,-0.37989455,-0.15779483,-0.03670042,-0.14069311,0.16112915,0.27871466,-0.37927344,0.2305554,0.1601383,-0.028021803,0.11481063,0.35543212,-0.20246994,-0.008388099,0.09286916,-0.04788899,0.022693858,0.1389388,-0.0007246877,-0.08339145,-0.3693624,-0.19926852,0.15923496,0.148615,0.027134571,0.119282275,0.1692542,-0.05149781,0.32908514,-0.042326503,0.04452581,-0.35605162,0.071793534,0.1273971,-0.03906378,-0.006861597,0.016020821,-0.23675463,0.037462667,0.02330733,-0.14986491,-0.058645155,-0.16707946,0.012730824,-0.22558936,-0.028810617,-0.14107889,-0.1613775,-0.20959611,-0.2242115,0.1353309,-0.15641008,-0.045544576,-0.21820205,-0.108266585,-0.21091716,-0.21115099,-0.16094925,0.028432973,-0.08383587,0.20504288,0.09317166,0.03846132,-0.024375197,-0.010375655,0.055560168,-0.055367954,-0.027744265,-0.13757797
ohmu,-0.02402198,0.12622885,-0.0049195597,0.059055224,-0.33670533,0.2617759,-0.057964817,0.24013774,-0.14363913,0.036551703,-0.053179916,-0.014001988,0.05191118,0.0677414,-0.079124495,0.048439212,0.12138151,-0.14980468,-0.039591473,0.17496902,0.05839559,-0.18007283,-0.09939731,0.27808616,0.2613518,0.012119966,-0.03088879,0.034741458,-0.15848488,-0.08434795,-0.04399458,-0.2721817,-0.1274926,-0.018026704,-0.036468606,0.08396054,0.23389193,-0.16852653,0.16898118,0.051202957,0.016478457,0.019008666,0.27001202,-0.113960125,-0.0453399,0.06718555,-0.03637478,0.061297726,0.11739064,0.041212674,0.01618007,-0.358815,-0.17367409,0.13137907,0.12033699,-0.041041594,0.014891352,0.11136991,-0.04604506,0.16348128,0.013627992,-0.06836691,-0.27683643,0.056547012,0.13861527,-0.01960326,0.0009335084,-0.0016343466,-0.20657822,-0.06901724,0.081543915,-0.15028182,-0.12343583,-0.17240317,0.058585856,-0.122949116,0.024217984,-0.02517726,-0.17375289,-0.1788232,-0.103590995,0.15454602,-0.17354725,0.0362674,-0.23708169,-0.026493384,-0.29151314,-0.22536904,-0.0842416,0.039624896,-0.1125056,0.15460305,0.08739451,0.043437902,0.0140789235,-0.031598844,0.07667902,0.0036289685,-0.077040166,-0.11066272
late,0.028057916,0.02745432,-0.015491525,0.05341723,-0.1141785,0.021455608,-0.044381756,0.06521303,-0.15223294,0.1190963,-0.18083696,0.0832923,0.10575124,0.19560815,-0.1544325,-0.20783964,0.15515357,-0.15470752,-0.2610894,0.059374288,0.07828327,-0.034540374,-0.13138424,0.149871,0.28989926,-0.05936313,-0.12338888,0.053318396,-0.14941196,-0.091878034,-0.123416,-0.14833213,-0.14846604,-0.04411578,-0.02380877,0.20633563,0.07726878,-0.1882746,0.06777032,0.07868754,-0.02375367,-0.11514184,0.13588375,-0.006913701,0.0044635744,0.13894205,0.104359776,0.09927546,0.1687805,-0.052656688,-0.10408746,-0.28670833,0.019427031,-0.009960617,0.06690376,-0.023597274,-0.16423234,-0.15979834,-0.0766313,0.13494736,-0.14171417,-0.089537956,-0.3712107,-0.08780251,0.042642385,0.107908234,-0.050956678,-0.11689402,-0.059087045,0.057720706,-0.05575878,-0.11130441,-0.24247342,-0.06637229,-0.05058473,-0.04610335,-0.047852673,-0.071183145,-0.12935045,-0.33495593,-0.17022675,-0.084875725,-0.06203901,0.15183741,-0.13741882,0.15254065,-0.12758967,-0.30439,-0.08064085,0.03393216,-0.10230708,0.14639418,0.15368514,-0.15719591,0.038374517,0.031503297,0.07493697,-0.047883995,-0.12560154,-0.18436973
dad,-0.021658665,0.058362324,-0.011577663,0.090182595,-0.12610723,0.06862987,-0.07547104,0.06918455,-0.1328706,0.14517461,-0.12105321,0.023625733,0.12513295,0.12774475,-0.13579947,-0.16000046,0.13870439,-0.15733202,-0.1827486,0.061771743,0.08898236,-0.03575562,-0.13686244,0.18350817,0.27499786,-0.02810308,-0.101607785,0.015673859,-0.11811779,-0.04408968,-0.09272003,-0.19645385,-0.10723136,0.006890551,-0.01084765,0.20930381,0.12297223,-0.22028692,0.09931135,0.041247476,-0.007298666,-0.056453615,0.16192073,0.0026082583,-0.0051596323,0.14929073,0.07726225,0.073820084,0.17191784,-0.07520214,-0.04278306,-0.29227924,-0.035059307,0.031293202,0.08640551,-0.020614361,-0.0914479,-0.041713867,-0.0746745,0.1665018,-0.102640465,-0.13498043,-0.326667,-0.075400114,0.093027525,0.08271481,-0.056834966,-0.067712955,-0.06872447,0.0018323027,-0.022080002,-0.16096862,-0.26146913,-0.06220685,-0.006096246,-0.09052947,0.042040277,-0.04976481,-0.14587618,-0.2671004,-0.15915614,-0.054466646,-0.10078417,0.08912768,-0.219151,0.07915768,-0.16400486,-0.2943109,-0.14092183,0.055088963,-0.110109024,0.0996781,0.13489808,-0.119232856,0.011596648,0.0064901104,0.08654327,-0.005425386,-0.1054655,-0.13537285
trees,0.004703003,0.0861481,-4.0429935e-05,0.06374582,-0.33140782,0.26720992,-9.245154e-05,0.22325148,-0.22071357,-0.04083496,-0.07336443,-0.03599772,0.094108775,0.18305664,-0.14267695,0.051716857,0.13999675,-0.1927118,-0.12426473,0.16424078,0.11019391,-0.17391975,-0.027044918,0.27913868,0.16364257,0.04618736,-0.09758275,0.056717236,-0.17069034,-0.15206268,-0.042532593,-0.2006913,-0.117718846,-0.03365706,0.029719623,0.054742426,0.19204904,-0.14082679,0.08682414,0.058272112,0.03139352,-0.012948547,0.32378104,-0.048280895,-0.05589106,0.13454026,-0.016879993,0.07276527,0.06258394,0.10450444,-0.0373926,-0.38741058,-0.16747451,0.14307919,0.0934792,-0.13300121,-0.012041871,0.15905295,-0.053602457,0.11906025,0.01872517,-0.08828435,-0.3357975,0.10013573,0.103902146,-3.6858022e-05,0.031981084,-0.023177544,-0.23734386,-0.030507386,0.015021135,-0.15624343,-0.11704835,-0.10328909,0.005120186,-0.13376614,-0.0041172984,0.016415823,-0.12600817,-0.20945199,-0.05128979,0.16471851,-0.1494864,0.098147005,-0.2433403,-0.007705339,-0.214695,-0.2109016,-0.059375636,0.055259917,-0.1521437,0.15804808,0.10617965,-0.008245717,0.041094553,-0.019358605,0.021369303,0.034138326,-0.006236904,-0.11134329
own,-0.07642582,0.100091346,-0.01867131,0.08851865,-0.2751028,0.17333946,-0.08816176,0.14594796,-0.16539592,0.042923026,-0.13952732,0.018381167,0.15028617,0.16329344,-0.17904219,-0.03910806,0.12187535,-0.18473513,-0.14579988,0.09660393,0.071023375,-0.11434699,-0.12426098,0.21007992,0.25760943,0.022735605,-0.14876013,0.043178793,-0.13070709,-0.1286764,-0.090618394,-0.16015564,-0.12606037,0.008277155,-0.03166712,0.11061698,0.1522744,-0.1459375,0.05594919,0.055301394,-0.0065500177,-0.068674244,0.21875724,-0.017472832,-0.03844171,0.10858715,0.050396997,0.08271309,0.082614936,0.052907296,-0.041174166,-0.37943766,-0.13637659,0.07739278,0.050647926,-0.08455078,-0.050671533,0.04496268,-0.1370658,0.14372429,-0.04598519,-0.1174625,-0.3330529,0.02960297,0.061004557,0.047230884,-0.028910743,-0.067879856,-0.2423853,0.0038711156,0.025167897,-0.15631223,-0.22716656,-0.059887864,-0.017985959,-0.17758119,0.04662589,0.010169991,-0.13470337,-0.31050432,-0.07961772,0.050708324,-0.112461224,0.11487448,-0.24283187,0.040431164,-0.20128243,-0.21881463,-0.073761396,0.04390074,-0.1867947,0.12658952,0.12041227,-0.08086524,0.02293083,-0.008422596,0.05411127,0.032905202,-0.06995617,-0.15467471
happened,-0.022760322,0.08223866,-0.008337213,0.11033064,-0.08871546,0.099336766,-0.0044049476,0.046714325,-0.17492917,0.13608442,-0.13121054,0.020062769,0.110048234,0.16723484,-0.12964487,-0.09392943,0.09029732,-0.19266912,-0.1621312,0.12273413,0.029568372,-0.10454762,-0.12813476,0.20795724,0.27020872,-0.043355674,-0.056034066,0.0025382554,-0.101467006,-0.0788614,-0.044684313,-0.1814249,-0.12096081,0.043088946,0.010270439,0.19324476,0.12308641,-0.20189252,0.08317987,0.025107479,0.07074565,-0.03514521,0.21252218,-0.004278904,0.02590725,0.15851593,0.035037808,0.03734566,0.1683234,-0.08271562,0.005783474,-0.30887666,-0.044679075,0.08187739,0.105406985,-0.051769946,-0.11269849,-0.025170749,-0.08875301,0.14648125,-0.07078775,-0.14243717,-0.3658183,-0.047744602,0.087277144,0.04048362,-0.03275304,-0.09383882,-0.016649907,-0.050539576,-0.026071828,-0.16922072,-0.2856539,-0.08936785,0.033582002,-0.0503679,0.07852255,0.028523361,-0.14108454,-0.20146526,-0.08581246,-0.02912586,-0.06257296,0.06277104,-0.26075977,0.06262949,-0.23809288,-0.3176954,-0.13572653,0.0061684293,-0.12649453,0.09898492,0.08525922,-0.09874059,0.029208222,0.022172315,0.10390364,-0.055012595,-0.16084997,-0.106160544
wonder,0.048162084,0.045928627,0.007831074,0.10711021,-0.1360468,0.124222375,-0.013956529,0.06793487,-0.17245553,0.12079133,-0.1260025,0.10790963,0.0723668,0.18241805,-0.19872625,-0.13416992,0.13787848,-0.17796652,-0.21779335,0.13809979,0.075888604,-0.12777244,-0.11137289,0.211727,0.25749,-0.09283727,-0.03893615,0.05090499,-0.1308384,-0.13131292,0.0065208413,-0.17882621,-0.09480984,0.00013649411,-0.049113765,0.1960598,0.098675534,-0.13419068,0.12727605,0.046179093,0.02647633,-0.080564804,0.17349121,0.017822696,-0.0027410137,0.119192556,0.022254778,0.068688154,0.15839885,-0.07705297,-0.024586892,-0.32966477,-0.016339885,0.054108188,0.08568971,-0.017645253,-0.16436765,-0.06375248,-0.022020247,0.07841956,-0.10706203,-0.11731923,-0.33842215,-0.12946473,0.049249977,0.0806194,-0.03277405,-0.07766322,-0.055880956,0.01816431,-0.023230847,-0.14144076,-0.24342337,-0.1178396,0.00039770798,-0.041407198,0.039892823,0.024169955,-0.13431722,-0.22044383,-0.12556186,-0.048340004,-0.093160115,0.13737287,-0.2131191,0.074010506,-0.19221543,-0.28725895,-0.117864884,0.039097413,-0.18296057,0.06774508,0.0916284,-0.12581126,0.060489718,0.010106673,0.072715364,-0.057673797,-0.15268773,-0.13844867
night,-0.031109137,0.079590864,0.016153391,0.09521291,-0.23652896,0.19272287,-0.032292455,0.14964567,-0.2040769,0.031782772,-0.1169631,-0.0007167162,0.107118174,0.17039157,-0.15221006,-0.042326964,0.13218163,-0.17465025,-0.16313949,0.14507402,0.07229713,-0.13425268,-0.060925703,0.19495171,0.23027402,0.0016127272,-0.084239975,0.071285866,-0.14805253,-0.13524704,-0.08396269,-0.15868703,-0.10238543,-0.010922355,-0.032642372,0.11186339,0.15253599,-0.16214539,0.071528845,0.079421006,0.0042042243,-0.039291844,0.24035151,-0.012568251,-0.009114267,0.09729553,0.06576257,0.07644721,0.09993151,0.016180808,-0.062586516,-0.3666944,-0.106313206,0.085864626,0.10490721,-0.091233246,-0.0623814,0.07512343,-0.0705273,0.13388036,-0.05299501,-0.13717902,-0.33316785,0.035289027,0.066038184,0.049280766,0.0045547816,-0.030015593,-0.16327679,0.015932478,-0.0016774789,-0.14095153,-0.14312862,-0.07635837,-0.014765461,-0.13428058,0.038628396,0.01901802,-0.13445961,-0.22491537,-0.07052824,0.09620715,-0.11003077,0.089554355,-0.23886527,0.0015047116,-0.19669695,-0.251765,-0.09207527,0.05412521,-0.16412489,0.13274889,0.08854558,-0.059226133,0.03142907,0.002600225,0.044604465,-0.004530504,-0.0361131,-0.14241529
everything,-0.03880657,0.047568128,0.04754806,0.0944542,-0.21214142,0.14981468,-0.04280613,0.14600253,-0.19855738,0.068969846,-0.089230366,0.013937326,0.13888554,0.16510439,-0.16582696,-0.090362445,0.12807235,-0.19338392,-0.19853617,0.119968,0.10526607,-0.10408688,-0.10189238,0.19151466,0.24333937,0.0043181023,-0.10746533,0.08074174,-0.11651243,-0.11942125,-0.04503292,-0.1819905,-0.068392135,0.0010611609,-0.030378928,0.15099797,0.09790637,-0.20975831,0.071591176,0.053342447,0.0032434617,-0.030151239,0.18757161,-0.0029275997,0.021825396,0.0902091,0.0635208,0.06939422,0.13994852,0.00743033,-0.056476243,-0.37676346,-0.08080947,0.050618615,0.10798431,-0.0871743,-0.070007816,0.037413534,-0.078410454,0.13751288,-0.07472513,-0.118502975,-0.3468411,0.0011700701,0.06738267,0.06796197,-0.018021803,-0.033289276,-0.12222082,-0.00067475275,-0.010750149,-0.1880106,-0.17025232,-0.08200541,0.028336372,-0.12886895,0.07382215,-0.006581224,-0.13307941,-0.24403538,-0.08988978,0.030328076,-0.100424394,0.08981166,-0.28338176,0.008331177,-0.19812828,-0.28163746,-0.10572111,0.054350913,-0.16574703,0.11641439,0.07856613,-0.116093166,0.030633498,0.010895108,0.035986874,-0.00036363417,-0.05035543,-0.12673484
mmm,-0.2076434,-0.024612054,0.017516522,0.035764076,-0.22881754,0.09995938,0.011101363,0.11043487,-0.20064314,0.25306922,0.1339474,0.118169494,0.085482724,-0.01545794,-0.10751878,0.091168314,0.23389147,0.11163496,0.16877715,0.059388455,-0.056460265,-0.0023317798,-0.07893781,0.12353657,0.32959488,0.020734247,0.08141584,0.10431689,-0.17216916,-0.08395888,-0.12834144,-0.13049799,-0.04543948,0.112208135,-0.07388278,0.16829374,0.29596493,-0.31390134,0.2714056,0.15932253,0.08234325,-0.1710436,0.11408527,0.016719656,0.15332411,0.2078543,0.04769958,-0.11029369,0.15726568,-0.07167702,0.024427064,-0.16793866,-0.29861146,0.18559189,0.17598185,0.09107035,0.17815885,-0.0882742,-0.057273094,0.07910642,-0.1490626,-0.07433234,-0.3056765,-0.0012611707,0.22287397,-0.056915168,-0.10059771,0.16431053,-0.06715306,-0.13993268,-0.057776105,-0.012549307,-0.16278085,-0.014058318,-0.03294101,-0.029372508,-0.07853705,-0.1553299,-0.16884191,-0.20675959,-0.191517,0.009548002,-0.15537064,-0.0114677865,-0.11102603,-0.2006235,-0.13549295,-0.2560254,-0.21029416,-0.067409925,-0.037111573,0.15549584,-0.006756625,-0.08633133,0.03838142,-0.040641576,0.054386586,-0.08693854,-0.14886552,-0.21833093
maybe,-0.063846596,0.08858863,0.00023655468,0.11140593,-0.19555293,0.15946147,-0.05182939,0.111524545,-0.17196281,0.094707064,-0.12045687,0.023380956,0.106100716,0.13545635,-0.1266747,-0.12206031,0.13090432,-0.16458894,-0.15452735,0.11811185,0.085688286,-0.11597311,-0.095387146,0.19681157,0.26294333,-0.009833375,-0.09165797,0.047132496,-0.12929814,-0.097760394,-0.043678977,-0.17059582,-0.10727014,-0.0041144206,-0.040020887,0.18571298,0.1267113,-0.20345902,0.07449875,0.06758121,0.018754855,-0.055726517,0.19562332,-0.016594646,0.009432743,0.0783909,0.036080822,0.06681021,0.14148226,0.010892581,-0.04651459,-0.36699703,-0.082620084,0.07196251,0.11159746,-0.03820101,-0.04963098,0.036231305,-0.117648005,0.13973764,-0.08097488,-0.11102834,-0.29665336,-0.046701066,0.07617612,0.06033244,-0.029208636,-0.044379923,-0.14267687,-0.018995814,-0.015441141,-0.18121831,-0.20625699,-0.10004748,0.022636529,-0.12758984,0.05125554,0.020388663,-0.16436785,-0.2420168,-0.09780583,0.058895256,-0.09100036,0.07743212,-0.2571148,-0.003033727,-0.22675136,-0.24853998,-0.09852411,0.044371746,-0.12982981,0.082039215,0.07065739,-0.055016566,0.024578242,0.024309969,0.06689732,-0.0413407,-0.090942115,-0.10414842
child,-0.142165,0.09414688,-0.004376511,0.09136083,-0.31548664,0.23292227,-0.067594536,0.19064303,-0.14925796,0.092510924,0.0030494402,0.023328284,0.07535341,0.05340798,-0.087240666,-0.012678266,0.1478845,-0.1443936,-0.042073898,0.093964644,0.08692299,-0.101471566,-0.12595436,0.250899,0.29279354,0.04224181,-0.16249186,0.061823722,-0.18006997,-0.1242274,-0.11716815,-0.29054394,-0.095098786,-0.025068441,-0.08856323,0.15116426,0.21772952,-0.24044468,0.13700461,0.10190712,-0.065790094,0.08196758,0.28860828,-0.06470046,-0.03348949,0.065432005,0.042181805,0.03664476,0.11552588,0.057894588,-0.021643529,-0.3760895,-0.15479685,0.06826362,0.09201341,-0.05172405,0.06604627,0.13953687,-0.0538775,0.20438235,-0.05209907,-0.023824994,-0.34460074,0.08316516,0.03692804,0.03864276,-0.01942084,0.065473825,-0.3195832,0.03171465,0.053830944,-0.18051189,-0.13370664,-0.16805644,0.07413832,-0.16251546,0.035981093,-0.0065711695,-0.11704046,-0.24423748,-0.18728961,0.10952221,-0.13239883,-0.041747123,-0.2659378,-0.10431981,-0.21243261,-0.1958674,-0.07837656,0.025505833,-0.1850085,0.15661082,0.08919078,-0.003880929,-0.023505226,-0.026259681,0.014246866,-0.026041757,-0.04625845,-0.123456456
school,-0.096474156,0.10182073,0.009488304,0.09414699,-0.22873555,0.18449506,-0.054362226,0.1686596,-0.1788982,0.078018636,-0.08695676,0.0016122533,0.11963958,0.14123257,-0.15716368,-0.016485795,0.12281213,-0.18521287,-0.15553904,0.08749207,0.07966556,-0.089567445,-0.13581574,0.2272241,0.2651851,-0.010789534,-0.12112996,0.06337895,-0.12695816,-0.12800042,-0.0901703,-0.18336838,-0.10724952,-0.006211124,0.0020992844,0.12638554,0.14323935,-0.15339033,0.07157959,0.062401235,0.004895673,-0.033406194,0.2084733,-0.0035748451,-0.021338314,0.13675348,0.0851866,0.037553653,0.08472493,0.08415767,-0.0502292,-0.37306967,-0.13834754,0.048633453,0.09534042,-0.061616167,-0.019238636,0.05413418,-0.09909823,0.13641071,-0.07424667,-0.1286598,-0.29845026,0.04232214,0.032807034,0.048702557,-0.030619267,-0.033602927,-0.22383046,-0.028674044,0.022289626,-0.16292396,-0.20869046,-0.08836189,-0.018142724,-0.14875565,0.015794525,0.0074858894,-0.12965709,-0.27478567,-0.13321778,0.07030079,-0.08723974,0.07810439,-0.254324,0.0021268064,-0.21021108,-0.2189813,-0.081215024,0.047555793,-0.16305643,0.15568626,0.09076274,-0.051014047,0.010525043,-0.025919866,0.037864078,0.008015111,-0.06379351,-0.11518984
without,-0.005816044,0.030531844,-0.0029606654,0.108492896,-0.16814451,0.14776237,-0.02701117,0.07722593,-0.23025055,0.04946107,-0.17639838,0.019493649,0.15012294,0.23623891,-0.20617457,-0.1060592,0.10685974,-0.1937243,-0.25325125,0.13522461,0.067694575,-0.14575128,-0.053799096,0.18426137,0.20922187,0.0033338808,-0.10003788,0.05067148,-0.1328395,-0.12721515,-0.058500115,-0.14207287,-0.1392309,-0.0007400053,-0.0165837,0.156971,0.07126988,-0.19862314,0.04605844,0.06543437,0.044850115,-0.10728285,0.2137463,0.00289728,-0.018052984,0.11974277,0.04131687,0.075174846,0.13790543,-0.015512,-0.058507774,-0.3787197,-0.06410344,0.07446146,0.09434224,-0.07321893,-0.11301808,0.010563994,-0.10176895,0.12206176,-0.0972399,-0.16498998,-0.32695967,-0.067322694,0.0769005,0.06657337,0.0019378432,-0.09599953,-0.089661196,-0.00915525,-0.04504312,-0.17243086,-0.2111078,-0.05622416,-0.034878816,-0.14002308,0.054096244,0.045026075,-0.1309628,-0.24928786,-0.04090675,0.017951772,-0.07334903,0.13501391,-0.21474841,0.08338444,-0.19759881,-0.2781701,-0.12238379,0.065845564,-0.13559225,0.09407635,0.10027666,-0.12102425,0.04828832,0.033530563,0.058944177,-0.03046482,-0.06538116,-0.11883463
listen,0.01616893,0.019719569,-0.022266371,0.07606633,-0.14279,0.09710178,-0.036157086,0.053936616,-0.20530747,0.09011024,-0.16132285,0.04967566,0.13604651,0.20826297,-0.18925214,-0.07203945,0.110984914,-0.17834277,-0.26591328,0.100245155,0.04816218,-0.11077755,-0.06677194,0.17860216,0.24294047,-0.04183108,-0.09630566,0.05563488,-0.124011055,-0.0825792,-0.07802687,-0.15742195,-0.13754347,-0.0020636187,-0.008093224,0.15269604,0.06671146,-0.16035068,0.08623292,0.05730165,0.05049479,-0.09906665,0.17241226,-0.011535149,-0.0011418427,0.12297182,0.05005754,0.05051202,0.1412176,-0.033119876,-0.023574654,-0.34193963,-0.03335862,0.05812688,0.10184607,-0.05918342,-0.13381614,-0.05165217,-0.078096926,0.095306024,-0.09807145,-0.1351881,-0.3348165,-0.06697526,0.067467675,0.052199103,0.0035097545,-0.11170904,-0.060169447,-0.016761491,-0.011655889,-0.1446821,-0.2317918,-0.082073614,-0.042285744,-0.11719365,0.01570313,0.010437741,-0.11628811,-0.23827045,-0.08481383,-0.065025054,-0.09453632,0.15156472,-0.17167549,0.12484471,-0.16264154,-0.28653616,-0.10290996,0.043145016,-0.121818945,0.10924821,0.09319872,-0.12402476,0.020639861,0.023380278,0.07085487,-0.0038826559,-0.07678985,-0.13752146
since,-0.08862674,0.07565729,0.082686715,0.094575875,-0.18615212,0.2199926,-0.050624754,0.18568131,-0.17561768,0.1254167,-0.038543485,0.013134042,0.078683525,0.051868487,-0.17036834,-0.09135891,0.17015897,-0.18100421,-0.15811937,0.123652495,0.14293176,-0.09346632,-0.12103472,0.19107983,0.24656911,-0.014573895,-0.089672424,0.10486698,-0.13079645,-0.14104153,-0.02277791,-0.19818653,-0.003484969,0.022301218,-0.108896315,0.2167247,0.18938857,-0.20212397,0.11810852,0.0037481685,-0.034001023,0.042940415,0.18257138,-0.004461936,0.036050785,0.08509609,0.072999954,0.0388333,0.14256059,0.011159079,-0.033304267,-0.38914925,-0.093649186,0.07334662,0.13135612,-0.057096373,-0.03876303,0.082466155,-0.032752875,0.1275566,-0.092671946,-0.10612145,-0.31593776,-0.004407924,0.063969135,0.11372677,-0.109265745,0.056550425,-0.15694816,-0.03835758,-0.0049778214,-0.17101021,-0.15674955,-0.11335092,0.01767459,-0.10831676,0.104666434,0.041677434,-0.16862164,-0.19797455,-0.12777115,0.0847444,-0.11061299,0.023053907,-0.36032134,-0.07370717,-0.18978985,-0.2500648,-0.14951769,0.025743214,-0.22506334,0.03790821,0.020876393,-0.08653727,0.05683672,-0.01578751,0.0632016,-0.012067209,-0.076830976,-0.14015381
show,0.0027009216,0.062466267,-0.033616126,0.07098139,-0.21808888,0.122240536,-0.060601447,0.1129389,-0.2038496,0.06819542,-0.14484292,0.020107828,0.13306956,0.1839283,-0.16213436,-0.05935579,0.117368095,-0.18053736,-0.21587256,0.101743095,0.035526067,-0.12035136,-0.07060872,0.19051978,0.23698074,0.0050556813,-0.10362689,0.04134184,-0.1161113,-0.09087231,-0.113071434,-0.18395671,-0.15358971,-0.013129698,-0.007064104,0.16113693,0.12688713,-0.1688708,0.082330614,0.05927002,0.046834216,-0.09880267,0.20845568,-0.04994836,-0.021233292,0.14167981,0.035371084,0.057703372,0.10764586,0.0024026202,-0.026320636,-0.34245092,-0.09053756,0.09098234,0.098478526,-0.04368716,-0.10164554,-0.0067015216,-0.12779388,0.1263188,-0.07565626,-0.1093663,-0.3248921,-0.0283859,0.0846375,0.056411162,-0.0016957218,-0.10779256,-0.1027897,-0.012453122,-0.018583884,-0.13865182,-0.21027516,-0.09297751,-0.046387512,-0.14076068,0.019802254,0.0040294193,-0.09504907,-0.26003733,-0.07290274,0.0011134221,-0.080246694,0.1392909,-0.20841824,0.0876457,-0.1866321,-0.267904,-0.11276543,0.047601245,-0.1094356,0.1119646,0.120749846,-0.08145382,0.022779455,0.019596437,0.07689957,0.008208463,-0.07566197,-0.14012434
done,0.013120149,0.045679726,0.024659377,0.08647647,-0.16293213,0.17421572,-0.031666312,0.120247014,-0.20663932,0.06068529,-0.11137321,0.040269863,0.110992044,0.19171263,-0.17579319,-0.13853925,0.10940112,-0.19441819,-0.2139281,0.12470771,0.09597198,-0.13430314,-0.082708545,0.20682094,0.23173003,-0.02838403,-0.10013242,0.07132057,-0.15819687,-0.09065789,-0.05574684,-0.16391574,-0.10892081,0.012172329,-0.04915446,0.18385608,0.07851555,-0.19583553,0.065604195,0.017363215,0.027423842,-0.0606031,0.19937283,0.005570759,0.027086383,0.14256404,0.047395565,0.097571805,0.12767026,-0.025382796,-0.06392403,-0.34466502,-0.06672792,0.07245869,0.10127017,-0.059851702,-0.14106789,-0.0049059787,-0.09638962,0.09558519,-0.11348655,-0.14135207,-0.3252689,-0.05256577,0.058037333,0.0767582,-0.040303804,-0.097979374,-0.08526621,-0.02902182,-0.051914584,-0.16658701,-0.20459975,-0.08852805,-0.028404895,-0.08653216,0.049639937,0.002206868,-0.15423559,-0.21708347,-0.08087858,0.025880584,-0.093950585,0.11738815,-0.25599152,0.07649512,-0.2044846,-0.2795059,-0.12391621,0.047633275,-0.13047366,0.07246524,0.07473789,-0.107246734,0.066968046,0.011045878,0.078513525,-0.025627218,-0.06734609,-0.14993832
gonta,-0.033643443,0.09062934,-0.013049925,0.12513842,-0.21524449,0.15121202,-0.05710657,0.13283974,-0.17213374,0.06945762,-0.11655726,0.020973532,0.12988894,0.1760409,-0.13241231,-0.07229596,0.112901606,-0.19534189,-0.15226659,0.10211386,0.08032382,-0.11095061,-0.08779749,0.21873719,0.25585407,-0.015577594,-0.092992224,0.017568838,-0.12937768,-0.09980141,-0.05704761,-0.19749665,-0.11947148,0.0014920494,-0.013677954,0.14181358,0.12195149,-0.17907478,0.08915134,0.08078399,0.021231625,-0.059064083,0.21922217,-0.029012712,-2.4300709e-05,0.08974234,0.02831456,0.05630468,0.11706229,0.025708009,-0.02507013,-0.3635709,-0.104208045,0.07060029,0.096749686,-0.065462545,-0.0476396,0.026271043,-0.09829137,0.13685988,-0.051934876,-0.11994827,-0.3274445,0.0016384852,0.074106365,0.027057126,0.0008028702,-0.03693799,-0.13732605,-0.023306154,0.015247373,-0.17924085,-0.21265702,-0.103125595,0.03065557,-0.12806125,0.043652494,0.016101966,-0.1387393,-0.23194547,-0.07024437,0.047514077,-0.10294154,0.076938435,-0.23873442,0.022848753,-0.21711676,-0.24790893,-0.06401844,0.050903976,-0.123875506,0.10957923,0.09480795,-0.06327517,0.018399237,-0.003905161,0.07783218,0.0030085882,-0.07561127,-0.1174346
lord,-0.055093598,0.058002025,-0.0014642599,0.08557911,-0.23738761,0.13748161,-0.051510744,0.13886695,-0.17932293,0.04754929,-0.08999262,0.0010697611,0.1251624,0.16307887,-0.124938026,-0.07174826,0.0984795,-0.1515632,-0.11495999,0.11173735,0.06798586,-0.096246675,-0.08048624,0.18970354,0.21692109,0.02332361,-0.12430116,0.046445295,-0.14567028,-0.08242708,-0.09050645,-0.18035126,-0.09361272,0.011339118,-0.028490148,0.117079705,0.12746748,-0.2235404,0.07965117,0.10013921,0.025841976,-0.03440347,0.26165614,-0.05317483,0.022961618,0.050180513,0.055878058,0.059544604,0.10617383,0.027438294,-0.071882926,-0.3841759,-0.103925936,0.09323035,0.10196964,-0.06181641,-0.013191872,0.07712392,-0.1142778,0.1814966,-0.018274326,-0.072084025,-0.3445347,0.014032815,0.081880175,0.044784684,0.0064186146,-0.038130157,-0.15875487,-0.010695507,0.0040096454,-0.16353779,-0.16050859,-0.10640105,0.032735012,-0.15542002,0.041007433,-0.021279426,-0.13694577,-0.22104435,-0.09507177,0.07392506,-0.078116275,0.019891942,-0.23110129,0.0036637976,-0.18485302,-0.2432984,-0.07411041,0.05168101,-0.11354933,0.1349567,0.07318583,-0.058086637,-0.00713105,0.012606408,0.03733068,-0.0060563744,-0.03760131,-0.099526025
another,-0.030441048,0.04188,-0.0047152513,0.07750936,-0.18854168,0.12854874,-0.04684051,0.10127164,-0.2051669,0.07709833,-0.12896335,0.01847923,0.14779955,0.1814683,-0.1640261,-0.09112431,0.13562816,-0.17494519,-0.19492768,0.112564854,0.080287926,-0.1077683,-0.06839843,0.1900305,0.24462384,-0.0104984585,-0.10750802,0.033111036,-0.13757472,-0.08639437,-0.07569549,-0.1613343,-0.10863443,0.01002428,-0.01648156,0.13135149,0.07625608,-0.20609981,0.082181305,0.0979052,0.002226261,-0.048979662,0.20709643,-0.020746687,-0.01030622,0.087494105,0.043328512,0.079866536,0.13013361,-0.0051191165,-0.054189667,-0.37463132,-0.063188,0.047483176,0.10925848,-0.057452913,-0.060138807,0.024423826,-0.102053754,0.15158218,-0.06130201,-0.118602045,-0.34262756,-0.036105514,0.06572001,0.05363421,-0.009990419,-0.06436092,-0.10972423,-0.010336738,0.010801481,-0.15628476,-0.2176725,-0.09135933,0.0093239825,-0.13025232,0.04486054,0.005277941,-0.1584075,-0.2431612,-0.077461265,0.0018051568,-0.0861359,0.09612616,-0.23345731,0.043846976,-0.19398245,-0.26715592,-0.08428641,0.0802934,-0.13062862,0.11173033,0.09148715,-0.09524966,0.01813438,0.0331102,0.054241758,-0.01285556,-0.06484622,-0.12849179
hmm,-0.008790042,0.04407897,-0.009477807,0.09952119,-0.117204174,0.11196783,-0.03335488,0.06945626,-0.17340742,0.11421955,-0.13508013,0.019580977,0.12376788,0.14757383,-0.14171654,-0.10513222,0.11822445,-0.16753027,-0.19887258,0.102587834,0.05736513,-0.0846046,-0.09899899,0.17566982,0.25887233,-0.023313314,-0.08250362,0.022710571,-0.119594224,-0.052890547,-0.06574383,-0.16385618,-0.11054603,0.012809217,-0.03899766,0.20789416,0.10407355,-0.22922377,0.10856736,0.050495937,0.03609097,-0.07342319,0.19579116,-0.026944613,0.035850693,0.10779909,0.021040529,0.063969195,0.17250478,-0.05972002,-0.038099263,-0.35220766,-0.04012061,0.08820749,0.117727876,-0.03919102,-0.09043122,-0.0077538537,-0.08341946,0.14674482,-0.093226634,-0.14644288,-0.3336805,-0.08114357,0.10180095,0.04938452,-0.034975614,-0.070780255,-0.039733242,-0.034688413,-0.022049159,-0.16734323,-0.21734172,-0.07527737,0.0087704,-0.10396518,0.08365331,-0.005559366,-0.16213384,-0.19674912,-0.07933572,-0.0297392,-0.080851085,0.078804694,-0.2379833,0.058572024,-0.2167086,-0.2925437,-0.12841524,0.0546711,-0.09336442,0.081104666,0.097989924,-0.075780414,0.025321864,0.008419667,0.09834077,-0.028742399,-0.11175416,-0.14102645
strange,-0.05995265,0.10687396,-0.0027922108,0.12142218,-0.16271558,0.13119403,-0.04023383,0.10523419,-0.14506121,0.12886944,-0.090480104,-0.0024278194,0.088880904,0.12993774,-0.11589709,-0.08420698,0.11279838,-0.16774201,-0.14228548,0.09239475,0.083105825,-0.060081165,-0.1294337,0.21249327,0.2789888,-0.035336297,-0.07712741,0.02240018,-0.12276813,-0.054600768,-0.049398437,-0.20830067,-0.0926331,0.01243045,-0.05035223,0.19078045,0.10838392,-0.20498757,0.11860289,0.07555246,0.015172295,-0.019300198,0.22562307,-0.03314847,-0.0033124469,0.0795924,0.036070097,0.057931393,0.17679642,-0.013049829,-0.022719871,-0.36134112,-0.06669742,0.053304933,0.11449536,-0.03624293,-0.037816722,0.046349797,-0.06806887,0.17428271,-0.060889002,-0.14167517,-0.31049946,-0.04660149,0.07707103,0.04213215,-0.022003481,-0.010343599,-0.07890218,-0.039492097,0.02766225,-0.16964489,-0.22561622,-0.12656942,0.05851507,-0.09306814,0.07209099,0.0089840675,-0.19167565,-0.20088452,-0.11280044,0.0353854,-0.0746649,0.024927162,-0.2710648,0.018936738,-0.2426116,-0.2912891,-0.11939515,0.028580483,-0.107778385,0.068413,0.059983037,-0.05317235,0.0050860546,0.015780937,0.083325244,-0.032732174,-0.11248212,-0.09811589
money,0.009535737,0.034501832,0.0067745866,0.13330379,-0.13657737,0.15917091,-0.011098812,0.10417512,-0.22392824,0.091296114,-0.14336269,0.006373218,0.13646041,0.22094063,-0.1565765,-0.096892886,0.069444306,-0.20013916,-0.22684637,0.17721798,0.05924243,-0.13004385,-0.058502708,0.20078468,0.23704441,-0.034178987,-0.048376355,0.056479223,-0.1265011,-0.15031128,-0.043928225,-0.14359549,-0.116199575,0.016606964,-0.00096179894,0.17242196,0.072131686,-0.16680998,0.04116932,0.062854156,0.03711461,-0.058852408,0.21050714,0.004746471,0.01483835,0.115438126,0.05665907,0.05715541,0.15086086,-0.02755953,-0.02786913,-0.37059477,-0.051784374,0.063501395,0.093422264,-0.095827095,-0.11318479,-0.0013662807,-0.096355364,0.09553073,-0.074966386,-0.18995363,-0.3824099,-0.048312243,0.061325688,0.06908477,-0.0058071283,-0.06862565,-0.072810344,-0.03803852,0.0075729853,-0.20419917,-0.2333386,-0.07571352,0.035270505,-0.08672407,0.09174874,0.06136967,-0.1547653,-0.20791312,-0.041264217,-0.0066933213,-0.086126894,0.10503091,-0.2671463,0.07978729,-0.22436905,-0.30159202,-0.08935418,0.06468798,-0.1474196,0.095332965,0.095769614,-0.0908653,0.035468843,0.04399335,0.058636297,-0.045364946,-0.10274349,-0.12065865
gone,-0.039953772,0.090730265,-0.004153042,0.090132765,-0.22458145,0.12877132,-0.057288937,0.13570347,-0.14925024,0.087035365,-0.09720641,0.026317364,0.08667067,0.11842783,-0.11811779,-0.107824676,0.119747244,-0.16224672,-0.14018217,0.06821036,0.09702522,-0.083517194,-0.122453116,0.22449468,0.25941947,-0.021635447,-0.088228434,0.038080707,-0.124971285,-0.04737156,-0.06392294,-0.2019382,-0.1130948,0.0058532753,-0.033208877,0.15896654,0.15189476,-0.2090372,0.11508159,0.059927467,0.020247586,-0.032414645,0.20765021,-0.048915163,0.008748064,0.10278847,0.017747812,0.06712384,0.14654462,-0.022993919,-0.052821297,-0.33973038,-0.08764522,0.073689535,0.11185554,-0.017041912,-0.06712196,0.030055119,-0.06942419,0.15331978,-0.06894448,-0.09649736,-0.2997506,-0.03459065,0.108417675,0.04739222,-0.02741759,-0.057962947,-0.12616704,-0.026654646,-0.001840652,-0.15157823,-0.21105023,-0.10842018,0.0019286142,-0.09779665,0.026048364,-0.03914746,-0.15560909,-0.2385032,-0.12399565,0.04827546,-0.08958442,0.06693843,-0.22922473,0.026660627,-0.21584824,-0.27841213,-0.10712277,0.046838257,-0.10719708,0.1057814,0.092722856,-0.05297167,0.010171738,-0.008326062,0.073688686,-0.007986215,-0.09687382,-0.10673053
hand,-0.063546084,0.06759304,-0.027981747,0.0885861,-0.22852702,0.16132343,-0.067536354,0.12024382,-0.19649947,0.1052416,-0.12168588,0.015638277,0.13128786,0.14737923,-0.12303056,-0.06578021,0.09054543,-0.14137813,-0.17064361,0.115571976,0.035081815,-0.11958586,-0.092206664,0.19608149,0.26411143,0.012387622,-0.11010206,0.047496058,-0.114402786,-0.07085166,-0.14087161,-0.18935546,-0.14987153,-0.020276342,-0.03989205,0.13822176,0.14968981,-0.21526885,0.084631465,0.10927525,0.022462482,-0.07959878,0.24533421,-0.04018416,-0.0006109577,0.09101463,0.050371777,0.046699345,0.124621116,0.047548328,-0.06594023,-0.38337398,-0.10843218,0.098470055,0.12039998,-0.010930211,-0.014858239,0.052046943,-0.11566973,0.18452032,-0.07412197,-0.12296379,-0.30802962,-0.012459443,0.072465934,0.02821338,-0.0018578928,-0.057052847,-0.15899001,0.006779301,0.002523383,-0.1679904,-0.1869774,-0.076180264,-0.025418025,-0.18849136,0.036163144,0.016046472,-0.11700607,-0.26895782,-0.100650795,0.053765357,-0.0783243,0.067862205,-0.20317723,0.03059894,-0.20432478,-0.24277699,-0.118322894,0.052579544,-0.112635665,0.14410844,0.09285437,-0.04072504,-0.007841776,0.017809497,0.051956836,-0.033748392,-0.060599677,-0.12278987
taeko,-0.0319656,0.028507655,0.001995225,0.08564593,-0.11315222,0.09376807,-0.038442466,0.0797061,-0.16474108,0.12453496,-0.123169065,0.019492427,0.12853725,0.16359249,-0.14101788,-0.14405695,0.112982124,-0.16771749,-0.18718486,0.07927333,0.085382186,-0.061860885,-0.099210076,0.18225443,0.26753092,-0.04004386,-0.09331478,0.021251839,-0.13122815,-0.042915955,-0.07651522,-0.18160553,-0.10619798,0.0283476,-0.032013237,0.20060748,0.096500434,-0.226152,0.06852724,0.0651052,0.021126883,-0.06634319,0.18332589,0.0013377724,0.030741308,0.104754426,0.033985537,0.078118436,0.18201634,-0.048441622,-0.045837007,-0.31638882,-0.04415343,0.06529001,0.115514606,-0.034877602,-0.09282364,-0.031954166,-0.08396715,0.14764181,-0.094965026,-0.1324169,-0.32982,-0.068964705,0.09431731,0.05891433,-0.013489516,-0.067601964,-0.0405573,-0.025194338,-0.031396694,-0.1753801,-0.2504087,-0.06845388,0.0057165786,-0.08371784,0.05921733,-0.011156763,-0.16361637,-0.2262764,-0.0857247,-0.048300333,-0.07568865,0.08423256,-0.24969172,0.059016075,-0.18272367,-0.30128917,-0.12106562,0.04368814,-0.10917284,0.082623854,0.08650888,-0.12087351,0.033150617,0.009828763,0.08637042,-0.0297962,-0.1047699,-0.12420604
town,-0.089233324,0.12288959,-0.00043228295,0.07594176,-0.25661987,0.19873182,-0.035843156,0.17890221,-0.18215418,0.06874955,-0.09562347,0.0016531774,0.06973182,0.10441274,-0.091895506,-0.018615779,0.09479183,-0.16781893,-0.08207078,0.14901307,0.050781712,-0.11507222,-0.11288862,0.23422687,0.26005617,0.012310758,-0.06556495,0.052922316,-0.13197762,-0.1229098,-0.065954685,-0.20804843,-0.104283534,-0.0032035874,-0.02514083,0.09972803,0.17056462,-0.18443792,0.09736202,0.08993328,-0.004450571,0.0016893405,0.23826069,-0.033644833,-0.03971971,0.057051532,0.027373524,0.043039117,0.11839205,0.0460433,-0.041034963,-0.36147204,-0.13820687,0.07764353,0.09600247,-0.053252324,0.014282249,0.07666241,-0.06654297,0.1767182,-0.0052565048,-0.10133848,-0.31456983,0.02270022,0.08208204,0.029060328,-0.015935257,0.0037057917,-0.19184887,-0.05418255,0.07747505,-0.18167254,-0.16210933,-0.12722677,0.054434814,-0.12403033,0.06128174,-0.004063066,-0.16813399,-0.21932709,-0.10000985,0.10157947,-0.08809625,0.041574072,-0.270594,-0.03613175,-0.25012082,-0.241971,-0.08236018,0.056238707,-0.11791572,0.1327782,0.08655751,0.008236409,0.021069873,-0.0013775578,0.055672772,-0.011253636,-0.092497304,-0.11183686
gon,0.12658687,-0.018707143,-0.00572477,0.05048004,-0.21906835,-0.03543279,-0.09648665,0.041705098,-0.22849342,-0.0028412018,-0.14455388,0.156325,0.16836944,0.2545509,-0.19363976,-0.27122417,0.21262053,-0.13126175,-0.19985472,0.020752393,0.085891634,-0.05099975,-0.09070265,0.15539575,0.27323633,-0.02854347,-0.23899183,-0.004729032,-0.20583403,0.0084057525,-0.093824536,-0.1607819,-0.14195801,-0.07621521,-0.0062820767,0.13001238,0.06069509,-0.22669435,0.054841883,0.22776648,-0.017963875,-0.17590274,0.20769401,-0.01941992,0.04411025,0.15733449,0.0628828,0.17015286,0.12489792,-0.04487665,-0.17891647,-0.3070983,-0.0645703,0.053518176,0.06523751,0.03077445,-0.17687786,-0.10500978,-0.15876323,0.21561202,-0.089714095,-0.0117331855,-0.38271227,-0.053968932,0.06648309,0.031902175,0.0138389,-0.18864912,-0.105233535,0.061232843,-0.08271633,-0.056312177,-0.18169974,-0.049110573,-0.075925805,-0.1367189,-0.055691954,-0.15003334,-0.11743412,-0.408421,-0.14689268,-0.02407426,-0.068406604,0.22012995,-0.089852855,0.111696124,-0.057647187,-0.3053232,-0.058974057,0.07880643,-0.09228696,0.23724517,0.20797662,-0.15644257,-0.033904646,0.015576912,-0.0022363032,0.020508256,-0.019804548,-0.18008609
eyes,-0.14664479,0.15198898,-0.007654534,0.1265455,-0.26776305,0.16298322,-0.054642066,0.1516888,-0.116961956,0.09666028,-0.09735737,0.023754356,0.1123715,0.08475884,-0.13766964,-0.025787355,0.13159406,-0.15624706,-0.08612298,0.13228887,0.047473963,-0.06404662,-0.15327708,0.19004868,0.28208303,0.025965847,-0.10335415,0.04920795,-0.105356544,-0.15980165,-0.12080007,-0.16360702,-0.07348121,0.008925028,-0.026490066,0.14390118,0.1924152,-0.18854107,0.07587533,0.047342587,-0.042655822,-0.018811211,0.20763455,-0.007986942,-0.06292591,0.07566272,0.050280496,0.016294176,0.093582645,0.023451235,0.0023282482,-0.33277828,-0.17953718,0.02464163,0.078261726,-0.07000721,0.03161596,0.06971984,-0.09228587,0.15178087,-0.03220141,-0.14330265,-0.3551943,0.069727376,0.043310873,0.05945445,-0.06684861,0.02749823,-0.23329726,0.01838735,0.051020544,-0.15073915,-0.21458815,-0.07199953,0.03552618,-0.19398117,0.046712533,0.03864352,-0.14973381,-0.30232817,-0.139592,0.06634892,-0.07140795,0.05627985,-0.3035421,-0.02519655,-0.17620312,-0.25060582,-0.108382724,0.03025568,-0.181822,0.11116617,0.09829766,-0.09828965,-0.018957049,0.0070232516,0.039995614,0.042710338,-0.09925158,-0.11278492
hello,0.012340042,0.01831194,-0.038233485,0.040605325,-0.16942273,0.059520543,-0.08560014,0.069131345,-0.16458684,0.12049155,-0.13818023,-0.0034549083,0.10258306,0.11952519,-0.15769061,-0.085204646,0.15388277,-0.121410474,-0.15747496,0.06721757,0.078594446,-0.06315739,-0.10532838,0.18016246,0.2774755,0.0094130365,-0.12537321,0.012180697,-0.1490573,-0.020960364,-0.0843176,-0.18363489,-0.14501776,-0.020874677,-0.07093734,0.19090223,0.13323623,-0.21933433,0.124580696,0.09149832,0.029865522,-0.088650934,0.19509774,-0.028900424,0.004166221,0.117707655,0.023535624,0.06875541,0.16174987,-0.06061879,-0.045057807,-0.28003827,-0.052452605,0.08885627,0.0881351,0.008886397,-0.09229884,-0.034043733,-0.06927879,0.17572671,-0.090302646,-0.11468228,-0.30298623,-0.06073197,0.1309245,0.046728995,-0.03321967,-0.115300365,-0.052068304,-0.014734332,-0.034607645,-0.11489422,-0.20893326,-0.06361787,-0.013416641,-0.121953376,0.0026233133,-0.055499937,-0.14767404,-0.23582713,-0.11084029,-0.030129561,-0.10605518,0.10800388,-0.16606313,0.06274593,-0.16952603,-0.2625036,-0.13964029,0.058210462,-0.05111585,0.09598938,0.13979775,-0.10136532,0.0008773431,-0.008096217,0.096903875,-0.029656697,-0.08938797,-0.16535072
call,-0.03853064,0.06348926,-0.026674857,0.05073843,-0.26448405,0.12603937,-0.08408951,0.14148532,-0.19490723,0.008774652,-0.1507318,0.0051695597,0.14733258,0.15647914,-0.17658924,-0.03492945,0.14220272,-0.13534458,-0.15252724,0.06986665,0.06466416,-0.112054765,-0.08531143,0.20799072,0.21430007,0.025990313,-0.15899377,0.020762414,-0.12749961,-0.08258946,-0.13192886,-0.16711138,-0.15641391,-0.02577041,0.019414416,0.08608249,0.15130803,-0.17212816,0.086294234,0.11476477,0.022103716,-0.08235169,0.22373101,-0.055160332,-0.018277666,0.1527171,0.05708403,0.058467586,0.036971983,0.0818723,-0.09029276,-0.31947616,-0.14695263,0.06513176,0.079143144,-0.037420813,-0.07345375,0.036720786,-0.14383882,0.18107711,-0.033249352,-0.06194435,-0.33184367,0.04200801,0.05873788,0.037652154,-0.0012986528,-0.1299997,-0.19335267,0.009128151,-0.023258714,-0.11924313,-0.18390894,-0.047903173,-0.046299484,-0.16758376,-0.020795213,-0.034141563,-0.06890329,-0.3159143,-0.10006461,0.06387428,-0.08849427,0.118358456,-0.15896422,0.07050986,-0.14260001,-0.20840883,-0.065386124,0.048272252,-0.0947107,0.18226044,0.12518896,-0.0740669,-0.019104348,-0.00738659,0.04483133,0.03125622,-0.014355113,-0.14649247
sleep,-0.06010444,0.024178961,-0.013127165,0.10721389,-0.14716172,0.12191796,-0.046595104,0.09252429,-0.21742508,0.09208961,-0.13985345,0.020919273,0.14213905,0.20827375,-0.16656542,-0.13171919,0.12757374,-0.15064885,-0.24590352,0.08094588,0.08754939,-0.0942323,-0.055989128,0.15904327,0.21832283,-0.0002740384,-0.12607566,0.03654633,-0.1126975,-0.078586005,-0.08735424,-0.12853847,-0.123275295,0.007749587,-0.0070231524,0.19531666,0.0692499,-0.23331363,0.04816688,0.07181441,0.03388933,-0.08723012,0.20700118,-0.011323009,0.0106859775,0.14166722,0.07490799,0.054063134,0.13728239,0.010158402,-0.10804573,-0.35487002,-0.07741512,0.0868454,0.108541705,-0.042994346,-0.0904425,0.009286497,-0.13488814,0.15297678,-0.11679622,-0.1729089,-0.29915363,-0.028161712,0.06365533,0.06971141,-0.019455414,-0.10590405,-0.09037024,-0.005306189,-0.05345632,-0.18528041,-0.2114258,-0.046293866,-0.05323484,-0.15125659,0.0033605953,-0.008376186,-0.12767698,-0.2517713,-0.11524257,0.025854247,-0.06418069,0.12652218,-0.21653955,0.073556684,-0.17990284,-0.28696117,-0.13930577,0.04299259,-0.09546614,0.10717709,0.088631704,-0.11287633,0.046146147,0.015336737,0.060230013,-0.044640545,-0.06220655,-0.11868848
went,-0.06312661,0.1286713,0.0016648665,0.103551656,-0.33358794,0.2338576,-0.0684175,0.19105227,-0.18421343,0.027484171,-0.08170965,3.092304e-05,0.06717752,0.11561243,-0.1493069,0.02559415,0.1731962,-0.16462807,-0.07097309,0.16980861,0.06527626,-0.1640591,-0.10354088,0.27435747,0.24941973,0.020033766,-0.102479495,0.04647009,-0.13847893,-0.15544064,-0.054707475,-0.24206145,-0.11164284,-0.025411252,-0.012989976,0.07758859,0.26670006,-0.12738001,0.10091467,0.083251044,-0.014634708,0.02606533,0.24330054,-0.041477285,-0.07718357,0.10173406,0.021087917,0.06548327,0.036405653,0.06733317,-0.023231426,-0.3806939,-0.18246284,0.08166937,0.089669526,-0.050703734,0.0032558306,0.12219655,-0.07573893,0.109305434,-0.0015357699,-0.033114605,-0.33791652,0.08051549,0.06499834,0.019534495,-0.014379702,-0.003166598,-0.2877301,0.022574471,0.062013738,-0.13636166,-0.12878379,-0.13447094,-0.003798197,-0.12584192,-0.0067937267,-0.015913624,-0.10662536,-0.27251893,-0.12816393,0.1312368,-0.10553191,0.06796472,-0.24776813,-0.0441093,-0.1893736,-0.18731672,-0.06485566,0.023126075,-0.18474048,0.1434641,0.10816704,-0.031866264,0.035300788,0.005889285,0.012681165,0.0138306385,-0.06583864,-0.13924366
far,-0.022911077,0.09951728,-0.020234253,0.09044732,-0.21380009,0.21322349,-0.078298844,0.15809427,-0.17013875,0.084566385,-0.08144779,0.015429739,0.10455794,0.15326609,-0.13543579,-0.074539535,0.13065936,-0.15159327,-0.14528756,0.11954987,0.10122745,-0.11059603,-0.09156943,0.24708468,0.24966079,-0.03947362,-0.088334784,0.06211471,-0.1759883,-0.11069434,-0.011359522,-0.16117512,-0.10266102,0.0026916286,-0.06071366,0.17668805,0.11189291,-0.16148722,0.10862484,0.057583608,0.026151825,-0.034118414,0.20446666,-0.023832342,-0.01997319,0.09409028,0.0223962,0.06723461,0.10675081,0.035132606,-0.03488561,-0.37940764,-0.11972907,0.08882604,0.105259314,-0.033763755,-0.053230222,0.032804027,-0.11599416,0.09473827,-0.09265034,-0.13180485,-0.25585434,-0.004051389,0.07255933,0.07297401,-0.039548345,-0.028979355,-0.16140033,-0.045047786,0.036554914,-0.17778051,-0.18729384,-0.115480736,0.01955145,-0.101104856,0.05462625,0.028627934,-0.18253621,-0.21575768,-0.0886388,0.10635434,-0.12926169,0.059855793,-0.27188736,-0.0004976587,-0.2941131,-0.23928621,-0.074470505,0.06651005,-0.14875337,0.05726816,0.047337446,-0.057381943,0.05096106,-0.008279171,0.076606214,-0.029390771,-0.10069119,-0.12070865
waiting,-0.05924525,0.039607424,0.071745,0.039271176,-0.2169554,0.1843937,-0.066302076,0.19923,-0.16715427,0.11239594,-0.041805983,-0.0046183453,0.060871962,0.11030905,-0.17676763,-0.053382747,0.1817715,-0.18397722,-0.13292697,0.12855028,0.1328027,-0.08174926,-0.10447498,0.22178337,0.24458766,-0.017042866,-0.10482639,0.08264486,-0.16222672,-0.17649096,-0.08618087,-0.23183402,-0.030251019,-0.010854753,-0.09521161,0.16691847,0.17806561,-0.18591541,0.09651916,0.03876213,-0.046540927,0.062170032,0.19466935,-0.011809965,-0.013941251,0.08322967,0.094752535,0.07654125,0.10513222,0.020444578,-0.035039444,-0.339754,-0.09243771,0.03197106,0.10112531,-0.08050747,-0.03725674,0.038672734,-0.023272691,0.13448821,-0.033529,-0.036492284,-0.36488,0.04023744,0.083024494,0.1308553,-0.0984181,0.023398062,-0.19050157,-0.016459374,0.033378795,-0.14670019,-0.1357199,-0.13601284,0.041894075,-0.09857202,0.050155018,-0.0011344654,-0.13429528,-0.22309905,-0.12231278,0.042361666,-0.1231206,0.050639324,-0.32606438,-0.04343906,-0.14976357,-0.23665048,-0.13381752,0.03459551,-0.22566131,0.08223129,0.055452365,-0.08664237,0.045758262,-0.024644893,0.044964302,0.018969899,-0.06452958,-0.14551573
stone,-0.115270175,0.122750804,0.012902031,0.1140926,-0.20060118,0.21140079,-0.07377698,0.1479827,-0.1626405,0.11254627,-0.089033954,0.008362221,0.0717793,0.07867715,-0.08718136,-0.029456897,0.09038029,-0.14776102,-0.10628259,0.16476166,0.027417626,-0.13632111,-0.1370446,0.2161622,0.28255096,-0.020814098,-0.030489394,0.034573227,-0.10985867,-0.10259102,-0.028395528,-0.21176611,-0.082786486,0.04556677,-0.081966266,0.17139214,0.17090479,-0.19464073,0.13959612,0.044807363,0.016280958,-0.0028791975,0.2066429,-0.047660243,0.0022251308,0.03656269,0.015298965,0.024246238,0.15669698,-0.00636162,0.023283863,-0.37808335,-0.119636,0.08218681,0.10896206,-0.031668685,-0.004190471,0.043638624,-0.08174813,0.12831514,-0.05658662,-0.12510073,-0.26397198,-0.022623697,0.0983454,0.037837625,-0.010500092,0.01802195,-0.1369012,-0.089240015,0.06507121,-0.19199008,-0.22018245,-0.1461066,0.053013436,-0.090734676,0.11490374,0.025816863,-0.19373614,-0.17048123,-0.109670445,0.09866915,-0.10860449,0.0077602984,-0.27987412,-0.027142037,-0.27253374,-0.23549941,-0.08877796,0.030095309,-0.11923755,0.077437796,0.08269228,-0.00688647,0.0028884613,-0.022270437,0.07888909,-0.047460377,-0.1289245,-0.11015597
break,0.04516096,0.04175979,-0.0024339391,0.03669356,-0.16316496,0.09570254,-0.05106806,0.07883463,-0.20622939,0.06607091,-0.17233841,0.061040115,0.12929603,0.21537262,-0.18003891,-0.110725984,0.124388345,-0.19918829,-0.24422401,0.0884809,0.064656705,-0.13423157,-0.08682584,0.21907642,0.28626204,-0.03631278,-0.1485287,0.025217658,-0.12232759,-0.036015246,-0.058733046,-0.14647526,-0.17320251,0.0021543063,-0.036583405,0.1777739,0.1060219,-0.19459805,0.0996519,0.034792807,0.045019574,-0.1277067,0.1883305,0.0029295997,0.024235398,0.15167652,0.011739461,0.12297971,0.170006,-0.06599889,-0.0368464,-0.3317847,-0.057210542,0.078003965,0.11169368,-0.029911164,-0.19457692,-0.05585137,-0.1057529,0.13041937,-0.100624,-0.118274115,-0.34380332,-0.09311355,0.08081846,0.05688026,-0.013380349,-0.16500257,-0.08269249,0.015865972,-0.07034374,-0.09884045,-0.24013066,-0.069997825,-0.054219134,-0.09809563,0.041445725,-0.042101774,-0.11716976,-0.26917496,-0.09182237,-0.072319604,-0.116079174,0.17813362,-0.17505416,0.13697846,-0.19012816,-0.2942786,-0.1261781,0.05283099,-0.113831,0.09054527,0.1358837,-0.117685415,0.040313262,0.013986118,0.08993586,0.008125367,-0.075682595,-0.19536324
heard,-0.009782092,0.106904045,0.08621593,0.088227935,-0.19562711,0.2093176,-0.004971368,0.18132702,-0.16157314,0.069923915,-0.047726125,0.03516608,0.05575442,0.116420835,-0.15461318,-0.060373418,0.14461598,-0.19486894,-0.14697352,0.15980898,0.12312679,-0.13092145,-0.11000946,0.21880755,0.26706943,-0.04524603,-0.037343524,0.10293758,-0.16108699,-0.15773223,-0.030283755,-0.20213947,-0.052383877,0.014082062,-0.05786315,0.15937114,0.1598803,-0.1506369,0.111998335,0.0017875254,0.0037363335,0.035721112,0.20474048,-0.0008816776,0.013522807,0.065524384,0.068726264,0.066819854,0.13634396,-0.024099752,-0.0022569038,-0.36885196,-0.057521626,0.056830727,0.088270724,-0.10239468,-0.084452875,0.051434122,-0.00903925,0.09418187,-0.03367303,-0.08305597,-0.3291133,-0.0023672367,0.06743362,0.08350042,-0.04982082,0.013794381,-0.15799223,-0.012107038,-0.0111843515,-0.17269926,-0.15202864,-0.12586144,0.0504407,-0.050011165,0.08415547,0.033431016,-0.15600894,-0.20457779,-0.08678228,0.06757494,-0.1183785,0.051664922,-0.28995478,-0.022701986,-0.23788325,-0.25384307,-0.109124206,0.040688787,-0.20294245,0.06044166,0.03981912,-0.09836802,0.0873416,0.0047001955,0.058125302,-0.01710465,-0.092490256,-0.1547058
boy,-0.055856004,0.07248008,0.004347477,0.056175128,-0.1471923,0.124289826,-0.054255556,0.11346231,-0.1485676,0.14985222,-0.095743924,0.019511577,0.08021046,0.069298364,-0.116102785,-0.12121168,0.14276434,-0.15337448,-0.14824434,0.07870563,0.07199507,-0.06358965,-0.15265442,0.19732338,0.30323938,-0.054007143,-0.07590498,0.04213527,-0.14102352,-0.031200994,-0.07020217,-0.18542685,-0.087385066,-0.006293,-0.105855405,0.21439481,0.15743807,-0.22184624,0.13724528,0.034507953,0.013917192,-0.02725947,0.18364218,-0.01793498,0.03163501,0.08214567,0.026732946,0.044665545,0.17470047,-0.02966776,-0.04390879,-0.33284158,-0.081422016,0.040171273,0.1231332,-0.0010189803,-0.07430418,-0.005745076,-0.076280154,0.16014792,-0.10684524,-0.102914885,-0.30055574,-0.054460518,0.09238915,0.05891079,-0.069708966,-0.016441986,-0.10547502,-0.012355412,-0.00068603264,-0.16150345,-0.20246989,-0.08849863,-0.0063212784,-0.09432247,0.054577764,-0.018278003,-0.16871725,-0.2177775,-0.14717518,0.016774325,-0.10110511,0.055436157,-0.25062624,0.021710966,-0.21453454,-0.2811392,-0.1397796,0.04215521,-0.10078589,0.07094775,0.07950088,-0.07616863,0.03181384,-0.019903429,0.09860902,-0.03436928,-0.11656388,-0.13211986
ready,0.022853369,0.029727088,-0.006693244,0.053004254,-0.20292374,0.087446496,-0.051765632,0.118878365,-0.16346265,0.053386908,-0.123483226,0.0036704233,0.09115729,0.15995263,-0.13468672,-0.11483391,0.13549227,-0.15164663,-0.1475555,0.086951554,0.08742172,-0.076491185,-0.09020749,0.18482207,0.22695127,-0.006212726,-0.11146314,0.041091003,-0.13821688,-0.07813363,-0.099474974,-0.18036182,-0.124258935,-0.015923008,-0.02348652,0.12956625,0.10493592,-0.18826663,0.07215712,0.109437756,-0.0017095043,-0.049816854,0.19865823,-0.04186286,-0.016684003,0.11481298,0.04020134,0.09426015,0.12453783,-0.030179122,-0.07097025,-0.285804,-0.07600633,0.04349936,0.09556357,-0.050892785,-0.07844478,-0.018198285,-0.08447299,0.16077496,-0.047508024,-0.08812624,-0.34405652,-0.020986332,0.079297066,0.03616913,-0.02214148,-0.07647572,-0.09227666,-0.0018768532,-0.030739479,-0.12861477,-0.17037052,-0.06692609,0.008593789,-0.09663005,0.0039522103,-0.074315056,-0.14327464,-0.2673915,-0.09534006,0.00899202,-0.06264916,0.09583394,-0.19733046,0.0421639,-0.15602268,-0.25965604,-0.098522216,0.053327233,-0.09391374,0.14574109,0.12166013,-0.076060355,0.027589414,-0.0023169026,0.06288679,-0.0027238629,-0.050068434,-0.12895927
wasteland,0.018012073,0.103396334,-0.010650507,0.06656627,-0.33271867,0.36612764,0.00779819,0.25729272,-0.16084899,-0.027496865,-0.065615244,-0.022187201,0.04703732,0.13301976,-0.1383123,0.12612884,0.12197258,-0.20127472,-0.13838445,0.21650396,0.055349022,-0.25642467,-0.056153286,0.31749627,0.21302104,-0.005444317,0.031246614,0.10891086,-0.17539157,-0.1626881,-0.0072895554,-0.25531325,-0.15669158,-0.032551553,0.007963555,0.0759539,0.21056837,-0.08118685,0.15914144,-0.005179084,0.042315803,0.016171232,0.26642084,-0.061842248,-0.08174169,0.110731035,-0.047728594,0.041244537,0.103094354,0.0635202,0.042033873,-0.35467413,-0.18580316,0.16392793,0.09521162,-0.12941104,-0.046042282,0.11962226,-0.012376855,0.06477097,-0.040030047,-0.15600947,-0.28469074,0.055584844,0.115834326,-0.039791424,0.013883228,-0.032622036,-0.25622398,-0.06901916,0.07143667,-0.15304378,-0.12986208,-0.16922872,-0.0091852,-0.12504311,0.029073969,0.044753693,-0.15966362,-0.14486465,-0.06379128,0.16401687,-0.18622588,0.11003846,-0.20289452,0.00762946,-0.33489057,-0.20226581,-0.04233248,0.061735358,-0.12506683,0.11520253,0.13385713,0.02780269,0.07952528,-0.055574965,0.106061175,0.0142167425,-0.09285752,-0.121746235
job,-0.0054829977,0.03635895,0.027267884,0.11130307,-0.10828898,0.037648104,-0.03913275,0.04254365,-0.19686425,0.15786032,-0.21006906,0.09165041,0.17258328,0.20705917,-0.19860816,-0.18641856,0.11231474,-0.20691128,-0.31217176,0.096412644,0.07023412,-0.042493924,-0.09836737,0.13724898,0.30195424,-0.068566605,-0.12051751,0.06812287,-0.10590425,-0.1338129,-0.11043797,-0.11321868,-0.107186735,0.018852392,-0.008615765,0.18973663,0.009104388,-0.17401265,0.02660045,0.08485139,-0.04159735,-0.1308715,0.1418133,0.0738787,0.008238435,0.087211214,0.12192202,0.04970146,0.16982064,-0.053325906,-0.07808337,-0.364519,-0.03536853,-0.009942587,0.08227045,-0.07974179,-0.1655243,-0.08755202,-0.06869403,0.14315306,-0.103468075,-0.21031897,-0.37954205,-0.0892681,0.01619603,0.12524296,-0.040173307,-0.056115072,-0.0671557,0.020493943,-0.051533718,-0.14670739,-0.2638354,-0.03914889,-0.028985517,-0.13013497,0.08740935,0.057138182,-0.11561104,-0.30755854,-0.10204591,-0.10599133,-0.055743486,0.16009039,-0.22611453,0.12103292,-0.1291507,-0.31238332,-0.10364949,0.056326192,-0.16870116,0.101654455,0.14778231,-0.1939733,-0.011594723,0.046963554,0.05625795,0.0137357535,-0.07234206,-0.16861881
food,-0.011216168,0.0906503,0.012650047,0.09569918,-0.27125326,0.21340072,-0.017492479,0.19242857,-0.20762853,0.010469506,-0.1233991,-0.010616258,0.11730304,0.17911144,-0.17335796,-0.033912834,0.12964468,-0.1820322,-0.16524826,0.16477478,0.10403732,-0.13842197,-0.054048773,0.23985918,0.20439614,-0.012619731,-0.08424551,0.06675577,-0.15935332,-0.12501362,-0.051026326,-0.1558833,-0.12646621,-0.014345896,0.017660195,0.108814806,0.13134609,-0.1490684,0.05778394,0.056510974,0.024861805,-0.00833054,0.26344046,-0.008948196,-0.027131973,0.1042807,0.042900324,0.06733345,0.08931967,0.0760593,-0.07189819,-0.3740678,-0.11348802,0.082596794,0.10304622,-0.10920453,-0.04932893,0.094950475,-0.08332393,0.10966552,-0.035214063,-0.11530235,-0.33084157,0.041999493,0.06992823,0.0259948,-0.017097777,-0.04952514,-0.19513391,-0.028442893,0.0065868166,-0.1685428,-0.16975567,-0.11276077,0.0043743406,-0.14314093,0.04692188,0.046263043,-0.1560585,-0.25516236,-0.062119983,0.11700661,-0.101233415,0.10610395,-0.2510562,0.0048860116,-0.21885438,-0.22252744,-0.0444824,0.06718378,-0.13615754,0.12484396,0.08754668,-0.058278628,0.045534495,0.004272619,0.04332901,-0.001345971,-0.045288287,-0.122763984
which,-0.05739553,0.096106105,-0.00077308237,0.09599264,-0.25757965,0.18357828,-0.032838237,0.16259521,-0.17240588,0.034400556,-0.09116992,0.0124151455,0.092367634,0.15574698,-0.115526594,-0.019842267,0.11686039,-0.15625553,-0.10434367,0.15987271,0.069248736,-0.104947835,-0.09942691,0.22691508,0.2609852,0.014446132,-0.08019967,0.036053207,-0.15220544,-0.094780706,-0.043768127,-0.2186681,-0.10236526,0.01618447,-0.021196837,0.10143087,0.16411416,-0.16642134,0.10959175,0.092123926,0.012066235,-0.012469629,0.2725156,-0.042561457,-0.02522041,0.052762084,0.00930196,0.06547338,0.1362405,0.0024987913,-0.015725015,-0.39142364,-0.12376745,0.09077404,0.10071002,-0.08696085,0.007523693,0.096055396,-0.053230837,0.16313522,-0.010440984,-0.10828096,-0.3309502,0.013154181,0.103049934,0.011177509,0.022636278,-0.00036858325,-0.16913521,-0.035627972,0.05876431,-0.1717572,-0.17644747,-0.13661067,0.048174255,-0.1294861,0.053169254,0.003406107,-0.17294726,-0.2012817,-0.08873916,0.07656622,-0.12101946,0.030952152,-0.24844953,-0.0075032,-0.2423583,-0.25079075,-0.06667812,0.062277496,-0.13912478,0.119446434,0.0662242,-0.02989459,0.008637124,-0.00047619152,0.06450258,-0.018588264,-0.0753823,-0.11249519
everybody,-0.03151283,0.0727595,-0.047339153,0.07521285,-0.25022945,0.1247337,-0.107624546,0.12489515,-0.18334585,0.06609386,-0.108279385,0.002691415,0.10142294,0.1509586,-0.1496942,-0.039754756,0.14253163,-0.14990672,-0.15120834,0.0737731,0.052806783,-0.09705311,-0.08189333,0.23188807,0.25457826,-0.019427782,-0.14151661,0.020676555,-0.167479,-0.068034664,-0.11501976,-0.17834997,-0.15056121,-0.036823027,-0.023395637,0.12301552,0.1403779,-0.18483111,0.097310364,0.113593236,0.00320493,-0.055472564,0.22767872,-0.034774236,-0.044443484,0.12629758,0.03711981,0.07096523,0.07092391,0.05145204,-0.07353374,-0.35074654,-0.10017851,0.0800742,0.06386876,-0.040227022,-0.047755197,0.03031098,-0.13011977,0.15506981,-0.053709812,-0.081519894,-0.31543225,-0.0016805093,0.04859093,0.045408625,-0.027715925,-0.10063906,-0.19184345,0.011992963,0.020781472,-0.1478293,-0.17624156,-0.07859707,-0.038618837,-0.14305416,-3.405357e-05,-0.03374957,-0.106976435,-0.27110714,-0.09638086,0.04851082,-0.08762766,0.093272835,-0.19047645,0.048558816,-0.15497787,-0.20493528,-0.067384236,0.031057667,-0.120396,0.15395746,0.12738241,-0.051705394,0.015163758,0.020816466,0.046661705,0.013616032,-0.036935527,-0.12836874
side,0.008029916,0.08666916,-0.025105592,0.032548163,-0.38396332,0.20687552,-0.049549334,0.21859905,-0.19923978,-0.07441478,-0.093206055,-0.03566018,0.08733329,0.17701152,-0.117529355,0.009190937,0.16631193,-0.16885187,-0.057381462,0.12612884,0.087668404,-0.1590036,-0.034934923,0.27461633,0.20622377,0.02439308,-0.15961389,0.0031829455,-0.20350601,-0.047351297,-0.07098066,-0.23843929,-0.15727839,-0.06474013,0.009741051,0.030964004,0.20764644,-0.16653273,0.10766526,0.09576454,0.027085187,-0.033642884,0.3326771,-0.079127826,-0.053555436,0.11749201,-0.014844981,0.13488956,0.05362742,0.07400368,-0.06727746,-0.3626785,-0.14744292,0.15560207,0.1004706,-0.08802946,0.00027361396,0.12102092,-0.07071467,0.17798454,0.039275885,-0.022143515,-0.32112795,0.04792919,0.11972136,-0.029009424,0.018280465,-0.08450142,-0.25686473,0.005505247,0.029098198,-0.11925434,-0.12072801,-0.1182209,0.0042589055,-0.14307319,-0.035652544,-0.0444481,-0.10970654,-0.2772504,-0.06387735,0.16241139,-0.16448015,0.1130845,-0.18676236,-0.0010836993,-0.2246593,-0.21516313,-0.038910076,0.071132675,-0.113359876,0.18297584,0.10956758,0.022656858,0.0016448413,-0.014987919,0.04120331,0.020837398,-0.021035016,-0.15194064
war,-0.067163795,0.1300364,0.016462237,0.100515485,-0.25071046,0.23412268,-0.013563024,0.20896292,-0.15857977,0.059483916,-0.06629992,-0.022237834,0.075238205,0.11794446,-0.101989426,-0.0033855294,0.10425145,-0.16875544,-0.09373845,0.14500895,0.085478805,-0.0945869,-0.10676038,0.26099962,0.26981395,-0.02179789,-0.042800467,0.06992921,-0.14995134,-0.13021322,-0.02523571,-0.23538944,-0.07628613,0.004479891,-0.014176741,0.114105254,0.15420309,-0.15904549,0.11923918,0.062007904,0.016193612,0.03847769,0.26642147,-0.036718525,-0.043948736,0.05857055,0.010144926,0.03139771,0.13017032,0.05529717,0.011739934,-0.40249068,-0.11557365,0.06446748,0.112181276,-0.087327845,0.018749086,0.1047085,-0.027855745,0.157895,-0.007267455,-0.10090894,-0.32336617,0.019396907,0.08801032,0.018331321,-0.008929237,0.037532624,-0.19727403,-0.065650605,0.086529806,-0.18655789,-0.19363053,-0.17647375,0.107507356,-0.111164376,0.07779273,0.0369727,-0.19831464,-0.17715485,-0.09753402,0.10776935,-0.11468026,0.0035302897,-0.2809751,-0.044980634,-0.30219936,-0.25308573,-0.05636398,0.052419994,-0.14324667,0.101156585,0.050992284,0.0016252124,0.02841848,-0.014662914,0.07885001,-0.032272656,-0.10274318,-0.094153374
ask,0.005862042,0.0033195997,-0.0122474665,0.09901385,-0.11448839,0.07817797,-0.046968523,0.056528803,-0.2115854,0.108606175,-0.18885297,0.018300643,0.18818852,0.25510412,-0.23070814,-0.12036653,0.10599735,-0.20012724,-0.31499785,0.09017568,0.07435712,-0.11905737,-0.059453204,0.13791355,0.22850645,0.00047365128,-0.1297268,0.052844644,-0.12040381,-0.10264139,-0.11664313,-0.1131612,-0.14397366,0.0025198262,0.021526484,0.16578338,0.045879345,-0.17454796,0.016260767,0.06572949,0.022766441,-0.13445646,0.18122576,0.026224544,-0.00019882296,0.15127388,0.09522161,0.07886668,0.13393487,-0.026024181,-0.06424941,-0.34558573,-0.038706042,0.045523074,0.07289099,-0.09370222,-0.16755857,-0.055926442,-0.111845195,0.117522344,-0.10341746,-0.18492551,-0.3546526,-0.07979031,0.048408415,0.09158205,-0.02078058,-0.13560922,-0.06018487,-0.0030239813,-0.07407555,-0.15196434,-0.2392282,-0.024688626,-0.073482096,-0.13986003,0.039033912,0.031473536,-0.092103735,-0.27283475,-0.04715356,-0.07316921,-0.053348165,0.18365978,-0.1959705,0.1236634,-0.12432998,-0.29104367,-0.13543597,0.05543023,-0.1292104,0.118147485,0.14091988,-0.18089928,0.037656605,0.04237585,0.050321836,0.010759999,-0.033929557,-0.16949263
calm,0.008146858,-0.014140425,-0.024525132,0.05211186,-0.22356932,0.107741304,-0.085269935,0.07472994,-0.18139601,0.024529288,-0.16254732,-0.008669347,0.13139336,0.2153274,-0.19840667,-0.089472055,0.16974446,-0.16287012,-0.20223099,0.027483504,0.114309736,-0.06707873,-0.062499374,0.18620935,0.23442383,0.0323463,-0.1576803,0.03558441,-0.17041208,-0.022155738,-0.13302097,-0.20122324,-0.18252201,-0.045668468,-0.02096782,0.13676463,0.13018614,-0.22725788,0.066051714,0.07849635,0.040969398,-0.08661728,0.25432023,-0.055165935,-0.007872887,0.15164874,0.027065579,0.084119275,0.12402515,-0.021302471,-0.1061258,-0.36090928,-0.05848457,0.065316096,0.08152256,-0.03407175,-0.12947951,0.0040022284,-0.10880429,0.18158254,-0.0801152,-0.07437514,-0.37093133,-0.048344888,0.11830631,0.0409191,0.0074080266,-0.124474704,-0.11555002,0.06650685,-0.083729446,-0.13863195,-0.17623132,-0.04828053,-0.08654786,-0.14509346,-0.022046061,-0.08566429,-0.117205456,-0.28319263,-0.09298624,-0.043102384,-0.08042664,0.18211445,-0.18317948,0.098584324,-0.105074584,-0.3015036,-0.13865504,0.062051244,-0.10451395,0.1759077,0.14075792,-0.10740102,0.021451853,0.012831766,0.04700242,0.014880022,-0.03562139,-0.13342945
round,-0.07511933,0.03316488,-0.080590606,0.06600753,-0.3886205,0.050904445,-0.15435123,0.13896534,-0.17500629,-0.0701905,-0.13265939,-0.052761663,0.19776547,0.15667531,-0.19673677,-0.07761489,0.17941806,-0.076657854,-0.09485315,-0.025915831,0.08750348,-0.046520934,-0.09391886,0.18979418,0.16486466,0.11888908,-0.29333082,0.0032827815,-0.13394383,-0.042746477,-0.20918788,-0.113689885,-0.16240655,-0.066253155,0.012123405,-0.019102354,0.15642013,-0.18119672,0.024245566,0.24157344,0.016235426,-0.15039,0.24060145,-0.07575435,-0.018150505,0.16319291,0.118147254,0.08608049,-0.06833514,0.11570404,-0.22563457,-0.29429463,-0.2092492,0.048807625,0.10794048,-0.0035118302,-0.011868229,0.071828626,-0.20981449,0.2529008,-0.0014586695,0.011283257,-0.3523164,0.11521589,0.04036569,0.04995541,0.00573446,-0.1478967,-0.2601259,0.047049243,-0.066061735,-0.06342518,-0.12512256,0.04892165,-0.0985688,-0.2702177,-0.074231125,-0.08908633,-0.020045573,-0.43797597,-0.07701955,0.1365923,-0.0043687867,0.11815832,-0.15481193,0.028916191,-0.035284013,-0.23257528,-0.054112986,0.047521025,-0.06479365,0.29191637,0.1463999,-0.08169791,-0.11170952,0.03344714,-0.051737547,0.084948726,0.074423835,-0.16090398
jiji,-0.035060648,0.09307294,-0.007763945,0.079409435,-0.1578404,0.08749234,-0.05041536,0.089975744,-0.19964324,0.10506979,-0.14345263,0.0021294716,0.10147194,0.15968458,-0.12780215,-0.087779045,0.09619354,-0.15418349,-0.17064057,0.114408754,0.053505003,-0.08939731,-0.1105671,0.18914443,0.24025263,-0.026833162,-0.12565178,-0.0085768765,-0.12553938,-0.036894616,-0.08795238,-0.16140743,-0.116345145,0.003917376,-0.0015977857,0.15189348,0.09607493,-0.21053366,0.08578907,0.07721406,0.05893573,-0.05314131,0.20641142,-0.01345084,0.02717153,0.098602295,0.05990796,0.057048418,0.1488269,-0.053628054,-0.06610354,-0.3250323,-0.060437676,0.070402466,0.11940632,-0.04028099,-0.061227936,0.014225197,-0.10806353,0.16066225,-0.04056193,-0.105088614,-0.36486265,-0.027359836,0.069646835,0.06778083,-0.010328346,-0.105268076,-0.06238402,-0.04453322,-0.014420246,-0.17120486,-0.23478721,-0.07766324,0.026760109,-0.08511565,0.038811065,-0.0048505324,-0.1556575,-0.26551214,-0.101150334,0.02866745,-0.056650754,0.06627703,-0.22348164,0.074445575,-0.19281949,-0.31093046,-0.11459323,0.009443842,-0.09834916,0.12423047,0.10322967,-0.07369881,0.016044883,0.03381004,0.090243466,-0.03084498,-0.11796551,-0.100322485
plane,-0.052260056,0.10162594,-0.014905031,0.050376136,-0.2155191,0.12691426,-0.0616838,0.12585703,-0.13863464,0.10727775,-0.12151997,0.046875536,0.06326903,0.09435726,-0.11005172,-0.092265345,0.12612857,-0.15088348,-0.1334031,0.11178465,0.05960426,-0.07287796,-0.1411059,0.21814223,0.29944044,-0.041063722,-0.06160504,0.05005497,-0.12680703,-0.0850369,-0.0816458,-0.20747052,-0.10609644,-0.009765648,-0.067699894,0.17297092,0.1751796,-0.19712108,0.12776826,0.05491836,-0.0009821694,-0.020269737,0.17888916,-0.036854375,-0.020236775,0.06986569,0.028233869,0.058613576,0.15832774,-0.030726442,-0.013602346,-0.31233072,-0.09875117,0.04274601,0.07935537,-0.018285872,-0.06759108,-0.011518168,-0.06804894,0.16110861,-0.06904874,-0.10758397,-0.32211378,-0.028673511,0.08861388,0.056767777,-0.047635883,-0.028375806,-0.12463359,-0.016578734,0.018425178,-0.13566135,-0.21161757,-0.111042045,0.00028606402,-0.1037425,0.039978705,-0.043979395,-0.17576945,-0.27512765,-0.18046255,0.0029792695,-0.10872246,0.07918782,-0.21937658,0.03466391,-0.21703635,-0.25834912,-0.09431381,0.044168368,-0.106880724,0.11068074,0.13503765,-0.06837911,0.007449498,-0.025946971,0.088558875,-0.017304048,-0.13003103,-0.14684087
granny,-0.020353137,0.040071964,-0.0075221574,0.084204465,-0.17155112,0.09801076,-0.039976377,0.07641993,-0.21586993,0.09362198,-0.15181483,0.011495517,0.15297559,0.19518967,-0.17269604,-0.11465767,0.120782994,-0.17848429,-0.22778766,0.08608644,0.07327401,-0.07525278,-0.09732854,0.18724312,0.26133785,-0.0030762304,-0.14537531,0.051205225,-0.13523535,-0.07006501,-0.09693478,-0.14846615,-0.12994498,-0.010537768,-0.012524303,0.14987864,0.07824329,-0.19891793,0.04535396,0.0881139,0.0020192668,-0.104156666,0.20341127,-0.0045932774,0.006489601,0.13050257,0.07023825,0.0784915,0.14306098,-0.0049183816,-0.07814223,-0.3682969,-0.06651714,0.06451048,0.0990667,-0.061000247,-0.083928786,-0.021027455,-0.12049435,0.15572642,-0.09270837,-0.14247943,-0.37979653,-0.030535745,0.051964905,0.070158005,0.0016632233,-0.092283614,-0.12523751,0.0066406336,-0.022287464,-0.17648445,-0.22011556,-0.05749767,-0.0033632482,-0.12731011,0.030174842,-0.017965913,-0.1476452,-0.27825418,-0.06581688,-0.02873037,-0.0789796,0.12125709,-0.23008344,0.09296049,-0.18313663,-0.3055677,-0.09941823,0.05105849,-0.12346974,0.1554729,0.10588655,-0.11397123,-0.0032827565,0.021177404,0.055321075,-0.005130486,-0.06977529,-0.14676017
mm,-0.36822933,-0.08319456,0.05336978,0.05501438,-0.3584808,0.1059999,0.041496288,0.10318929,-0.32367477,0.3977397,0.2701749,0.22052409,0.1836425,-0.026278902,-0.16927469,0.22083905,0.3338122,0.24915598,0.29398814,0.115464136,-0.16013247,0.037217278,-0.057286266,0.09567144,0.43615612,0.020026881,0.17781161,0.19831118,-0.26064157,-0.14850771,-0.21539833,-0.08285798,-0.074251294,0.18004796,-0.09293604,0.17307335,0.45491216,-0.4196372,0.3804786,0.30786914,0.16014366,-0.31976083,0.09897316,0.09123076,0.24228933,0.35503608,0.11827315,-0.21095365,0.19095835,-0.07808574,0.04193256,-0.19197308,-0.46520257,0.29294828,0.2893746,0.11835221,0.34122851,-0.16510361,-0.10894544,0.020670425,-0.22599776,-0.11126371,-0.4073127,-0.01032417,0.26844853,-0.12698069,-0.12794496,0.2971443,-0.116458416,-0.22138244,-0.098175995,0.050775733,-0.23154874,0.055909775,-0.08814711,-0.018709831,-0.1636755,-0.17036718,-0.15303735,-0.3225476,-0.2588947,0.021386273,-0.22113638,-0.034679737,-0.05657192,-0.3525548,-0.14262356,-0.28977957,-0.30311617,-0.17408973,-0.021265205,0.20217527,-0.06613476,-0.11956378,0.028916784,-0.034572702,0.0372833,-0.14850399,-0.1389387,-0.3424235
days,-0.08432569,0.1021518,0.023327248,0.10570397,-0.2842004,0.22593053,-0.062188845,0.16613124,-0.17685354,0.06319315,-0.08853311,0.0020719615,0.10867422,0.13020878,-0.13018763,-0.0063895076,0.124106124,-0.16748807,-0.0871765,0.18991041,0.06358663,-0.13595411,-0.1080277,0.21718508,0.22443147,0.015417478,-0.07168961,0.032859307,-0.13610248,-0.14560357,-0.05897883,-0.21583131,-0.073332235,0.022331556,-0.046305373,0.104184754,0.20196077,-0.16024294,0.086994626,0.08129701,-0.00681113,0.002128281,0.24312846,-0.033536915,-0.017487686,0.08169904,0.040849842,0.051268287,0.0948345,0.047128603,-0.022421915,-0.38768867,-0.14925909,0.107729025,0.092050985,-0.062602,0.009805547,0.12306249,-0.085652225,0.14302051,-0.0019818821,-0.07225024,-0.34892675,0.050260555,0.08813277,0.04635673,-0.017887704,0.035428014,-0.2272059,-0.050121248,0.05416646,-0.18883017,-0.17340651,-0.12199897,0.036038276,-0.13198327,0.039669223,0.035643343,-0.1399096,-0.2161516,-0.0846804,0.12113181,-0.10980986,0.046027087,-0.27940178,-0.041755654,-0.196672,-0.24657013,-0.08853984,0.044378437,-0.18541893,0.13779485,0.07645433,-0.042147383,0.014533126,0.017676717,0.050623238,0.016246885,-0.07996927,-0.13780724
uhhuh,-0.043573122,0.07400545,0.0070151077,0.11788409,-0.16502875,0.1278425,-0.0114615075,0.08994476,-0.17527522,0.09904013,-0.12198211,0.03158615,0.090217374,0.14204773,-0.13862656,-0.07238765,0.12034208,-0.15097624,-0.14290486,0.12726326,0.08069357,-0.082765326,-0.11439818,0.18853852,0.24539824,-0.02238966,-0.057593774,0.034801245,-0.11238301,-0.10003315,-0.060509067,-0.17121807,-0.10119258,0.0089367945,-0.026060594,0.16891986,0.11851727,-0.18173455,0.08583599,0.057680435,0.0029797857,-0.042784777,0.18797432,-0.0020293419,0.0097562075,0.09704254,0.047456514,0.034434855,0.14145836,-0.015281176,-0.032905065,-0.32196903,-0.07454612,0.058325935,0.08480499,-0.07293175,-0.06892626,0.016962916,-0.059351,0.12100247,-0.06425099,-0.13385466,-0.31845587,-0.0420558,0.07921443,0.046653133,-0.011246948,-0.029293856,-0.093332484,-0.018079638,0.0002583326,-0.15049809,-0.20757169,-0.08723974,0.017063025,-0.09338175,0.04677349,0.016365863,-0.14814845,-0.20770665,-0.08335342,0.0042788135,-0.06540556,0.067471065,-0.22732049,0.027806692,-0.18444914,-0.25991255,-0.10041332,0.03840821,-0.12591128,0.090176776,0.085532285,-0.09008306,0.020367423,0.016023094,0.055766504,-0.027702179,-0.10977501,-0.12592702
sea,-0.065364696,0.12226619,-0.0019360163,0.06968326,-0.29825532,0.21140121,-0.051487453,0.17320381,-0.16698013,0.027240122,-0.06932698,0.013317385,0.07355004,0.09813896,-0.0846137,-0.011047476,0.1361645,-0.1430105,-0.055475544,0.13015257,0.06869208,-0.1271636,-0.09858491,0.23440681,0.25742507,0.029071318,-0.085789464,0.020426188,-0.14163375,-0.07801173,-0.035589453,-0.23235627,-0.100203164,-0.012812272,-0.036008775,0.09918425,0.19658045,-0.18480136,0.12873168,0.07622945,0.027728269,0.016050598,0.24810535,-0.081056125,-0.024046592,0.06532349,0.010985688,0.050019518,0.101285785,0.030816916,-0.026517669,-0.3542989,-0.15162154,0.105949685,0.10418281,-0.04482534,0.020892173,0.123340234,-0.06770907,0.17935696,-0.0037122574,-0.06336648,-0.28425014,0.04211496,0.102140464,-0.0029395386,-0.014904635,0.009082561,-0.20659174,-0.02436634,0.03391097,-0.16172633,-0.15790646,-0.1351939,0.046699688,-0.13177283,0.040581625,-0.011803782,-0.15258466,-0.21347162,-0.11956099,0.15928383,-0.103814505,0.038613625,-0.23672904,-0.040921926,-0.2502144,-0.23443621,-0.06864628,0.032343082,-0.12730052,0.12205836,0.08549909,0.006525565,0.003070675,0.008997035,0.050669435,-0.02777314,-0.1009217,-0.11649274
almost,-0.046531048,0.08905281,0.0030435754,0.097364254,-0.23384282,0.14922875,-0.031834103,0.14508997,-0.16521604,0.07965065,-0.08982504,0.011217004,0.07663437,0.11397516,-0.09255149,-0.06549666,0.09170168,-0.133564,-0.107176326,0.118229836,0.060274135,-0.114232965,-0.08927239,0.19460456,0.2407621,0.0024703573,-0.065784164,0.017282525,-0.12374229,-0.069638886,-0.036689784,-0.22444838,-0.094183125,0.014108985,-0.033729605,0.12604262,0.14983724,-0.19809347,0.12001117,0.07648617,0.0315947,-0.014420768,0.22143286,-0.055115204,0.0019367087,0.07240875,0.015004397,0.05371283,0.14438418,-0.0020090272,-0.024788074,-0.35189182,-0.09883369,0.09543733,0.123944,-0.033763956,-0.026485076,0.06219307,-0.08354018,0.15749645,-0.037985094,-0.10022847,-0.31748563,-0.0113795595,0.098937996,0.013671634,-0.0022901162,-0.03434138,-0.11220844,-0.05963385,0.025969723,-0.16094916,-0.19735022,-0.11702276,0.044252258,-0.109143965,0.04673336,-0.010356775,-0.1766086,-0.20726448,-0.10388549,0.08032789,-0.10099471,0.035671316,-0.22737426,-0.0053894348,-0.21565764,-0.26500845,-0.10426333,0.04006174,-0.12025936,0.10045775,0.081395075,-0.028204296,0.006212291,0.012206811,0.08256618,-0.03182314,-0.124255575,-0.10576575
trouble,-0.011568593,0.06011594,0.01029506,0.047807757,-0.21792883,0.15363675,-0.039702326,0.12999848,-0.19480352,0.042113382,-0.11399131,0.021380436,0.11139126,0.18873237,-0.15901771,-0.080289125,0.13802369,-0.17797928,-0.16199186,0.100247554,0.09318272,-0.123794496,-0.08563544,0.23234522,0.24272914,0.010368967,-0.12446478,0.049609844,-0.16780376,-0.07331933,-0.06779378,-0.18465224,-0.118513115,-0.019143466,-0.04277814,0.12405764,0.13438609,-0.1763542,0.09543749,0.07294849,-0.00015278299,-0.058014892,0.21418045,-0.030974966,-0.008160282,0.13005982,0.03404427,0.080034524,0.12073606,0.02176524,-0.07338781,-0.34342337,-0.097896636,0.07417658,0.07171217,-0.0651213,-0.08783046,0.021705257,-0.09069229,0.14444453,-0.0649757,-0.08426366,-0.34553418,-0.0021641345,0.07807487,0.045250498,-0.029878773,-0.06021779,-0.17167252,-0.008534233,-0.010081982,-0.1363514,-0.17538545,-0.08695448,0.0064139105,-0.1249709,0.0071746674,-0.031119397,-0.1339755,-0.25313112,-0.08532732,0.031241735,-0.108973674,0.12578176,-0.21162389,0.025709279,-0.18026797,-0.23670912,-0.08070137,0.0710031,-0.14033397,0.13501906,0.1136984,-0.08878889,0.035662614,0.010018505,0.03663605,-0.013845903,-0.06076433,-0.14704344
air,-0.022616101,0.12023894,0.0017643257,0.07630083,-0.2991517,0.22413532,-0.041772798,0.18517445,-0.18764225,0.0068657203,-0.09033505,-0.012215765,0.06526779,0.13421257,-0.09285364,-0.021804325,0.11644677,-0.1588861,-0.09242777,0.15812787,0.05666245,-0.16011494,-0.081224024,0.24257897,0.2374748,0.010920409,-0.07969718,0.041623395,-0.15001777,-0.13779403,-0.06080107,-0.21605316,-0.13121684,-0.014549489,-0.03277928,0.09910264,0.21250218,-0.1571712,0.10793389,0.074240655,0.006848165,-0.021019202,0.2799965,-0.07877328,-0.03954523,0.09234518,0.005823505,0.063933045,0.080246076,0.07128881,-0.052459344,-0.37081996,-0.147283,0.11730518,0.11748366,-0.05523365,-0.008477485,0.123842485,-0.08025294,0.15736566,-0.009029546,-0.076133326,-0.30499443,0.05509461,0.10128063,-0.006974605,-0.0017211649,0.01051624,-0.22911845,0.0049557113,0.031533003,-0.14871915,-0.134974,-0.14553146,0.023959067,-0.14548199,0.018800668,0.015322988,-0.14439484,-0.21266997,-0.08789656,0.15542932,-0.121043846,0.06646582,-0.2507269,-0.040000875,-0.24970455,-0.2164144,-0.059689227,0.030311354,-0.14026265,0.1302593,0.09736855,0.01889252,0.020696567,-0.0036348253,0.041590206,-0.015990688,-0.061552063,-0.1159739
lost,-0.08925488,0.10174767,0.019950787,0.13837779,-0.23950142,0.13827689,-0.07662988,0.14361253,-0.18540516,0.08319749,-0.099387154,0.04009234,0.11552967,0.12895915,-0.13507137,-0.060944393,0.118799716,-0.17705804,-0.14297621,0.11018629,0.058877625,-0.09812872,-0.11341447,0.19316292,0.2520098,-0.024937099,-0.09465334,0.044693775,-0.1247107,-0.13137248,-0.060423817,-0.2048636,-0.08955172,0.008278076,-0.014848448,0.13005087,0.14547922,-0.17350814,0.0835618,0.09741211,-0.021104706,-0.034123775,0.21372615,-0.027283542,-0.01645752,0.06804713,0.07548361,0.03834444,0.092942476,0.035867795,-0.036907434,-0.37707978,-0.1130475,0.055680748,0.09043251,-0.051672895,-0.008269545,0.06918723,-0.08461566,0.14297917,-0.052561883,-0.082722105,-0.3312939,0.012173233,0.04048003,0.044159584,-0.02396533,0.008135413,-0.1863013,-0.008683581,0.03281111,-0.17166775,-0.19163555,-0.1138635,0.03417972,-0.13115397,0.047316186,0.027104147,-0.11495541,-0.25540978,-0.10897171,0.07581987,-0.07999061,0.029853452,-0.26465952,-0.0028428626,-0.17827462,-0.22954446,-0.05649004,0.026207669,-0.16984518,0.123247266,0.07677353,-0.05993034,-0.018799286,0.024767201,0.043485243,-0.0017247652,-0.07096917,-0.111841485
wonderful,-0.12332863,0.12884042,0.028215807,0.13276729,-0.19439411,0.14702684,-0.026368648,0.12046302,-0.16880296,0.12712583,-0.0735126,0.0333626,0.07363965,0.09369266,-0.081515774,-0.077170655,0.09561527,-0.14142045,-0.09558055,0.1425547,0.036135595,-0.07011838,-0.12703845,0.19887733,0.28842494,-0.014963462,-0.04813851,0.032294653,-0.11361851,-0.092151396,-0.032867398,-0.2005371,-0.044479903,0.035124388,-0.06251965,0.1756816,0.16550241,-0.22043969,0.12747581,0.071780376,0.0058326228,0.010627045,0.20659697,-0.050399914,0.02896481,0.041439716,0.03702423,0.03203861,0.15003328,-0.01222372,-0.00524871,-0.36823833,-0.109137505,0.052417263,0.118665926,-0.01984873,0.019289076,0.07623288,-0.09605219,0.16183044,-0.051950276,-0.10262315,-0.3169633,-0.016964884,0.06699411,0.04317221,-0.013346355,0.022561781,-0.13857985,-0.036624625,0.050121695,-0.17981502,-0.22906066,-0.14102878,0.08472087,-0.08601791,0.09553046,0.01754454,-0.19375367,-0.18899998,-0.12705189,0.061979476,-0.090175614,-0.0089309765,-0.28482667,-0.031265926,-0.2562057,-0.2627837,-0.07692993,0.01839357,-0.14917932,0.090408385,0.05328123,-0.028546052,0.0044777584,0.020094942,0.07812818,-0.047757916,-0.14287806,-0.096393526
ago,-0.16713753,0.153331,0.08592914,0.07980335,-0.20218155,0.20558013,-0.05618399,0.15057935,-0.13183543,0.17011002,-0.0791585,-0.006703345,0.076762624,0.031543598,-0.11155898,-0.05659684,0.1708624,-0.18695115,-0.104041204,0.13654473,0.0847581,-0.072360404,-0.17140828,0.21763319,0.28730196,-0.011762526,-0.08347554,0.03897934,-0.12949903,-0.16259837,-0.06570162,-0.21918322,-0.024409872,0.026759392,-0.08488249,0.21075968,0.22687072,-0.22756757,0.13221183,0.064377986,-0.018599728,0.06851435,0.24654776,-0.011251261,-0.0070403866,0.049914084,0.06075421,0.00027281707,0.17524536,0.055740457,-0.01864723,-0.39179933,-0.15051085,0.038651574,0.12482629,-0.062376514,0.044556804,0.08283844,-0.05203397,0.18438593,-0.050267097,-0.111757904,-0.33638632,0.03314758,0.09832825,0.07806425,-0.0950563,0.14279214,-0.2126285,-0.069951996,0.07343791,-0.18449312,-0.1911292,-0.13333306,0.10437311,-0.14299044,0.10739039,0.07700517,-0.20459905,-0.20568128,-0.124450125,0.10814889,-0.11403635,-0.04058636,-0.3633582,-0.11115443,-0.23629008,-0.26950622,-0.12163112,0.035259888,-0.18016258,0.08459019,0.028867437,-0.038352344,-0.001878081,-0.032081053,0.08596534,-0.025294067,-0.14442924,-0.11005902
through,-0.058840815,0.091358215,-0.016361859,0.090058915,-0.25160557,0.13694902,-0.08007507,0.14950727,-0.18446366,0.071806185,-0.11619916,0.02305104,0.08226783,0.11106681,-0.10516663,-0.06842707,0.1369778,-0.15528971,-0.1163151,0.107945174,0.06859169,-0.09102358,-0.088714406,0.21138552,0.26883838,-0.0029374207,-0.12606,0.017090408,-0.15581866,-0.07194231,-0.097496495,-0.20559755,-0.14930254,-0.011332268,-0.05500885,0.14687075,0.17774776,-0.21867411,0.12619418,0.10040904,0.001512794,-0.03234399,0.23646124,-0.061101012,-0.008306048,0.08811474,0.044512667,0.06425925,0.10790068,0.0072426433,-0.08065104,-0.34381008,-0.11970345,0.06945937,0.08943855,-0.027751587,-0.0532187,0.04125992,-0.092134476,0.18483548,-0.041196115,-0.070050456,-0.33741572,0.0026421715,0.08209459,0.042001586,-0.02030556,-0.057982508,-0.16701765,0.0032829312,0.008869678,-0.1398896,-0.17388716,-0.105694495,0.00495473,-0.14266463,0.007895892,-0.02263181,-0.14514804,-0.27232534,-0.14264084,0.07508491,-0.10028756,0.06624456,-0.22276762,0.012855868,-0.1936764,-0.24580422,-0.087698065,0.04003974,-0.111610785,0.13175079,0.105449684,-0.04330853,0.013461335,0.0064523444,0.05311036,-0.027459241,-0.068549976,-0.14269377
bath,-0.052598882,0.11681613,-0.00045772395,0.08414112,-0.26173332,0.16577148,-0.05585086,0.16097674,-0.17145354,0.050539766,-0.121528246,0.006454108,0.102916345,0.13602889,-0.15450148,-0.029796587,0.13631825,-0.16951199,-0.08151722,0.12273216,0.052762944,-0.08457025,-0.09604816,0.23849803,0.24896233,-0.019230923,-0.13346678,0.05215801,-0.1363881,-0.10573325,-0.06506901,-0.1742314,-0.096771285,-0.017394673,-0.02126409,0.081709616,0.159235,-0.15502058,0.08230805,0.093653664,-0.02946333,-0.020373946,0.22798494,-0.0067234244,-0.025092563,0.10203777,0.042679504,0.051968746,0.057517722,0.04965373,-0.043460745,-0.36390555,-0.17597346,0.042599153,0.07938417,-0.052854575,-0.0203658,0.07220671,-0.11137269,0.15149799,-0.010382488,-0.08524726,-0.33299923,0.043099184,0.06066555,0.037596893,-0.034276526,-0.030816779,-0.24500532,-0.0058481894,0.010332208,-0.13844787,-0.16408707,-0.06915732,0.029157631,-0.13813676,0.042677037,0.0114696,-0.14561705,-0.2688603,-0.087012306,0.08438575,-0.09189916,0.08174443,-0.22662657,-0.004355539,-0.19784494,-0.20272294,-0.03546778,0.034662824,-0.15828277,0.14996795,0.13134451,-0.053782288,-0.0018430195,-0.005528568,0.031766377,0.02235802,-0.06764989,-0.13417108
looking,-0.017680764,0.09300627,0.012131084,0.0457045,-0.24137406,0.19532336,-0.05221854,0.16581795,-0.15540908,0.08532417,-0.07447556,-0.01469466,0.06121179,0.12703061,-0.1154343,-0.05637123,0.14074092,-0.15434408,-0.100788064,0.11742847,0.091121286,-0.1061479,-0.11218927,0.26198843,0.27243796,-0.024558792,-0.10249811,0.04597356,-0.17670695,-0.09014337,-0.09265737,-0.22248788,-0.10530017,-0.014838751,-0.062358387,0.13532166,0.17412719,-0.16722985,0.0971367,0.058469478,-0.013557297,-0.010521439,0.21804175,-0.020652715,-0.025894543,0.11622608,0.015545659,0.094546124,0.10858334,0.027303081,-0.013701042,-0.33905777,-0.116921045,0.06941662,0.07939089,-0.039385367,-0.058515135,0.039021637,-0.068252765,0.15808396,-0.028504936,-0.0785924,-0.32591325,0.00041498887,0.08514303,0.038775712,-0.046869155,-0.031060573,-0.17714861,-0.0344801,0.038593356,-0.15945758,-0.1757477,-0.13185456,0.0255021,-0.09021778,0.020237468,-0.043284856,-0.15200211,-0.22063184,-0.09474626,0.04828341,-0.13019373,0.061183516,-0.25598776,0.0038748828,-0.21987417,-0.24313876,-0.10755008,0.05670361,-0.13142282,0.1269753,0.079463996,-0.041738287,0.025210647,-0.021167442,0.077217154,3.9376977e-05,-0.08610582,-0.121962406
setsuko,-0.07039768,0.11454604,0.002340605,0.13264759,-0.13086814,0.07331903,-0.05510574,0.06273816,-0.15925251,0.16362509,-0.16139472,0.047569036,0.099756375,0.14711826,-0.14052513,-0.096617825,0.1304887,-0.18016565,-0.19814406,0.09776511,0.050130397,-0.06942271,-0.15435454,0.19895644,0.29151464,-0.048531447,-0.09849269,0.048432916,-0.098974384,-0.10298218,-0.09663922,-0.16127975,-0.10985158,0.019316494,-0.008107243,0.19736092,0.12078612,-0.18614936,0.07466172,0.038447045,-0.0039286427,-0.05925964,0.1640453,0.020663578,-0.006804044,0.11948785,0.07068061,0.046062257,0.14891152,-0.020738991,-0.033632617,-0.31134915,-0.056324005,0.028845625,0.08122713,-0.02998159,-0.101026,-0.014683986,-0.08478492,0.116783865,-0.09591353,-0.120866366,-0.3422812,-0.050694715,0.042984698,0.09113741,-0.04660084,-0.057650294,-0.11221546,0.014247568,-0.013502353,-0.16776499,-0.26554206,-0.08930154,-0.01036045,-0.10688106,0.029601863,0.0035425534,-0.11080052,-0.27624828,-0.13957494,-0.044893038,-0.041416615,0.08714608,-0.2138275,0.086911626,-0.18319885,-0.26980624,-0.10744469,-0.003029557,-0.14276381,0.08803171,0.10614439,-0.1193906,0.017868143,0.033131264,0.05993602,-0.00015881492,-0.1147306,-0.14263034
country,-0.028282618,0.107341535,0.017734805,0.10757897,-0.23056597,0.276222,-0.015853964,0.1770533,-0.18462084,0.080343656,-0.1001645,0.007718857,0.09511436,0.18185101,-0.14349027,-0.01412481,0.09220078,-0.2121396,-0.16859373,0.17427486,0.0639364,-0.1551117,-0.08751917,0.2780396,0.24384107,-0.045410644,-0.049602937,0.06255564,-0.1501726,-0.18431799,-0.017209439,-0.17144349,-0.13264835,0.022307184,-0.019221196,0.13196133,0.13880277,-0.11745992,0.10608044,0.03558597,0.009329224,-0.015517632,0.23322502,-0.0003620622,-0.04500718,0.096800625,0.032577146,0.05035673,0.10512431,0.068871275,-0.012525832,-0.37683812,-0.109224826,0.09693133,0.069666505,-0.10566667,-0.062002346,0.048532777,-0.07161795,0.08629824,-0.031145781,-0.15014926,-0.30301172,0.019709334,0.07694313,0.029856026,-0.012921258,0.002849405,-0.18995255,-0.06339752,0.07423364,-0.20284651,-0.19837645,-0.14578891,0.037598547,-0.10302344,0.062846534,0.077975206,-0.15414646,-0.19712947,-0.04688932,0.08922096,-0.13546714,0.09308114,-0.25726426,0.005991658,-0.27419478,-0.22631362,-0.061064325,0.0686451,-0.17074248,0.08294121,0.10435554,-0.03496009,0.06292843,-0.031071613,0.073159546,-0.009209653,-0.09910958,-0.124770865
gold,-0.07989708,0.119221754,-0.0018551196,0.12667236,-0.2676076,0.15451473,-0.06257863,0.110001065,-0.18933779,0.060678996,-0.14122859,0.025832675,0.12901968,0.1526075,-0.15057449,-0.04403068,0.12774432,-0.16042005,-0.12774774,0.1277685,0.045802083,-0.09368565,-0.097364105,0.19690186,0.26155585,0.019677203,-0.11563924,0.046399396,-0.13379025,-0.1315903,-0.098933496,-0.18507142,-0.112146296,-0.020835042,0.018284375,0.113135986,0.1542545,-0.1481988,0.055773374,0.1048898,-0.020442668,-0.052486815,0.23588318,-0.0070693824,-0.044640362,0.089071654,0.051357888,0.04408223,0.059276797,0.050519694,-0.057738774,-0.378498,-0.13747133,0.06239629,0.080572434,-0.0745927,-0.009184118,0.047925066,-0.10149016,0.16380604,-0.029622892,-0.075845145,-0.36910442,0.031308174,0.042866938,0.04370519,0.009238337,-0.01675491,-0.2393087,0.025371252,0.03989012,-0.1780126,-0.20195243,-0.0903454,0.016322661,-0.13768895,0.027939085,0.015061402,-0.11004478,-0.2908169,-0.07960539,0.063692555,-0.07459324,0.08686085,-0.2307793,0.009934867,-0.15602563,-0.21931605,-0.051579874,0.033135228,-0.16765277,0.14057648,0.12338984,-0.08052916,-0.02879118,0.035273734,0.01714822,0.022130975,-0.076342404,-0.14161777
hills,-0.13431789,0.19896297,0.039309446,0.093179666,-0.45596582,0.3395177,-0.058856882,0.30308786,-0.1887941,-0.033231575,0.007734057,-0.032851264,0.05431295,0.083298884,-0.08956839,0.11646781,0.1526196,-0.19059737,0.024214149,0.22610234,0.05329354,-0.20133038,-0.094925724,0.35319456,0.23158987,0.059155885,-0.061742254,0.050079267,-0.18767822,-0.18857922,-0.06930324,-0.31902504,-0.1041251,-0.049654145,-0.023418855,-0.017135384,0.27938712,-0.11788554,0.13793796,0.11543866,-0.014724356,0.06826948,0.33484825,-0.10084426,-0.10564278,0.056228384,-0.025470693,0.028630741,0.0015863414,0.1712266,0.0120551605,-0.43417326,-0.25996304,0.13829415,0.099131785,-0.11808132,0.10642368,0.23106137,-0.084307104,0.16002657,0.06758645,-0.014682495,-0.34502947,0.1504554,0.07780693,-0.051835947,-0.0053370534,0.05641093,-0.3955999,-0.037991833,0.17713806,-0.20475876,-0.095564015,-0.19943257,0.061506964,-0.13514555,0.025306525,0.026989443,-0.14634383,-0.22531682,-0.06229551,0.2996399,-0.15012476,0.015542621,-0.2960348,-0.10479812,-0.2809219,-0.17486948,-0.0029107824,0.05904675,-0.20455244,0.19259052,0.08221132,0.07903616,0.013741984,-0.013608837,-0.0018723888,0.062762894,-0.05340884,-0.09535067
wish,0.012818805,0.054302182,0.022262022,0.10208074,-0.17625281,0.13831492,-0.03696714,0.08149207,-0.18273538,0.0942213,-0.13147804,0.06246637,0.11913991,0.21865036,-0.25517312,-0.0855435,0.15535158,-0.1802499,-0.2664327,0.13001345,0.110134766,-0.10915272,-0.100636974,0.19588625,0.25244936,-0.047153696,-0.08733381,0.09383569,-0.1528247,-0.15696657,-0.042881142,-0.15257104,-0.09221019,0.014760931,-0.019783089,0.18417442,0.062095664,-0.13421753,0.06347757,0.066638716,-0.014251494,-0.06966167,0.18293284,0.035327375,-0.021478845,0.10578581,0.08870126,0.090710275,0.119840965,-0.021721054,-0.0273623,-0.39440393,-0.04968504,0.027791547,0.08385592,-0.07848457,-0.1153844,-0.013026963,-0.056923848,0.08866716,-0.11131503,-0.15448864,-0.32989424,-0.075005755,0.029357474,0.096972525,-0.034973633,-0.064189285,-0.12212602,0.015834508,-0.0099259475,-0.16275485,-0.22420365,-0.09131283,-0.02892304,-0.10166759,0.042550627,0.059778363,-0.13679889,-0.23741631,-0.06806861,-0.023058018,-0.08306575,0.114055365,-0.24517086,0.068096116,-0.1846932,-0.26201352,-0.099241585,0.05006021,-0.20874248,0.06831941,0.06632544,-0.16347937,0.057131123,0.010107383,0.060300592,0.00017602924,-0.059041526,-0.14401796
spell,0.012517101,0.07498366,0.013105664,0.042480327,-0.18391253,0.09007616,-0.047336746,0.09239986,-0.17340551,0.06332507,-0.1585469,0.042918257,0.10114716,0.1800398,-0.16854091,-0.100482285,0.14134951,-0.20652154,-0.19867645,0.09990188,0.07047869,-0.112579286,-0.10223563,0.2034512,0.28198957,-0.0331405,-0.14510703,0.028902937,-0.14476341,-0.053421974,-0.09719382,-0.13192867,-0.14086555,0.0010809634,-0.05120548,0.14317329,0.12517767,-0.18493286,0.076062545,0.04584837,0.017648758,-0.08414757,0.19118199,0.024618512,0.011462452,0.10256915,0.048585445,0.117405266,0.12680818,-0.061774194,-0.051708613,-0.32050508,-0.05887507,0.034828935,0.08243721,-0.04062525,-0.1291204,-0.04454234,-0.086008176,0.15275516,-0.054934826,-0.11150826,-0.35907406,-0.053084325,0.065773584,0.075488985,-0.029605411,-0.094557814,-0.12949693,0.022195796,-0.05499377,-0.107517615,-0.21829608,-0.056093805,-0.025502127,-0.1102947,0.047192004,-0.029547818,-0.115278214,-0.31007907,-0.10979634,-0.033949874,-0.109041214,0.14449652,-0.21754663,0.090266295,-0.1754848,-0.2833797,-0.118961394,0.04437386,-0.12406095,0.110338554,0.11337812,-0.12100302,0.024174087,0.005533373,0.068247795,0.031244382,-0.071975395,-0.19953667
found,-0.029987888,0.06787178,0.04405132,0.07254383,-0.19675393,0.17935842,-0.036792796,0.1386615,-0.1608661,0.103440754,-0.08062541,0.010735396,0.069089696,0.10442429,-0.14281479,-0.092315994,0.15470718,-0.16318773,-0.14080366,0.12483122,0.1060082,-0.0911786,-0.09694217,0.22002494,0.25936016,-0.031006332,-0.08408034,0.05627745,-0.15339473,-0.10690566,-0.021503948,-0.19101688,-0.04345667,0.00077491126,-0.092494845,0.18713503,0.1495366,-0.21017009,0.12662023,0.050920423,-0.0043891184,0.0043315357,0.2026043,-0.013818544,0.010953757,0.054753724,0.028150937,0.07787934,0.16282943,-0.006812648,-0.030906297,-0.38031775,-0.08260468,0.072304934,0.112691246,-0.022879956,-0.030120546,0.049733818,-0.039335255,0.13494606,-0.05604531,-0.088629596,-0.3004936,-0.027561914,0.07593946,0.085423216,-0.04857419,0.008172364,-0.12863328,-0.0122123575,0.006438211,-0.16026856,-0.16340134,-0.121837236,0.03794819,-0.07586724,0.08731918,0.0035375622,-0.16302422,-0.17550296,-0.111959465,0.05559205,-0.13034776,0.03021936,-0.29604965,-0.03930151,-0.2373244,-0.2589401,-0.110346176,0.057123613,-0.15986994,0.0687339,0.0356938,-0.06369338,0.05619334,-0.012948819,0.0623083,-0.037143707,-0.10309168,-0.13363142
afraid,0.034163795,0.046726108,0.03559713,0.11107845,-0.13677719,0.052848857,-0.014855633,0.07747861,-0.18647856,0.1110985,-0.16182698,0.11900377,0.12837425,0.2273144,-0.1992511,-0.19687735,0.123670466,-0.2050834,-0.2525562,0.07140467,0.099706516,-0.03620044,-0.1446896,0.1636121,0.25936174,-0.06014324,-0.111962244,0.08207836,-0.1156947,-0.15209028,-0.09055914,-0.14035451,-0.12447684,-0.017268637,-0.00039773123,0.17183305,0.04544838,-0.116607316,0.042331412,0.055030584,-0.057482425,-0.08596283,0.14705808,0.065661296,-0.010542108,0.15445827,0.11709803,0.08929918,0.14395167,-0.043777414,-0.08895894,-0.31729823,-0.01807762,-0.019627096,0.04590049,-0.10693215,-0.16971235,-0.12697348,-0.06379379,0.10178736,-0.13043505,-0.15680952,-0.37546623,-0.06925615,-0.00655796,0.07935158,-0.02478925,-0.052106276,-0.09674667,0.04623126,-0.047452867,-0.1450948,-0.27141964,-0.063215576,-0.040792283,-0.063012354,0.013798443,-0.017090233,-0.10608509,-0.30343196,-0.11202262,-0.11008372,-0.047408015,0.16815093,-0.16324945,0.11166187,-0.1084883,-0.28279564,-0.06668292,0.035854585,-0.18206483,0.1350008,0.1643583,-0.16195856,-0.00056565343,0.029797558,0.05593231,-0.0075675896,-0.098508194,-0.17292081
hands,-0.07859761,0.09402605,-0.019155169,0.099840075,-0.2617022,0.12567198,-0.0757965,0.11533608,-0.1557266,0.060617033,-0.14686352,0.009847624,0.12631844,0.13874847,-0.15175687,-0.078478284,0.13418896,-0.18018843,-0.16405281,0.0776519,0.06090186,-0.09079833,-0.12444171,0.20288487,0.25992003,-0.00030422065,-0.14663708,0.03909144,-0.12514839,-0.097282335,-0.1252098,-0.18124951,-0.13273552,0.010071505,-0.011583909,0.12904164,0.15051197,-0.18153611,0.06050381,0.0714749,-0.0085683055,-0.06695625,0.20673266,-0.026411867,-0.033710364,0.12576756,0.058579355,0.05837194,0.10293845,0.009999911,-0.07100821,-0.34824485,-0.12136182,0.05374095,0.075668715,-0.05688075,-0.06075637,0.025696464,-0.11888831,0.16709186,-0.0552241,-0.11221809,-0.34500632,-0.011260477,0.05471819,0.04146318,-0.033095397,-0.06872458,-0.18463379,0.016226688,-0.006073399,-0.14731863,-0.20941278,-0.05935846,-0.030715095,-0.16686882,0.010016276,-0.01289465,-0.11069829,-0.3009119,-0.11587286,0.021283636,-0.07306411,0.10829138,-0.21746288,0.047634847,-0.15629673,-0.22915246,-0.084694356,0.029237974,-0.13017417,0.1516747,0.12797876,-0.09645564,0.0036110065,0.011562835,0.050179116,0.04090851,-0.06166078,-0.14297292
left,-0.0784257,0.12442745,-0.0031367196,0.07880947,-0.26351807,0.17454867,-0.06705031,0.14879197,-0.14524576,0.08929391,-0.07612728,0.017230295,0.07889489,0.06956765,-0.106031775,-0.0415737,0.14808193,-0.15285745,-0.10422428,0.14181076,0.06706562,-0.12404597,-0.12368315,0.2173002,0.2796197,-0.0051827687,-0.08027034,0.023295578,-0.12814134,-0.096471116,-0.06093382,-0.22648726,-0.08493196,0.008647604,-0.077063,0.15661047,0.1844024,-0.18855543,0.12600705,0.06313193,-0.003378187,0.0042009363,0.20753455,-0.06711483,-0.014478629,0.043084648,0.027240137,0.056450006,0.11449793,0.0033082913,-0.011904483,-0.38634792,-0.11878649,0.08248596,0.11951874,-0.009418712,-0.010280107,0.07286982,-0.07853488,0.15916798,-0.031757604,-0.07849219,-0.3084646,0.008757569,0.081122346,0.03520281,-0.020701943,-0.009779495,-0.16428012,-0.028304962,0.06337285,-0.16439244,-0.18142365,-0.1405243,0.042522382,-0.10737477,0.0586265,0.0084123695,-0.1636707,-0.22560598,-0.12766996,0.10959813,-0.12867898,0.012157963,-0.26330188,-0.028483804,-0.22652815,-0.23312595,-0.09330052,0.047110282,-0.14508861,0.08176329,0.055569883,-0.032061998,0.02800713,-0.013488988,0.07220666,-0.017566169,-0.10968026,-0.11794162
later,0.030097954,-0.001956188,-0.030484995,0.07077886,-0.14756761,0.08392144,-0.061051555,0.08003237,-0.18035424,0.10019028,-0.15707628,0.055117637,0.15739493,0.20412341,-0.22599852,-0.13002393,0.166079,-0.16352108,-0.24877594,0.07170279,0.088620946,-0.11771222,-0.07368068,0.16565959,0.23349953,-0.030704532,-0.1252416,0.044693906,-0.1562274,-0.025219167,-0.10257739,-0.13887197,-0.1446574,-0.038044196,-0.02263617,0.15881023,0.06847634,-0.17524993,0.06935071,0.054779075,0.02472285,-0.14289431,0.14904492,0.025064835,-0.008992092,0.16824743,0.042611156,0.09586396,0.13611211,-0.052661672,-0.06835652,-0.300924,-0.028668622,0.065748304,0.07120413,-0.04361463,-0.16408998,-0.077034645,-0.10634821,0.1085565,-0.1194894,-0.15829994,-0.32560384,-0.09717964,0.076456964,0.07300952,-0.044133548,-0.17208312,-0.039499767,0.008019652,-0.089429185,-0.13052642,-0.24498126,-0.03208413,-0.07992783,-0.11542922,0.008743222,-0.033589818,-0.14954713,-0.28540385,-0.076564215,-0.06337318,-0.091721095,0.21079789,-0.15552941,0.13117453,-0.15754949,-0.26352838,-0.12632658,0.05807162,-0.086221844,0.10868642,0.120861955,-0.17815875,0.057562817,0.02005201,0.08932793,0.0030281916,-0.0599689,-0.17138888
quiet,0.051127672,0.029762112,-0.017163012,0.028654713,-0.18582791,0.14459793,-0.054906912,0.11353655,-0.15926224,0.07071495,-0.1440771,0.04062351,0.085588455,0.13890825,-0.16169454,-0.116853625,0.14349188,-0.15829174,-0.18971838,0.090280026,0.08739111,-0.120970875,-0.09907207,0.21034054,0.2501927,-0.014738098,-0.07681387,0.051186305,-0.14856037,-0.023013862,-0.03498667,-0.17704922,-0.13235979,-0.01070155,-0.07841532,0.18131843,0.13100919,-0.17968282,0.1326485,0.02177802,0.03987562,-0.0914355,0.18844111,-0.048449244,0.010984708,0.1455566,-0.0017153665,0.08236281,0.16744621,-0.055810023,-0.06233053,-0.3195051,-0.07302863,0.07646979,0.092872255,-0.007129798,-0.16528675,-0.037376724,-0.075779244,0.12539387,-0.12290725,-0.09279976,-0.29945984,-0.080944784,0.11337946,0.023297722,-0.042074792,-0.09801844,-0.07828405,-0.012171657,-0.051932964,-0.12555654,-0.19975443,-0.09810689,-0.038546912,-0.08341501,0.019231457,-0.057294317,-0.17107259,-0.22340526,-0.09852914,-0.00027826653,-0.12752123,0.15579802,-0.16554129,0.08159716,-0.19488159,-0.2753956,-0.13036291,0.068370424,-0.10436965,0.10413265,0.13100925,-0.08568755,0.060351603,-0.011208929,0.12135578,-0.03163708,-0.102956004,-0.14399588
island,-0.05935845,0.11675484,0.008297688,0.09247213,-0.27680913,0.21915856,-0.022692941,0.1961933,-0.17917193,0.055750705,-0.08240906,0.014899583,0.088085294,0.14938064,-0.12836823,0.0013158325,0.11054186,-0.18631043,-0.10193984,0.16939324,0.0711518,-0.14576553,-0.0953153,0.25413927,0.26509187,-0.0009507247,-0.07468559,0.056587562,-0.16098997,-0.13939932,-0.03635961,-0.22059266,-0.1066196,-0.004092895,0.00046742635,0.08561596,0.16796577,-0.1344679,0.108871736,0.055590216,0.010589939,0.0064318595,0.24836738,-0.045369137,-0.036344144,0.07559582,0.035609376,0.052218426,0.093922645,0.052435815,-0.0018867943,-0.37669665,-0.14372696,0.09455546,0.086321175,-0.10514605,-0.010205916,0.08470211,-0.05477432,0.13564062,-0.022116467,-0.09698526,-0.33098853,0.058173668,0.08343304,0.0074846805,0.016775548,0.022389334,-0.23643303,-0.03678502,0.052333307,-0.1804104,-0.17616075,-0.15218014,0.046606094,-0.12742577,0.04112747,0.008130912,-0.16563351,-0.23717222,-0.09287615,0.102061085,-0.129966,0.054494202,-0.23074853,-0.016096849,-0.24366182,-0.23250228,-0.061686855,0.033781916,-0.16100305,0.1300029,0.07317369,-0.03398751,0.011407305,-0.0167646,0.057164926,-0.009344001,-0.08026717,-0.14345007
start,-0.0012417097,0.067870595,0.006532929,0.07180978,-0.22052044,0.15240116,-0.02826678,0.14781143,-0.21927781,0.051740333,-0.13089542,0.02087274,0.13286749,0.18303134,-0.15775721,-0.06920713,0.13048469,-0.1662888,-0.17311049,0.13486472,0.08102637,-0.12734474,-0.071389444,0.22079378,0.24023883,-0.02159933,-0.08523726,0.062548526,-0.14417833,-0.104056,-0.04651365,-0.17987771,-0.12555006,-0.017242098,-0.018950956,0.13696276,0.14567278,-0.18451773,0.07551079,0.077687584,0.012533294,-0.055199876,0.21575963,-0.018510919,-0.005953849,0.124451324,0.03441263,0.074504025,0.11331796,0.02444377,-0.06329013,-0.36863086,-0.08927058,0.06969402,0.11935703,-0.072289445,-0.08928274,0.030635305,-0.09653187,0.14851776,-0.04302062,-0.110068016,-0.33632538,-0.0018838635,0.06812038,0.056760367,-0.029012753,-0.07468916,-0.14804049,0.011453521,-0.019240431,-0.13600466,-0.1808973,-0.08377411,-0.0059509873,-0.11137804,0.029770792,-0.0038913793,-0.11929913,-0.23748596,-0.09093433,0.03822151,-0.08725922,0.11090247,-0.21177544,0.02807219,-0.19432501,-0.2564338,-0.09625477,0.058269702,-0.14291057,0.12225079,0.09016836,-0.08763405,0.05864361,0.018199094,0.05023374,-0.027605113,-0.08554046,-0.14435893
eboshisama,-0.025842756,0.058378633,-0.02314887,0.09868727,-0.2021935,0.14593635,-0.06914443,0.10807845,-0.19571921,0.07766712,-0.13952582,0.02270107,0.13940232,0.19535716,-0.1654559,-0.09160903,0.11087789,-0.1765669,-0.21006565,0.10175192,0.05359025,-0.116659194,-0.08120578,0.20202781,0.24578714,-0.01044942,-0.116281606,0.0418475,-0.12992635,-0.07558443,-0.09565419,-0.1846536,-0.13805526,-0.008252437,0.00029838996,0.15224582,0.096635155,-0.1810842,0.07841647,0.07719506,0.036026057,-0.074394174,0.20816523,-0.029816734,-0.014147684,0.12505257,0.047523756,0.06301406,0.13156246,0.006460438,-0.05540262,-0.36788842,-0.08907807,0.070898384,0.1055921,-0.063779004,-0.09136703,0.011773676,-0.093487866,0.1488133,-0.0705755,-0.13103825,-0.3304915,-0.04004167,0.08110908,0.036093313,-0.018197274,-0.102543004,-0.114058524,-0.011298518,-0.009405953,-0.17028348,-0.21705538,-0.1001012,-0.024745485,-0.12784302,0.038650714,-0.008631551,-0.14447017,-0.27047923,-0.07767488,0.017169377,-0.0900803,0.10817097,-0.20912813,0.08317385,-0.1903396,-0.2666423,-0.09620025,0.051471137,-0.10446107,0.13565665,0.124768004,-0.08078786,0.015978146,0.019116925,0.079220235,-0.018311027,-0.06902079,-0.13230988
welcome,-0.05435054,0.028618421,-0.011543646,0.068749115,-0.16151108,0.12322268,-0.052401338,0.10408133,-0.1559292,0.084428884,-0.093547784,0.009414872,0.103367895,0.116192296,-0.14880212,-0.100522056,0.15403856,-0.119916014,-0.12701756,0.06459445,0.089165896,-0.058600836,-0.10830473,0.17599672,0.22326589,0.004782438,-0.12663954,0.049441855,-0.12776464,-0.0737055,-0.093851015,-0.15858439,-0.09210763,0.00089129957,-0.048757732,0.15803711,0.11602453,-0.22891535,0.09063104,0.06594622,-0.010052415,-0.039628856,0.16248249,-0.0139030805,0.026108366,0.13834625,0.06282952,0.06717762,0.12573814,-0.004979843,-0.06703416,-0.29429,-0.09619109,0.07821898,0.111622564,-0.016305016,-0.052950975,-0.0026680352,-0.10835379,0.16933443,-0.1171593,-0.075908326,-0.32463002,-0.010043597,0.073400795,0.08185483,-0.042582504,-0.03165965,-0.11327053,0.02438493,-0.043695983,-0.14895424,-0.17895289,-0.05704983,-0.027316047,-0.112481005,-0.001447438,-0.05787005,-0.12807912,-0.25986844,-0.11635584,0.016035313,-0.08461456,0.059224986,-0.2193947,0.011223646,-0.14645755,-0.23943987,-0.11874148,0.026741005,-0.12603262,0.14035341,0.07346999,-0.117052115,0.025279446,-0.016553383,0.04355019,-0.024550043,-0.0787644,-0.13930747
also,-0.050390653,0.101880744,0.017798774,0.09532242,-0.24312343,0.23902716,-0.01930026,0.17702371,-0.17800051,0.052728903,-0.10320464,0.016216764,0.115726724,0.15893076,-0.16908911,-0.0076532173,0.1310221,-0.1955467,-0.16210504,0.16570787,0.08567049,-0.13714448,-0.101835184,0.23179963,0.2589945,-0.02013685,-0.060802575,0.086962,-0.15275984,-0.15869667,-0.041921925,-0.18729302,-0.09242182,-0.0069704945,-0.018677248,0.1286666,0.12810618,-0.13381627,0.08099872,0.05412782,-0.009260847,0.002753289,0.24137469,-0.0059479475,-0.028141065,0.07006495,0.05793672,0.05936517,0.119526125,0.06278398,-0.007099361,-0.39148787,-0.10803684,0.05057521,0.109304674,-0.10854967,-0.026556043,0.04566362,-0.04337272,0.11643132,-0.057474364,-0.13596322,-0.3205166,0.037619304,0.057420157,0.039609287,0.0028736843,-0.008089891,-0.20666762,-0.041900452,0.053912982,-0.20211326,-0.19823848,-0.12956898,0.04370677,-0.12723435,0.055196114,0.07179561,-0.17667907,-0.19683458,-0.08603666,0.080987774,-0.14038904,0.07568726,-0.2636375,0.013496679,-0.27923536,-0.2202227,-0.056014396,0.05804578,-0.15874134,0.12409932,0.07764456,-0.0671479,0.045607224,-0.031443212,0.048639182,0.0012975975,-0.060647156,-0.12517922
saw,-0.105730444,0.098582506,0.018360939,0.15774438,-0.18542062,0.16218948,-0.032595284,0.0988468,-0.18717054,0.14212722,-0.10254373,0.04586407,0.10933343,0.14967917,-0.18954188,-0.08382516,0.16408545,-0.1595635,-0.14733297,0.16090764,0.07840526,-0.087244175,-0.12625134,0.20244975,0.25794983,-0.02437578,-0.078210145,0.041369565,-0.11187549,-0.18087196,-0.045250516,-0.16627851,-0.047446646,0.018726328,-0.064461015,0.19943862,0.15449381,-0.17283434,0.08108815,0.089650474,-0.033515304,-0.024372095,0.20419,0.022097979,-0.036023546,0.10130545,0.06271608,0.045962274,0.13053672,0.018437538,-0.015136813,-0.39571577,-0.074899204,0.053791992,0.1086034,-0.046315584,-0.025213849,0.06479272,-0.060678434,0.09805451,-0.06541921,-0.11122408,-0.3487469,-0.016679825,0.018899925,0.09600858,-0.04081326,0.027424717,-0.1918888,0.0018077893,0.029452903,-0.17606561,-0.21900451,-0.113547884,0.014344529,-0.10373963,0.05871237,0.077716134,-0.124247454,-0.2310949,-0.123532325,0.051037066,-0.05560776,0.037011985,-0.3061837,-0.03694302,-0.20066689,-0.24318229,-0.11763274,0.018894184,-0.21851909,0.068264894,0.052774124,-0.08821662,0.021101533,0.042686004,0.025390223,-0.0258726,-0.120685175,-0.12663062
light,-0.13760825,0.12451076,0.0091577675,0.091770105,-0.29673472,0.24601926,-0.072804295,0.21044602,-0.14995916,0.087878324,-0.060358357,-0.00044480772,0.078974456,0.06506773,-0.072874084,0.026607718,0.12154488,-0.15527976,-0.076492436,0.1576403,0.046931583,-0.13440378,-0.1252608,0.22315927,0.26620662,0.010126117,-0.041716017,0.05748928,-0.1296565,-0.10808067,-0.050025094,-0.25921485,-0.093095735,-0.006127042,-0.060892045,0.13644896,0.19260041,-0.18477298,0.15139806,0.059261117,0.003640041,0.01413116,0.2347091,-0.09321209,-0.025265526,0.03436672,0.020465447,0.014491821,0.11237609,0.04772674,-0.0025913743,-0.38896132,-0.18009888,0.08851688,0.10900847,-0.046377312,0.037841816,0.11858661,-0.06313669,0.15433325,-0.047045212,-0.09628309,-0.28181827,0.035552412,0.087437436,0.003681517,-0.0044773677,0.034937367,-0.22304925,-0.07302111,0.099424206,-0.17593262,-0.16321771,-0.16461678,0.045796115,-0.16569105,0.06596956,0.025365455,-0.18102531,-0.18129885,-0.13032578,0.15047167,-0.1269282,-0.0055265063,-0.26932684,-0.051121652,-0.26477262,-0.21108766,-0.07523908,0.051030975,-0.14023152,0.10066866,0.06725451,0.024807628,-0.0046659303,-0.014879969,0.084578425,-0.013639654,-0.0943871,-0.10126611
finally,-0.076559134,0.095146194,0.014769315,0.09916885,-0.19920787,0.15312454,-0.044977207,0.13680957,-0.17476986,0.097730935,-0.093105495,0.025160199,0.071086176,0.081094585,-0.122050904,-0.0811822,0.13495341,-0.14628625,-0.122621305,0.13531575,0.0646115,-0.11811631,-0.108548,0.18615857,0.26584452,0.006589,-0.08752545,0.04646653,-0.14114077,-0.08825484,-0.05462265,-0.19527186,-0.079990335,0.011798205,-0.06678138,0.19055577,0.16924064,-0.22856323,0.12885474,0.068177916,0.0030053714,-0.002574609,0.2140872,-0.042662565,0.01061057,0.07605233,0.038643066,0.045182936,0.14692426,-0.025833035,-0.039647557,-0.3640038,-0.09605231,0.08613734,0.09138614,-0.0065628695,-0.030175615,0.079165846,-0.08137754,0.14836471,-0.08311174,-0.07391805,-0.3107503,-0.015660845,0.06579943,0.059520807,-0.039491605,-0.0018703553,-0.16281587,-0.0072431155,-0.006377505,-0.16302125,-0.17161012,-0.111558095,0.023894403,-0.101462364,0.049575113,0.010828224,-0.15974171,-0.20968115,-0.13590981,0.0685645,-0.08080535,0.024932299,-0.26944438,-0.036254387,-0.216149,-0.24129567,-0.11646034,0.025037525,-0.12955104,0.08783738,0.076473124,-0.052584197,0.02953594,0.010639809,0.0500174,-0.05149045,-0.103018984,-0.111057535
lisa,-0.061400533,0.069882415,-0.018999066,0.091901086,-0.16913147,0.094451435,-0.05597483,0.064291954,-0.14838201,0.10296468,-0.1251641,0.042851772,0.09158348,0.12591763,-0.12871422,-0.12558483,0.12457773,-0.13406168,-0.1582471,0.067129396,0.06696084,-0.07272692,-0.11758817,0.16337298,0.23427849,-0.020537475,-0.10841972,0.0064591574,-0.115386926,-0.055026073,-0.09826058,-0.14568138,-0.09240679,0.0065391418,-0.020150222,0.15824464,0.1140115,-0.19215082,0.06385214,0.077496484,0.017662719,-0.05670655,0.18664612,-0.02224665,0.00978128,0.08006725,0.04964082,0.05237108,0.119155094,-0.011529145,-0.07667889,-0.32029057,-0.057257745,0.034862433,0.08576524,-0.011767997,-0.058882907,-0.00947617,-0.09648696,0.1641208,-0.07039862,-0.102291495,-0.29564527,-0.039017897,0.05598894,0.04430542,-0.03052541,-0.07765107,-0.11441052,0.009286229,-0.0014567157,-0.14836846,-0.21742117,-0.077722386,-0.00071312004,-0.10965517,0.023242055,-0.016410923,-0.11349085,-0.25456077,-0.10433803,0.01071263,-0.07179492,0.07086628,-0.20208777,0.04954446,-0.14579329,-0.2324532,-0.084029235,0.031556234,-0.090909846,0.12368604,0.08176462,-0.07473926,0.008082223,0.013129932,0.055338822,-0.014587821,-0.08199338,-0.11211737
calcifer,-0.030524286,0.062013857,-0.013891292,0.10166346,-0.2336343,0.1440585,-0.05812383,0.116695695,-0.19956882,0.063323416,-0.12861381,0.03778618,0.11586095,0.17732985,-0.14322695,-0.08824523,0.13824704,-0.17738344,-0.1503429,0.100567564,0.07511572,-0.111058585,-0.10359282,0.21637973,0.26973954,-0.017330555,-0.12310782,0.024925778,-0.14381,-0.075951286,-0.08223105,-0.20182678,-0.13442436,-0.010364272,-0.012055563,0.120450415,0.1297599,-0.18560606,0.111723386,0.085596636,0.0055229384,-0.0633211,0.22075844,-0.04354551,-0.008015868,0.10710528,0.042078234,0.07635982,0.11732204,0.0037457766,-0.05448702,-0.36532,-0.088159546,0.0578175,0.09530474,-0.05035035,-0.07802496,0.009172739,-0.08253991,0.17259696,-0.05466983,-0.08844919,-0.34029254,-0.024045471,0.09092626,0.039249238,-0.014084591,-0.07028312,-0.16830209,0.017627649,-0.00014482332,-0.13995634,-0.20541237,-0.09830047,-0.0009150236,-0.13361216,0.018741326,-0.019125307,-0.12803508,-0.265882,-0.08400307,0.034185175,-0.10216121,0.10222348,-0.20484984,0.051957794,-0.19093275,-0.25278288,-0.07729885,0.0471358,-0.13327894,0.14537424,0.11553632,-0.067849524,-0.005091129,0.012780133,0.05337603,-0.009745187,-0.06586923,-0.13735853
ever,-0.045562185,0.06450741,0.04870303,0.080781005,-0.18021375,0.1611696,-0.04511339,0.13478632,-0.16108361,0.09158747,-0.08973291,0.030747188,0.112795666,0.13999507,-0.1836229,-0.08968622,0.15664212,-0.19324003,-0.15407114,0.114411764,0.11555805,-0.07443809,-0.14354753,0.20953012,0.24926275,-0.005971139,-0.08367516,0.0935301,-0.1404766,-0.144019,-0.061255954,-0.1835518,-0.077256136,-0.005349657,-0.028530499,0.17648506,0.14937635,-0.16350977,0.078769766,0.042751737,-0.025773862,-0.0039144973,0.2110757,0.021556476,-0.026630182,0.10500794,0.07472571,0.072046585,0.1449892,0.005680462,-0.04263045,-0.36935195,-0.07728803,0.035526983,0.0793964,-0.07419591,-0.04988373,0.016852682,-0.03712876,0.13978809,-0.06257235,-0.10066875,-0.35305688,-0.014235192,0.038419537,0.09257218,-0.046521313,0.0050380393,-0.18175183,0.024735551,-0.007916064,-0.16051929,-0.1777419,-0.10278082,0.01138784,-0.10859098,0.044644587,0.0035353878,-0.12121646,-0.23724936,-0.10497845,0.00982773,-0.08279158,0.08133039,-0.26707575,-0.0198349,-0.17386587,-0.25482816,-0.118206255,0.03961215,-0.19101232,0.102969356,0.071713634,-0.11065888,0.01572034,-0.0015364782,0.051820133,-0.012939869,-0.06440676,-0.16074109
else,-0.042512357,0.054288607,-0.01495631,0.13090742,-0.18742135,0.08826751,-0.07905702,0.08320069,-0.21088637,0.08264956,-0.15921046,0.046398394,0.15024705,0.19796547,-0.1684782,-0.15273052,0.12138699,-0.1787614,-0.2214653,0.09272486,0.06573866,-0.09759701,-0.10978105,0.16875646,0.2507481,-0.011667463,-0.12877007,0.01772268,-0.119316645,-0.09046822,-0.09008039,-0.16131563,-0.13022651,0.024846965,0.00075777865,0.14699462,0.0618309,-0.20288394,0.049807396,0.10141407,0.017248629,-0.110241,0.19327545,0.0020578925,0.012569351,0.12522323,0.07210798,0.051858712,0.13705254,-0.040299702,-0.09902669,-0.35742545,-0.06877769,0.023850864,0.11547485,-0.056776367,-0.109564155,-0.023973482,-0.115114085,0.1707274,-0.07796732,-0.14807442,-0.37002742,-0.043192912,0.05719605,0.075684555,-0.024246948,-0.08571389,-0.08500772,-0.007104713,-0.034750037,-0.16389401,-0.24989748,-0.046451025,-0.0068870466,-0.11835878,0.040976875,-0.013649272,-0.12836961,-0.30508855,-0.09924585,0.005875812,-0.04915877,0.1409847,-0.2249711,0.07138341,-0.1631513,-0.29564998,-0.092889346,0.051079426,-0.13346572,0.1468588,0.114031754,-0.12640622,0.0078054853,0.05940188,0.061591696,-0.016786885,-0.08885738,-0.14070272
meet,-0.019434271,0.05725748,-0.008885185,0.075580426,-0.19371447,0.1003006,-0.039248187,0.1037476,-0.16775341,0.11589633,-0.13566384,0.045712657,0.12800094,0.1724685,-0.18570068,-0.059013795,0.14394735,-0.19518384,-0.22615735,0.08259193,0.06481553,-0.09563907,-0.103726536,0.22001104,0.27444786,-0.02431499,-0.11015474,0.04720962,-0.12416261,-0.09244483,-0.08768835,-0.17893285,-0.14318763,-0.0069039143,0.0058769486,0.1513393,0.11007029,-0.15995876,0.07981312,0.06748651,0.005835232,-0.07327131,0.18274681,-0.00066543,-0.019998688,0.14715958,0.06070237,0.04100562,0.11927818,0.021015897,-0.04460309,-0.33872357,-0.094569065,0.052499168,0.10217278,-0.06821904,-0.10181933,-0.015495245,-0.090201855,0.12899654,-0.070197456,-0.12589031,-0.32693848,-0.024074787,0.04956331,0.059353728,-0.028012656,-0.07677875,-0.1375314,0.0069959885,-0.023355009,-0.12183719,-0.21397045,-0.075545594,-0.019430429,-0.11759249,0.016626753,-0.020934597,-0.1082131,-0.28285727,-0.1380289,-0.01612009,-0.06742411,0.13991733,-0.18122582,0.06556186,-0.18264078,-0.26151428,-0.10832806,0.04204252,-0.13222605,0.12128664,0.13111942,-0.13692968,0.028143093,0.0004343589,0.050013524,0.01365115,-0.06754475,-0.14401466
kind,-0.13254604,0.119698405,-0.003576145,0.15718208,-0.1651475,0.124386266,-0.057290073,0.097042404,-0.13928133,0.14513607,-0.10203536,0.048950497,0.11390212,0.11335401,-0.114881516,-0.06191349,0.101007745,-0.17340112,-0.12153465,0.1362606,0.07075895,-0.05633856,-0.1718833,0.18129325,0.28468388,-0.026336828,-0.06563205,0.03814987,-0.10289218,-0.10660231,-0.08205932,-0.19105208,-0.07216988,0.03316028,-0.02014844,0.16374151,0.11837934,-0.16129443,0.07931362,0.0737989,-0.02250839,-0.022336062,0.21364981,-0.013949609,-0.00514144,0.026856633,0.051288947,0.04210321,0.13474539,-0.0018461017,0.0052682376,-0.38038474,-0.08762544,0.023428466,0.084146015,-0.06256967,0.017461626,0.036870096,-0.068170585,0.14433274,-0.04811255,-0.13414593,-0.3309777,-0.015240568,0.056200575,0.057037633,0.0066189347,0.021454256,-0.13776846,-0.015636452,0.056446705,-0.22562535,-0.2361552,-0.119225554,0.055373676,-0.119450726,0.09562061,0.04694253,-0.15779524,-0.2095113,-0.092329085,0.021137763,-0.08001457,0.008326608,-0.28493068,0.02174677,-0.22153147,-0.24282645,-0.08568764,0.037618782,-0.15584576,0.080112964,0.050607383,-0.070950225,-0.030142032,0.016987676,0.07574128,-0.006643892,-0.11698864,-0.114636295
forget,-0.006570517,0.03692454,0.008338565,0.114944085,-0.124045834,0.11830394,-0.006399631,0.06270065,-0.20289515,0.094199,-0.15600845,0.039750587,0.14713983,0.2162007,-0.20226024,-0.08414086,0.10879698,-0.19744559,-0.26686215,0.11730622,0.06522492,-0.08886248,-0.079778016,0.16672553,0.25403643,-0.029333932,-0.07645996,0.065627284,-0.12065037,-0.13621055,-0.072719336,-0.11363842,-0.124650374,0.023750562,0.021037217,0.16172147,0.057482217,-0.16000059,0.0599966,0.039624963,0.016828896,-0.10678253,0.18146278,0.027005782,0.0030614105,0.13670518,0.08355355,0.041249298,0.15249382,-0.03220831,-0.043091144,-0.37358308,-0.036922753,0.028246451,0.078792736,-0.099978946,-0.1387296,-0.024415754,-0.08083604,0.100316584,-0.095231585,-0.18790431,-0.36018658,-0.06329485,0.041673094,0.08728834,-0.0167014,-0.064988986,-0.099563286,0.0018341098,-0.040789787,-0.14151165,-0.24753278,-0.059823655,-0.02079678,-0.11254528,0.06457706,0.040103983,-0.1189852,-0.24790305,-0.07253917,-0.05143841,-0.058260884,0.14332579,-0.21824527,0.09130866,-0.18008254,-0.2885012,-0.103175394,0.03256616,-0.14668792,0.08746947,0.11978316,-0.14476213,0.02684103,0.03235598,0.047260944,-0.011764263,-0.08078882,-0.12948352
power,-0.055860527,0.10385838,0.019690769,0.13778573,-0.2544634,0.23486312,-0.012386154,0.17561649,-0.20903184,0.05383753,-0.08079829,0.008201148,0.08776548,0.13974082,-0.11501848,-0.010495428,0.0969398,-0.16971269,-0.1364261,0.199513,0.06309261,-0.18514808,-0.06866355,0.22539835,0.21401817,0.0052054618,-0.034241647,0.051865846,-0.13101844,-0.14094977,-0.02249307,-0.21257983,-0.081193276,-0.003571469,-0.0111271,0.09465438,0.1596655,-0.1596447,0.09966664,0.07678155,0.027354961,-0.014715238,0.2549315,-0.042721268,-0.017913526,0.05716325,0.015698053,0.051860258,0.08688452,0.04489513,-0.019136855,-0.41081068,-0.12801589,0.12082507,0.111515224,-0.101936415,-0.0110801365,0.095666066,-0.08028932,0.12904276,-0.031073969,-0.115286894,-0.3139929,0.032842696,0.06495158,0.017523639,0.014165548,0.0026385167,-0.17991951,-0.04240507,0.061917625,-0.193042,-0.16684252,-0.13104345,0.048363786,-0.09865709,0.05619491,0.0602187,-0.15377747,-0.19704933,-0.060229167,0.1333392,-0.11033413,0.05372947,-0.2613501,-0.021717379,-0.24415411,-0.22800206,-0.05658393,0.04254288,-0.15205137,0.11118983,0.06945325,-0.008442606,0.017541196,0.0066376114,0.054599896,-0.010701928,-0.07770765,-0.105789274
morning,-0.03481312,0.06453913,0.008638834,0.06359527,-0.16534963,0.14474627,-0.03005351,0.10573626,-0.19466476,0.1001243,-0.12782632,0.014960723,0.09660813,0.14787488,-0.1322429,-0.09826965,0.12745433,-0.15381141,-0.16814336,0.10752887,0.07416667,-0.08313741,-0.08890322,0.20419104,0.2529578,-0.019527769,-0.086165555,0.02858095,-0.13692759,-0.08724193,-0.03379718,-0.15891114,-0.09884886,0.0068811052,-0.041542403,0.16890742,0.13012612,-0.192837,0.09905421,0.07183731,0.008836634,-0.051350232,0.2052147,-0.008369982,0.01742241,0.0953891,0.027160002,0.067871995,0.14197968,-0.011984176,-0.04274146,-0.3584099,-0.09378546,0.06903418,0.118624404,-0.023990586,-0.06919814,0.021278488,-0.086453795,0.15139242,-0.07074543,-0.13073634,-0.31275007,-0.020940123,0.077454686,0.052330833,-0.009416849,-0.034631517,-0.11565776,-0.029445356,-0.00038312268,-0.14447151,-0.19244982,-0.08132837,0.024176674,-0.11346348,0.047724314,-0.0064948923,-0.16224079,-0.22281905,-0.10023986,0.019688182,-0.10273249,0.07617194,-0.24729079,0.034643807,-0.2255822,-0.27550682,-0.109757684,0.05396556,-0.14614241,0.09986837,0.07810177,-0.07948169,0.015336128,-0.010716937,0.055106744,-0.017547892,-0.09644729,-0.12723078
hurt,-0.089343436,0.06818717,-0.039332252,0.14146033,-0.19950683,0.057050213,-0.079670556,0.06071226,-0.19567701,0.10791129,-0.14624079,0.05389002,0.15469365,0.17276542,-0.12737505,-0.1445515,0.102631725,-0.14498393,-0.1840121,0.06935806,0.062381405,-0.05192473,-0.12036343,0.14693852,0.2560838,-0.006833951,-0.16694325,0.0035765807,-0.12275964,-0.042658605,-0.12199523,-0.17100962,-0.12708832,0.01297259,-0.008123443,0.15996177,0.08486306,-0.23449227,0.06073367,0.12960476,0.016807763,-0.071512066,0.21034987,-0.016062561,0.025606453,0.08789637,0.08611516,0.05735562,0.12306515,-0.030254938,-0.09423045,-0.37398326,-0.06764246,0.03938751,0.11223507,-0.02503443,-0.05580835,0.004788379,-0.11077311,0.20775488,-0.08457318,-0.1296386,-0.34545177,-0.03785676,0.061265346,0.060755655,-0.0061002234,-0.10035993,-0.09366774,0.015596802,-0.02731761,-0.16518001,-0.24892862,-0.05557634,-0.013740703,-0.15321943,0.017379973,-0.027606428,-0.13424234,-0.30710816,-0.11226639,-0.014299929,-0.0326373,0.06497355,-0.20431706,0.07590867,-0.13954034,-0.2798127,-0.10707589,0.026230233,-0.112913795,0.13874462,0.1003317,-0.10518012,-0.03313211,0.04863965,0.043357346,0.0042531057,-0.07698278,-0.095359884
room,-0.06504278,0.08575068,-0.0063493024,0.069213,-0.22245015,0.15851605,-0.04437008,0.13570786,-0.18198901,0.067004986,-0.09396929,0.009823251,0.097217634,0.12765284,-0.11546674,-0.058321115,0.13545793,-0.14833203,-0.14602771,0.09362969,0.06733146,-0.11088998,-0.07671084,0.21259826,0.24387419,-0.0034258289,-0.11571112,0.026859269,-0.15028264,-0.08439714,-0.07646807,-0.19112204,-0.09500605,-0.010569243,-0.030840367,0.1582132,0.12515591,-0.20393114,0.08749072,0.07837793,0.011882903,-0.027406484,0.22910857,-0.040312517,0.0050565405,0.0730798,0.030847061,0.049545404,0.12980776,0.02140128,-0.057303376,-0.3511484,-0.10092833,0.080927834,0.10915015,-0.039205424,-0.0211673,0.05460262,-0.079794556,0.1742437,-0.043823373,-0.07925368,-0.31222624,-0.0054213856,0.089720815,0.05240981,-0.012749644,-0.026701503,-0.14165331,-0.02595577,0.024151012,-0.1629994,-0.19041502,-0.10866872,0.03880753,-0.13125814,0.04053779,-0.026621332,-0.15776104,-0.21367618,-0.09465348,0.06342271,-0.09864796,0.05237009,-0.23702693,0.00021306623,-0.20759034,-0.2588728,-0.08353412,0.059435897,-0.10850349,0.113862656,0.06228299,-0.059979834,0.004967012,0.009591791,0.06416384,-0.023287855,-0.05986455,-0.09621185
every,-0.083761334,0.12506178,0.008488219,0.08633023,-0.27378345,0.20946015,-0.050400097,0.19863419,-0.20087029,0.065348946,-0.09258276,0.0034012354,0.10098705,0.13895887,-0.123033896,-0.028893402,0.1453018,-0.1773368,-0.0888039,0.15157439,0.072548576,-0.11811774,-0.09446096,0.23421632,0.25982088,-0.00510271,-0.08707709,0.054661606,-0.12987374,-0.13952287,-0.05076912,-0.22341019,-0.06979353,-0.006042657,-0.036874954,0.09611202,0.1692431,-0.149788,0.10737806,0.091062665,-0.00840089,0.002545493,0.24947557,-0.03920413,-0.02400665,0.03638263,0.0493274,0.053063337,0.10810123,0.06156179,-0.036430754,-0.3869709,-0.15578848,0.06319079,0.11242762,-0.067060806,0.02429134,0.08964624,-0.074533656,0.15863523,-0.015981331,-0.08480804,-0.32890236,0.052755512,0.0686785,0.0402751,-0.020249134,0.024751144,-0.21919672,-0.02204221,0.08000025,-0.16635503,-0.16674663,-0.13494505,0.04545697,-0.13526128,0.038483717,0.0014871911,-0.15639919,-0.21252327,-0.080079354,0.09739619,-0.10462794,0.029705621,-0.28461725,-0.016964177,-0.21749873,-0.23189943,-0.07531812,0.042996477,-0.16151261,0.15203269,0.055737823,-0.013700946,0.00845592,-0.011850705,0.042791996,0.0036377977,-0.075320534,-0.12011438
might,0.014728759,0.05888879,-0.00062764605,0.066105366,-0.2220315,0.19725615,-0.026465429,0.14267266,-0.21209122,0.025672851,-0.09856003,0.013568097,0.111197546,0.16684249,-0.19139183,-0.067854926,0.13786714,-0.1482843,-0.1856737,0.12847185,0.10658599,-0.15479933,-0.075932674,0.2248463,0.22890311,-0.023329232,-0.08701491,0.10210585,-0.18809657,-0.15108538,-0.0297324,-0.15246168,-0.08994543,-0.01228774,-0.06494848,0.15016687,0.10334563,-0.14470065,0.0845856,0.07376002,0.02107919,-0.018365173,0.24111092,0.0007295709,0.0012625472,0.11488571,0.020065747,0.08647108,0.12073128,0.067929804,-0.071375355,-0.41388592,-0.09294568,0.09038073,0.10359529,-0.051446725,-0.07146734,0.04373324,-0.08197812,0.098347336,-0.104227774,-0.0902658,-0.3360357,-0.034136795,0.07336367,0.05046727,-0.018653167,-0.031699955,-0.17041571,0.0007889668,0.005891752,-0.1664122,-0.1604979,-0.102011755,-0.011908205,-0.120138355,0.05127182,0.02521384,-0.16195649,-0.21246654,-0.051986247,0.043889504,-0.115678206,0.11035043,-0.25059453,-0.0030289572,-0.21331954,-0.22567907,-0.06476039,0.08290356,-0.16978028,0.099501096,0.04099508,-0.07339782,0.063939214,0.0029012694,0.0757329,-0.029483972,-0.06940157,-0.1236846
hot,-0.039026927,0.06542519,0.0014445435,0.09507474,-0.20143734,0.13310176,-0.06254881,0.11644045,-0.15689848,0.08119123,-0.087750055,0.042794745,0.08060774,0.11978305,-0.11636561,-0.083477415,0.14830281,-0.13366044,-0.11852608,0.09395734,0.069110975,-0.09518713,-0.09926499,0.18951601,0.24917188,-0.033926893,-0.078281105,0.023474561,-0.12363155,-0.07553429,-0.06792752,-0.18912025,-0.07723079,0.0068774773,-0.06779409,0.15612392,0.13916376,-0.21278048,0.1269329,0.09050161,0.02042851,-0.03768968,0.19265573,-0.032167986,0.019913826,0.08176723,0.03764644,0.054721937,0.12483759,-0.032184463,-0.05149566,-0.33744007,-0.10385319,0.07855484,0.10442381,5.566446e-05,-0.040957823,0.018638453,-0.08228798,0.15931942,-0.058725897,-0.075114146,-0.3042692,-0.01646113,0.07424948,0.03893984,-0.034486428,-0.039875366,-0.12343465,-0.0081289625,-0.0010056725,-0.13029054,-0.18178092,-0.088586114,0.004585067,-0.09100678,0.027616356,-0.030764941,-0.14813752,-0.21874005,-0.12123329,0.03973806,-0.0902498,0.052963924,-0.23186938,0.005161833,-0.18735413,-0.253288,-0.096040584,0.020893602,-0.11602426,0.10924465,0.06888295,-0.049268357,0.023736486,-0.0059420834,0.060231756,-0.03533705,-0.08668408,-0.13247167
three,-0.085041106,0.115594044,0.033249754,0.077675276,-0.27990642,0.23289916,-0.070832774,0.20841388,-0.16595447,0.08512306,-0.06525237,0.0051195906,0.104480445,0.10592513,-0.14904533,-0.01614116,0.14025038,-0.17467989,-0.0988852,0.13285087,0.07310411,-0.11338611,-0.11752259,0.2519495,0.27228808,0.000889957,-0.07535186,0.064907685,-0.14646158,-0.1604845,-0.040287174,-0.2269981,-0.076150686,0.01951796,-0.049031157,0.12070556,0.18916853,-0.15382572,0.121696554,0.058591496,-0.034788955,-0.00063153385,0.23841906,-0.049233787,-0.034384303,0.0851833,0.04542964,0.03352727,0.101558685,0.060533617,0.003094713,-0.39640927,-0.1520603,0.080961905,0.097041726,-0.06278856,0.0048065064,0.085106656,-0.073867984,0.13856453,-0.032344386,-0.09734932,-0.31563216,0.060968257,0.07467314,0.05364054,-0.04504668,0.032585844,-0.23357733,-0.051106155,0.08180476,-0.17878595,-0.16743894,-0.13584211,0.061785378,-0.14260617,0.08075582,0.019067166,-0.15463895,-0.22195725,-0.10900417,0.11703285,-0.12712829,0.0431212,-0.30245268,-0.050308112,-0.23695649,-0.22577329,-0.07542343,0.05920979,-0.19125848,0.116166145,0.08163962,-0.03894197,0.02564956,-0.04033664,0.051288266,-0.0060534147,-0.0873487,-0.12141003
behind,0.0149457045,0.061671875,0.016785383,0.111027665,-0.23606363,0.18148623,-0.019196039,0.12463812,-0.21050712,0.027800873,-0.14135249,0.03639131,0.11954659,0.1954737,-0.17400807,-0.063388735,0.1208435,-0.18472616,-0.17478707,0.1671612,0.07340625,-0.13643724,-0.0636838,0.19409397,0.2201745,0.016268311,-0.08260282,0.046658784,-0.15797734,-0.11931298,-0.04016362,-0.17886244,-0.11575828,0.0065232557,-0.006623467,0.13355543,0.11222554,-0.16542394,0.061324086,0.06820397,0.029825622,-0.06535451,0.25899184,-0.017371966,-0.012838505,0.09035805,0.019426083,0.07020765,0.12138616,-0.006789938,-0.05069035,-0.38618052,-0.08473016,0.08883681,0.09903509,-0.08737286,-0.070980914,0.041460026,-0.0803439,0.14038336,-0.044143725,-0.123757765,-0.35260892,-0.02176279,0.08357586,0.025964297,0.013083097,-0.03455952,-0.13411099,-0.00255473,-0.027023135,-0.15303056,-0.16617195,-0.09944354,0.02387892,-0.10957462,0.045896135,0.018856544,-0.15330943,-0.24854167,-0.060053676,0.06172601,-0.08467714,0.12409261,-0.21995674,0.015642324,-0.20941417,-0.28031632,-0.07897288,0.05407304,-0.15425119,0.12686731,0.0938087,-0.06875412,0.02764367,0.026351184,0.0344426,-0.022444665,-0.0518878,-0.12292794
alive,0.02635345,0.048060544,0.0003319781,0.06402768,-0.16044493,0.10347516,-0.040552367,0.105358064,-0.13773513,0.100533426,-0.12642947,0.040837087,0.065975286,0.13979165,-0.13505551,-0.13148527,0.12588216,-0.15138224,-0.16289632,0.07232007,0.081565164,-0.07438704,-0.095723234,0.22268794,0.27608642,-0.050706837,-0.09846707,0.0325423,-0.15768822,-0.039308134,-0.06920636,-0.17475533,-0.12745692,0.0028387073,-0.03692608,0.19447981,0.12470662,-0.1876155,0.11328095,0.030026166,0.022081193,-0.061515808,0.18667804,-0.020617252,0.0021007236,0.13897154,-0.006184099,0.09948303,0.1656591,-0.06715686,-0.03176144,-0.30264926,-0.037243735,0.05334865,0.087363794,-0.02912543,-0.1198721,-0.049156807,-0.055843156,0.13254708,-0.08411232,-0.09916144,-0.30257717,-0.081152916,0.08809689,0.045769755,-0.036367092,-0.10145199,-0.06414542,-0.022487318,-0.032953233,-0.14507037,-0.22180009,-0.093823805,0.016265921,-0.046120193,0.019431306,-0.039386604,-0.15667629,-0.21213457,-0.12120597,-0.040738963,-0.114888445,0.1008358,-0.20740253,0.07876023,-0.1995498,-0.27871752,-0.12325261,0.051271606,-0.102128014,0.076056845,0.10674419,-0.07819826,0.04334267,-0.017276978,0.108508,-0.029452661,-0.09937129,-0.14029802
hm,0.013049445,0.036634613,-0.008799193,0.01754903,-0.1816056,0.16568893,-0.039863307,0.15183076,-0.11615278,0.10017146,-0.073675975,0.023819797,0.040588904,0.052757613,-0.117751434,-0.056780003,0.14455056,-0.15041228,-0.14272559,0.10390742,0.09072187,-0.12600233,-0.10084235,0.21504173,0.26304144,-0.024195667,-0.022715164,0.040368773,-0.13316041,-0.028988143,-0.011649524,-0.21874727,-0.10027372,-0.008035099,-0.1018194,0.17721248,0.16871783,-0.17960027,0.16978453,0.013603682,0.017557487,-0.023638295,0.14883141,-0.0597431,0.010950648,0.09336333,-0.025951719,0.075507775,0.19296949,-0.07880343,2.1426764e-05,-0.26847455,-0.08829093,0.10488495,0.10612619,0.004349906,-0.10423294,-0.032928158,-0.028266681,0.12986952,-0.09087028,-0.103986874,-0.25055212,-0.056388732,0.15236847,0.038925774,-0.061831746,-0.0631907,-0.058914952,-0.042491276,-0.015493223,-0.10717864,-0.1476343,-0.11586434,-0.025957597,-0.06825232,0.044232048,-0.057725165,-0.17423959,-0.17150095,-0.14649507,0.008328257,-0.13404144,0.1027388,-0.20631045,0.0384213,-0.22820677,-0.25794533,-0.15458481,0.061799485,-0.068489306,0.060797803,0.108043276,-0.048373662,0.057223644,-0.04623551,0.114806876,-0.030915787,-0.11293643,-0.14914687
eh,0.019730197,0.04585781,-0.016877264,0.062104218,-0.19622727,0.14823347,-0.03888105,0.13626522,-0.17439839,0.06618739,-0.12005018,-0.0022179666,0.09063216,0.1450195,-0.13932705,-0.07864639,0.13747317,-0.1552959,-0.16715561,0.09947713,0.08020601,-0.13221833,-0.08517946,0.21351269,0.24277464,0.001369906,-0.08865462,0.058735095,-0.14470299,-0.06029379,-0.056239143,-0.19317207,-0.11130683,-0.010500582,-0.05338344,0.16221295,0.13792688,-0.188742,0.11780288,0.050107088,0.029039104,-0.05470523,0.2077855,-0.035910353,-0.0044657877,0.13113433,0.0066300277,0.07572821,0.14197902,-0.025516456,-0.049374267,-0.3304968,-0.06658924,0.110467255,0.1019816,-0.03605311,-0.09319315,-0.0047136955,-0.07585817,0.13839626,-0.0735457,-0.11354934,-0.30949748,-0.04866873,0.104518704,0.031724393,-0.03861628,-0.06984783,-0.1033318,-0.018413937,-0.017459005,-0.14702322,-0.16775995,-0.103142776,-0.010098274,-0.10128716,0.03202735,-0.03152352,-0.15693341,-0.2254476,-0.10242361,0.023996389,-0.11243706,0.106981285,-0.2084102,0.04396285,-0.20852241,-0.26742712,-0.11139417,0.05171132,-0.110535376,0.10398174,0.09395703,-0.06752243,0.055377018,-0.0046861893,0.0936518,-0.030653246,-0.0820296,-0.1557915
dream,-0.08948678,0.10515273,0.014879781,0.09420063,-0.18832104,0.14487688,-0.05340016,0.1259106,-0.15498959,0.12336166,-0.09312069,0.039338123,0.08168877,0.089475416,-0.07566925,-0.08980404,0.117795184,-0.14017776,-0.10909451,0.11924527,0.05272702,-0.08757082,-0.109586686,0.20225178,0.28324664,-0.03158176,-0.08385983,0.03636095,-0.124524504,-0.09608738,-0.073370144,-0.18091094,-0.07651112,0.004822996,-0.0530189,0.16407195,0.14812145,-0.21949351,0.10766937,0.103246406,-0.012453424,-0.013051043,0.19572188,-0.0077423565,0.0027538002,0.048255544,0.0446766,0.04659301,0.14355104,-0.0054937913,-0.043427173,-0.35795245,-0.10374523,0.044342887,0.10809464,-0.034966365,0.010171,0.050616685,-0.061441205,0.18779571,-0.027629089,-0.08883104,-0.32177666,-0.0033879254,0.063592136,0.041240253,-0.028267948,0.015782192,-0.14966059,-0.03828642,0.0588921,-0.16225925,-0.21341176,-0.12707858,0.060538847,-0.11482784,0.06341178,0.009038206,-0.16814958,-0.22044116,-0.12728955,0.07506251,-0.086566776,0.01875053,-0.25764033,-0.023927018,-0.22230528,-0.26548198,-0.099172965,0.026400862,-0.12162023,0.104825236,0.07411826,-0.043652955,0.0058173146,-0.010637818,0.053996224,-0.025319433,-0.09822938,-0.09402204
best,-0.0016992228,0.09200239,0.0014924437,0.094978705,-0.23066865,0.17037499,-0.029332893,0.14098512,-0.17514451,0.059154518,-0.118162684,0.031138316,0.08290813,0.15300004,-0.1413293,-0.026627924,0.10870363,-0.1852271,-0.11821902,0.16567616,0.070590824,-0.096892014,-0.09657686,0.20421113,0.23641476,-0.00495299,-0.04988245,0.045933593,-0.12501854,-0.10939318,-0.05147165,-0.18965922,-0.0964975,0.010967544,-0.012107558,0.09880205,0.14951375,-0.1455741,0.11571955,0.048419546,-0.003083626,-0.0295383,0.23927183,-0.019727672,-0.029763343,0.08574691,0.008879797,0.05752633,0.124808095,-0.02544312,-0.000544313,-0.34769762,-0.101353146,0.07176989,0.081579864,-0.0803143,-0.036669597,0.060691018,-0.03810858,0.13128169,-0.008995368,-0.1287233,-0.30978715,-0.0061391895,0.09096445,0.03945351,-0.0015065655,-0.024143655,-0.12684034,-0.014265308,0.0153218405,-0.12935896,-0.1839374,-0.104698814,0.042659387,-0.105447575,0.053585228,0.024454936,-0.13576603,-0.2074457,-0.08515672,0.044312872,-0.09788997,0.06517097,-0.22246134,0.031446997,-0.2268586,-0.26527855,-0.10153462,0.060441956,-0.15488875,0.107433446,0.070141,-0.052196637,0.026437214,0.020277513,0.043335237,0.0010205806,-0.08367701,-0.12759428
able,0.018340852,0.036602188,0.0019899467,0.086590976,-0.16706853,0.19234216,-0.006962608,0.12751658,-0.23454037,0.025404291,-0.135737,0.03383567,0.14061582,0.2485159,-0.24302964,-0.057632547,0.094253525,-0.19892085,-0.31715783,0.1244773,0.10395516,-0.18728736,-0.058267247,0.20511518,0.20458893,-0.010917413,-0.062105715,0.1383223,-0.14331864,-0.15225236,-0.0446182,-0.14348146,-0.11264026,-0.022966806,-0.0027092057,0.14845636,0.04699256,-0.11374734,0.030370142,0.008943691,0.056787428,-0.071674086,0.20437014,0.020686397,-0.01826763,0.16001946,0.044950593,0.040658332,0.10917792,0.057431795,-0.05810242,-0.40358636,-0.06914165,0.07820875,0.09252888,-0.11138026,-0.13425186,0.014504556,-0.08603098,0.045943886,-0.14140622,-0.17517574,-0.31254482,-0.061693825,0.052417785,0.059641574,0.008784111,-0.09900349,-0.11361408,-0.0036769833,-0.028861819,-0.17643815,-0.20856826,-0.08610126,-0.06328552,-0.124218546,0.042210255,0.009629432,-0.13789512,-0.21817124,-0.051135756,0.0082933605,-0.10710558,0.16487409,-0.19914466,0.10860957,-0.19856453,-0.25794616,-0.08484741,0.067215234,-0.17029479,0.09585244,0.0789105,-0.10321093,0.08111876,-0.0052341195,0.08073554,-0.020353086,-0.03313557,-0.10881007
dear,-0.039823003,0.06837903,-0.007258148,0.08720761,-0.22601481,0.16324353,-0.04741143,0.108547606,-0.16610931,0.0970675,-0.10113349,0.015308116,0.09120487,0.12760906,-0.14160837,-0.05151655,0.13217641,-0.14701842,-0.12102786,0.11704828,0.072586656,-0.08788772,-0.11675155,0.20433006,0.27554172,-0.023740536,-0.0808549,0.026126001,-0.14728965,-0.09301404,-0.06484768,-0.18754756,-0.09690748,0.005232386,-0.045614544,0.16322777,0.15923224,-0.19044076,0.09764897,0.063682154,0.008227594,-0.05561331,0.20977676,-0.023275571,-0.0033158972,0.10388519,0.012913286,0.06106165,0.12925024,-0.019487804,-0.013965054,-0.32908925,-0.1186707,0.07680364,0.09444698,-0.020254925,-0.042779166,0.014009531,-0.072417594,0.13871828,-0.07589481,-0.09832072,-0.31838396,-0.0023152553,0.07851798,0.048306607,-0.03717144,-0.040697068,-0.15411402,-0.0022929776,0.006461155,-0.15478146,-0.18539423,-0.08076113,0.024548965,-0.12163838,0.027462397,-0.010980791,-0.15376368,-0.24045834,-0.11653778,0.04525852,-0.111095764,0.07993303,-0.24516892,0.018968761,-0.21413498,-0.27730793,-0.11372261,0.040264655,-0.13137545,0.09812872,0.09059328,-0.06407205,0.02583068,-0.01259807,0.070842266,-0.021704504,-0.11217864,-0.13025208
same,-0.085380524,0.10747388,0.01608446,0.15153304,-0.22436896,0.21532738,-0.02813607,0.16979206,-0.19847539,0.07566749,-0.09169139,-0.0032475807,0.12410846,0.17166911,-0.11402677,-0.025280813,0.10652272,-0.17179646,-0.12423222,0.1480165,0.085154206,-0.100034215,-0.086753964,0.22727028,0.24999733,-0.039710958,-0.049865585,0.042545147,-0.15037218,-0.14056145,-0.043870382,-0.19109838,-0.094722025,0.024253432,-0.028510332,0.13006698,0.1303868,-0.1554468,0.09467307,0.064708725,0.022382034,0.0032875873,0.24622709,-0.018230189,-0.0101502165,0.069203176,0.04535883,0.036609,0.13646744,0.060499515,-0.011877886,-0.39957553,-0.13028711,0.06474895,0.10207045,-0.089321956,0.006290976,0.08030963,-0.0693463,0.11893523,-0.03809052,-0.14982112,-0.30443558,0.02452376,0.065459795,0.055683717,-0.010639356,0.010923123,-0.1785965,-0.043573767,0.05691301,-0.21500261,-0.21685189,-0.14145729,0.06366932,-0.12859195,0.088388495,0.0762347,-0.15858933,-0.17769289,-0.052909154,0.10691979,-0.09607873,-0.0034793718,-0.29031458,-0.017526893,-0.2679185,-0.22663006,-0.053954355,0.0430961,-0.15747066,0.104920566,0.047998916,-0.01651737,0.030278532,0.007315614,0.061304472,-0.03670781,-0.076888785,-0.076602
magic,-0.16911715,0.14080301,-0.008243259,0.1661988,-0.20972748,0.13573365,-0.065369725,0.1023465,-0.14992128,0.15345833,-0.13235259,0.053432353,0.118132785,0.08077575,-0.119041786,-0.079438716,0.11000973,-0.1673379,-0.14734238,0.12833633,0.029225452,-0.08333846,-0.15279318,0.16201909,0.2750518,-0.032265227,-0.09737664,0.015761157,-0.081178874,-0.110313505,-0.092331216,-0.17829826,-0.0668928,0.021657871,-0.037797257,0.17549436,0.16589862,-0.20785949,0.08856608,0.08114869,-0.0037937148,-0.029177647,0.2048718,-0.013028269,-0.006100995,0.04358457,0.068147324,0.01077836,0.13583927,0.0018614093,-0.018066704,-0.37970376,-0.086749576,0.04377372,0.11124516,-0.011971283,0.0031770754,0.045537036,-0.11083096,0.16605051,-0.0697398,-0.1414277,-0.30916762,-0.018238097,0.048341922,0.06468783,-0.026416743,0.012822447,-0.1751447,-0.02069793,0.038789116,-0.1732121,-0.24050876,-0.10778523,0.03921827,-0.15203871,0.08208617,0.052565884,-0.14364727,-0.26562315,-0.14705914,0.06287146,-0.05479349,0.020063002,-0.27565435,0.0066469233,-0.20662566,-0.24878523,-0.10395011,0.011335028,-0.16515766,0.0984512,0.07932496,-0.060582075,-0.035463832,0.016318304,0.052365478,-0.010695474,-0.10715448,-0.0898261
hope,0.008895536,0.04617422,-0.01954499,0.07330729,-0.18295868,0.11034704,-0.07522417,0.08487081,-0.1894704,0.08366862,-0.12029398,0.06965873,0.094576076,0.2052149,-0.193994,-0.10420821,0.15882614,-0.16322188,-0.20909163,0.090443596,0.08865838,-0.07701026,-0.0983458,0.19756062,0.26605308,-0.05819889,-0.103327066,0.049004678,-0.16003765,-0.074560225,-0.100754425,-0.15111646,-0.1221838,-0.0007271459,-0.014814466,0.16402318,0.08810192,-0.15229581,0.08062465,0.09647538,0.0033807026,-0.0936133,0.19347097,0.01169218,-0.005603496,0.123984806,0.06265689,0.08345207,0.12207247,-0.0075195343,-0.06950201,-0.3179814,-0.047428835,0.043700576,0.0682487,-0.032317594,-0.1387138,-0.031793766,-0.07949936,0.115816556,-0.07405446,-0.10815811,-0.3284175,-0.04969071,0.033034977,0.0848439,-0.040267684,-0.08658277,-0.11923054,0.02110279,-0.01929841,-0.12832949,-0.20539708,-0.08004337,-0.04116003,-0.07828237,-0.00063973106,-0.00094718783,-0.112576224,-0.26982117,-0.10539652,-0.013668964,-0.06444742,0.123158395,-0.17939198,0.085135855,-0.14428565,-0.24316183,-0.09240819,0.045158897,-0.12746264,0.11019549,0.09881674,-0.11694863,0.032509856,0.0246484,0.052876297,-0.02867188,-0.06831668,-0.13979617
seen,-0.06412908,0.08638167,0.06461065,0.13376409,-0.20133509,0.17857353,-0.03400405,0.13625607,-0.17845938,0.08744125,-0.078805394,0.0013989838,0.1085942,0.12575519,-0.15059748,-0.08384738,0.109451115,-0.20138277,-0.17642908,0.15459746,0.09131001,-0.10338479,-0.10932837,0.17676125,0.22913896,-0.005177197,-0.092668444,0.09361189,-0.10805173,-0.1434277,-0.052435916,-0.16650756,-0.03847587,0.009909533,-0.06365697,0.19949405,0.12775691,-0.21782494,0.08262,0.028082676,0.00897052,0.0015137123,0.19841398,0.0014979882,0.03182574,0.05865484,0.06996635,0.028457662,0.12308918,0.009763575,-0.0449438,-0.41230035,-0.098177955,0.07974239,0.10901867,-0.082791686,-0.03755176,0.071100585,-0.0920453,0.13601503,-0.08443365,-0.11962545,-0.35166508,0.02387048,0.0582973,0.09039799,-0.047313634,0.015759682,-0.1436534,-0.007266221,-0.0056997756,-0.1915395,-0.15690248,-0.07655589,0.053967692,-0.10612475,0.11554031,0.056050777,-0.14582549,-0.21260414,-0.093063645,0.082461625,-0.0820984,0.03998802,-0.33554348,-0.052487746,-0.21447942,-0.28151464,-0.115109526,0.01922748,-0.21053612,0.05670004,0.044802096,-0.10453132,0.047859717,0.046101898,0.046348613,-0.0014769981,-0.08393796,-0.14418899
took,-0.15551606,0.16471101,0.026015673,0.15520112,-0.22884333,0.15428437,-0.05141808,0.1317634,-0.1584111,0.1395065,-0.09127293,0.050207596,0.07458941,0.07834948,-0.112074,-0.04646168,0.14356871,-0.15883034,-0.1055251,0.14700757,0.0574301,-0.092904754,-0.14862892,0.19524942,0.2994588,-0.038569782,-0.076823875,0.030505707,-0.118884146,-0.15077783,-0.07180136,-0.19340804,-0.030588226,0.03035,-0.04632255,0.15508555,0.17421868,-0.16992551,0.084553175,0.098263256,-0.03232318,-0.0020934734,0.2143756,0.0065443865,-0.0174913,0.024959335,0.09100091,0.024793247,0.10370421,0.039693367,-0.014599079,-0.38831487,-0.12966995,0.028212227,0.10283302,-0.036694754,0.028594626,0.083276555,-0.065478176,0.15528686,-0.020478887,-0.09918263,-0.3300693,0.018236086,0.021839505,0.05939875,-0.024413945,0.0576478,-0.24006224,-0.0096976645,0.070396155,-0.18012863,-0.19182351,-0.12635073,0.066641375,-0.1387783,0.07993715,0.07120689,-0.1252745,-0.25538078,-0.13051134,0.09334111,-0.06731352,-0.0026629865,-0.28859994,-0.033039466,-0.19721463,-0.22331087,-0.06761101,0.015653403,-0.19402985,0.11194833,0.07091211,-0.04540119,-0.031029282,0.022668643,0.021407042,-0.005802929,-0.10696938,-0.114199944
face,-0.058802422,0.08858318,-0.008918021,0.095740534,-0.21981464,0.13699779,-0.059554614,0.102927364,-0.1640131,0.091936216,-0.11292127,0.018032521,0.11088603,0.11250707,-0.13558203,-0.08180541,0.13013788,-0.15823962,-0.14673953,0.09515042,0.08005369,-0.0928277,-0.11179941,0.1906742,0.27812967,-0.0018385678,-0.09635637,0.013594936,-0.1370155,-0.073527224,-0.07082652,-0.17570093,-0.10724436,-0.0053443043,-0.0563823,0.16906357,0.15471388,-0.20925304,0.10603108,0.07126208,0.020183833,-0.04729617,0.21483286,-0.046729524,-0.012515289,0.082660735,0.012855435,0.044740245,0.14137775,0.0028893878,-0.027532663,-0.36633816,-0.08876831,0.078690514,0.09050308,-0.011866177,-0.054196317,0.035404846,-0.09117706,0.16943042,-0.073498115,-0.10521613,-0.29739437,-0.036082674,0.09683792,0.042456545,-0.04789134,-0.04389616,-0.13343555,-0.01240811,-0.0013022433,-0.13518122,-0.21713006,-0.07476089,0.013873802,-0.15935326,0.053620197,-0.0034133065,-0.15386987,-0.24943802,-0.10811974,0.041306496,-0.100464456,0.07069369,-0.24862583,0.0064867707,-0.20591733,-0.24711514,-0.12468973,0.051899813,-0.12561342,0.106027886,0.08429157,-0.08437093,0.006331307,0.011926802,0.07375301,-0.025715692,-0.101712316,-0.1216746
alone,-0.009249214,0.0629577,-0.000622794,0.0939947,-0.20958553,0.15846692,-0.04488553,0.11764941,-0.18405311,0.055782728,-0.13110112,0.035895795,0.10666481,0.18052201,-0.18767509,-0.0778452,0.13616024,-0.1842361,-0.20372282,0.1178877,0.10660136,-0.13115582,-0.098196514,0.19931364,0.24630088,-0.004707209,-0.08777906,0.07857964,-0.1393075,-0.11539598,-0.052865684,-0.17238265,-0.13505578,0.008980299,-0.03431524,0.16138436,0.116250545,-0.15960784,0.06046086,0.051616758,0.023164755,-0.06313463,0.22019082,-0.0069984295,-0.018982075,0.13674153,0.03723871,0.07157775,0.15021369,0.0066670007,-0.054136224,-0.35154805,-0.06833644,0.07599451,0.08697218,-0.059231933,-0.114340425,0.0062501645,-0.06967273,0.10497091,-0.08201304,-0.1464798,-0.31564173,-0.02714585,0.07971045,0.05041802,-0.02956261,-0.05157609,-0.1270484,-0.0070762686,-0.029852595,-0.16111338,-0.18895443,-0.09073522,-0.024377005,-0.1036922,0.0148342615,-0.0013702059,-0.14819786,-0.26199096,-0.10416772,0.031788502,-0.09724421,0.13001624,-0.21288319,0.04520537,-0.21199203,-0.2687944,-0.09533845,0.044797983,-0.125583,0.11937691,0.12699893,-0.086672604,0.03046019,-0.010465393,0.05650866,-0.0042968234,-0.07868334,-0.14152531
boat,-0.07036497,0.11602879,0.03304342,0.09622791,-0.20888019,0.1585415,-0.037811603,0.15345398,-0.15957075,0.10608326,-0.10734781,0.021203531,0.096600376,0.10670958,-0.112367555,-0.0850012,0.11876527,-0.15843172,-0.11057562,0.13067493,0.06484944,-0.08311966,-0.12899898,0.22831438,0.28460637,-0.022948071,-0.077982225,0.03881436,-0.13426332,-0.11055941,-0.027353652,-0.21655983,-0.0694686,0.02552531,-0.051442157,0.16223146,0.17221825,-0.18501984,0.13430539,0.051208828,-4.9701273e-05,0.012588903,0.20279358,-0.01778389,0.011720964,0.06354165,0.034526855,0.06786291,0.16989179,0.013432688,-0.00055477733,-0.36747512,-0.084628865,0.066616885,0.10024774,-0.0348878,-0.024793083,0.046697624,-0.07062835,0.17246825,-0.036775734,-0.10179616,-0.3133718,-0.020797472,0.10141052,0.047635276,-0.033810858,0.00638712,-0.15468328,-0.036061354,0.019765016,-0.17257237,-0.20559306,-0.12242404,0.065233395,-0.107381366,0.08204337,0.007321791,-0.16771002,-0.22092497,-0.11932312,0.05052711,-0.10888958,0.029099412,-0.29039446,-0.03960935,-0.24755944,-0.26000866,-0.09257831,0.037232965,-0.1613167,0.1060928,0.07487992,-0.036024187,0.027606964,-0.008518205,0.083562344,-0.0398351,-0.12521166,-0.10924025
miss,0.004120752,0.045287825,-0.030168846,0.06556766,-0.16375291,0.07618063,-0.06913345,0.088196054,-0.15997453,0.1111808,-0.12594889,0.036297735,0.114618614,0.14447595,-0.16840783,-0.09907165,0.15277942,-0.14856337,-0.17886797,0.06859919,0.077546775,-0.07485675,-0.09570239,0.17894696,0.277045,-0.023341639,-0.09993576,0.020857016,-0.13552152,-0.051309038,-0.09343891,-0.19002132,-0.11898545,-0.022615293,-0.033498563,0.179685,0.11686389,-0.1927021,0.10960716,0.08483992,0.013183144,-0.06526692,0.19459006,-0.019749215,-0.00261071,0.116942845,0.039999507,0.077638395,0.15895727,-0.03472139,-0.031785164,-0.30789337,-0.0596088,0.061696947,0.08465437,-0.033990517,-0.08772461,-0.031373203,-0.08063368,0.15941402,-0.08960143,-0.10647241,-0.33912405,-0.06608422,0.073583856,0.05642676,-0.023980578,-0.08749544,-0.08676131,0.0111018615,-0.02436122,-0.13251974,-0.21573947,-0.07812145,-0.0022258682,-0.1050674,0.02348334,-0.03300107,-0.1407313,-0.26074228,-0.10729067,-0.04592423,-0.10155672,0.10474629,-0.20361014,0.07154187,-0.16191794,-0.2593012,-0.11003678,0.036572192,-0.095128275,0.105740264,0.110154636,-0.10872636,0.00948457,0.008252249,0.081055954,-0.010212298,-0.08502848,-0.13826908
shall,-0.02872675,0.044482734,-0.044298146,0.14430232,-0.15366292,0.10947838,-0.056469455,0.05981931,-0.20615207,0.08461084,-0.14146616,0.051243775,0.12636383,0.18129158,-0.20411403,-0.09351705,0.15086384,-0.15084736,-0.2294391,0.11280859,0.054925963,-0.10753781,-0.088063315,0.16878627,0.24921928,-0.035435047,-0.11728532,0.047220465,-0.15492582,-0.09500161,-0.09200917,-0.14728384,-0.079785824,-0.0069459127,-0.030500608,0.18414555,0.08297524,-0.2023359,0.06389415,0.12568119,0.012304063,-0.08814632,0.23857404,-0.00716406,0.0013033701,0.09461409,0.079589635,0.06812423,0.12623796,-0.027192831,-0.069533646,-0.39470968,-0.05088911,0.06658742,0.091414854,-0.033149652,-0.06542604,0.012590678,-0.09557557,0.124497585,-0.09783867,-0.15621771,-0.3490835,-0.058062118,0.012201162,0.06644318,-0.0042730817,-0.09482727,-0.10325113,0.009742896,-0.007827805,-0.18210652,-0.23337059,-0.08101565,-0.025515215,-0.13332835,0.035794415,0.03888189,-0.13188939,-0.26898554,-0.09085156,0.013348025,-0.06892609,0.08985799,-0.25201255,0.07687996,-0.17087488,-0.26038277,-0.09772492,0.026849102,-0.14540125,0.10435113,0.06684018,-0.10974919,0.031915456,0.046066083,0.04780946,-0.022900365,-0.06501944,-0.11074231
dead,-0.034074657,0.101992846,0.015397005,0.104812704,-0.21370329,0.19129278,0.012293908,0.1707651,-0.15985896,0.06782776,-0.112551406,0.0074290438,0.08550292,0.13720702,-0.10996782,-0.052780177,0.105115205,-0.19135596,-0.12523559,0.15862899,0.0807378,-0.10959368,-0.09672266,0.2457311,0.24963894,-0.022959251,-0.061978534,0.05689154,-0.15999387,-0.11927243,-0.03307955,-0.20647715,-0.10255729,0.010448125,-0.025518302,0.16270718,0.15578699,-0.16542006,0.100017644,0.03592225,0.028916085,-0.008189507,0.24303858,-0.026807953,-0.024341552,0.08883694,0.00745959,0.058283202,0.1589613,0.0028673853,-0.008801919,-0.38380557,-0.08772251,0.077666074,0.10842247,-0.07072784,-0.031772673,0.0643075,-0.06376272,0.14968653,-0.045941863,-0.122056216,-0.31270972,-0.009435177,0.09903866,0.022143442,-0.017726824,0.010427139,-0.15347621,-0.043376934,0.020836152,-0.17239322,-0.20335986,-0.13991813,0.056137033,-0.110706136,0.06515868,0.015571619,-0.1674743,-0.19305985,-0.10352934,0.07355507,-0.114520304,0.05934602,-0.26982322,-0.008762121,-0.27709165,-0.26606658,-0.08429566,0.050970603,-0.15068717,0.090335764,0.07641771,-0.028805502,0.034764715,-0.0020948432,0.08238488,-0.029118525,-0.110013425,-0.11808963
used,-0.07876206,0.10955863,0.016152525,0.11768892,-0.2137555,0.18999283,-0.040461585,0.15133186,-0.16553064,0.1148133,-0.1029543,0.028226217,0.095568165,0.12067932,-0.15546346,-0.044210803,0.14490719,-0.17703113,-0.14882398,0.15942146,0.07851286,-0.13541506,-0.12423511,0.21119474,0.25866488,-0.03344119,-0.044637352,0.060186863,-0.13421378,-0.13634399,-0.053739697,-0.18426187,-0.06369112,0.020257682,-0.040371023,0.16762201,0.17436284,-0.15602258,0.111228734,0.062449653,0.0012361015,-0.0065408032,0.20020568,-0.011648532,-0.01499485,0.08836164,0.07447759,0.03543253,0.1250097,0.008362275,-0.017630855,-0.38260522,-0.106417544,0.074978255,0.10780663,-0.052439727,-0.04099401,0.057932194,-0.0406878,0.10898142,-0.058733527,-0.1199888,-0.3414472,-0.016533654,0.04491319,0.061229035,-0.030762687,0.009972034,-0.17592743,-0.031853646,0.0644072,-0.18381286,-0.2248348,-0.11505967,0.0032514925,-0.112276606,0.045088276,0.045771264,-0.14551672,-0.23428819,-0.1082195,0.06932107,-0.08433993,0.04440463,-0.28347963,-0.0016933947,-0.20520501,-0.23880027,-0.10348214,0.028352406,-0.19082506,0.086486794,0.08114343,-0.05490291,0.020808402,0.0073645343,0.06828953,-0.0070318007,-0.11649945,-0.11422311
trying,-0.03676055,0.1139409,0.023427594,0.08750624,-0.23738231,0.159701,-0.019487925,0.14829415,-0.16391544,0.08268501,-0.11133087,0.047157373,0.08583747,0.16402778,-0.13309504,-0.065086134,0.11992823,-0.17467736,-0.14103983,0.124040425,0.08252342,-0.09484694,-0.10861906,0.22610945,0.25985685,-0.028463423,-0.08376038,0.05788294,-0.1421257,-0.09314845,-0.08632112,-0.22001077,-0.14286055,-0.008118026,0.0059344503,0.13088201,0.1614329,-0.124632284,0.08550091,0.045422386,0.007504639,-0.038468067,0.22286594,-0.011290277,-0.040107407,0.11362037,0.04530955,0.04696538,0.11439708,-0.0004296563,-0.028574474,-0.32355723,-0.1227485,0.055856302,0.08011405,-0.09184757,-0.08012776,0.021422002,-0.06590521,0.12413754,-0.046504654,-0.09989031,-0.328338,-0.014606992,0.07512602,0.036404613,-0.0089652,-0.027479071,-0.16203679,-0.016288243,-0.0013764553,-0.13756211,-0.20909508,-0.108737625,-0.0005502106,-0.10022293,0.0042524887,-0.013378009,-0.13002,-0.26919284,-0.121536285,0.015838558,-0.085796654,0.12114962,-0.20078816,0.04014682,-0.19024591,-0.26062432,-0.08098897,0.019689638,-0.15005907,0.1451489,0.11377762,-0.07715248,0.019783035,-0.0063962783,0.051143773,0.014416143,-0.07937306,-0.14401394
getting,0.0042003095,0.0571655,-0.008671968,0.07181529,-0.2195751,0.12959369,-0.07073432,0.14411843,-0.15640663,0.07406462,-0.10060532,0.011180497,0.09786572,0.13971937,-0.11255212,-0.09727804,0.13638781,-0.15111932,-0.12010722,0.08034228,0.07424875,-0.103316575,-0.095405266,0.22365655,0.2525761,-0.025233213,-0.10432351,0.025458025,-0.12859203,-0.061184976,-0.06418945,-0.2085868,-0.1155665,-0.0030843164,-0.061812714,0.1273819,0.1390642,-0.1991856,0.12491861,0.08616291,0.00095239846,-0.045677118,0.20117639,-0.053166103,0.0070685414,0.10629558,0.01433375,0.11742123,0.15444073,0.0022816807,-0.05353215,-0.32406497,-0.07503138,0.08058963,0.10710222,-0.016044823,-0.04635601,0.0036737078,-0.0791905,0.17362034,-0.056294538,-0.0669145,-0.32159427,-0.022716425,0.09693158,0.03798849,-0.01170216,-0.061923243,-0.12886703,-0.016107755,0.005523006,-0.15340804,-0.1781409,-0.12223089,0.020221582,-0.097746134,0.01883574,-0.03785278,-0.15133435,-0.23582555,-0.0993283,0.041772645,-0.12865604,0.08041417,-0.2228634,0.02697312,-0.1875404,-0.24305795,-0.09385489,0.05159468,-0.10141688,0.11905361,0.112725146,-0.037689008,0.018209625,-0.020365112,0.084929794,-0.022759566,-0.09412331,-0.14035566
2,-0.05903062,-0.023764938,-0.045194387,0.009095005,-0.29703924,0.18758741,-0.10719632,0.20205903,-0.19589369,0.052028283,-0.0013821282,0.0025750098,0.08846223,0.056262758,-0.09107564,-0.017493736,0.17234121,-0.10547851,-0.041928466,0.058237072,0.07121655,-0.118219525,-0.06323434,0.22231138,0.26934275,0.10060814,-0.16969724,0.031949766,-0.19535834,-0.0007803939,-0.14398092,-0.32964766,-0.16418238,-0.036997724,-0.11007669,0.17770895,0.22962311,-0.3351935,0.21402544,0.1243085,0.001754989,0.032588594,0.29931363,-0.17880109,-0.0070654345,0.12990196,-0.029385949,0.042456754,0.15583192,-0.020687979,-0.07796687,-0.34542918,-0.14689136,0.14636338,0.15057844,0.021686269,0.025789093,0.102614924,-0.055194963,0.29435396,-0.086557955,3.1789838e-05,-0.34709048,0.014328923,0.1349482,-0.009527529,-0.01820703,-0.04268864,-0.16428089,0.0060434444,-0.026544126,-0.11876862,-0.08557829,-0.14523818,-0.01475147,-0.19160381,-0.015477847,-0.12517925,-0.14625722,-0.22193788,-0.21630442,0.086795546,-0.12634438,0.015429377,-0.18457067,-0.059064876,-0.19482225,-0.24817024,-0.16408828,0.048879713,-0.080986045,0.18325928,0.107581526,-0.004061256,0.016696893,-0.007355998,0.042468194,-0.06854076,-0.018312057,-0.16694482
person,-0.14651763,0.10479841,0.029611563,0.14795956,-0.11364972,0.119554155,-0.026370287,0.08033564,-0.15074632,0.19366185,-0.11850535,0.037424784,0.11279205,0.090814605,-0.105218165,-0.11128999,0.10422739,-0.17922825,-0.16427477,0.11135057,0.06940107,-0.073310286,-0.15165377,0.18051334,0.31143427,-0.058017652,-0.06067677,0.019547937,-0.11476366,-0.09784393,-0.068347886,-0.17646128,-0.044171754,0.035599593,-0.05303175,0.21786729,0.1010912,-0.24606226,0.09717386,0.07648808,-0.00083000836,-0.0058832155,0.18978855,0.01325528,0.025582932,0.029449342,0.079270385,0.02259999,0.18118274,-0.019765904,-0.019348504,-0.3817332,-0.054577947,0.04591272,0.119015925,-0.01560288,-0.024543447,0.02039546,-0.07205623,0.1538163,-0.0864553,-0.16270255,-0.29955468,-0.048183687,0.07063366,0.092235796,-0.021187287,0.00015538582,-0.12092595,-0.034365103,0.018867737,-0.22530623,-0.24403661,-0.11211383,0.05709273,-0.1144803,0.11025768,0.05782126,-0.18349372,-0.2007731,-0.14618044,0.011122889,-0.08197494,-0.011822811,-0.29436585,0.007631028,-0.24339393,-0.26604486,-0.13023306,0.022078592,-0.13606867,0.06984025,0.042682663,-0.07992854,0.016282944,0.0098286625,0.08740623,-0.031386383,-0.12028508,-0.11073175
transform,-0.04993241,0.10132705,0.0022211382,0.1199339,-0.2708108,0.23328342,-0.02932005,0.18710324,-0.24176988,0.017796956,-0.12810269,-0.028104693,0.13685657,0.21796383,-0.14024842,-0.0147183845,0.10303108,-0.20849867,-0.1555939,0.1970182,0.0651666,-0.19015026,-0.041795135,0.25697285,0.22029287,-0.0029805552,-0.06757078,0.045639798,-0.14520608,-0.13995045,-0.049425643,-0.20678848,-0.14287771,0.009236669,0.0059346627,0.10281219,0.12803583,-0.1799915,0.083101235,0.07748282,0.047368966,-0.024746463,0.28845417,-0.046665195,-0.016153783,0.09333902,0.019635135,0.07636535,0.10924563,0.06166059,-0.037501246,-0.4369218,-0.11573558,0.11397743,0.12461049,-0.09978296,-0.019263575,0.089260116,-0.08726512,0.1303975,-0.024272967,-0.13756037,-0.34579432,0.020291729,0.10101964,0.032855887,0.037631348,-0.043561623,-0.1909399,-0.06285849,0.051306635,-0.21917611,-0.18961535,-0.14444308,0.0531122,-0.1306768,0.07885337,0.06792165,-0.16077614,-0.23187916,-0.03497822,0.1293215,-0.13370475,0.08344199,-0.2818811,0.022041874,-0.27839798,-0.25391713,-0.062281787,0.09446258,-0.13664103,0.13697228,0.09428454,-0.013683089,0.026643746,0.011628138,0.06774801,-0.022302162,-0.06440308,-0.12735699
highness,-0.029041257,0.09556661,-0.025293052,0.1026384,-0.21746847,0.14544183,-0.0630418,0.101517886,-0.15061933,0.055172104,-0.12307871,0.016595472,0.10190411,0.13475496,-0.13191469,-0.058617927,0.10207125,-0.15644272,-0.14484493,0.110522956,0.052153654,-0.09441134,-0.11303349,0.18670905,0.24047618,0.020783335,-0.09839132,0.027735746,-0.13975267,-0.08656417,-0.09910037,-0.15940817,-0.12725618,0.0052638436,-0.0007270895,0.12569918,0.14435902,-0.18647486,0.06592233,0.077064656,0.017844867,-0.041365035,0.22307034,-0.038817063,-0.0117940875,0.09171947,0.043277673,0.048365828,0.11189376,0.024830148,-0.040335648,-0.33498418,-0.092801265,0.05380366,0.07682339,-0.055092126,-0.048397712,0.040565915,-0.106356315,0.16763903,-0.032188464,-0.08390793,-0.32825524,0.0020189916,0.066176385,0.040765923,-0.014327353,-0.057656754,-0.14913806,-0.011644697,-0.006030624,-0.14134604,-0.20622943,-0.06526325,0.016847719,-0.15386854,0.01899734,0.005351765,-0.11894351,-0.26328307,-0.07622797,0.036901753,-0.06614044,0.079521686,-0.22892447,0.029907621,-0.1858603,-0.22884849,-0.084559925,0.03158622,-0.13286752,0.13417852,0.105360694,-0.060506523,-0.0015124191,0.024056094,0.06434753,0.01512139,-0.06583214,-0.12483729
its,-0.08755706,0.11598247,0.022942107,0.06380121,-0.334208,0.24185832,-0.06318287,0.23480351,-0.19458121,0.008546519,-0.09848544,-0.0160675,0.08402184,0.094570376,-0.09319641,0.03530497,0.12393501,-0.15650408,-0.055867296,0.17019562,0.04120625,-0.14483409,-0.0872979,0.24391048,0.23408096,0.044470232,-0.080227844,0.05104689,-0.13947183,-0.1357659,-0.066392675,-0.25203812,-0.110324666,-0.011502057,-0.030649541,0.08582124,0.22150227,-0.17541799,0.11563346,0.0846848,-0.0076517556,0.020788658,0.25549385,-0.0896283,-0.023052067,0.047638666,0.01670476,0.033879384,0.0683135,0.08021032,-0.03548733,-0.3896173,-0.1881662,0.10115229,0.110128924,-0.06694421,0.03302856,0.12546602,-0.08121244,0.1875176,0.012313216,-0.03145728,-0.32890326,0.09775946,0.10026856,0.006900298,-0.008570332,0.033023436,-0.23622113,-0.029598149,0.07169983,-0.15765715,-0.13045982,-0.13647856,0.043501697,-0.15529107,0.04480428,-0.022400001,-0.1490538,-0.23828268,-0.10461324,0.15779775,-0.1103325,0.039998356,-0.2484287,-0.047063705,-0.23263966,-0.23310396,-0.047281962,0.05407815,-0.1591852,0.17217593,0.08395004,-0.0038195893,-0.0052699093,-0.0110987825,0.035117812,-0.008585515,-0.06656247,-0.12520084
though,-0.051642478,0.08433877,0.034341246,0.1610311,-0.13066879,0.15846655,-0.012863723,0.09472189,-0.20858799,0.116588786,-0.14150305,0.03783047,0.13569404,0.21521471,-0.15009914,-0.116180435,0.10267378,-0.20930786,-0.24413686,0.1336172,0.0753265,-0.095544495,-0.08342192,0.19012365,0.2749508,-0.058983028,-0.057489667,0.044344284,-0.111066684,-0.13587794,-0.02721377,-0.15454839,-0.092978746,0.021013517,-0.0057891984,0.18842699,0.09941603,-0.20413424,0.068744145,0.059210386,0.017179606,-0.032989148,0.21039143,0.019304996,0.0034676231,0.0976326,0.059700064,0.067545466,0.15461192,-0.021691812,-0.018884782,-0.41309804,-0.037323486,0.04391583,0.11572207,-0.10469734,-0.09937644,0.03017648,-0.082585126,0.109853975,-0.084224485,-0.20325555,-0.3310013,-0.06322347,0.056131724,0.0647146,-0.014482707,-0.027670082,-0.11141253,-0.024162164,-0.029143909,-0.20991701,-0.251727,-0.09139104,0.0387536,-0.115219146,0.10066186,0.08369536,-0.1476338,-0.21978126,-0.06438133,0.016409853,-0.06984606,0.08338075,-0.29524404,0.049814,-0.23158255,-0.26683593,-0.1116757,0.04150055,-0.18066053,0.058596835,0.06440502,-0.09022372,0.03152699,0.030776948,0.07435896,-0.022861486,-0.09109643,-0.12348752
niichan,-0.009854186,0.04342522,-0.004595173,0.08649435,-0.1800681,0.11141666,-0.048403624,0.082945146,-0.17312421,0.07291977,-0.112633765,0.015722264,0.12699682,0.18169296,-0.15301886,-0.09068544,0.11050591,-0.15460467,-0.17169036,0.07026098,0.07675863,-0.09662625,-0.08013809,0.19333647,0.22560315,-0.024350662,-0.11745772,0.036138263,-0.12720051,-0.076040775,-0.08797137,-0.15026034,-0.12417967,-0.0070434855,-0.021409938,0.1335461,0.10750103,-0.17425275,0.07269773,0.08993422,0.012752166,-0.09298513,0.17817895,-0.0136833405,0.0066783703,0.12687099,0.04652771,0.064535715,0.116352834,0.01891961,-0.0832069,-0.31840658,-0.084152535,0.06627334,0.10117327,-0.03986696,-0.08686317,-0.005752008,-0.10721571,0.12043813,-0.07217116,-0.11132558,-0.3035998,-0.023995278,0.05222924,0.048176754,-0.019835822,-0.07829458,-0.11112045,0.003473031,-0.012014079,-0.14389074,-0.1932012,-0.07128754,-0.03663876,-0.097327866,0.020708287,-0.021405986,-0.11647119,-0.23805098,-0.1005698,0.014773915,-0.07104545,0.11663875,-0.19915037,0.068411805,-0.16664805,-0.24412575,-0.07778442,0.05456033,-0.112499684,0.109917685,0.11504487,-0.089872494,0.022932649,0.006156942,0.056022022,-0.0074994178,-0.07029457,-0.13922772
burn,-0.039659362,0.094958864,-0.018524144,0.113929115,-0.27982816,0.24024208,-0.04232354,0.16337566,-0.19978242,0.023593375,-0.11142379,0.003807272,0.08557658,0.16381012,-0.15328431,0.022577768,0.119517274,-0.17597783,-0.16866982,0.17357545,0.042751852,-0.18415864,-0.07466489,0.22493023,0.23910856,-0.0031822657,-0.047397673,0.048105102,-0.12830664,-0.14826775,-0.07401547,-0.20822354,-0.14273143,-0.006825185,-0.0010174371,0.112527855,0.17319374,-0.14823094,0.09220568,0.056627758,0.029648958,-0.03675378,0.2416625,-0.035113357,-0.035712373,0.09802162,0.024972023,0.060087897,0.103952125,0.015240923,-0.013745419,-0.36885837,-0.1354958,0.086264014,0.08828896,-0.08746489,-0.051119618,0.064724855,-0.064756446,0.13328764,-0.052610543,-0.13343091,-0.33430335,0.010673522,0.080771156,0.010759889,0.024358753,-0.06977729,-0.1965659,-0.025159212,0.019433485,-0.17060553,-0.18828022,-0.11472023,0.0025937178,-0.12750962,0.017673451,0.026840158,-0.13953726,-0.21884117,-0.07805483,0.11227607,-0.10988494,0.10076871,-0.21920429,0.032320704,-0.23273307,-0.23367168,-0.080614,0.037407544,-0.12795791,0.12743466,0.12823564,-0.04478308,0.048906144,0.008951994,0.058307223,0.0006219193,-0.062796734,-0.12037563
tomorrow,-0.00975494,0.02464542,-0.016787052,0.04305155,-0.22640471,0.16422386,-0.03857229,0.14410947,-0.21389575,0.032792013,-0.11999173,0.017890397,0.1249482,0.1769357,-0.18985145,-0.066286266,0.14200619,-0.14939532,-0.2017518,0.08691031,0.09218208,-0.131581,-0.070798,0.19588591,0.23229182,0.008233166,-0.12439952,0.07679425,-0.16138013,-0.100389294,-0.08168357,-0.15437976,-0.1226202,-0.030851297,-0.016376426,0.13257858,0.0950906,-0.17398478,0.058291305,0.07190817,0.0038446037,-0.07594356,0.21038227,-0.030553816,-0.013529049,0.120040745,0.048936438,0.07850759,0.08940198,0.053496175,-0.083838865,-0.367171,-0.10126694,0.07335662,0.084088564,-0.07151264,-0.073613316,0.009401409,-0.10011804,0.13104884,-0.09202804,-0.11842885,-0.321186,-0.016581656,0.06446727,0.039195675,-0.024541734,-0.08607065,-0.16205962,0.00052621175,-0.0062362766,-0.15134561,-0.16661352,-0.0816153,-0.041104537,-0.14858414,0.009284856,-0.022440039,-0.13372858,-0.24095501,-0.084217794,0.030353716,-0.10590338,0.14101116,-0.20337282,0.04668406,-0.1707653,-0.23758301,-0.06491736,0.06954291,-0.11201858,0.14903907,0.1000537,-0.08718268,0.050829362,0.00061038387,0.05715297,-0.0134871155,-0.05018012,-0.12328231
terrible,-0.0036595415,0.060001742,0.013306684,0.06582601,-0.1610662,0.17286643,-0.023457548,0.12649992,-0.16956905,0.083951406,-0.1000725,0.0016147837,0.068478145,0.11862693,-0.11661858,-0.08059957,0.13637242,-0.17224269,-0.13245696,0.12440711,0.08059118,-0.11946259,-0.08696689,0.20996648,0.25393736,-0.044270005,-0.0695283,0.028131688,-0.13485809,-0.05815876,-0.039496664,-0.20296237,-0.07711092,0.012028427,-0.06200329,0.1925355,0.1484577,-0.1921607,0.1342636,0.022616088,0.031203082,-0.016427604,0.22815175,-0.01500556,0.02181821,0.099197,-0.004460549,0.07501502,0.18925254,-0.037528526,-0.021263383,-0.3334539,-0.05667361,0.0806711,0.11909619,-0.039490115,-0.069033444,0.031527385,-0.061235767,0.14933169,-0.053684294,-0.09809591,-0.31302807,-0.054227624,0.107020155,0.06099393,-0.023966841,-0.046614666,-0.07912771,-0.018197412,-0.0103362985,-0.15725614,-0.19797197,-0.11822401,0.029404055,-0.069722,0.06238028,-0.007875459,-0.16648242,-0.16846398,-0.09800355,0.033906464,-0.12098888,0.059153073,-0.27091214,-0.0009627597,-0.25061578,-0.29281226,-0.13612959,0.051081974,-0.122510344,0.06280244,0.055582844,-0.063410185,0.070396096,-0.008198558,0.1037153,-0.042229276,-0.10300932,-0.12936242
shoot,-0.05071639,0.011036785,-0.029959254,0.15195693,-0.14200915,0.07995469,-0.030556247,0.03757581,-0.18609333,0.10002676,-0.14781089,0.0049848678,0.16904399,0.22557247,-0.17673218,-0.10919916,0.08324966,-0.1497951,-0.21506183,0.05886613,0.08319312,-0.05563674,-0.099120356,0.16452573,0.2160735,0.038834453,-0.14012793,-0.011667591,-0.10150403,-0.047953527,-0.08490301,-0.14616883,-0.12755908,0.009012232,0.03968713,0.17546244,0.07189577,-0.22797336,0.023347,0.104293704,0.07236546,-0.098288454,0.225659,-0.017350031,0.017338654,0.15214269,0.050598167,0.016990464,0.12518361,-0.01294764,-0.077310085,-0.362472,-0.037467595,0.077882804,0.120397806,-0.047530826,-0.07261425,0.03173403,-0.13707636,0.15799735,-0.06633675,-0.15187466,-0.33562422,-0.05567459,0.081250526,0.06307677,0.032636203,-0.07563109,-0.07126475,0.011589443,-0.08307182,-0.15842643,-0.21773277,-0.053821888,-0.02141032,-0.1574382,0.026081707,0.019839099,-0.123034835,-0.24650724,-0.05485834,0.0070853108,-0.0279256,0.08902174,-0.19750166,0.06402337,-0.15668489,-0.28353617,-0.13598974,0.027884845,-0.07741907,0.11722307,0.09521167,-0.104132794,-0.0032064924,0.06378005,0.04029249,-0.014763863,-0.063419275,-0.10431873
minute,0.02769387,-0.011568684,-0.029308546,0.02095297,-0.16897428,0.075127974,-0.10928627,0.09869842,-0.19548237,0.09096494,-0.14817955,0.010295731,0.10294752,0.15711048,-0.18279193,-0.13587268,0.16002941,-0.14919321,-0.21866281,0.03587584,0.07455986,-0.09632876,-0.047425225,0.18727948,0.26020864,0.0012503286,-0.16783512,0.03211281,-0.181738,-0.016865734,-0.13578284,-0.16053033,-0.1530101,-0.049277697,-0.09029627,0.17199461,0.10841925,-0.23992991,0.13664521,0.114971414,0.009590568,-0.1112826,0.17509554,-0.03449988,-0.0036033946,0.15655358,0.026658572,0.07029509,0.15986158,-0.053248737,-0.100029856,-0.29746586,-0.08002167,0.094043344,0.06974821,0.0098432675,-0.11586422,-0.05934032,-0.07470473,0.18399951,-0.083942,-0.06822788,-0.31928217,-0.083982565,0.115521826,0.057833593,-0.045530424,-0.13325186,-0.062343433,0.0028319696,-0.044703193,-0.10525434,-0.18205039,-0.06101836,-0.057350207,-0.12936498,-0.00030745883,-0.078944996,-0.13788678,-0.2876013,-0.10733084,-0.04530914,-0.09872066,0.16528901,-0.15255816,0.067947656,-0.12906437,-0.2770867,-0.14373124,0.05444918,-0.06656382,0.11232982,0.16300684,-0.11514931,0.04032736,-0.013602901,0.082519665,-0.009055466,-0.05201026,-0.19277613
chihiro,-0.02271539,0.03267827,0.02623441,0.093897596,-0.15398009,0.04827711,-0.07519862,0.053189054,-0.20330104,0.07148414,-0.1597058,0.06022755,0.16866283,0.1813165,-0.16375437,-0.14963965,0.11567701,-0.16218486,-0.19280635,0.051378556,0.06115897,-0.03294241,-0.12781839,0.15151896,0.274579,0.012865104,-0.17472616,0.020934986,-0.11647712,-0.023446353,-0.08961154,-0.13531439,-0.10762503,0.030356076,-0.01860019,0.146304,0.06923793,-0.22502977,0.049182743,0.10930724,-0.011182912,-0.114538595,0.20384108,0.004384885,0.04189886,0.11530298,0.06166563,0.06337383,0.13956064,-0.050532453,-0.106276676,-0.36600175,-0.07722846,0.025425874,0.07787892,-0.016974166,-0.12658389,0.0052424264,-0.090811186,0.18347532,-0.09771831,-0.10966064,-0.37213814,-0.057550102,0.030742597,0.052274458,-0.010383795,-0.08060795,-0.10126207,0.026189383,-0.07988818,-0.11813181,-0.24915886,-0.029247602,-0.029055828,-0.15813948,0.030552516,-0.042412527,-0.10412196,-0.29027307,-0.09133026,-0.039123468,-0.060170073,0.13527328,-0.19013242,0.06797149,-0.13577075,-0.29165903,-0.10248854,0.059853982,-0.15168084,0.15138465,0.11680707,-0.1325999,-0.041712068,0.047782116,0.040920448,0.0081990855,-0.055538386,-0.13979118
l,-0.15038325,0.045188043,-0.04236595,0.06648932,-0.18753518,0.12409477,-0.036594234,0.12034747,-0.0412766,0.097446635,-0.03731657,-0.012057801,0.07834221,0.023538854,-0.028250292,0.01957437,0.068600565,-0.028310264,0.020986041,0.0026472209,0.09771243,-0.04692155,-0.16654435,0.18647823,0.18708098,0.070693605,-0.11491812,-0.009114881,-0.066894524,-0.08171846,-0.07901239,-0.21666408,-0.028964652,0.04264771,-0.051266152,0.12123807,0.18096656,-0.17544787,0.02506442,0.07997822,0.017731829,0.04498225,0.18281767,-0.07075386,0.023208415,0.0830222,0.04527119,-0.00010386088,0.103727356,0.06521152,-0.07226229,-0.29664072,-0.14191312,0.08377086,0.0976831,-0.0042721974,0.066253565,0.16502765,-0.10912292,0.1828448,0.016384985,0.024612848,-0.2120593,0.09938735,0.07388224,-0.0024464943,0.053743936,0.014035305,-0.2299572,-0.009819093,-0.0032590053,-0.15228046,-0.12034623,-0.07006635,0.0049854727,-0.13970342,0.0024438186,-0.069181345,-0.11191271,-0.17105648,-0.10366577,0.098967955,-0.041499168,-0.056182325,-0.23058482,-0.08012481,-0.12642296,-0.13432108,-0.1036013,-0.0039568995,-0.003682878,0.13096493,0.015681515,0.034658644,-0.014632751,-0.019954639,0.018386161,0.00041121844,-0.07907472,-0.043269828
li,-0.2024414,0.05294433,-0.03529119,0.11036616,-0.19102414,0.097983144,-0.050914276,0.09668756,-0.07724985,0.0810128,-0.06788733,-0.03436646,0.09708202,0.033140548,-0.010306046,-0.014802165,0.06067678,-0.033013478,0.0028183544,0.017813811,0.09489765,0.010537875,-0.17629501,0.15348902,0.18018012,0.08640372,-0.1294862,-0.040185627,-0.051805258,-0.06715027,-0.08574565,-0.17416652,-0.01878116,0.04687048,-0.030232405,0.11361299,0.11687597,-0.20321612,0.006260687,0.12991701,-0.016018113,0.045117877,0.21121825,-0.044248633,0.0464729,0.053270258,0.07600921,0.017163211,0.082692765,0.083719365,-0.07103134,-0.295116,-0.120606035,0.05487721,0.07831717,0.018574944,0.08060854,0.15572509,-0.14084889,0.21637434,-0.015902607,0.024918139,-0.21018086,0.08031111,0.03228828,0.02088954,0.073424384,0.017189693,-0.19817711,-0.007944898,0.018505799,-0.18168275,-0.14993593,-0.06735527,0.018013582,-0.16329674,-0.0036387362,-0.05177793,-0.0980354,-0.21164134,-0.10642305,0.107555054,-0.052897993,-0.08584382,-0.21353135,-0.10322244,-0.10070786,-0.16939734,-0.09355179,-0.0048138457,-0.022597302,0.13562432,-0.02257927,0.03578309,-0.05580282,0.0088331895,-0.023787849,-0.011073501,-0.06627658,-0.02096224
porco,-0.01935359,0.0657196,0.0015930062,0.09104254,-0.20861082,0.12318417,-0.05852765,0.10167174,-0.15479147,0.07574573,-0.13571352,0.022612728,0.093797505,0.13601738,-0.14861698,-0.090917215,0.1382746,-0.15525919,-0.14580527,0.09678857,0.0718693,-0.09612561,-0.09129265,0.20694286,0.25198945,-0.035375822,-0.099223904,0.02450835,-0.14521657,-0.07214761,-0.06314595,-0.18487485,-0.11338952,0.0012711752,-0.018543754,0.14265138,0.1143124,-0.16666482,0.09685196,0.08424141,0.01776601,-0.052651517,0.18605958,-0.023315769,-0.0127869025,0.092737876,0.046785325,0.067033246,0.1383981,-0.008487559,-0.028364364,-0.3374896,-0.08419384,0.051927507,0.08172051,-0.0391025,-0.06805987,0.007651561,-0.077284425,0.13937417,-0.03771027,-0.09982898,-0.33206093,-0.021342583,0.06987455,0.0636651,-0.023217998,-0.054911856,-0.12761603,-0.020330578,0.0020138694,-0.15361395,-0.2089325,-0.09262629,0.020097462,-0.113748476,0.028190754,-0.0047691613,-0.12947409,-0.24764091,-0.100717746,0.017452298,-0.08106253,0.079559185,-0.21348105,0.030337311,-0.18502139,-0.25303143,-0.093699954,0.04487266,-0.12726252,0.103117555,0.09118085,-0.07189217,0.021567194,0.0061820922,0.07113119,-0.008563389,-0.097685575,-0.1151956
madam,-0.0625685,0.06856058,-0.003971493,0.0878891,-0.18971558,0.13099664,-0.05680303,0.116429284,-0.16085106,0.09681658,-0.12479745,0.027375432,0.10068086,0.12142955,-0.11177718,-0.08698485,0.12833962,-0.155996,-0.14104664,0.09398487,0.07089731,-0.09976631,-0.12317088,0.18235226,0.26445276,-0.015610815,-0.08843737,0.021467434,-0.12419708,-0.075854115,-0.08769507,-0.19209369,-0.10594789,-0.006624473,-0.0407161,0.17582984,0.12125769,-0.20547082,0.09497677,0.06165987,0.0088317245,-0.029643705,0.18683381,-0.032113962,-0.0057777157,0.086496085,0.055558126,0.06633864,0.15134743,0.006313423,-0.042157814,-0.3384956,-0.069310166,0.05197441,0.11467618,-0.017834513,-0.046263553,0.009640257,-0.10202293,0.14984508,-0.079433866,-0.13196725,-0.30655244,-0.037621282,0.090282016,0.05998566,-0.03554799,-0.057584833,-0.1357485,-0.022836296,-0.017117772,-0.18451707,-0.22160904,-0.100110166,0.0153079145,-0.10392572,0.024356578,-0.012848889,-0.1609308,-0.2489735,-0.12285282,0.031739827,-0.10352802,0.06357366,-0.23140942,0.037181996,-0.19643448,-0.26171494,-0.10565148,0.03122339,-0.08746768,0.11351334,0.09710997,-0.05872129,0.021235464,-0.015113543,0.089722715,-0.03209613,-0.10216225,-0.1138369
sister,-0.0862642,0.108205676,0.0073715285,0.14364439,-0.14320287,0.07381491,-0.044867277,0.07395399,-0.16007715,0.16133216,-0.161081,0.05093898,0.14252794,0.1298989,-0.16118513,-0.12203124,0.11771508,-0.1849509,-0.19491594,0.10344004,0.058600582,-0.042577073,-0.17673206,0.18843162,0.2928278,-0.03775259,-0.098107874,0.03053692,-0.08739595,-0.112402596,-0.12341155,-0.16089801,-0.096916854,0.019151732,-0.016611384,0.18254267,0.12609465,-0.18622157,0.057159394,0.068046026,-0.033377867,-0.07603457,0.15703443,0.0394545,-0.019078415,0.097906746,0.09897306,0.04273138,0.14255053,-0.045662574,-0.054180108,-0.3314614,-0.06773158,0.019622546,0.08411462,-0.060763862,-0.07401917,-0.040585738,-0.089438826,0.1478563,-0.08672592,-0.18661407,-0.36509016,-0.033949498,0.018824197,0.08062832,-0.049755912,-0.04520069,-0.12654549,0.008664337,-0.007959938,-0.15964702,-0.26044238,-0.048593014,-0.018488409,-0.13285765,0.043830227,0.04139231,-0.120479956,-0.30375248,-0.12969793,-0.043158855,-0.061385706,0.08546352,-0.25990155,0.08824607,-0.15691996,-0.27439606,-0.1343284,0.02221885,-0.16355109,0.12036248,0.12473111,-0.12380761,-0.030774657,0.018684736,0.0712885,0.029006884,-0.10233091,-0.14746208
cut,-0.009487334,0.053155467,-0.006923031,0.10536365,-0.23542343,0.12057562,-0.06670719,0.12094082,-0.18641193,0.056010198,-0.13225241,0.03484767,0.08446952,0.17185953,-0.16312058,-0.08773138,0.14727417,-0.16958056,-0.16002887,0.10731834,0.09735254,-0.07548176,-0.07619211,0.19628687,0.24470158,-0.007626563,-0.1351508,0.029870715,-0.14089863,-0.10007127,-0.09972882,-0.17598419,-0.10582028,-0.03385117,-0.035274193,0.12031996,0.12807463,-0.18554184,0.07544675,0.10509292,-0.01228061,-0.053282678,0.20699193,-0.02171308,0.003943345,0.094038844,0.076730564,0.09327815,0.09626835,-0.009958751,-0.091101736,-0.356088,-0.09932904,0.06458728,0.0676352,-0.030949652,-0.06554287,0.031697933,-0.060759775,0.15583959,-0.027545998,-0.059923228,-0.3615428,0.014005446,0.06060747,0.07314377,-0.0233949,-0.06234855,-0.16610946,0.04921255,-0.023356507,-0.11688363,-0.16285774,-0.08951939,-0.018232709,-0.13869628,0.0022035297,-0.043197293,-0.106781624,-0.28652367,-0.12659007,0.033155657,-0.075506,0.11962243,-0.1957788,0.011832759,-0.12709802,-0.23591049,-0.09849286,0.02769711,-0.15954119,0.15385054,0.11252293,-0.092747755,0.02489253,0.030991163,0.016327348,0.007811777,-0.049792185,-0.15228422
land,-0.061127167,0.12405538,0.026074024,0.06985484,-0.31123558,0.24208878,-0.03604808,0.21172115,-0.19748992,0.04455321,-0.0732959,0.0023342706,0.06266641,0.10243693,-0.098534,0.03181836,0.12074814,-0.1703639,-0.06088109,0.19113702,0.0427199,-0.14874329,-0.09221981,0.24664392,0.2462759,0.018135916,-0.081175126,0.0438241,-0.14474261,-0.15322326,-0.05696259,-0.24655005,-0.083387494,-0.022628158,-0.030592965,0.07909422,0.21382345,-0.15197702,0.14303088,0.09146615,-0.010858011,0.040045165,0.27392244,-0.08468319,-0.04397255,0.037238684,0.02711201,0.036691464,0.08380588,0.055255402,0.0036427332,-0.4006737,-0.15756479,0.093507186,0.1116065,-0.0728192,0.038226787,0.1309486,-0.06120899,0.16430576,0.019966904,-0.040365297,-0.34965315,0.06708264,0.09883282,0.01709021,0.00411616,0.052427053,-0.26380184,-0.030681267,0.09557775,-0.14442272,-0.120295346,-0.17428699,0.07160813,-0.1494337,0.06382453,0.027746111,-0.15416884,-0.21224922,-0.10083334,0.139712,-0.11811813,0.03156733,-0.26967934,-0.06301241,-0.24036385,-0.213736,-0.07647439,0.046225313,-0.17500214,0.13043788,0.07571054,0.0153276855,0.0070951004,-0.007910374,0.036437817,-0.013781509,-0.07618148,-0.12309459
together,0.02827395,0.047200453,0.0023404914,0.07723429,-0.21827276,0.17460234,-0.032865416,0.12865125,-0.21441892,0.032770984,-0.1309779,0.023749044,0.124383494,0.19536246,-0.18552837,-0.08187469,0.14802425,-0.18314952,-0.21230093,0.12136049,0.08994621,-0.1287778,-0.05763807,0.21435651,0.23362693,-0.008811748,-0.09191709,0.06724099,-0.14984888,-0.09039295,-0.04781743,-0.16909142,-0.147922,-0.020800667,-0.017147394,0.15210292,0.12331912,-0.17855404,0.08057438,0.059660766,0.024515815,-0.080020316,0.22847001,-0.022442283,-0.020746049,0.14216703,0.0059442506,0.08852734,0.14632647,-0.007815659,-0.050331257,-0.3680667,-0.066002145,0.0784701,0.093468435,-0.08852255,-0.113461584,0.021693429,-0.09266267,0.12217672,-0.08541856,-0.13996798,-0.3439693,-0.03800554,0.09117528,0.048267458,-0.023309877,-0.10502845,-0.1027724,-0.007907906,-0.03750437,-0.1470853,-0.19682688,-0.09502185,-0.02055714,-0.094602495,0.021679837,-0.0109049175,-0.12775767,-0.2230606,-0.05565572,0.019329553,-0.121662684,0.15262511,-0.22327252,0.06452835,-0.20427977,-0.2605944,-0.09276174,0.06745975,-0.13724297,0.11736248,0.11682336,-0.09357242,0.06079115,-0.0032263522,0.08421987,-0.025390647,-0.07085955,-0.14835714
wanted,-0.024748938,0.075127035,0.020090949,0.122329436,-0.1519381,0.085021734,-0.05543875,0.06225976,-0.20811799,0.119463824,-0.1643681,0.06892028,0.12855595,0.20536445,-0.22234762,-0.11434921,0.1431677,-0.20794742,-0.28860444,0.11507022,0.09430346,-0.10302973,-0.12263178,0.19397846,0.272553,-0.053733908,-0.104408324,0.06423567,-0.12410048,-0.11861193,-0.097852975,-0.15527752,-0.11619505,-0.0014779401,-0.008694987,0.18648963,0.10026906,-0.16042733,0.050774958,0.06830351,-0.0154880835,-0.07953716,0.16464533,0.054537844,-0.010550293,0.12928289,0.09574202,0.073927775,0.13055424,-0.024167012,-0.05779788,-0.35044995,-0.037270755,0.027753053,0.07973282,-0.07580592,-0.13697636,-0.033238497,-0.08155248,0.10185168,-0.102290995,-0.13966858,-0.36015815,-0.07725433,-0.0025217135,0.105840296,-0.031413063,-0.084056355,-0.10392268,0.024040656,-0.012905029,-0.16066763,-0.24691309,-0.06367408,-0.039650273,-0.10126273,0.027456827,0.019126581,-0.09018548,-0.28954214,-0.1197991,-0.06948377,-0.048733123,0.15573244,-0.23595391,0.101321146,-0.14549945,-0.27746695,-0.10866782,0.034284014,-0.17413025,0.10141462,0.11111146,-0.1594278,0.04127243,0.04009987,0.058016967,0.020105807,-0.06315775,-0.14826025
believe,-0.011160119,0.037146352,0.017866306,0.10328323,-0.13763393,0.112756476,-0.05565762,0.059275854,-0.20778742,0.109023884,-0.15733793,0.068435125,0.12767,0.20481558,-0.2063983,-0.12606767,0.12352917,-0.18620113,-0.23504315,0.105359204,0.071849085,-0.08379671,-0.11729484,0.18190786,0.27117252,-0.049457546,-0.10717473,0.042327207,-0.136983,-0.105494075,-0.059033766,-0.14864019,-0.11088361,0.018455574,-0.03434401,0.1837311,0.05628168,-0.18413375,0.0593308,0.08266364,0.011768433,-0.099409804,0.18338217,0.023128588,0.0227568,0.11826737,0.07458697,0.0883037,0.15226047,-0.050949007,-0.042381834,-0.38160485,-0.031072678,0.033050124,0.07764705,-0.056263648,-0.1291945,-0.026900789,-0.06638736,0.1285232,-0.09356575,-0.15030754,-0.3493658,-0.087094545,0.051856395,0.09807663,-0.016777026,-0.08037732,-0.089524604,0.0045481105,-0.04280388,-0.15061896,-0.24891686,-0.086235404,-0.00064069225,-0.109774545,0.060200725,0.028206367,-0.12344489,-0.24991153,-0.07933092,-0.04676491,-0.075834714,0.1243928,-0.22925134,0.085431114,-0.17748007,-0.29080668,-0.10974934,0.045076936,-0.16056432,0.089571096,0.10104756,-0.11514647,0.027764022,0.027585283,0.042092416,-0.024590267,-0.09511362,-0.13328476
quite,-0.070447885,0.0922291,0.01358548,0.09778885,-0.175213,0.149352,-0.041358657,0.10783784,-0.1526897,0.10650123,-0.0847665,0.028339144,0.07442473,0.113024004,-0.1260852,-0.07047213,0.13822895,-0.16438927,-0.13524815,0.12127785,0.085229516,-0.09349855,-0.1190246,0.20608686,0.26712236,-0.042608265,-0.075244606,0.02432478,-0.12637194,-0.09742931,-0.06765525,-0.18711665,-0.06110219,0.016890269,-0.056621272,0.16006525,0.13218172,-0.17960587,0.09982512,0.054144442,0.0010610902,-0.015298576,0.1769877,-0.012152117,0.0057756193,0.058368385,0.045007948,0.046210267,0.13930781,-0.0013115215,-0.02179354,-0.3285726,-0.08233191,0.035566535,0.1031282,-0.042219274,-0.02565726,0.017779129,-0.06380647,0.12917842,-0.05872517,-0.10644675,-0.29798788,-0.018905846,0.06398881,0.077077486,-0.039088234,-0.0057434235,-0.14219324,-0.028194232,0.015441559,-0.17157824,-0.19131024,-0.11310068,0.036972065,-0.10344279,0.05102881,0.023653546,-0.15994084,-0.22391704,-0.10541467,0.024582954,-0.08932918,0.029569129,-0.26579645,0.015912857,-0.20601478,-0.24793601,-0.09846826,0.040681522,-0.13980538,0.07415825,0.071192995,-0.07645929,0.02510582,0.0018612489,0.0697031,-0.011176849,-0.09750557,-0.12271144
forgive,0.0014027738,0.031618312,-0.029824018,0.07276131,-0.12345918,0.069124125,-0.070932746,0.023112766,-0.1688668,0.15739478,-0.16117911,0.05661482,0.16328526,0.2116662,-0.24035448,-0.096044466,0.15721536,-0.19169635,-0.27197134,0.08132499,0.09114972,-0.0687516,-0.13703094,0.16047779,0.28928432,-0.046772063,-0.12087981,0.055629745,-0.12013374,-0.11042561,-0.13553406,-0.12517744,-0.14044824,-0.0072168177,-0.028554482,0.19445787,0.0703024,-0.13591605,0.05571972,0.06217668,-0.021591391,-0.14364111,0.14215098,0.0450513,-0.035431504,0.16113962,0.078741774,0.09559022,0.14642607,-0.03223369,-0.02800657,-0.31540343,-0.048131075,0.012310418,0.061480254,-0.045769148,-0.16620849,-0.093439355,-0.08214965,0.08933787,-0.13224761,-0.17262478,-0.34446275,-0.07674783,0.009610779,0.12709858,-0.047511153,-0.112428814,-0.077855244,0.025200473,-0.03741881,-0.14353146,-0.24503642,-0.048955195,-0.081897564,-0.11235641,0.022911796,0.038668793,-0.09796992,-0.27203235,-0.0889411,-0.118404806,-0.10681314,0.17103079,-0.2102364,0.13869745,-0.13629653,-0.2798081,-0.12731795,0.06126937,-0.15484917,0.07902404,0.14112318,-0.20016725,0.027555464,0.0069255615,0.066685155,0.03534806,-0.076687634,-0.1734212
both,0.03912127,0.07040363,-0.014851525,0.04463699,-0.23981318,0.21815799,-0.038928624,0.17141572,-0.16526559,0.05496545,-0.12067483,-0.008402988,0.08059432,0.1538589,-0.15873417,-0.0030934957,0.1396181,-0.17892122,-0.17603979,0.15174311,0.08490533,-0.1690364,-0.07889765,0.24112538,0.22657967,-0.014795064,-0.04164771,0.06825708,-0.1401811,-0.08198428,-0.033184186,-0.20702748,-0.13848792,-0.0062270267,-0.026838303,0.14623247,0.16065171,-0.14884521,0.13513598,0.0011951246,0.040964525,-0.057578985,0.20081182,-0.0544886,-0.026401313,0.13965744,-0.017900873,0.09170601,0.15329684,-0.008764072,0.0076201176,-0.3272852,-0.10188038,0.12239276,0.111648105,-0.060757514,-0.09865307,0.021483188,-0.055416357,0.09597239,-0.08398176,-0.1336675,-0.29729706,-0.04038119,0.113822,0.031408463,-0.021742722,-0.081222415,-0.12575091,-0.054263134,-0.0046558646,-0.13596739,-0.16567712,-0.12496134,-0.030337643,-0.105301544,0.042278495,-0.011708093,-0.1769689,-0.20252603,-0.10026878,0.055052463,-0.15496542,0.14930438,-0.19387148,0.058940705,-0.24232773,-0.25618976,-0.09346538,0.06450104,-0.119478345,0.087284006,0.12863179,-0.060920358,0.06841603,-0.019988973,0.09382375,-0.0022315676,-0.08177853,-0.16147682
stupid,-0.0024328644,0.061573647,0.012048026,0.085145116,-0.17347102,0.13016647,-0.03990499,0.09526006,-0.18038619,0.07855743,-0.1419219,0.034523718,0.1228343,0.17204289,-0.15020745,-0.12824246,0.12106045,-0.16317327,-0.16736357,0.10839254,0.07287434,-0.08921726,-0.102519095,0.20481159,0.25344947,-0.025116837,-0.08581423,0.032027435,-0.14788231,-0.06288611,-0.06703005,-0.18060069,-0.11227636,0.008698239,-0.021278799,0.18202873,0.122927934,-0.19082029,0.08925337,0.061898775,0.02043284,-0.07061557,0.22586143,-0.0018263476,0.003495864,0.13451692,0.020712359,0.06472385,0.17058082,-0.026710713,-0.055449285,-0.36429882,-0.06959155,0.063101515,0.092514075,-0.050570425,-0.097846955,0.009468721,-0.07050778,0.16328862,-0.07767803,-0.10862543,-0.34521645,-0.068539806,0.0808415,0.047724966,-0.024312044,-0.066872254,-0.08452533,-0.016577188,-0.02694158,-0.16902423,-0.2240165,-0.08061909,0.0078209,-0.10771091,0.033279993,-0.0130253155,-0.15378775,-0.23112328,-0.07452673,-0.0064402064,-0.08257231,0.10437297,-0.22750358,0.05310122,-0.21059796,-0.29533166,-0.119045,0.06238399,-0.118596934,0.10486152,0.08819954,-0.07351729,0.031619027,0.012583763,0.08216715,-0.030185804,-0.09947339,-0.12750259
baby,-0.07938622,0.11696182,0.016620163,0.09345585,-0.2186008,0.14250083,-0.04588379,0.13524784,-0.15329933,0.090338536,-0.10226495,0.009333945,0.08590432,0.088540696,-0.112624556,-0.05661297,0.12235569,-0.16896637,-0.13161367,0.122263096,0.04124456,-0.09359829,-0.117086895,0.19861402,0.25193232,-0.017193861,-0.096030116,0.045813903,-0.13710101,-0.102355935,-0.09241541,-0.19045712,-0.085952,0.0053998623,-0.0361738,0.15707205,0.1474664,-0.17102037,0.10643548,0.061467573,-0.0073638647,-0.013871625,0.22100638,-0.016411856,-0.023011815,0.08214122,0.04155456,0.01883392,0.122049905,0.0016092245,-0.029875007,-0.34611428,-0.12201277,0.06245275,0.08132519,-0.04460949,-0.0071340576,0.05137781,-0.084425405,0.1557175,-0.057737745,-0.08792053,-0.31854698,0.0066951243,0.070185415,0.052685875,-0.038459122,-0.006995161,-0.18017697,-0.008786607,0.007927848,-0.1531495,-0.1906759,-0.10494763,0.02103422,-0.13325842,0.061294682,0.011383904,-0.12773949,-0.23142472,-0.12474647,0.0626711,-0.081763186,0.043440297,-0.24663094,-0.018672895,-0.20407861,-0.25045413,-0.09804054,0.018902697,-0.15031442,0.11241828,0.07337608,-0.060050875,-0.007405561,0.0020900322,0.0501041,-0.013089873,-0.08618842,-0.10203558
ones,0.006725153,0.100311,0.017411668,0.10697505,-0.24462533,0.19990839,0.0070526535,0.15009736,-0.1908495,0.023570698,-0.1197081,-0.0049858075,0.099528424,0.18563023,-0.16696626,-0.021697985,0.1193049,-0.19490679,-0.14650847,0.1740781,0.10159192,-0.14668888,-0.07015818,0.25775722,0.22129199,-0.010340527,-0.07507632,0.056637045,-0.16601071,-0.13138777,-0.03241301,-0.18389803,-0.10158524,0.010390049,-0.018623404,0.11622691,0.12287775,-0.15372415,0.09110368,0.047686085,0.039533783,-0.031593487,0.2704824,-0.003251647,-0.03177774,0.10142691,-0.0016624974,0.07273106,0.12342942,0.009449665,-0.02411088,-0.38629702,-0.10490503,0.09265457,0.102783024,-0.08815313,-0.05985894,0.067799225,-0.046478458,0.12637061,-0.023777569,-0.11845194,-0.34564525,-0.010924819,0.08201703,0.040491916,-0.001828889,-0.02665049,-0.16951923,-0.0385282,0.018169342,-0.18583408,-0.20013794,-0.106402114,0.05076591,-0.10210623,0.039152876,0.055536907,-0.16235276,-0.21484688,-0.04712854,0.070290275,-0.12771578,0.09224425,-0.25967664,0.0029442457,-0.2573969,-0.26937464,-0.08675775,0.07005631,-0.14508401,0.09539004,0.0798657,-0.05300582,0.061388995,0.0043171053,0.07048816,-0.0019288704,-0.08314443,-0.11498263
living,-0.06382352,0.1277279,-0.0041811457,0.13209271,-0.27939272,0.23592189,-0.038911007,0.1875911,-0.17848451,0.070345595,-0.069025226,0.013491438,0.09360784,0.13995586,-0.111880295,-0.026474409,0.123270765,-0.1677451,-0.10286772,0.15953971,0.05263093,-0.13573778,-0.08453647,0.258941,0.26400036,-0.020077156,-0.055651933,0.05360606,-0.15566131,-0.14390256,-0.027767608,-0.21585123,-0.06603804,-0.0007153844,-0.040573582,0.10561147,0.15528499,-0.14306289,0.12752181,0.097955845,0.0020832946,-0.006298005,0.26278952,-0.053050816,-0.02853053,0.030870942,0.011174265,0.04096597,0.117998,0.06992265,0.004176514,-0.40780076,-0.121163845,0.07902555,0.106882945,-0.060704827,0.023350747,0.09494072,-0.07200032,0.14745791,-0.01786417,-0.08658506,-0.31402415,0.024579352,0.07043637,0.022085104,0.015990147,0.038632344,-0.21435758,-0.054792244,0.11091245,-0.20053478,-0.18932697,-0.15635408,0.08345658,-0.12795062,0.06487531,0.046633106,-0.17418063,-0.18254371,-0.06613314,0.12328266,-0.11618041,0.023570519,-0.28731066,-0.05039816,-0.26156706,-0.22403196,-0.04975536,0.06078981,-0.17779973,0.11222237,0.05457325,0.0070726825,0.022575028,0.009598253,0.07356568,-0.039123848,-0.101579934,-0.08910484
engine,-0.026993264,0.07268117,0.018136809,0.08015863,-0.20221457,0.14515549,-0.045958128,0.13128449,-0.19885193,0.07211548,-0.09440577,0.026425015,0.092069626,0.13963586,-0.13238966,-0.07823763,0.13194808,-0.14315745,-0.15720417,0.13355087,0.05587778,-0.09837586,-0.08199438,0.20162144,0.2530433,-0.01328789,-0.08677771,0.043765362,-0.1515283,-0.09571868,-0.06836204,-0.184908,-0.09405594,0.008092573,-0.050118126,0.15534425,0.13904557,-0.21290319,0.100172944,0.08781271,0.0016664051,-0.027971445,0.23451357,-0.044972245,0.00990861,0.08501648,0.04977193,0.051616132,0.1262242,-0.008364279,-0.069465466,-0.34748456,-0.10458873,0.08350022,0.091831125,-0.035740044,-0.06037364,0.05319832,-0.09054311,0.1548114,-0.06444286,-0.09255605,-0.3274084,-0.013670333,0.073741056,0.042592686,-0.009729321,-0.032735374,-0.13895066,-0.01272353,-0.008426126,-0.15317295,-0.18138872,-0.09877698,0.013639176,-0.12159877,0.040371235,-0.012757747,-0.141763,-0.23430161,-0.09997988,0.046823863,-0.088797815,0.07541633,-0.22755502,0.0057056295,-0.18914807,-0.25239035,-0.09357134,0.035247244,-0.13776353,0.12990288,0.08954775,-0.049117833,0.015268377,0.027040211,0.062270265,-0.0281181,-0.080841415,-0.114197284
castle,-0.0455135,0.067546554,-0.0010168459,0.086080775,-0.20807967,0.127584,-0.046406012,0.12613747,-0.17005977,0.08748804,-0.10132906,0.017453857,0.10312713,0.13491091,-0.10537522,-0.047614135,0.10298846,-0.1517404,-0.12112181,0.11099394,0.05676011,-0.08052837,-0.118617125,0.21500821,0.26393548,-0.019940022,-0.07869527,0.033079494,-0.12320701,-0.07789059,-0.08419844,-0.2001881,-0.10942116,0.0030433983,-0.033515293,0.11023726,0.14899226,-0.1820672,0.10372539,0.096088804,-0.0022832549,-0.04766948,0.22457434,-0.044549633,-0.015874803,0.0776975,0.034419354,0.05100814,0.13218448,-0.017246285,-0.023006395,-0.34552947,-0.11819631,0.06443269,0.088366665,-0.037904758,-0.032199875,0.032455407,-0.06403208,0.1651468,-0.029947896,-0.11555619,-0.33050767,-0.008525237,0.084791526,0.02805389,-0.0035031787,-0.021205856,-0.13740465,-0.010497644,0.020311896,-0.14937755,-0.19576234,-0.100305356,0.031676553,-0.120208874,0.059219122,-0.017585445,-0.14230965,-0.22031991,-0.11116765,0.03190118,-0.082789876,0.06269973,-0.23320808,0.025559874,-0.18834352,-0.26765436,-0.100597404,0.0466905,-0.11844453,0.11994582,0.10349768,-0.037140243,0.0026015784,0.011291771,0.051616527,-0.0022634675,-0.08383174,-0.12467664
shōkichi,-0.027349878,0.06579459,0.0055429824,0.072399676,-0.18860008,0.13750267,-0.029825391,0.11500579,-0.17347546,0.084757395,-0.12939146,0.019716071,0.11574236,0.16042851,-0.1470083,-0.07886794,0.12042391,-0.17561042,-0.16447175,0.09265265,0.07658048,-0.09243293,-0.118901916,0.22309546,0.25737664,-0.0071896827,-0.10896434,0.046257682,-0.13939309,-0.080033325,-0.06493746,-0.1845928,-0.1141972,0.010577272,-0.014464696,0.15495844,0.12760977,-0.19191188,0.08336308,0.045604594,0.019492123,-0.04799581,0.19944064,-0.017457008,-0.016277414,0.119852714,0.018835478,0.07497351,0.13947332,-0.003985194,-0.029434796,-0.3279358,-0.07232982,0.07105946,0.1001995,-0.04083293,-0.08597346,0.0037179398,-0.07426433,0.15300137,-0.07654255,-0.110319465,-0.33260053,-0.030247606,0.08777558,0.059402086,-0.022193253,-0.05523122,-0.119130135,-0.0155354785,-0.014129846,-0.16273475,-0.21053621,-0.09682914,0.0119534945,-0.10427386,0.019424539,-0.034898605,-0.1393958,-0.23533571,-0.11216039,-0.012254763,-0.093334645,0.10298123,-0.22784823,0.051577818,-0.20668529,-0.2650775,-0.10248491,0.045167826,-0.109077714,0.10747179,0.1134625,-0.0843232,0.036532383,0.0032399853,0.077056155,-0.020448891,-0.08595219,-0.13118938
year,-0.06668681,0.115049824,0.014813696,0.09257653,-0.2691681,0.21917741,-0.034760054,0.19728096,-0.14797796,0.05460396,-0.07366782,0.020081766,0.05214842,0.073954046,-0.1163314,0.0029893275,0.13093379,-0.16647363,-0.07285832,0.17968497,0.07463929,-0.121496126,-0.10843445,0.23592883,0.26405832,0.0011028956,-0.05564962,0.08126118,-0.15319102,-0.16840677,-0.04264013,-0.20275207,-0.0803779,0.010626796,-0.032285117,0.098552436,0.19571233,-0.1627678,0.114016704,0.077319935,-0.021443022,0.011659189,0.23642929,-0.03519393,-0.031212805,0.043509576,0.016510122,0.03172917,0.10638848,0.0571116,0.0032010188,-0.3653538,-0.14374569,0.07348095,0.0911982,-0.0676997,0.027222708,0.10778507,-0.047464997,0.1439087,-0.009467896,-0.06534484,-0.32112622,0.052928217,0.06733931,0.028147204,-0.017354565,0.06881076,-0.23204252,-0.022855677,0.075557254,-0.1770225,-0.14491993,-0.15495127,0.07422576,-0.11245968,0.058483213,0.045159403,-0.17208304,-0.18433608,-0.105604336,0.13253878,-0.0965461,0.003774784,-0.2663385,-0.05526897,-0.24008983,-0.20926496,-0.0650321,0.048072748,-0.16375178,0.119445845,0.053573694,-0.026335124,0.019878842,-0.009303721,0.051671136,-0.0076919384,-0.076083384,-0.11897207
ngh,-0.070382684,0.0065105436,0.012411902,0.056020133,-0.14374395,0.08229771,-0.022045325,0.07153746,-0.13755114,0.11808398,-0.018608218,0.050655153,0.041462682,0.012960113,-0.098312534,-0.019665774,0.14926766,-0.024529407,0.023841843,0.04361722,0.030089445,-0.029242981,-0.10094212,0.118104465,0.22891401,0.033159092,-0.010997669,0.07566181,-0.07561047,-0.07504569,-0.06269923,-0.13891493,-0.070179194,0.039689366,-0.046683315,0.13852738,0.15638345,-0.19484998,0.14378275,0.08778741,0.0021371986,-0.103058115,0.10351132,-0.012111223,0.040900853,0.14765668,0.015045177,-0.030386064,0.12741198,-0.060070395,-0.0047332826,-0.17035417,-0.15144856,0.103596665,0.08197942,0.045798734,0.04442275,-0.038269363,-0.016100882,0.10547005,-0.119840875,-0.06315562,-0.25867954,-0.005211876,0.11123908,0.03032662,-0.060232848,0.030982332,-0.0697672,-0.026266895,-0.027029363,-0.084542595,-0.15212093,-0.019671049,-0.028854046,-0.07956215,-0.043165386,-0.1008182,-0.13360329,-0.13537018,-0.103612594,-0.011897957,-0.09628624,0.04396069,-0.15610377,-0.06869877,-0.08856867,-0.24832359,-0.13931404,0.0062921755,-0.044634428,0.10584987,0.048321135,-0.109516546,-0.00018605021,-0.03726906,0.056470342,-0.03735937,-0.11480045,-0.14466743
guys,0.01211031,0.06761521,0.00047750637,0.074198976,-0.2070419,0.13008523,-0.03533339,0.11831842,-0.1832473,0.06661008,-0.11923825,0.010389336,0.09444716,0.1727157,-0.13817483,-0.09658686,0.1326987,-0.17090067,-0.1559916,0.11768069,0.09591058,-0.08592458,-0.08798445,0.21699119,0.24494894,-0.02147139,-0.09873576,0.0038751971,-0.15288444,-0.050640848,-0.044793725,-0.20306939,-0.12958941,0.0010475869,-0.025785832,0.14752106,0.13304798,-0.17441307,0.10851008,0.061568152,0.026308848,-0.05989262,0.23310755,-0.022047676,0.0014072544,0.10603371,0.016396414,0.09148782,0.17311844,-0.03792254,-0.04416956,-0.33484998,-0.07024999,0.08010259,0.09499744,-0.04464642,-0.094033785,-0.0075238016,-0.05403,0.1628513,-0.056162715,-0.11761502,-0.32605475,-0.04807545,0.12557049,0.055524174,-0.01407633,-0.0626163,-0.08407041,-0.031885114,-0.019704593,-0.14975023,-0.2064529,-0.09092585,0.035282865,-0.08232785,0.023253685,-0.01948724,-0.15930857,-0.2339046,-0.09570517,-0.0061801816,-0.11924245,0.097305834,-0.22783242,0.03529645,-0.21559161,-0.28474897,-0.11351621,0.05488402,-0.11332461,0.09640707,0.10865949,-0.07135489,0.021452677,0.007418715,0.082563505,-0.023046862,-0.0946176,-0.13579683
wan,0.09856604,-0.036293313,-0.03638049,0.078822374,-0.1923478,-0.010791621,-0.12314406,0.025443822,-0.26725513,0.016689861,-0.17156777,0.107331246,0.20877872,0.26372433,-0.24467884,-0.20103393,0.19927523,-0.14730228,-0.26280475,0.02289316,0.074079596,-0.080925114,-0.082666546,0.13610987,0.25455472,0.024499716,-0.22798285,0.013128519,-0.17756915,0.011229103,-0.121060535,-0.1095045,-0.17587934,-0.05709004,-0.017849546,0.13848275,0.06296351,-0.26382437,0.029212432,0.19472767,0.009219958,-0.2121797,0.20255144,-0.01722919,0.048125476,0.19284372,0.06871348,0.12657024,0.11931585,-0.05017676,-0.18306243,-0.373151,-0.06294742,0.081098,0.08555136,0.019249646,-0.20974645,-0.06451536,-0.17006937,0.19262055,-0.11688162,-0.08718295,-0.3839742,-0.07514638,0.048159175,0.048742197,0.013137181,-0.21710864,-0.0994075,0.0752492,-0.110764496,-0.08432774,-0.19136654,-0.008365831,-0.12650342,-0.18797413,-0.05339242,-0.0953084,-0.09516562,-0.3810115,-0.098138504,-0.023853375,-0.08630689,0.25184533,-0.111117765,0.13116676,-0.04802198,-0.29392534,-0.09524757,0.07492693,-0.09893776,0.2168499,0.20888737,-0.16823006,-0.030796412,0.04747876,0.012016351,0.016003812,0.0012862362,-0.21190058
rice,0.0024648402,0.070808224,0.008875381,0.10370125,-0.17777716,0.11753875,-0.05171971,0.113269135,-0.23361331,0.08304589,-0.14300428,0.040413033,0.14117873,0.20069459,-0.16853413,-0.14236449,0.1080759,-0.17913538,-0.22123355,0.13249476,0.06736698,-0.102940984,-0.06500459,0.17654704,0.23651977,-0.032806538,-0.11488293,0.044603065,-0.1499499,-0.12854,-0.100028284,-0.1184035,-0.10660886,0.0029907562,-0.014344296,0.15972647,0.068244606,-0.18557252,0.056569893,0.10224854,0.0026492802,-0.09179504,0.21466011,0.005432718,0.014955504,0.08873276,0.09709374,0.08812414,0.11613112,0.0030284424,-0.08437764,-0.37531886,-0.057952285,0.046146873,0.10122709,-0.084664784,-0.100178994,-0.002755318,-0.11744683,0.14707908,-0.06349683,-0.116644084,-0.3615299,-0.024476698,0.03213522,0.07370104,-0.015450751,-0.086995885,-0.09863087,-0.01025082,-0.0018040129,-0.16478643,-0.22908117,-0.07422334,0.008920518,-0.11317207,0.034277733,0.012346502,-0.14210041,-0.27611822,-0.074657775,0.031227084,-0.058812216,0.116315335,-0.24876437,0.08785838,-0.17854396,-0.2885856,-0.076968834,0.052377515,-0.14591502,0.12161343,0.09672798,-0.10020252,0.03391364,0.019027347,0.047290996,-0.015634228,-0.06213261,-0.118909046
mind,-0.043688327,0.051166307,-0.0058316207,0.11262365,-0.20280653,0.106200196,-0.06409479,0.110578105,-0.18338646,0.0948916,-0.14590608,0.054673716,0.14631929,0.1870606,-0.1628757,-0.10442376,0.11630611,-0.19352457,-0.2032571,0.09496723,0.07114287,-0.06459132,-0.11135677,0.17456444,0.242194,-0.009633612,-0.11859426,0.055989213,-0.11094442,-0.10942546,-0.09075232,-0.16653372,-0.10680973,0.004993731,-0.016536376,0.14553398,0.101804435,-0.1833922,0.06707073,0.07344194,-0.012871764,-0.075511724,0.19607899,-0.0018274337,-0.018476406,0.10748175,0.0634177,0.043677647,0.13222964,0.007909236,-0.06707439,-0.3596298,-0.08160672,0.026033938,0.08513929,-0.06637109,-0.07106023,0.0015584587,-0.103220895,0.14534265,-0.071143135,-0.14091326,-0.35856768,-0.009267922,0.04590968,0.07110143,-0.020057848,-0.051575013,-0.12837014,0.020386333,-0.01753208,-0.14511372,-0.21585967,-0.0717269,-0.019934136,-0.15580733,0.041724045,-0.0131590385,-0.11690176,-0.2904343,-0.09351699,-0.001123103,-0.051758513,0.10932108,-0.23345162,0.056659754,-0.15525526,-0.2612426,-0.09521916,0.058240857,-0.1539773,0.11450766,0.105096295,-0.12826583,0.0073538464,0.03753703,0.027970329,-0.0016417181,-0.04526177,-0.1508743
leaving,0.02700099,0.06208437,0.018677633,0.05907748,-0.1938517,0.15472446,-0.012786379,0.15287738,-0.17811012,0.062053155,-0.112909995,0.050034076,0.065989986,0.15273075,-0.16382346,-0.0684397,0.15235229,-0.17387316,-0.17495862,0.121205024,0.09555067,-0.10431573,-0.10641158,0.22428997,0.24476151,-0.04482011,-0.06850673,0.09158181,-0.15484901,-0.13000815,-0.053152125,-0.1915449,-0.095051795,-0.018215714,-0.046062723,0.15983881,0.13359487,-0.13763452,0.09253624,0.045815513,-0.0048836903,-0.022829236,0.19491483,-0.0124047175,-0.019911481,0.112959296,0.043020707,0.07900732,0.14249048,-0.014305765,-0.025206497,-0.32547963,-0.08330508,0.050637633,0.06778755,-0.077907324,-0.111907326,-0.017583735,-0.03514035,0.10449145,-0.07900726,-0.10676308,-0.3292411,-0.043003544,0.057134043,0.07184154,-0.03419643,-0.057206962,-0.12132291,-0.0063224286,0.0022879408,-0.12774204,-0.18549249,-0.11033324,-0.008096229,-0.0714078,0.016157288,-0.021346642,-0.13640565,-0.23002353,-0.1097791,-0.009572962,-0.092970654,0.12422135,-0.20792463,0.03163065,-0.1902912,-0.25638533,-0.08363501,0.04320514,-0.17303932,0.09547165,0.10316183,-0.08302282,0.06489668,-0.006113132,0.05858647,-0.024144216,-0.0830335,-0.1501284
save,-0.04546277,0.059093814,-0.002654539,0.10209659,-0.22218576,0.17232978,-0.028881557,0.13875161,-0.2183684,0.048943225,-0.08973796,0.0025449488,0.11430614,0.18539545,-0.16513793,-0.030744858,0.11065157,-0.17388365,-0.18510844,0.14198484,0.06849514,-0.14736266,-0.053595223,0.20712563,0.22949944,0.011228766,-0.09024998,0.05448839,-0.13955939,-0.09851359,-0.08125358,-0.17758682,-0.12441998,-0.0065123336,-0.014898368,0.13902624,0.1303591,-0.1827389,0.05969903,0.08148527,0.020026866,-0.037791286,0.23576936,-0.03297071,-0.020132937,0.09585681,0.035260703,0.08654153,0.10573477,0.011334158,-0.049828514,-0.37421885,-0.094890624,0.10465575,0.10727504,-0.081604384,-0.046150077,0.06156122,-0.09232656,0.11054974,-0.066069335,-0.1162222,-0.31598505,0.017558677,0.060648255,0.022693586,0.024115987,-0.06453489,-0.14467719,-0.014658507,0.0035364127,-0.18158902,-0.1698244,-0.09813822,-0.009864664,-0.13783477,0.018858805,0.015290179,-0.13736834,-0.22375394,-0.073368356,0.06442424,-0.0999854,0.087480456,-0.24721661,0.047682483,-0.20599253,-0.24911138,-0.107649304,0.042106457,-0.12949379,0.1198157,0.084340386,-0.055397827,0.048564896,0.022780696,0.05164955,0.0057762684,-0.04828686,-0.11706903
promise,0.011235352,0.051571686,0.01581882,0.08454813,-0.18207341,0.12082807,-0.025682356,0.09030528,-0.1981519,0.07960281,-0.184322,0.04699607,0.16090573,0.20706856,-0.20722419,-0.094253086,0.11240831,-0.20053948,-0.25744197,0.10751978,0.069507144,-0.10150298,-0.10641372,0.20301275,0.2662131,-0.016347313,-0.10713635,0.06147258,-0.121240854,-0.10834904,-0.07127275,-0.1417792,-0.13993637,0.010718137,0.002051151,0.15205285,0.075948134,-0.14846882,0.06048289,0.05293412,0.0021916453,-0.0965787,0.19482167,0.016650697,-0.016141875,0.14536776,0.06358571,0.07754451,0.13337706,-0.019833481,-0.052848026,-0.35950142,-0.062179845,0.03356579,0.07846528,-0.08478494,-0.15470986,-0.024498591,-0.08320826,0.11159537,-0.10903738,-0.15649599,-0.34058326,-0.059354745,0.06459476,0.06529926,-0.024616769,-0.101693735,-0.117424786,-0.0035848375,-0.03948251,-0.14457035,-0.23721173,-0.07814897,-0.022989716,-0.13486381,0.042692244,0.017251266,-0.12892327,-0.2741955,-0.075607896,-0.04615049,-0.09512768,0.16097616,-0.202686,0.10379008,-0.18023229,-0.27309164,-0.0964089,0.0632516,-0.15564328,0.114753366,0.12369348,-0.13650087,0.028378716,0.0075625717,0.06711263,-0.0019352364,-0.07215858,-0.15453929
talk,-0.030334305,0.038912166,0.012661962,0.11119232,-0.13061352,0.06140077,-0.038872298,0.057829764,-0.24158785,0.10661715,-0.186048,0.06528977,0.18255465,0.23672837,-0.20282046,-0.10867275,0.11205113,-0.20519121,-0.27276576,0.10129807,0.045764897,-0.087446004,-0.09787818,0.15968077,0.25313827,-0.040602982,-0.12719977,0.05236272,-0.11101575,-0.08643517,-0.094611876,-0.14536817,-0.12143638,0.017449332,0.023809876,0.14647694,0.056479566,-0.1763744,0.05183579,0.07701598,0.01650563,-0.10550742,0.18668544,0.027325494,-0.007715805,0.1377153,0.09564283,0.057862427,0.13256237,-0.024648953,-0.081486076,-0.377047,-0.053768966,0.023046497,0.088016726,-0.078701004,-0.147386,-0.037422013,-0.07763567,0.12374011,-0.083767705,-0.19039148,-0.35568216,-0.068123035,0.036360174,0.08193423,0.0058692563,-0.10321589,-0.08313532,0.007586476,-0.04049987,-0.15122384,-0.2605422,-0.061726056,-0.036090504,-0.13877791,0.0387461,0.025194133,-0.10201768,-0.29279563,-0.076001935,-0.07674712,-0.057406664,0.14479257,-0.19146584,0.12231904,-0.15751877,-0.2910515,-0.10666618,0.04507268,-0.1551016,0.124318235,0.11213699,-0.14575516,0.00030887825,0.043851823,0.055031527,0.008972648,-0.073779196,-0.1325891
secret,-0.021139463,0.08712415,-0.010975617,0.039728478,-0.2375653,0.20271862,-0.046405174,0.17360099,-0.13951054,0.08027203,-0.0891623,0.020299006,0.073249735,0.09374646,-0.17308798,-0.03858401,0.1632431,-0.16495901,-0.15093836,0.13131449,0.076370254,-0.13043413,-0.12810487,0.22408652,0.26175785,-0.036856662,-0.058786113,0.0570661,-0.14566709,-0.08076072,-0.039650403,-0.20310989,-0.090433575,-0.004928307,-0.082656786,0.15456699,0.17859277,-0.16229121,0.15865584,0.013009676,-0.00048725167,-0.037182033,0.18675983,-0.030494744,-0.019074447,0.09414456,0.00092437695,0.058830056,0.14890163,-0.0084346915,-0.0017337288,-0.31926852,-0.118666194,0.068957284,0.09960091,-0.0208622,-0.061410114,0.0014364434,-0.023943031,0.10770354,-0.08199123,-0.10976127,-0.26788723,-0.03604781,0.105138555,0.050856262,-0.046133485,-0.035903186,-0.15315686,-0.028645419,0.010535143,-0.11265756,-0.19313653,-0.13674664,-0.025660118,-0.11887205,0.0485846,-0.019229049,-0.18144028,-0.20761326,-0.12243704,0.03710559,-0.1423582,0.089644685,-0.22243929,0.036747087,-0.22714701,-0.24999703,-0.117872804,0.063826606,-0.1332683,0.07488088,0.101577654,-0.068871394,0.049642388,-0.043079033,0.10293298,-0.0015768749,-0.09777369,-0.14135057
careful,-0.011667296,0.0738131,-0.020804778,0.081280105,-0.20056725,0.14962111,-0.05589601,0.12058936,-0.17155907,0.053412717,-0.12666036,0.025603374,0.11005677,0.15796751,-0.16633235,-0.09266128,0.12094432,-0.14579119,-0.19404453,0.10000924,0.10039397,-0.120573774,-0.12333909,0.1985377,0.2620791,-0.0016120056,-0.082066946,0.09623114,-0.14145039,-0.108506024,-0.055259522,-0.16781807,-0.104780115,-0.03603038,-0.037709597,0.15537876,0.10511545,-0.15795067,0.08035637,0.059347205,0.021639334,-0.054023985,0.20651625,-0.02230556,-0.015305035,0.11106262,0.035973605,0.068474814,0.13644731,0.047346164,-0.06939154,-0.3851231,-0.07355803,0.067620926,0.09995725,-0.035504516,-0.054666758,0.021305691,-0.111383244,0.11717707,-0.12262037,-0.09292851,-0.32625136,-0.04001667,0.07273928,0.019683005,-0.010259563,-0.05046317,-0.16942877,0.013846714,-0.0046868953,-0.18518528,-0.19300617,-0.086777896,-0.031157434,-0.12703341,0.022719597,-0.022995465,-0.16723944,-0.23855597,-0.07573942,0.030242812,-0.09653222,0.09356458,-0.21074659,0.03181381,-0.19994669,-0.21500729,-0.068380214,0.06318237,-0.13016804,0.129166,0.08094726,-0.06156832,0.025326084,0.0047577326,0.09593115,-0.015709585,-0.07826931,-0.122329034
real,-0.07388766,0.08910717,0.0034434171,0.13323519,-0.1907276,0.1387822,-0.042861912,0.10608919,-0.16816156,0.0958924,-0.11555292,0.021952624,0.12385575,0.14331198,-0.12499678,-0.09168751,0.115003675,-0.16270079,-0.1464608,0.10869264,0.06319973,-0.08601217,-0.11172615,0.1967349,0.2603124,-0.023413122,-0.087805495,0.027348483,-0.13132708,-0.08231001,-0.061846547,-0.17782828,-0.09721973,0.01692618,-0.03199131,0.15774538,0.107014045,-0.20382304,0.081850626,0.08723481,0.02676626,-0.032980762,0.2143841,-0.012476725,4.390121e-05,0.06597065,0.0478417,0.050962977,0.14779098,0.00014364326,-0.041568898,-0.3619978,-0.0877476,0.06688904,0.10266325,-0.034117088,-0.029849209,0.04842074,-0.08977843,0.14765295,-0.05436453,-0.12926143,-0.30939507,-0.034972247,0.0757344,0.038794518,-0.013096795,-0.04162743,-0.12550187,-0.0339043,0.024567464,-0.18852377,-0.24180114,-0.08851658,0.035422225,-0.11927741,0.056383513,0.027991893,-0.16310704,-0.23085834,-0.08460735,0.046806935,-0.082846016,0.04182568,-0.24689873,0.012088938,-0.21835658,-0.25291172,-0.08229093,0.03144929,-0.11755688,0.102840595,0.0775206,-0.053707328,0.007265127,0.01245893,0.062789015,-0.022963954,-0.08617413,-0.096130304
inside,-0.042112,0.1061988,-0.025082914,0.10233399,-0.30966395,0.18482597,-0.07396798,0.17319573,-0.20854285,0.005489155,-0.095625326,-0.012152355,0.1107184,0.14061475,-0.13749972,-0.06264862,0.13264185,-0.16533875,-0.10936565,0.09062365,0.079947464,-0.13537635,-0.08061235,0.23327704,0.21383508,0.038085077,-0.12821646,0.020545788,-0.16318871,-0.08305144,-0.09781647,-0.18450493,-0.1333306,-0.013343785,0.0007631909,0.08377634,0.15275355,-0.19034906,0.08518602,0.109298766,0.01754795,-0.04515977,0.26466772,-0.061404925,-0.01615008,0.09737306,0.022629874,0.06365549,0.047573213,0.07510961,-0.09202582,-0.3889488,-0.14432593,0.08896761,0.12289335,-0.062313344,-0.012860067,0.10247033,-0.11966592,0.18340567,-0.021990426,-0.0694516,-0.31007525,0.04815253,0.06870995,0.017102899,-0.007626995,-0.055321492,-0.20952632,-0.016320921,0.009038071,-0.16843764,-0.16908182,-0.09348289,0.00019243742,-0.1697117,0.003429858,-0.016825322,-0.12313205,-0.28072348,-0.077661,0.15530208,-0.08541196,0.071742944,-0.22729284,-0.0013141013,-0.2005162,-0.23237815,-0.06126585,0.047529988,-0.12641525,0.1543853,0.099997714,-0.029234126,-0.014049994,0.02405194,0.049969703,0.012333251,-0.026505392,-0.10841645
pom,-0.05478015,0.05114846,0.019536326,0.092533335,-0.23462424,0.1830523,-0.076646864,0.21055461,-0.11260431,0.055615164,-0.045170955,0.036670614,0.069843575,-0.019243248,-0.06721051,0.010617535,0.15906511,-0.13115355,-0.04460891,0.09324671,0.06646648,-0.123322815,-0.108583435,0.22738831,0.2408295,0.028662391,-0.09333611,0.063103415,-0.16106158,-0.0962527,-0.022367006,-0.2628725,-0.12153546,-0.009851002,-0.06659824,0.12029343,0.23598152,-0.22824626,0.1697008,0.09868006,-0.035176404,0.013428896,0.24869786,-0.0821282,-0.028085018,0.08550987,-0.0016848362,0.032154143,0.070063375,0.052356943,-0.03766567,-0.2760564,-0.16755892,0.07285771,0.09098918,-0.026523935,0.02349442,0.14157419,-0.056905977,0.20287722,-0.037441887,-0.00675048,-0.30065167,0.029019156,0.078879744,-0.041100617,-0.0076624937,0.08800867,-0.1699067,0.008689602,0.042332754,-0.14511184,-0.12425281,-0.16928488,0.060602304,-0.09165859,0.009459156,-0.012616298,-0.16144343,-0.12666151,-0.09253856,0.1292343,-0.09204007,-0.005602158,-0.2233061,-0.1036695,-0.1683505,-0.18561237,-0.039173726,0.019163493,-0.11684066,0.09884183,0.09662733,-0.004183439,-0.024804445,-0.046510197,0.06267316,0.0125105055,-0.035887085,-0.13485862
shit,-0.028111815,0.0581159,-0.015563662,0.093168914,-0.19136415,0.118207656,-0.042238284,0.10319949,-0.15132768,0.091368735,-0.11084955,0.0093667265,0.08923288,0.13084288,-0.1262257,-0.07211693,0.11548282,-0.13703747,-0.1288999,0.089939155,0.0661715,-0.09200887,-0.0990706,0.19788988,0.24653415,-0.011927049,-0.0954916,0.008387889,-0.1348588,-0.053040918,-0.07575073,-0.18686652,-0.114570566,-0.00775225,-0.038689815,0.1697424,0.13750479,-0.19220038,0.1111627,0.06589644,0.036086448,-0.057570003,0.22039558,-0.034895968,0.0030114187,0.10003308,0.016054282,0.07099805,0.14115573,-0.030267151,-0.050472345,-0.33447126,-0.06445459,0.07971658,0.11350994,-0.031112054,-0.043800905,0.030930903,-0.072963655,0.14764501,-0.068649314,-0.11359497,-0.29696584,-0.033092733,0.10838165,0.042985708,-0.022019323,-0.06531451,-0.08921209,-0.007388778,-0.012292353,-0.15667863,-0.2011711,-0.0916036,-0.00029287947,-0.101130605,0.03254716,-0.0143777495,-0.14240626,-0.20988661,-0.106514096,0.042540032,-0.0823695,0.059705947,-0.22076446,0.03293561,-0.19691269,-0.25479364,-0.12018147,0.028169142,-0.08569318,0.109639704,0.07742119,-0.044977643,0.0072604557,0.011286134,0.07512797,-0.026944049,-0.08387023,-0.109697156
fall,-0.043593377,0.04051971,0.010029679,0.09366215,-0.23136361,0.13754508,-0.04891396,0.13476735,-0.21568365,0.021697095,-0.12240613,0.03594187,0.1211761,0.17176393,-0.15296103,-0.07773496,0.12947531,-0.15180817,-0.15366882,0.11047149,0.051109955,-0.10690933,-0.07298856,0.18517214,0.23758882,0.020362249,-0.12113107,0.032592572,-0.12180344,-0.10454688,-0.07182112,-0.1802051,-0.12979579,0.0041546007,-0.022697367,0.12658207,0.1410247,-0.20328134,0.06305275,0.10240083,0.012497665,-0.07839863,0.23115364,-0.03592279,0.014410336,0.12679505,0.030466817,0.06346417,0.112165116,0.011453476,-0.09413498,-0.37285903,-0.11326283,0.08093059,0.080208175,-0.042423584,-0.07910729,0.048043747,-0.11936102,0.16222063,-0.07335731,-0.090487435,-0.3415682,0.00010354382,0.07920626,0.043819316,-0.0016133437,-0.06269787,-0.16132168,0.0100348005,-0.042119097,-0.15404807,-0.19711685,-0.0828508,-0.022844419,-0.14755256,0.021013131,-0.038780708,-0.11144201,-0.26887977,-0.07358658,0.04490483,-0.082528844,0.12289932,-0.1956329,0.03780009,-0.16265582,-0.2590442,-0.08240112,0.040793747,-0.14039925,0.1613799,0.104419746,-0.07881163,0.0058927466,0.014109744,0.01815767,-0.018817782,-0.06829561,-0.12151774
mama,-0.04620074,0.047869883,-0.023084644,0.102848075,-0.19338943,0.10990109,-0.06016262,0.093683004,-0.19490105,0.060134996,-0.12785153,0.020021448,0.1212243,0.16198304,-0.14195879,-0.10265462,0.11504451,-0.13933176,-0.19884008,0.08515376,0.0779216,-0.115472026,-0.08668277,0.17583953,0.22295298,-0.0016472446,-0.10333707,0.027158404,-0.13189346,-0.044501193,-0.084831,-0.16014282,-0.12760516,0.0012296069,-0.025509551,0.16188277,0.090371564,-0.2234079,0.069976896,0.076487556,0.028532382,-0.07851738,0.20830874,-0.037612647,0.0079709,0.09857966,0.04452395,0.05732151,0.13601978,-0.016068706,-0.081045955,-0.34357712,-0.07839527,0.08479688,0.0974807,-0.04370769,-0.08620443,0.0039395234,-0.110117115,0.16515556,-0.0840941,-0.1456064,-0.2966998,-0.02624485,0.08516293,0.05000164,-0.010566555,-0.10802879,-0.08869656,-0.025264392,-0.04151062,-0.1703199,-0.20677762,-0.05769212,-0.03480578,-0.14723,0.019650683,-0.014238892,-0.1421622,-0.24462353,-0.08898655,0.030209184,-0.07860995,0.091034696,-0.20845403,0.07440938,-0.18375105,-0.26129374,-0.113159016,0.03467558,-0.08047923,0.13035102,0.09725285,-0.08226194,0.023523618,0.027912015,0.06832415,-0.033327017,-0.06177352,-0.12799963
sutemaru,-0.037928175,0.047040917,-0.004770734,0.060346246,-0.16215445,0.10711447,-0.04411061,0.08398728,-0.13913387,0.06628745,-0.0870223,0.0052025393,0.08855021,0.1107871,-0.101140276,-0.05494473,0.09931433,-0.11724695,-0.12761341,0.08164278,0.061125092,-0.08481517,-0.071989395,0.16311477,0.19002368,0.0065535475,-0.07801788,0.041927703,-0.09942268,-0.067307174,-0.046901036,-0.13486642,-0.078427866,0.012621617,-0.027494978,0.11910644,0.099571325,-0.14166594,0.05681123,0.045600932,-0.0019185614,-0.037729174,0.15784778,-0.020391002,-0.0041798977,0.08066799,0.02460112,0.049101498,0.09412651,0.0017324022,-0.043567237,-0.27253106,-0.079924084,0.0656405,0.08058435,-0.03500344,-0.048679538,0.024778016,-0.05821045,0.11563427,-0.05302858,-0.07432357,-0.2562227,-0.007323042,0.06185958,0.033759672,-0.009694376,-0.0430291,-0.10864724,0.004849484,-0.002189335,-0.13171986,-0.1426135,-0.067936644,0.0019576787,-0.09379472,0.028268639,-0.009309642,-0.100849204,-0.17321837,-0.06843026,0.024936497,-0.06774191,0.054557804,-0.1752967,0.015848607,-0.14144184,-0.20201229,-0.079119846,0.03234585,-0.085701175,0.08806336,0.06932454,-0.054551784,0.012675242,0.009540645,0.048380073,-0.018198907,-0.06008034,-0.100939855
satsuki,-0.07188988,0.06812882,-0.026578829,0.11019464,-0.19108531,0.07489122,-0.06697949,0.11042621,-0.15773576,0.10343072,-0.11866367,0.032925308,0.12758973,0.15419322,-0.122633345,-0.09578627,0.14414398,-0.13071832,-0.1572397,0.08583295,0.044777982,-0.04480368,-0.11971826,0.1964769,0.30657527,-0.034112856,-0.1230693,0.014767578,-0.13948402,-0.060437396,-0.11411663,-0.20590353,-0.09764437,-0.0044939676,-0.013387571,0.15647636,0.12699226,-0.21283048,0.09787748,0.118011184,-0.023335058,-0.07211971,0.20823698,-0.04651739,0.006696045,0.06840564,0.07481123,0.06014502,0.14425224,0.010595719,-0.06777499,-0.35090804,-0.07361701,0.023093646,0.080871694,-0.03129547,-0.039154287,-0.007801553,-0.07994072,0.1700288,-0.04985376,-0.09566633,-0.33919397,-0.043830622,0.05971006,0.065551706,-0.014588753,-0.063528836,-0.12953869,-0.004775182,0.03050082,-0.17234193,-0.25155112,-0.09954495,0.009631145,-0.119207844,0.021988573,-0.02530958,-0.1460018,-0.2706151,-0.11349028,-0.0010690021,-0.0809893,0.047216468,-0.23380268,0.07722667,-0.19329211,-0.26771945,-0.08598506,0.039257407,-0.100895315,0.13140008,0.0834943,-0.08880983,0.00485194,0.0027704148,0.06909657,-0.015759423,-0.08113824,-0.118915334
makes,-0.029248463,0.10974527,-0.008774515,0.10300601,-0.16993728,0.14691392,-0.03297003,0.11977124,-0.17120102,0.10943325,-0.12275576,0.0116953645,0.08427682,0.11749193,-0.0972221,-0.059084434,0.09642968,-0.17157534,-0.12455057,0.16086912,0.04100028,-0.12292626,-0.10495105,0.22162807,0.2864723,-0.03608058,-0.04073662,0.03263505,-0.13419472,-0.09511764,-0.03789965,-0.18111482,-0.08525913,0.020748945,-0.04896223,0.18461134,0.1457848,-0.18599136,0.12139951,0.06449092,0.024758134,-0.043471687,0.22799742,-0.031942643,0.008190968,0.08074937,0.0082486095,0.0589654,0.15171546,-0.03523,0.0068582534,-0.36470535,-0.08427373,0.07596854,0.09997373,-0.039522357,-0.04712183,0.03227948,-0.08766236,0.14490484,-0.055176847,-0.13107564,-0.32636052,-0.024242647,0.08902069,0.047057338,-0.012082985,-0.022327747,-0.10457859,-0.0489636,0.022634031,-0.17752138,-0.20896667,-0.1281554,0.039956238,-0.08761933,0.08281754,0.03932316,-0.18383881,-0.2097086,-0.093960606,0.06310818,-0.08912811,0.031668387,-0.2654834,0.0038982527,-0.25898722,-0.2616937,-0.10693329,0.025708998,-0.12809059,0.07284089,0.07380089,-0.04585807,0.03514933,0.008104192,0.08414085,-0.03815163,-0.12326861,-0.108594105
pay,0.01567915,0.018196478,-0.0019137126,0.118183635,-0.16020556,0.07873963,-0.03039104,0.050890926,-0.23221646,0.07950118,-0.17981844,0.058076747,0.16881421,0.25623974,-0.22394754,-0.13228875,0.10859086,-0.18825041,-0.2810029,0.106728695,0.07403761,-0.08784075,-0.06518314,0.16442794,0.2257617,-0.007194498,-0.13917676,0.035998676,-0.12271364,-0.090797946,-0.10422746,-0.11631381,-0.12764055,-0.005137643,0.018255444,0.13113402,0.02748392,-0.18843459,0.027637262,0.08677472,0.015568469,-0.13217917,0.18737185,0.02808293,0.020409502,0.1337827,0.08003621,0.07279772,0.11591614,-0.011901077,-0.102449924,-0.36563027,-0.046521164,0.05344036,0.08200712,-0.07721205,-0.14924428,-0.015100046,-0.10886288,0.1303652,-0.098079406,-0.15683874,-0.37071842,-0.043073304,0.030696774,0.08110601,0.002286086,-0.11604677,-0.08278374,0.032370254,-0.06697181,-0.14751165,-0.23563091,-0.04369297,-0.040786915,-0.15119071,0.03148108,0.029711358,-0.09282281,-0.28692734,-0.056014005,-0.023577236,-0.06610049,0.16381818,-0.18353817,0.12142774,-0.14486216,-0.2795119,-0.104967825,0.065579794,-0.13895772,0.1326024,0.106504746,-0.16203684,0.017307999,0.06147931,0.02934505,0.013091589,-0.024378981,-0.14854719
stand,-0.017912947,0.02741791,-0.0006744318,0.12009743,-0.1527918,0.11617173,-0.042853966,0.07304018,-0.24554233,0.09230192,-0.16149801,0.047831345,0.16600662,0.21592201,-0.16510999,-0.12856506,0.104299694,-0.18848865,-0.22803208,0.11017262,0.07220563,-0.10869526,-0.07704748,0.18074404,0.26068306,-0.013597927,-0.13046485,0.016791113,-0.121025264,-0.07168441,-0.074995145,-0.15395479,-0.13281368,1.2094418e-05,-0.021502145,0.17136317,0.08164466,-0.22933464,0.06886087,0.08173047,0.022955492,-0.08810626,0.225572,-0.0040619643,0.0138916485,0.1266598,0.05704898,0.06895239,0.15906507,-0.03137392,-0.06987512,-0.3823215,-0.05979252,0.0796495,0.10469182,-0.05858153,-0.10884738,0.0021122175,-0.11511568,0.156661,-0.10252352,-0.15303949,-0.3453007,-0.0690915,0.0698989,0.05535342,-0.0003243471,-0.09066149,-0.092262246,-0.018633509,-0.040620223,-0.16673459,-0.22604953,-0.07604231,-0.020750446,-0.13405348,0.07012405,0.021845466,-0.138158,-0.24632064,-0.049697775,0.0065438417,-0.087340996,0.119763166,-0.23601276,0.056042098,-0.17507109,-0.28683254,-0.11700143,0.066194184,-0.13002945,0.10739069,0.10751803,-0.09995798,0.015804982,0.039473753,0.04989829,-0.025021503,-0.076282345,-0.13625535
cold,-0.017734567,0.059279222,0.0179663,0.07245993,-0.20402077,0.14839248,-0.04897742,0.12498339,-0.20934337,0.06575397,-0.13237303,0.036190476,0.11914188,0.18448317,-0.18907972,-0.112352215,0.14566296,-0.17662404,-0.19670328,0.111739404,0.09046712,-0.093376085,-0.08182728,0.19648966,0.24343143,-0.0054486324,-0.110130385,0.07900381,-0.15285535,-0.0871694,-0.060478162,-0.16549309,-0.10361494,-0.017452877,-0.022384992,0.1657592,0.11070954,-0.18349354,0.06564252,0.07251622,-0.009977114,-0.0627131,0.2082637,-0.018104587,-0.0029174555,0.113841325,0.051722188,0.07066848,0.13243501,0.003948842,-0.07788157,-0.36148733,-0.089339085,0.046800394,0.09435867,-0.073678836,-0.08684474,0.017618274,-0.077951156,0.1355115,-0.08613229,-0.10721368,-0.35270953,-0.02543389,0.06051958,0.081597105,-0.018772328,-0.062195584,-0.14826298,-0.0072569815,-0.017375026,-0.14387117,-0.1904422,-0.0953629,-0.009882817,-0.116620444,0.039703757,-0.014932154,-0.1483818,-0.24803934,-0.08890289,0.002025629,-0.09623181,0.12860207,-0.2152425,0.05215817,-0.17476416,-0.27903372,-0.09600011,0.05560164,-0.15328401,0.119486615,0.08760781,-0.11097547,0.037071016,0.01636625,0.057941694,-0.026602317,-0.06733021,-0.14667505
um,-0.04255701,0.06925874,0.019542042,0.115909405,-0.15749714,0.11233696,-0.024864668,0.10147359,-0.16329359,0.12654485,-0.13159804,0.043611847,0.09355548,0.15587318,-0.13569516,-0.11649065,0.13758427,-0.16941258,-0.17047547,0.1191344,0.077083446,-0.051756293,-0.11715716,0.18502687,0.28381038,-0.04215316,-0.074169986,0.040323004,-0.12702931,-0.12220432,-0.06570476,-0.17459872,-0.10213804,0.022965716,-0.03799978,0.18119065,0.10275782,-0.17965747,0.07996822,0.07200693,-0.019274509,-0.044017084,0.18745704,0.009765349,-0.012410448,0.08549626,0.058142632,0.06963968,0.14943424,-0.033266246,-0.032332867,-0.328644,-0.061350584,0.02757103,0.09024882,-0.07735042,-0.07774866,-0.030432826,-0.06030088,0.13671269,-0.06949831,-0.13130842,-0.35007098,-0.04489585,0.0649547,0.06921188,-0.016002515,-0.024970222,-0.10151234,-0.005516069,0.0012766797,-0.17398195,-0.23516941,-0.076136634,0.016912388,-0.087097615,0.04740562,0.020447474,-0.14888167,-0.25323832,-0.11398816,-0.014350628,-0.07533178,0.08112813,-0.24116582,0.046245493,-0.17810225,-0.29230434,-0.08456517,0.042509634,-0.13888526,0.10405213,0.10162501,-0.1111099,0.015525543,0.020629948,0.05540795,-0.016440503,-0.107128695,-0.1427687
probably,0.027515147,0.066739485,0.013411032,0.031055262,-0.23876897,0.21142666,-0.019605288,0.16928904,-0.18552446,0.029463854,-0.10917847,0.016706023,0.10327889,0.1555751,-0.16310683,-0.064568505,0.15244843,-0.16798061,-0.15791655,0.1361027,0.09002916,-0.13487609,-0.07985993,0.244135,0.24307261,-0.019822733,-0.07115873,0.08343499,-0.15933621,-0.10061265,-0.041908093,-0.21188109,-0.12464447,-0.019541033,-0.022336451,0.15718973,0.15811184,-0.15789877,0.114209294,0.03085984,0.0026854477,-0.033501137,0.21750036,-0.011511135,-0.035690513,0.1243989,-0.0039640297,0.07968707,0.14153801,0.030972298,-0.027651496,-0.3485354,-0.108862184,0.07983429,0.09985076,-0.08472461,-0.080849856,0.019251488,-0.055594888,0.11524027,-0.053114112,-0.12777495,-0.31768999,-0.032880813,0.092943326,0.055858083,-0.040581662,-0.054069847,-0.13233383,-0.021611389,0.00010758306,-0.13226235,-0.17188406,-0.10497422,-0.012957538,-0.107010305,0.033629406,-0.02282855,-0.16805582,-0.2229387,-0.08176765,0.050753657,-0.1281514,0.13227464,-0.22709619,0.028472861,-0.22893575,-0.2591737,-0.09918562,0.07463213,-0.13369037,0.104482315,0.10380223,-0.07790828,0.056362458,-0.033385612,0.08482861,-0.022016384,-0.08955427,-0.1365789
bit,-0.044757042,0.08851614,0.010468575,0.03674632,-0.17327319,0.11512024,-0.051699873,0.10299692,-0.1527437,0.14229771,-0.12184867,0.036438048,0.10957781,0.115149476,-0.12256817,-0.113917805,0.11905669,-0.16744009,-0.16219944,0.11149835,0.06033799,-0.066848524,-0.10410535,0.19497237,0.30375028,-0.008967335,-0.12500574,0.037175097,-0.13614069,-0.08338342,-0.09885382,-0.16153479,-0.11630973,-0.004864607,-0.049053956,0.1746984,0.12195923,-0.20896325,0.10007463,0.094611645,-0.013632932,-0.057816997,0.19581014,-0.010287201,-0.007871728,0.094968334,0.047567245,0.035717342,0.15002681,-0.016587913,-0.05581667,-0.33920836,-0.10538541,0.051070046,0.08465712,-0.025111474,-0.053115375,-0.011666832,-0.08919416,0.16947864,-0.053466063,-0.0840351,-0.34803656,-0.04482329,0.07548918,0.052140318,-0.038104746,0.010034751,-0.14245006,-0.015338692,0.006885278,-0.1355658,-0.20070438,-0.09865759,0.020126222,-0.11490835,0.029386872,-0.022473553,-0.15783784,-0.2586761,-0.12732762,-0.00062653684,-0.101657934,0.07159678,-0.22685768,0.02022543,-0.18570784,-0.27669778,-0.12398673,0.041780233,-0.1118659,0.11610236,0.11620662,-0.082805015,-0.0055275187,-0.008885013,0.070969045,-0.012236096,-0.090188555,-0.15841204
mine,-0.121735,0.10864976,-0.017589277,0.10574926,-0.20435062,0.11304126,-0.07095888,0.11384871,-0.16335031,0.11628336,-0.09457603,0.021347405,0.10823943,0.099916086,-0.07524313,-0.11026879,0.10655891,-0.14367314,-0.091708235,0.09049045,0.036672894,-0.07157544,-0.1418926,0.18988657,0.27562463,-0.021462385,-0.11031277,0.0022313334,-0.111658394,-0.053931262,-0.09623927,-0.21871798,-0.08868115,0.02251962,-0.038455673,0.14972784,0.15284245,-0.22221813,0.11126714,0.10365745,-0.0032927576,-0.041938435,0.20231803,-0.04427125,0.023684964,0.055194583,0.040237945,0.02643911,0.13336429,0.009568478,-0.052226458,-0.3533932,-0.110646054,0.05134358,0.104385294,-0.009724975,0.015197477,0.035586815,-0.09310346,0.18797307,-0.06814226,-0.09396548,-0.31880245,-0.021233968,0.083125025,0.037401665,-0.025347564,-0.03377672,-0.13414602,-0.030933015,0.024675405,-0.18862389,-0.23045826,-0.10022863,0.034618508,-0.11619601,0.043326195,-0.028754188,-0.15386175,-0.25310943,-0.11528623,0.06398406,-0.07830238,0.009592068,-0.24589983,0.0085383495,-0.19094126,-0.25478742,-0.098843716,0.020944627,-0.10065595,0.12411037,0.07279083,-0.04783728,-0.011547523,0.0043969336,0.07049194,-0.03129266,-0.10161886,-0.09877352
fell,-0.094039805,0.10067874,0.018241635,0.13496742,-0.17417589,0.15521479,-0.027974224,0.11101729,-0.16469434,0.11209391,-0.10534694,0.0101415375,0.09484832,0.12657401,-0.11775153,-0.056368515,0.12897566,-0.1598815,-0.13348177,0.1482427,0.07574923,-0.10895409,-0.13201682,0.19876899,0.26363122,-0.004904581,-0.06762602,0.028433649,-0.11217441,-0.09298065,-0.0712668,-0.18571174,-0.090242505,0.017112697,-0.03347303,0.17128247,0.16190329,-0.20074823,0.097402304,0.06249744,0.0046287486,-0.013953813,0.23084585,0.004553271,-0.017371388,0.099293076,0.052401733,0.03262225,0.16594447,0.0025194522,-0.03257573,-0.35865283,-0.09691233,0.06876393,0.08919641,-0.046720058,-0.01830705,0.06884689,-0.07056728,0.15408541,-0.05776956,-0.14914186,-0.32776868,-0.030836292,0.06803411,0.044399306,-0.010233016,-0.010276852,-0.15131819,-0.0075617433,0.017553601,-0.18422036,-0.23799333,-0.09901922,0.02713138,-0.11734272,0.035485223,0.04611737,-0.15804605,-0.2263437,-0.12921079,0.0473075,-0.09204299,0.03160393,-0.27877846,0.0025702138,-0.21816489,-0.25315806,-0.11833027,0.027216002,-0.1397762,0.092241965,0.066848986,-0.041928716,0.020942286,0.031415068,0.06452811,-0.03105581,-0.111464575,-0.12887107
end,-0.032245625,0.09011179,0.015791334,0.08629373,-0.23735668,0.18993561,-0.03307544,0.16558696,-0.1693001,0.071135335,-0.10438362,0.00059128384,0.1303987,0.1832984,-0.16217485,-0.02924212,0.1374898,-0.20027931,-0.15459166,0.14118041,0.085377015,-0.09094919,-0.105624974,0.24493691,0.25035584,-0.00731818,-0.07948515,0.057066705,-0.14705758,-0.12849648,-0.045532793,-0.1989637,-0.110212974,-0.0031806566,0.006870525,0.14667173,0.14349009,-0.16462995,0.10031831,0.04196776,0.022571497,-0.030808574,0.25178257,-0.016753538,-0.03924245,0.111504674,0.026544902,0.051012926,0.14607437,0.04003576,-0.024723502,-0.38545582,-0.106559135,0.07913515,0.09245204,-0.0910944,-0.032927122,0.074840926,-0.06512051,0.138395,-0.063317075,-0.13107288,-0.3388127,-0.0029723053,0.073732845,0.048289288,-0.0017766042,-0.012935478,-0.18952239,-0.024770323,0.0023859644,-0.16234374,-0.21418203,-0.12050812,0.031035034,-0.14064504,0.06566539,0.03247562,-0.15076931,-0.22097367,-0.09119045,0.055052456,-0.11210752,0.084323,-0.25025114,-0.0024208224,-0.23945937,-0.26239187,-0.09825362,0.058216467,-0.16591607,0.09962765,0.07615347,-0.07261233,0.016663833,0.0033165102,0.07301456,-0.01806535,-0.07938893,-0.12310649
kaguya,-0.08215192,0.07090139,-0.029144272,0.071779326,-0.24130349,0.16151717,-0.08930992,0.15331778,-0.15778883,0.11122505,-0.09682306,-0.009310024,0.10934019,0.10685373,-0.11006357,-0.046566647,0.12411379,-0.14260218,-0.12952702,0.100761496,0.07940677,-0.127481,-0.14432,0.23758316,0.32145613,0.020145616,-0.1317665,0.034939922,-0.15320477,-0.057456356,-0.10170191,-0.23010503,-0.1326139,0.024477845,-0.0661011,0.17394865,0.1648752,-0.23730816,0.116089396,0.07753397,0.01648473,0.009311239,0.26732054,-0.07137144,0.000101627695,0.083563745,0.021212738,0.050074875,0.16367355,-0.0028154554,-0.03190654,-0.40747893,-0.12549455,0.105705746,0.10739031,-0.016486887,-0.03316996,0.05730848,-0.1083016,0.2117179,-0.046595205,-0.10577989,-0.3537611,0.011879013,0.11413336,0.02678028,-0.0025971562,-0.04158284,-0.17746821,-0.014733074,0.02828189,-0.21647483,-0.20863259,-0.11934473,0.007840044,-0.16277489,0.02212691,-0.0327491,-0.16047284,-0.24089909,-0.13204008,0.03427092,-0.14364591,0.04446732,-0.2590715,0.033305347,-0.23560093,-0.27088016,-0.12783064,0.053282283,-0.107830726,0.1429853,0.098436445,-0.034053944,0.010518853,0.018408354,0.08311704,-0.017302435,-0.097294904,-0.1275186
spirit,-0.09375531,0.1187334,0.008382754,0.1070741,-0.2321337,0.18421057,-0.039271634,0.14908434,-0.17099683,0.07630069,-0.07254104,0.017764615,0.07763881,0.1016745,-0.1038861,-0.028261196,0.12078401,-0.16340479,-0.0922844,0.15269656,0.058892377,-0.10758787,-0.12519014,0.21765588,0.28269833,0.0009702645,-0.057438068,0.031180149,-0.13686171,-0.0949584,-0.05370465,-0.20326868,-0.073198654,0.019376222,-0.029726744,0.1300766,0.18025632,-0.19290538,0.1062823,0.058177397,0.016429372,0.004596219,0.23711455,-0.051202647,-0.0024202603,0.051411886,0.026894392,0.0421104,0.11447042,0.008411664,0.00036260678,-0.38241562,-0.13134678,0.07404754,0.10856831,-0.043136537,0.0011997718,0.07982603,-0.07407046,0.16293737,-0.051504362,-0.09594293,-0.30927598,0.0026497499,0.08562771,0.030728525,-0.008603767,-0.004028694,-0.18062796,-0.039126057,0.046711482,-0.18703516,-0.19724071,-0.14295788,0.03923668,-0.109832175,0.05207899,0.020155277,-0.15496655,-0.21345933,-0.11001063,0.089055836,-0.111671954,0.01798309,-0.26586106,-0.006357076,-0.24953821,-0.25854534,-0.08526152,0.04767976,-0.13179845,0.099493936,0.05735999,-0.012908261,0.00087962573,-0.011979696,0.05586648,-0.025277644,-0.09154156,-0.11297323
says,-0.12965722,0.10407803,-0.0094346935,0.18270364,-0.1738348,0.10109426,-0.046049576,0.06745324,-0.18588248,0.14796795,-0.13863352,0.029428778,0.093014516,0.1048377,-0.1317493,-0.11749929,0.11417467,-0.14915577,-0.14901225,0.12162981,0.05218951,-0.091850184,-0.14958549,0.17547235,0.2778197,-0.009852462,-0.1059736,0.0075481827,-0.11060736,-0.077061445,-0.06370552,-0.16006483,-0.08751476,0.027957277,-0.040900517,0.20945528,0.15904012,-0.25241715,0.0814564,0.08788453,0.021542968,-0.042879347,0.22666723,-0.019978723,0.030079821,0.06653268,0.06026756,0.037130844,0.15239331,-0.019949224,-0.058807712,-0.3873371,-0.07530296,0.073791094,0.11620552,-0.008330886,-0.018942153,0.06783504,-0.11278744,0.15442058,-0.08601072,-0.11483459,-0.30510437,-0.036969207,0.06556179,0.05866395,-0.03462665,-0.022517564,-0.14470455,0.0039175386,-0.029030217,-0.18476893,-0.23612769,-0.083721116,0.012360102,-0.13462567,0.048643664,0.025116343,-0.14070085,-0.26140955,-0.13015373,0.049122244,-0.04568787,0.04109281,-0.2660007,-0.0003099812,-0.21475753,-0.26058674,-0.13542886,0.00589424,-0.12924942,0.09382082,0.060528275,-0.05904475,0.012900977,0.051398102,0.055203456,-0.04093667,-0.12234693,-0.09763215
guess,-0.031763323,0.07101453,-0.0018143813,0.103322595,-0.17258449,0.14033654,-0.04707375,0.092740096,-0.1988579,0.12624034,-0.13819054,0.048936207,0.103986114,0.15499483,-0.18370816,-0.0897177,0.14853705,-0.16566733,-0.20691547,0.11482013,0.05036156,-0.1084734,-0.09396089,0.18224356,0.27074143,-0.05742259,-0.0861134,0.037054602,-0.14902315,-0.13670571,-0.06391391,-0.14547355,-0.10313958,-0.011406568,-0.025392508,0.17817646,0.106035165,-0.16675048,0.088587165,0.09908606,-0.01697828,-0.071528465,0.17823803,0.0061741434,-0.017542925,0.09291336,0.08383094,0.07231651,0.111864805,0.0075133387,-0.052249454,-0.36421108,-0.06219642,0.043761373,0.07525303,-0.05580205,-0.08504939,-0.015461245,-0.08719586,0.10486125,-0.07297305,-0.13167888,-0.31642374,-0.056758285,0.022349,0.08729519,-0.029870844,-0.065119386,-0.1385396,-0.004083519,0.02139958,-0.16231231,-0.23793513,-0.105088234,-0.009016258,-0.09841651,0.048213575,0.042462252,-0.12406646,-0.24089278,-0.08891741,0.020970162,-0.08792882,0.10656718,-0.22675538,0.059639886,-0.19402659,-0.24513468,-0.08007239,0.03732803,-0.15762757,0.09253775,0.10191403,-0.1017106,0.025134092,0.013373579,0.05595297,-0.02820187,-0.10569517,-0.12550709
heaven,-0.07451728,0.08619112,-0.0039216,0.069037475,-0.21858251,0.18055965,-0.059001856,0.15100095,-0.16929908,0.07499738,-0.10428264,0.015374216,0.11140327,0.1404703,-0.147121,-0.044081066,0.1235316,-0.16722772,-0.16920727,0.1074688,0.07408884,-0.11261204,-0.13105051,0.21188815,0.2713871,-0.02555058,-0.0998647,0.06995877,-0.14149477,-0.12076126,-0.065436505,-0.18863845,-0.08995173,0.0135832485,-0.013971557,0.12836993,0.1237897,-0.15319225,0.09135824,0.061733115,-0.013809583,-0.037992332,0.19302508,-0.0254862,-0.013837528,0.098072074,0.049767442,0.027198354,0.098684266,0.04102337,-0.0314247,-0.36852786,-0.11437196,0.04735229,0.07283397,-0.0444318,-0.047672156,0.03785693,-0.089144215,0.12575148,-0.06956735,-0.09657033,-0.3084448,0.010987,0.054909546,0.046523172,-0.0142597435,-0.016444623,-0.20118132,-0.034715183,0.04022573,-0.17886399,-0.2053196,-0.095989786,0.0040841307,-0.13269591,0.04623855,0.004639673,-0.12332683,-0.2443579,-0.1074025,0.04509326,-0.118350156,0.07501276,-0.22811411,0.023839073,-0.20719473,-0.21419197,-0.06784538,0.049568184,-0.14788495,0.13279833,0.09237103,-0.06097086,0.0056565255,-0.009603099,0.06323101,-0.0064066644,-0.07047066,-0.12334136
black,-0.07722247,0.10790716,0.006670444,0.08913417,-0.19536386,0.13078892,-0.05176485,0.12311918,-0.14340028,0.08824128,-0.11200327,0.031663895,0.07382727,0.10386928,-0.10324242,-0.0557212,0.11741635,-0.15391444,-0.098328255,0.114133656,0.051727064,-0.07264656,-0.13519402,0.20571063,0.2917908,-0.021048684,-0.09240316,0.037547413,-0.13285704,-0.100568466,-0.08485334,-0.2094915,-0.08678272,0.0042488645,-0.04108217,0.14056346,0.15772773,-0.19945613,0.117597796,0.077955954,-0.015424622,-0.022732768,0.20212129,-0.016323403,-0.014757641,0.067369305,0.052791696,0.051628366,0.14121974,-0.0022332955,-0.0387318,-0.3241686,-0.10535011,0.04060282,0.08198826,-0.04616129,-0.011891855,0.016686022,-0.04616491,0.16886489,-0.04756294,-0.098212674,-0.33991084,-0.0078092064,0.07738492,0.042413596,-0.024615284,0.002313144,-0.15459569,-0.015176937,0.02967059,-0.16456662,-0.19451544,-0.10201863,0.03440276,-0.09331059,0.03396685,-0.014106999,-0.16822146,-0.24024169,-0.12728736,0.04356135,-0.078887515,0.026066804,-0.22043157,0.0017833929,-0.20236893,-0.2495694,-0.07717914,0.028685033,-0.12657878,0.12410292,0.08730145,-0.053074893,0.00919888,0.011893278,0.07101239,-0.020796759,-0.116485186,-0.13550495
rest,-0.046685312,0.08782354,0.0015332409,0.091698974,-0.2577511,0.15555534,-0.066904455,0.124731146,-0.22437102,0.042562746,-0.12190723,0.018692333,0.117777325,0.1575745,-0.15712105,-0.038626637,0.12305725,-0.16290723,-0.13096502,0.112561144,0.058478177,-0.111547545,-0.06966591,0.21660566,0.2447417,0.017539497,-0.13340858,0.036402494,-0.16036622,-0.08537281,-0.08992682,-0.16008139,-0.12609829,-0.019346273,-0.00032227434,0.100687236,0.14086364,-0.18551901,0.07126713,0.118964575,0.007927306,-0.05158316,0.2317736,-0.02656211,-0.012792714,0.08596977,0.044986073,0.04526526,0.055254996,0.039930712,-0.08748777,-0.36702514,-0.13257809,0.091906324,0.0820672,-0.0644102,-0.03783589,0.094297275,-0.1062462,0.1612932,-0.026517143,-0.095615655,-0.3486108,0.03460189,0.055251617,0.046126854,-0.0058663413,-0.046623293,-0.20648521,-0.0058307187,-0.0029403681,-0.15346524,-0.16970721,-0.07472872,0.0043920544,-0.15429275,0.007664843,0.018834382,-0.12242268,-0.2775123,-0.07730143,0.08890196,-0.079950616,0.09239605,-0.21287142,0.008448185,-0.16763337,-0.23086242,-0.0519633,0.047951177,-0.13144404,0.14153482,0.09509524,-0.068428785,-0.005172698,0.03650992,0.02472274,0.00910312,-0.05439513,-0.12637834
tree,-0.08956444,0.11915762,0.0003469837,0.11104043,-0.2327201,0.1906313,-0.047050808,0.14052364,-0.19395445,0.08160488,-0.10919994,0.004444298,0.09352563,0.12601534,-0.1292935,-0.034935687,0.11482122,-0.15692675,-0.12492905,0.14605203,0.06314341,-0.105611786,-0.09737455,0.23818472,0.26294205,-0.018232165,-0.0905524,0.041423008,-0.1359771,-0.1304263,-0.05741141,-0.1849133,-0.08608571,0.017576674,-0.037429977,0.15030113,0.17848341,-0.18289411,0.09622924,0.07862225,-0.004410189,-0.02172416,0.24546246,-0.029091487,-0.017080592,0.07064654,0.03824613,0.03173659,0.12650032,0.03681862,-0.034493465,-0.3979691,-0.115714245,0.07423283,0.08867225,-0.046822622,-0.005738828,0.076659985,-0.09256524,0.15132597,-0.031711254,-0.10838128,-0.3331022,0.022394752,0.06083183,0.056023493,-0.020158049,0.0012491465,-0.19492458,-0.02597694,0.03867847,-0.17710769,-0.20614101,-0.122061014,0.049161732,-0.12939703,0.068120666,0.050960537,-0.14743818,-0.22890025,-0.09657001,0.10593455,-0.081584506,0.019168727,-0.28590706,-0.017323539,-0.24669856,-0.2295636,-0.07072306,0.025293965,-0.1642465,0.10416652,0.062688984,-0.0400801,0.024077626,0.014190778,0.047373507,-0.028511291,-0.09024023,-0.11040732
flowers,-0.024122067,0.08609409,-0.003492649,0.076818846,-0.26641485,0.20877647,-0.026387196,0.16841166,-0.18464932,0.06278502,-0.1071763,-0.015216039,0.088177904,0.15407985,-0.13752438,-0.021233507,0.14933304,-0.15783733,-0.12999637,0.13978776,0.09697584,-0.131396,-0.094595686,0.24378987,0.23747799,0.014980543,-0.088852644,0.049237713,-0.15586145,-0.12109156,-0.04968972,-0.21511813,-0.09965557,-0.01869683,-0.021694874,0.13725433,0.16847093,-0.16458963,0.096064016,0.06575078,0.0023878478,-0.023058446,0.24197173,-0.03918749,-0.033818074,0.10168725,0.024699852,0.056885462,0.122603774,0.035678707,-0.021048347,-0.37841958,-0.11999001,0.0872616,0.08392125,-0.06751913,-0.03018806,0.064464375,-0.06500997,0.14430074,-0.02887142,-0.10141103,-0.33606094,0.009685196,0.105603844,0.039180253,-0.009484652,-0.027983312,-0.1926951,-0.020697534,0.015193186,-0.16673373,-0.16917484,-0.11489862,0.028389819,-0.12036156,0.033358004,-0.000100118385,-0.1574293,-0.23406594,-0.098422185,0.07453631,-0.12118477,0.06812265,-0.26662055,-0.01671698,-0.21476923,-0.2355434,-0.10269896,0.053741485,-0.15342076,0.11911723,0.09470747,-0.052982774,0.040362515,-0.016994717,0.060334455,0.003725112,-0.08365691,-0.13017952
talking,0.017122583,0.066049166,0.026123451,0.10310074,-0.10270244,0.089179434,0.02870299,0.06620952,-0.16188426,0.124125004,-0.15067863,0.018669143,0.10462253,0.19347826,-0.17017974,-0.1264304,0.11298649,-0.18720432,-0.23050395,0.12420415,0.08981195,-0.07364952,-0.108855255,0.19012883,0.27218917,-0.046915013,-0.05988063,0.0379615,-0.13224734,-0.0676479,-0.039943133,-0.18315446,-0.09664668,0.0393058,-0.0018020031,0.22024919,0.08900832,-0.17859761,0.08648899,0.029658481,0.046162825,-0.02324878,0.22250673,0.04977265,-0.008202711,0.12407837,0.030073421,0.089959994,0.20700666,-0.08587898,-0.0026656315,-0.33819178,-0.0059646177,0.040276334,0.1064469,-0.09610208,-0.11747919,-0.009529132,-0.041607946,0.12120632,-0.080249086,-0.19084011,-0.34757233,-0.11288739,0.09665352,0.07369844,-0.015493984,-0.07360083,-0.022976626,-0.027857412,-0.05927873,-0.15922204,-0.26750252,-0.09584944,0.020080358,-0.057740424,0.059942786,0.04749211,-0.16451195,-0.21252768,-0.08546737,-0.07538047,-0.07075356,0.08614482,-0.2683643,0.06950525,-0.22405152,-0.32864517,-0.16354458,0.03907162,-0.13336486,0.047114562,0.07243546,-0.12442173,0.071028605,0.038987465,0.11176119,-0.01486202,-0.12151224,-0.11188418
wants,-0.06982056,0.09952913,-0.043523405,0.13388836,-0.1533732,0.087041125,-0.05164493,0.047246262,-0.15255779,0.1523506,-0.16329683,0.04012597,0.08753482,0.1433242,-0.15906125,-0.06575102,0.12773673,-0.15199809,-0.19436726,0.100886695,0.055094402,-0.11839535,-0.12721224,0.17645568,0.2649878,-0.030194825,-0.090186834,0.012907968,-0.124313675,-0.06869345,-0.09245396,-0.1542582,-0.12405031,-0.010134852,-0.020751191,0.21014132,0.12926963,-0.19105382,0.088469125,0.068395026,0.032344416,-0.08191481,0.18427186,0.01094389,-0.0028789772,0.12598422,0.047499035,0.05154534,0.13655658,-0.027319042,-0.035813972,-0.33946544,-0.061214026,0.07790327,0.09500516,0.009078347,-0.0979992,0.013952212,-0.10850302,0.09797739,-0.09854771,-0.12929128,-0.28280467,-0.07980606,0.05821715,0.059139915,-0.04406573,-0.11734907,-0.12144987,-0.0070360918,-0.037267547,-0.16128862,-0.23877668,-0.06293244,-0.030531347,-0.118208595,0.007538728,0.027227616,-0.12036446,-0.27672428,-0.1206814,-0.019865047,-0.07156489,0.09277411,-0.21022595,0.08002299,-0.19170678,-0.24075603,-0.14391783,0.016133681,-0.12405058,0.08036593,0.08797334,-0.09927857,0.035717703,0.022266136,0.06663111,-0.01433739,-0.10067505,-0.13123626
scared,-0.045982376,0.07706296,0.022364032,0.111413665,-0.1338456,0.103862405,-0.03654186,0.09512952,-0.15173353,0.12639596,-0.12404838,0.06186331,0.1157649,0.15098351,-0.13107942,-0.13483092,0.114184685,-0.16217177,-0.19002984,0.10314313,0.06873371,-0.059281584,-0.1273185,0.18058085,0.2742887,-0.03961163,-0.08683906,0.044372868,-0.10406347,-0.084179364,-0.06437181,-0.1762033,-0.10220107,0.02224786,-0.03885964,0.18480231,0.10068782,-0.17678003,0.07217848,0.066507004,-0.013281834,-0.061173186,0.17334923,0.006891062,-0.0036461065,0.10960767,0.05787204,0.07480426,0.1675127,-0.0324385,-0.039969422,-0.31575322,-0.047767747,0.020824341,0.10033191,-0.05363138,-0.10138126,-0.03889331,-0.073483676,0.13395287,-0.09425064,-0.14349723,-0.3357921,-0.05809319,0.057374034,0.06334664,-0.019302126,-0.030138569,-0.094681054,-0.0030507492,-0.012042063,-0.16817911,-0.23753086,-0.07413158,-0.0065501537,-0.077251874,0.03955925,0.0019048617,-0.1569993,-0.24542166,-0.10838145,-0.026716383,-0.0810615,0.08666576,-0.23340873,0.056046825,-0.1859328,-0.27169034,-0.1025094,0.031594224,-0.13085322,0.09555189,0.11437779,-0.117161855,0.018627912,0.012384575,0.074511506,-0.019325124,-0.11020345,-0.1333427
cry,0.0026206388,0.0043062232,0.016292114,0.11237634,-0.09763179,0.088848166,-0.012073175,0.023414297,-0.234917,0.10986529,-0.19275266,0.07631783,0.17948394,0.24752103,-0.19926281,-0.15877844,0.07919806,-0.19760005,-0.28904763,0.10238887,0.056455165,-0.095870435,-0.09475818,0.14899977,0.2591485,-0.017768547,-0.10024413,0.05447989,-0.119929954,-0.07168296,-0.06878638,-0.12133347,-0.12317509,0.033900395,0.012216407,0.18777025,0.022983612,-0.21216999,0.03393896,0.06759803,0.038485166,-0.14370823,0.18358637,0.021206563,0.049406532,0.1614636,0.06527466,0.061080772,0.19182402,-0.063543655,-0.082134,-0.40088242,-0.039315153,0.054211404,0.10590074,-0.06551719,-0.17899819,-0.056113027,-0.11807772,0.13415882,-0.13332632,-0.19953065,-0.37038672,-0.119529225,0.049605995,0.081011705,0.009999395,-0.10648497,-0.044723503,0.013812019,-0.0898902,-0.15683201,-0.28380412,-0.049380995,-0.028906114,-0.14078824,0.05341637,0.0103639355,-0.12248932,-0.2592839,-0.05623212,-0.08494023,-0.071023054,0.16622685,-0.20104899,0.13225357,-0.17950685,-0.31868315,-0.11939219,0.067427084,-0.13093801,0.12154601,0.120930165,-0.14193946,0.013241132,0.0522288,0.07844597,-0.020330055,-0.087221175,-0.15286022
seems,-0.10086129,0.0967284,0.016471542,0.11396394,-0.18479313,0.13903032,-0.05994723,0.10651379,-0.1678102,0.10917987,-0.10606124,0.02288819,0.09135818,0.12916341,-0.10927638,-0.1081205,0.11292556,-0.1586525,-0.14652641,0.119867,0.07311202,-0.11284188,-0.13033515,0.19227353,0.27106407,-0.03258348,-0.08420541,0.02039763,-0.11523429,-0.074880585,-0.065964974,-0.18620832,-0.08426852,0.031046348,-0.04010016,0.18248177,0.12847747,-0.2119238,0.08873306,0.07145864,0.018122004,-0.027751299,0.22096854,-0.021079088,0.006590741,0.06294648,0.059364982,0.05493965,0.14734705,-0.029159913,-0.052028768,-0.38246703,-0.088673435,0.06384053,0.10227152,-0.02930755,-0.054134235,0.049168475,-0.0831998,0.14868617,-0.07495575,-0.106316544,-0.3161722,-0.02521419,0.075284794,0.056885872,-0.016823307,-0.019544132,-0.11967943,-0.033944607,0.012001534,-0.20021726,-0.2272537,-0.10587059,0.036607377,-0.10461509,0.06343078,0.025819868,-0.16116765,-0.24092135,-0.10933707,0.04420487,-0.07832082,0.045116495,-0.2743136,0.0060119294,-0.20841663,-0.27142894,-0.10341113,0.025671588,-0.1340444,0.10477269,0.062236335,-0.0636149,0.014991944,0.028832937,0.06300408,-0.03431656,-0.11487725,-0.09459925
gave,0.0059302077,0.09257344,-0.008631445,0.102119945,-0.18807474,0.14188908,-0.042246494,0.09958762,-0.18455034,0.104833186,-0.13408323,0.0446196,0.09017436,0.16526629,-0.18346186,-0.054568116,0.15104786,-0.18572594,-0.19491851,0.13735513,0.07509706,-0.1323374,-0.094557725,0.20972823,0.2611818,-0.04429657,-0.07610761,0.04144127,-0.13854697,-0.09914798,-0.06884395,-0.16834737,-0.09718609,-0.018804548,-0.04966435,0.1736952,0.1521566,-0.16342832,0.09790853,0.040694404,0.025850343,-0.059553154,0.19013079,0.015993275,-0.014262717,0.122027434,0.04353163,0.097451374,0.12958384,-0.024543038,-0.016637493,-0.35785076,-0.06855475,0.06318966,0.087761775,-0.027782429,-0.10632502,0.0171514,-0.05340141,0.10185021,-0.0864049,-0.12736945,-0.32607025,-0.044446506,0.051859926,0.060937494,-0.018552678,-0.06960357,-0.14570166,0.018069247,-0.0037128998,-0.13096024,-0.20712078,-0.08206079,-0.03335969,-0.11007103,0.033518136,0.04356073,-0.11123463,-0.24651214,-0.10981483,0.022335108,-0.10468898,0.109205656,-0.22100317,0.046719164,-0.19877295,-0.2514051,-0.110026024,0.038538154,-0.15525848,0.06685317,0.11134522,-0.08199459,0.03273112,0.029504882,0.08249496,-0.014225344,-0.09085432,-0.14457807
taking,-0.00645152,0.07914548,0.01295429,0.060529664,-0.24457255,0.17274435,-0.031128654,0.17624706,-0.16288795,0.042321812,-0.08472949,0.021972653,0.09074313,0.14690888,-0.13484812,-0.04499952,0.138822,-0.17392227,-0.12965922,0.12482608,0.074600644,-0.11524439,-0.098171465,0.24452434,0.23193292,-0.00974918,-0.08559013,0.07416099,-0.15814175,-0.10941301,-0.06722564,-0.21234533,-0.11615922,-0.013485615,-0.0021036519,0.092967555,0.16305803,-0.13169087,0.089249425,0.051332764,-0.008229301,-0.010921801,0.22542258,-0.030623613,-0.04519498,0.10277975,0.015116585,0.07764934,0.09915736,0.013125871,-0.029154303,-0.32785365,-0.109862745,0.05541911,0.07407848,-0.0888808,-0.054713883,0.03472769,-0.061826088,0.13049269,-0.029149707,-0.07571434,-0.33981097,0.02486309,0.07572214,0.010071957,0.0063743694,-0.03665591,-0.18115062,-0.013012252,0.009698641,-0.14652686,-0.1699987,-0.10414128,0.022318363,-0.101848274,-0.0010690443,-0.019335004,-0.12013695,-0.2516406,-0.080243334,0.04471997,-0.10331021,0.092949346,-0.1920436,0.03558889,-0.20039384,-0.23132853,-0.06744618,0.034664206,-0.16196933,0.14586934,0.123305924,-0.07609811,0.027012656,-0.0031915861,0.05725563,0.008940513,-0.06478141,-0.15178515
yubaba,-0.06972929,0.055327993,0.011711806,0.14083323,-0.1698658,0.07732423,-0.0581578,0.049692415,-0.21577388,0.10868367,-0.18067941,0.059478056,0.17243968,0.19783059,-0.18441388,-0.1468996,0.122635044,-0.19659226,-0.22899145,0.066423036,0.052899454,-0.07000933,-0.12141973,0.17844073,0.28562754,-0.023998227,-0.14961347,0.037267003,-0.09275137,-0.07290373,-0.08892112,-0.15184346,-0.11592231,0.018445434,-0.006701055,0.1885439,0.084599026,-0.21669726,0.04571046,0.0770119,0.007937991,-0.107222825,0.1846497,0.0025211473,0.023889443,0.121249564,0.07661159,0.03868839,0.123536766,-0.010609533,-0.075922705,-0.41418698,-0.073832884,0.04169588,0.096747346,-0.023967588,-0.11410958,0.006978488,-0.13224451,0.15447438,-0.11359609,-0.14372367,-0.3418749,-0.07575562,0.04254565,0.067014836,-0.008634469,-0.08015134,-0.12962267,0.03354705,-0.06296382,-0.15781273,-0.27441144,-0.046380453,-0.025863098,-0.16877149,0.03616712,-0.0032094952,-0.10851668,-0.28814268,-0.08845579,-0.020647738,-0.043038197,0.124744184,-0.22545306,0.07722571,-0.16243951,-0.27479035,-0.11028464,0.045895882,-0.16741359,0.1270804,0.09790631,-0.1365899,-0.022141613,0.052671667,0.039904106,-0.007246397,-0.06780119,-0.14240472
women,-0.005725618,0.09534109,0.0032940723,0.10236443,-0.24522668,0.23582079,-0.011676404,0.1529995,-0.1992544,0.038713515,-0.095243245,3.8167644e-05,0.095304064,0.18407886,-0.16503227,-0.024913568,0.12818377,-0.19215807,-0.15698434,0.15091847,0.104819484,-0.1269554,-0.0768848,0.25838226,0.23176451,-0.014968306,-0.07175621,0.05394,-0.18479331,-0.1453184,-0.03015586,-0.19273151,-0.12341479,-0.003992368,-0.018403374,0.13164134,0.1364971,-0.14191769,0.103687145,0.06468759,0.026469884,-0.0154834315,0.2544827,-0.016320035,-0.039796222,0.12560298,0.019998826,0.06205955,0.12019174,0.05446123,-0.023999922,-0.3913908,-0.107475065,0.09132407,0.08563915,-0.09189533,-0.056991987,0.06947212,-0.06193015,0.109283805,-0.039968412,-0.134139,-0.31691724,0.0016169645,0.08480372,0.051855903,-0.020610718,-0.028229943,-0.20225607,-0.03748329,0.021703677,-0.17794803,-0.18167046,-0.1280922,0.02250551,-0.09890691,0.050027102,0.058038298,-0.14227915,-0.2278637,-0.0680906,0.08978749,-0.13074388,0.07458285,-0.26652363,-0.002080755,-0.25954118,-0.23717722,-0.06726285,0.062735744,-0.16912685,0.104554676,0.08301677,-0.029421031,0.040790267,-0.016461214,0.06140022,-0.011255449,-0.085196234,-0.12737063
pejite,-0.07533259,0.109004736,-0.008512294,0.09125751,-0.26529557,0.20562255,-0.061206553,0.1746885,-0.1649676,0.076975234,-0.053522572,0.014824883,0.06216788,0.10463055,-0.11238178,-0.011024524,0.1325228,-0.15743652,-0.08265908,0.124833256,0.07740981,-0.1304691,-0.10824423,0.23822363,0.25341615,-0.0022243978,-0.061562277,0.037591554,-0.14442736,-0.09875946,-0.056448903,-0.24189126,-0.09557625,-0.006044698,-0.061706934,0.11621525,0.19007118,-0.18032938,0.13738625,0.06691159,0.0064887037,0.008957098,0.23750101,-0.059868954,-0.020767322,0.07263777,0.01163157,0.052332256,0.1023928,0.03083799,0.0013313314,-0.35642052,-0.12415871,0.07453917,0.10595396,-0.04890237,-0.0095033785,0.08650944,-0.053035054,0.1568274,-0.022832567,-0.09254033,-0.30360815,0.031901035,0.101748556,0.027604908,-0.019378955,-0.012687043,-0.19288322,-0.0317681,0.06722779,-0.18322513,-0.17148408,-0.13874136,0.026389265,-0.11126071,0.04920116,-0.01422462,-0.15450582,-0.2159862,-0.117192455,0.097346336,-0.13517761,0.03419744,-0.26202318,-0.012324148,-0.24902245,-0.21770306,-0.07266613,0.04489682,-0.13686335,0.119602114,0.081664294,-0.0226972,0.03240029,-0.008649655,0.06703756,-0.010301995,-0.0982175,-0.108568825
totoro,-0.09891899,0.1042792,-0.01147855,0.12821944,-0.19394505,0.11287052,-0.07559627,0.11943081,-0.18094131,0.1280529,-0.110087246,0.04596746,0.09866942,0.12791477,-0.128026,-0.09966934,0.14181434,-0.16245334,-0.15021147,0.09257974,0.06332859,-0.07526311,-0.13383883,0.1972995,0.2996522,-0.041885022,-0.11145945,0.021331564,-0.13628659,-0.09282493,-0.06323365,-0.19624968,-0.08279687,0.025009792,-0.043047052,0.17820986,0.15077776,-0.22282052,0.09698038,0.0888634,-0.014735204,-0.06220965,0.20980483,-0.036914054,0.0076506576,0.072375745,0.074033424,0.037195995,0.13576832,0.012430906,-0.049460433,-0.37881824,-0.09600027,0.036023486,0.10489027,-0.014198703,-0.046448886,0.015590533,-0.103885725,0.151722,-0.05293828,-0.10756755,-0.33869755,-0.037004616,0.05854299,0.056024548,-0.027187046,-0.021680525,-0.14835311,-0.004252789,0.024859332,-0.18557134,-0.22988522,-0.0990979,0.028131997,-0.11571291,0.039755393,0.016312141,-0.1548656,-0.26263136,-0.13217758,0.058480375,-0.08572078,0.041575138,-0.26202717,0.007447876,-0.22423092,-0.26828253,-0.1005594,0.025679968,-0.12652636,0.086385034,0.094375364,-0.08558615,0.01462814,0.01465102,0.067898534,-0.024055375,-0.10546835,-0.1328431
moon,-0.05370122,0.093566336,-0.009372383,0.11110283,-0.2775449,0.20184031,-0.031384554,0.16691265,-0.19933505,0.020375539,-0.10367078,0.003313694,0.09053549,0.15218402,-0.14753322,0.002797712,0.13393426,-0.16092223,-0.1216023,0.12759168,0.07417229,-0.13794687,-0.07372316,0.22531494,0.23539725,0.011383345,-0.09231562,0.046016924,-0.14776316,-0.12739131,-0.07165654,-0.17497614,-0.119742334,-0.031500462,0.00054144475,0.0888409,0.15185562,-0.13403119,0.0865784,0.08432135,0.00927354,-0.03874061,0.2455669,-0.040912163,-0.031310186,0.09601487,0.051876053,0.044631686,0.0720439,0.061099146,-0.04308978,-0.36134836,-0.1402732,0.09399102,0.0945017,-0.09021273,-0.02165044,0.08988326,-0.07892605,0.14953801,-0.027785867,-0.10377933,-0.30587378,0.04835849,0.06433302,0.0139557095,0.011462668,-0.03242309,-0.21774778,0.0011898425,0.018132076,-0.15357868,-0.16387169,-0.09969844,0.005381978,-0.14298026,0.00495711,0.014792709,-0.12960185,-0.25354457,-0.07294512,0.13037086,-0.10029869,0.083670944,-0.19636093,0.0012700772,-0.19676661,-0.22200292,-0.047681883,0.032341637,-0.13438825,0.13777162,0.10836208,-0.031593695,-0.0010917895,0.0035251153,0.047434226,0.0007765835,-0.054175198,-0.11766136
suliman,-0.081706665,0.09064967,-0.002828006,0.09689652,-0.21785112,0.13571478,-0.06515269,0.126859,-0.16871735,0.08738266,-0.123962596,0.02113491,0.11580802,0.10629251,-0.115323685,-0.07060026,0.11339641,-0.15376627,-0.14680511,0.09413037,0.0643001,-0.09030589,-0.1294019,0.19547637,0.25733054,-0.0038460563,-0.097469375,0.029069696,-0.12145002,-0.08829276,-0.09961803,-0.18302236,-0.11036361,0.0009846794,-0.036704272,0.13918054,0.14806883,-0.19231461,0.080194294,0.07526961,0.0019171317,-0.020644257,0.20249121,-0.025200143,-0.0023604468,0.0974146,0.05474384,0.057959393,0.13329604,0.014903709,-0.040834043,-0.34105957,-0.09746923,0.059576895,0.09762938,-0.031376585,-0.030985918,0.019455362,-0.10072601,0.15288886,-0.061891526,-0.10561528,-0.29346722,-0.020866062,0.05684512,0.051239442,-0.03261017,-0.05220532,-0.17609243,-0.021452328,0.008242715,-0.16003948,-0.19187878,-0.09158628,0.0043611014,-0.12616904,0.033408716,-0.014575581,-0.12844239,-0.26914364,-0.12832165,0.03395027,-0.09447985,0.062110208,-0.22833355,0.031805024,-0.1896825,-0.24929267,-0.09101425,0.029025594,-0.10496944,0.13217475,0.11127074,-0.0678107,0.0048032133,-0.008789569,0.061814703,0.0057011093,-0.0879318,-0.11952977
majesty,-0.12557697,0.13556518,-0.024648473,0.14343005,-0.2566962,0.15812686,-0.080556326,0.131903,-0.15080559,0.08194173,-0.098807484,0.028298717,0.08982412,0.082352065,-0.12011921,-0.026247421,0.13507701,-0.16580589,-0.08912478,0.100478336,0.05528676,-0.08186948,-0.14965478,0.21447815,0.29378495,-0.007276198,-0.095815346,0.015819926,-0.114029326,-0.1227562,-0.10205238,-0.20103323,-0.08494244,0.0072379597,-0.029955296,0.13829483,0.20583943,-0.18121403,0.111156344,0.09266706,-0.008214177,-0.020352166,0.23961365,-0.06251431,-0.025257658,0.039363645,0.051618535,0.02641932,0.09356391,0.04340494,-0.012576437,-0.38409275,-0.15073797,0.059294753,0.10509629,-0.031458855,0.027032236,0.093433246,-0.11229545,0.16802832,-0.03814545,-0.086463034,-0.30745032,0.023294723,0.056255314,0.038648885,-0.029601656,0.00933826,-0.23974402,-0.0025181386,0.054538522,-0.16063212,-0.20559472,-0.12354827,0.035463266,-0.16024618,0.049581617,0.012766529,-0.13995382,-0.26655257,-0.116961524,0.10025191,-0.08547658,-0.0014062142,-0.26857215,-0.028932458,-0.21443388,-0.2234271,-0.06787032,0.019104803,-0.15336485,0.13628364,0.078395374,-0.040015742,-0.031030893,0.005415536,0.059969295,-0.002112157,-0.084934376,-0.10173609
curse,-0.07171574,0.12836412,0.004810001,0.1400956,-0.25268435,0.16249633,-0.020194113,0.12184316,-0.20147924,0.060301088,-0.14414477,0.033506762,0.12659363,0.18033084,-0.1539731,0.002548649,0.107673354,-0.20707856,-0.14137349,0.17504601,0.049093388,-0.107039355,-0.11105305,0.21088807,0.27765226,-0.018010272,-0.066320784,0.051135506,-0.13382375,-0.14799312,-0.03614063,-0.19148916,-0.08251834,0.018487958,0.016607113,0.10251697,0.1277564,-0.14529663,0.09324715,0.07253453,-0.012296658,-0.044901352,0.25578487,0.0022306687,-0.024131717,0.05280171,0.051663164,0.056378666,0.12148625,0.02069609,0.0048753046,-0.4262667,-0.12242944,0.04450673,0.089168645,-0.10517372,-0.015662929,0.071892224,-0.055085465,0.14097959,-0.0010744599,-0.15667845,-0.35376754,0.0056637456,0.06635131,0.02898267,0.023923514,0.0052867024,-0.18327859,-0.012881531,0.03766,-0.16732746,-0.23390874,-0.11495911,0.06631163,-0.1329566,0.0977676,0.08482971,-0.13091691,-0.2268943,-0.06294517,0.053529903,-0.08575782,0.061099593,-0.26298267,0.033460926,-0.24946629,-0.2543996,-0.066512845,0.048638124,-0.18362999,0.10100655,0.077499606,-0.065495335,-0.0034662462,0.022399286,0.03622396,0.03077473,-0.076870464,-0.10997944
grandma,-0.010405867,0.05359224,-0.025958067,0.06244825,-0.20858638,0.13304365,-0.06332166,0.10568959,-0.17924745,0.08659448,-0.13929681,0.01991827,0.11471935,0.16041254,-0.14339001,-0.10096547,0.13503309,-0.17078817,-0.15439731,0.09632819,0.076445766,-0.09350144,-0.09961492,0.22844161,0.2795229,-0.003117662,-0.11948049,0.02640542,-0.1679314,-0.051502902,-0.08553342,-0.19328283,-0.13434698,0.0031906804,-0.049284674,0.16714376,0.13745768,-0.21364765,0.10625463,0.08212263,0.020268451,-0.068605155,0.23227374,-0.03439851,-0.0038901945,0.12618537,0.024139564,0.081123404,0.1510324,-0.021933582,-0.05456512,-0.3610948,-0.090137124,0.077025965,0.09683344,-0.041871723,-0.07191674,0.010673786,-0.08915724,0.16728908,-0.08354619,-0.11561452,-0.34354913,-0.05105047,0.09036814,0.03235267,-0.009520713,-0.07707795,-0.12087621,0.006359221,-0.018764453,-0.14606728,-0.22565866,-0.105328314,0.0063291946,-0.13180415,0.024182044,-0.017759627,-0.16631542,-0.25821143,-0.09688987,2.7974427e-05,-0.112373695,0.09861009,-0.22508343,0.045567557,-0.21559869,-0.26606953,-0.11810072,0.066483654,-0.10744568,0.13531844,0.1021193,-0.07569614,0.032538045,0.012700787,0.082565576,-0.02653042,-0.08460205,-0.1440011
shop,-0.02075864,0.06557756,0.047037758,0.09491769,-0.21047197,0.15082021,-0.025777906,0.13863987,-0.21298303,0.06667822,-0.12846017,0.03606942,0.122976676,0.17450854,-0.16602221,-0.08120463,0.108662635,-0.19076571,-0.18669242,0.11906796,0.06618589,-0.096698776,-0.10897597,0.21565208,0.25597364,-0.006046715,-0.10551713,0.06211234,-0.12661052,-0.13250865,-0.08348798,-0.18021654,-0.1177769,0.0076864017,-0.010589139,0.121281,0.11433948,-0.16734087,0.059430882,0.053108096,-0.02242721,-0.059906103,0.21937351,0.0028365771,0.007383412,0.112436034,0.063879505,0.04189358,0.11310232,0.00905031,-0.071472615,-0.35356253,-0.10511285,0.04077979,0.07585323,-0.08638002,-0.09247944,0.03201552,-0.05358268,0.13846523,-0.06681749,-0.116541065,-0.3687286,0.0035743553,0.046499617,0.060342498,-0.011270948,-0.029877061,-0.17983605,0.000894888,-0.030137805,-0.13996764,-0.19599843,-0.06821826,0.007024192,-0.14042874,0.04433162,0.0031195837,-0.1155232,-0.2612912,-0.103072084,0.03176176,-0.09149557,0.12492206,-0.22505923,0.026537409,-0.17217496,-0.28167915,-0.09792925,0.042263772,-0.16109256,0.14499384,0.120693706,-0.09634703,0.008872049,0.02462034,0.020679375,-0.000733782,-0.066054486,-0.14645931
fish,-0.068519086,0.10097792,0.0044342508,0.10331184,-0.18816723,0.15873352,-0.033495758,0.10992072,-0.16555876,0.098456234,-0.10903377,0.01267992,0.0887272,0.1081344,-0.12746906,-0.06782451,0.1109306,-0.15262353,-0.14892846,0.112708084,0.06695704,-0.106007695,-0.11889098,0.19171688,0.24360974,-0.01113831,-0.08663672,0.053213418,-0.12567581,-0.10093758,-0.057131696,-0.16677326,-0.08421236,0.017945062,-0.037010305,0.15829998,0.1500114,-0.17241995,0.09526984,0.062286653,0.00874411,-0.015698094,0.21384391,-0.014508949,-0.021577727,0.08830959,0.035132673,0.043049816,0.1402024,-0.00014918522,-0.037653055,-0.34263322,-0.084028,0.07570371,0.099243656,-0.03407675,-0.028020067,0.0554858,-0.07191767,0.13710625,-0.0684761,-0.113361165,-0.3024851,-0.009910353,0.067436695,0.044613056,-0.022156442,-0.020549653,-0.15661931,-0.022513412,0.018957084,-0.16269818,-0.20340243,-0.09430393,0.0069526257,-0.113301896,0.036129307,0.010895071,-0.14223903,-0.20741206,-0.09799603,0.045094248,-0.09740007,0.05887295,-0.25046435,0.00426131,-0.19918427,-0.23426776,-0.097617,0.0382811,-0.12969431,0.0921062,0.07741792,-0.0646305,0.008147906,-0.006026004,0.059509087,-0.019423464,-0.079987094,-0.1142335
saying,-0.0021428678,0.07708488,0.0028264169,0.09507835,-0.19853374,0.123865955,-0.016507007,0.0889047,-0.19050464,0.07605944,-0.13770834,0.047542818,0.11393311,0.19325683,-0.1618811,-0.097619206,0.12662578,-0.17853415,-0.19221087,0.11404538,0.065882444,-0.08033353,-0.0970024,0.21316996,0.25029916,-0.045371633,-0.094144225,0.033266883,-0.1625,-0.09566295,-0.08178748,-0.17332844,-0.13530867,-0.006590743,0.011972617,0.15098383,0.109438784,-0.1423362,0.07311955,0.05120747,0.006104501,-0.066567875,0.21461236,0.023140937,-0.008820502,0.13843863,0.049734864,0.06388387,0.13378733,-0.007818264,-0.042985197,-0.318417,-0.06715653,0.042340264,0.06128825,-0.07635168,-0.095237255,-0.029145164,-0.07743117,0.13774015,-0.06001861,-0.10912967,-0.3495111,-0.032957803,0.047255646,0.06193395,-0.01987412,-0.07154485,-0.11491492,0.0125354035,-0.021927698,-0.14514984,-0.24283801,-0.091543205,0.012377126,-0.083129264,0.014566902,0.009835754,-0.11843876,-0.26055124,-0.09862709,-0.0016300702,-0.07644227,0.11337543,-0.19879264,0.057821117,-0.1788624,-0.27732635,-0.08556564,0.038364206,-0.1488902,0.10972523,0.12357875,-0.109174475,0.021052178,0.019867536,0.074150994,-0.002212796,-0.075665,-0.13028501
completely,-0.07777069,0.08587067,0.01648135,0.120667726,-0.22218394,0.17048357,-0.04862648,0.13251878,-0.18948224,0.09089407,-0.110661365,0.040550705,0.13096732,0.15181008,-0.17085789,-0.06175404,0.1376085,-0.18284638,-0.17448989,0.12653837,0.067696884,-0.104223736,-0.109647736,0.20082317,0.25883293,-0.019034067,-0.076128796,0.05387405,-0.1214236,-0.14623491,-0.06414681,-0.1859014,-0.090830676,0.024978876,-0.02479575,0.15805055,0.13777637,-0.18140478,0.07028092,0.09126171,-0.0051839855,-0.026003618,0.2263825,-0.025956,-0.0070254295,0.069854565,0.06169014,0.04738911,0.11098632,0.016506687,-0.03832836,-0.39522755,-0.1067084,0.050417278,0.096734285,-0.0628115,-0.033337053,0.04410797,-0.09757483,0.13164029,-0.07015884,-0.12381847,-0.3498306,0.0037243278,0.052408703,0.051860124,-0.015821557,-0.022512829,-0.18599406,-0.0069282446,0.027542967,-0.18468869,-0.21933396,-0.11040497,0.035384566,-0.12673363,0.0529434,0.04302161,-0.15039343,-0.24302894,-0.09746179,0.05788353,-0.086342745,0.06733579,-0.262415,0.0045276848,-0.19799975,-0.25439033,-0.09030663,0.037902202,-0.17834152,0.11458854,0.08234281,-0.087718114,0.012219606,0.011079187,0.055053584,-0.0075319647,-0.09389508,-0.11732192
play,0.008286333,0.030419255,-0.027161855,0.059733793,-0.19797523,0.1385314,-0.07306719,0.12109515,-0.19201595,0.0694124,-0.13293517,0.016072398,0.11261892,0.16722038,-0.18234691,-0.04073746,0.15305674,-0.15592015,-0.2046929,0.106011435,0.07700394,-0.13042606,-0.09108482,0.20453542,0.23717779,0.010812068,-0.107582636,0.061603457,-0.13385786,-0.07691835,-0.070570916,-0.15525238,-0.13320984,-0.02082254,-0.027717644,0.15137313,0.115152195,-0.16585718,0.07532572,0.06348863,0.005938565,-0.087671414,0.18851526,-0.013190684,-0.021876832,0.14588684,0.039380636,0.072381936,0.12239677,0.0020459392,-0.050892234,-0.32736924,-0.08313368,0.08685735,0.08985379,-0.03817187,-0.11425476,-0.02307503,-0.09157488,0.109238565,-0.08802601,-0.1206206,-0.31843284,-0.03381005,0.08269084,0.047647156,-0.028000465,-0.099681295,-0.1390733,0.008580541,-0.026448468,-0.12787873,-0.1905476,-0.08968476,-0.066976294,-0.13251908,0.0021241487,-0.030564995,-0.116088524,-0.24810821,-0.09322766,-0.007170947,-0.1251347,0.1425364,-0.18275009,0.074242294,-0.1753325,-0.23515953,-0.101282686,0.05226118,-0.105449,0.12161841,0.13852917,-0.08354403,0.044362992,-0.009950764,0.07096203,-0.008894509,-0.07156405,-0.1609347
lose,0.013121253,0.031448264,-0.009282214,0.0398722,-0.21305984,0.16142496,-0.05024981,0.13804048,-0.19641475,0.010397423,-0.11742583,0.0050839134,0.12142223,0.18870334,-0.14659381,-0.06366332,0.1263962,-0.17068255,-0.20498478,0.124850884,0.07026771,-0.14689615,-0.052635573,0.2127333,0.22067443,-0.0013351361,-0.0781275,0.06655235,-0.14561068,-0.087676466,-0.07796587,-0.18269224,-0.1448656,0.00011766424,0.0038803786,0.14187679,0.11141175,-0.1871739,0.07739626,0.056227103,0.038384084,-0.060792826,0.22635026,-0.050198786,-0.004070702,0.12515491,0.014361644,0.06946838,0.12060254,0.02519814,-0.047129158,-0.34250078,-0.09213092,0.0847023,0.1151566,-0.07072484,-0.08157966,0.01444887,-0.106733836,0.13334382,-0.0846829,-0.11768382,-0.31667066,-0.04067135,0.08354707,0.01781694,0.0032863396,-0.11648019,-0.110735804,-0.0370503,-0.021153543,-0.14551333,-0.18957274,-0.09870649,-0.021496773,-0.1445801,0.008994382,-0.039837416,-0.14086221,-0.22316873,-0.079095535,0.042441808,-0.12276856,0.12897706,-0.19590983,0.07745396,-0.19226517,-0.26081774,-0.09867122,0.05261743,-0.0794976,0.12054261,0.09899799,-0.06976232,0.036053073,0.002393849,0.08003335,-0.012637475,-0.053102512,-0.12509005
king,-0.08403093,0.14518622,0.0114452485,0.14209639,-0.2951252,0.2481152,-0.022557938,0.18800412,-0.18575053,0.04145623,-0.07304172,-0.007314188,0.09363183,0.14065117,-0.14000657,0.058645584,0.109102674,-0.1806487,-0.09539467,0.18522489,0.071271576,-0.13282107,-0.09429343,0.2342227,0.24735042,0.001538435,-0.030974947,0.050836533,-0.15407191,-0.17887716,-0.028147705,-0.21186168,-0.08360901,0.016026547,-0.015503701,0.11011192,0.17982355,-0.13697627,0.09787354,0.057595864,0.0026097076,0.00095825986,0.2601626,-0.04313617,-0.05145837,0.038124636,0.021806799,0.026779667,0.06694819,0.056997992,0.02033281,-0.41554466,-0.14702104,0.10933026,0.095337674,-0.10483712,0.04177304,0.123876326,-0.055790193,0.104664266,-0.015437617,-0.120413475,-0.30385593,0.05818652,0.06678747,0.005422644,0.0054489346,0.04149196,-0.24589264,-0.045433197,0.06991752,-0.18285316,-0.1630871,-0.14405796,0.06402212,-0.14064308,0.07670053,0.08618827,-0.14744489,-0.18823852,-0.05786272,0.14384866,-0.109842815,0.024499815,-0.27047178,-0.048476215,-0.26222664,-0.20659158,-0.03909108,0.025660878,-0.18768635,0.10384954,0.057980683,-0.016198287,0.0009081812,0.006664404,0.05030263,-0.0029993567,-0.0747559,-0.102999344
whole,-0.052553196,0.08301492,0.000598276,0.09550127,-0.23780823,0.20760618,-0.04115818,0.16421619,-0.18262227,0.060125712,-0.09286279,0.0058407984,0.08746294,0.14335811,-0.13364601,-0.050519727,0.11864475,-0.1794811,-0.12888247,0.13455652,0.08546098,-0.12701407,-0.09202573,0.22180432,0.26312083,-0.0008662704,-0.09095151,0.05355925,-0.16605322,-0.10623361,-0.0694105,-0.21716154,-0.1211119,-0.00700712,-0.03403976,0.14506128,0.16491045,-0.20329985,0.10956947,0.053769577,0.031012135,-0.0038275574,0.24883427,-0.055172965,-0.012758736,0.083230786,0.018596042,0.051896647,0.14111203,0.01521108,-0.047065597,-0.39246532,-0.11284111,0.091841616,0.10832767,-0.061802987,-0.03551713,0.08961999,-0.06915544,0.17158031,-0.054440275,-0.097242825,-0.34395742,-0.0009970379,0.084761284,0.03677155,-0.018119792,-0.026495196,-0.16508912,-0.029863976,0.012052161,-0.17316979,-0.17901638,-0.13260095,0.038330067,-0.12433217,0.043863147,0.006307313,-0.16487506,-0.23742194,-0.1111894,0.10032231,-0.105271235,0.052607693,-0.25461003,-0.015811907,-0.2407548,-0.25928715,-0.085976385,0.038756784,-0.13382316,0.11074204,0.0873815,-0.038292415,0.031212527,0.014211988,0.07301363,-0.03087343,-0.07320699,-0.111378215
clouds,-0.046456676,0.113636605,-0.013134315,0.09449706,-0.28914887,0.20657437,-0.04220622,0.17987807,-0.20828885,0.009613799,-0.09446654,-0.0006060876,0.08780472,0.15467453,-0.11815533,0.0027322366,0.11088205,-0.1483683,-0.11211349,0.14431585,0.05755658,-0.14383365,-0.060127687,0.22360845,0.21887514,0.029462975,-0.088089325,0.039574787,-0.16360418,-0.08895762,-0.07361069,-0.19416611,-0.1224484,-0.018895734,-0.006639429,0.09103755,0.16379425,-0.17224644,0.09719733,0.09255154,0.01162616,-0.05085829,0.26453575,-0.06095729,-0.022369124,0.06805696,0.017494923,0.041476604,0.071454,0.04395767,-0.062483206,-0.3922704,-0.15949586,0.10370546,0.09795626,-0.06129825,-0.019780457,0.09492625,-0.08986452,0.16063572,-0.00981063,-0.09740379,-0.31748676,0.055463664,0.07855864,-0.0034914198,0.018807521,-0.026319828,-0.21041755,-0.016819924,0.01933087,-0.15056798,-0.16439666,-0.11334907,0.024561288,-0.14800154,0.020209892,-0.004396292,-0.13755198,-0.23981173,-0.07434967,0.14516325,-0.09561522,0.07403164,-0.217745,-0.0068770405,-0.23774491,-0.22316793,-0.061599784,0.042689838,-0.123470165,0.15100956,0.08953504,-0.014150801,0.009462114,0.019854337,0.03970348,-0.0017873754,-0.04362104,-0.1190958
men,-0.018508533,0.10782305,0.008774214,0.071729526,-0.31780985,0.22752132,-0.035379864,0.20063576,-0.16837567,0.021003665,-0.082651846,-0.012220262,0.093338534,0.13752358,-0.13097346,-0.015246457,0.13437243,-0.1734059,-0.0908367,0.15235768,0.10563834,-0.1449566,-0.08300997,0.2649503,0.22628848,0.015106942,-0.07483304,0.05504798,-0.17922449,-0.1046809,-0.04099677,-0.23616832,-0.120675996,0.0012860991,-0.027336907,0.093865104,0.1651252,-0.13732697,0.10205837,0.06368425,0.009996501,-0.016391305,0.25719208,-0.047037322,-0.0464442,0.092719905,0.0036501049,0.08180634,0.08959994,0.04269861,-0.024250176,-0.37797573,-0.1528588,0.1096225,0.09224505,-0.08446809,-0.022729924,0.08518383,-0.048040524,0.14894255,-0.0060498505,-0.08693841,-0.33330417,0.031739403,0.11553758,0.022104979,-0.005507359,-0.016470542,-0.20555167,-0.051422544,0.049195543,-0.16822138,-0.16651723,-0.118947,0.044511188,-0.10382489,0.025855392,-0.012047264,-0.16575286,-0.21945834,-0.07141617,0.11105441,-0.1324293,0.07091156,-0.252042,-0.017468246,-0.25472936,-0.24483468,-0.082195185,0.059381615,-0.15332016,0.13514908,0.08335999,-0.012119281,0.03162283,-0.02231206,0.055891544,-0.0006788044,-0.07760586,-0.109939896
door,-0.032317795,0.08070003,0.008822776,0.08923927,-0.22226405,0.1495113,-0.03530602,0.12465465,-0.17303509,0.04541915,-0.09719071,0.040141437,0.08914614,0.12463988,-0.12792149,-0.07946058,0.11971904,-0.15203656,-0.13250563,0.12255818,0.060785376,-0.08293393,-0.07559754,0.17430767,0.24392267,-0.018816901,-0.08183567,0.038313236,-0.12633565,-0.09676304,-0.067937724,-0.17912221,-0.09569272,-0.007068849,-0.022055566,0.120468095,0.12966135,-0.18848437,0.08997082,0.08649653,0.008533701,-0.047142208,0.2078531,-0.024430187,0.015128992,0.06729116,0.05470913,0.052021526,0.10730127,0.00662803,-0.05920455,-0.34780505,-0.09871693,0.05842409,0.092296764,-0.05112445,-0.030399906,0.052683588,-0.0736967,0.15948287,-0.029101456,-0.090940565,-0.31671113,0.014255839,0.058268297,0.03200604,-0.006795897,-0.04026834,-0.1466792,-0.011560759,-0.011161315,-0.13317825,-0.1784232,-0.0879961,0.0326153,-0.11645904,0.025515066,0.007598764,-0.12098106,-0.24505492,-0.084829226,0.064114764,-0.07364322,0.053757153,-0.22217055,0.0020514578,-0.1752868,-0.24071018,-0.06885657,0.029390879,-0.1370176,0.12694837,0.09039888,-0.05155828,-0.0032615357,0.020550039,0.045236453,-0.019559907,-0.06775855,-0.111205466
protect,-0.023060571,0.065694414,-0.007908608,0.09427591,-0.20987785,0.21030906,-0.039435145,0.15076064,-0.20123811,0.056483135,-0.12887055,0.016751146,0.1262988,0.17059132,-0.1568173,-0.020182036,0.12450678,-0.21133317,-0.20144284,0.16100375,0.05237125,-0.16060033,-0.07004999,0.22098999,0.24854794,-0.022844225,-0.059038285,0.05843893,-0.1381121,-0.12070378,-0.06574015,-0.190214,-0.14108334,0.005768689,-0.015440029,0.13300723,0.11674367,-0.1459452,0.09390912,0.041146424,0.048342362,-0.052409127,0.23196213,-0.020786379,-0.012988161,0.10895883,0.026791548,0.05262756,0.118975304,0.02508813,-0.020864125,-0.37484348,-0.086513355,0.09700168,0.10876356,-0.08696117,-0.077032164,0.03461658,-0.077544965,0.12112448,-0.07037374,-0.1532931,-0.31400195,-0.03234291,0.07942862,0.02650378,0.004759366,-0.07741058,-0.15588449,-0.031332146,0.026150538,-0.17902797,-0.20048907,-0.11205232,-0.004354695,-0.1372711,0.048920054,0.02906949,-0.15124463,-0.21822676,-0.060445666,0.06345824,-0.116400264,0.110693865,-0.22801827,0.061540075,-0.24616559,-0.26064765,-0.08462252,0.058845565,-0.11947003,0.12696487,0.10330977,-0.054193188,0.03961723,0.00522091,0.08154984,-0.016374484,-0.06756736,-0.13081929
bye,-0.014198301,0.06066814,-0.026618037,0.07350692,-0.19820906,0.11888919,-0.0685432,0.11546715,-0.16918628,0.07259299,-0.12607113,0.010185909,0.11909894,0.16709107,-0.15191427,-0.08047086,0.12826659,-0.1464381,-0.16365904,0.07728751,0.08136386,-0.10148816,-0.08924122,0.1739375,0.23443894,0.001291801,-0.12920693,0.050169628,-0.11977496,-0.07304024,-0.09801543,-0.15913247,-0.13309352,-0.014338887,-0.018692225,0.13644901,0.11156755,-0.1824678,0.058145624,0.07730075,0.0016293966,-0.072722815,0.17234303,-0.011489179,-0.005551841,0.12971996,0.04593449,0.07329859,0.101924635,-0.0016637272,-0.062065195,-0.31602693,-0.08190572,0.042701196,0.075881615,-0.03993473,-0.08231321,0.0036494408,-0.10941604,0.14260177,-0.08252109,-0.09527013,-0.3196952,-0.008789451,0.050956815,0.050432567,-0.027913803,-0.09759279,-0.13975735,0.003802102,-0.015382044,-0.13784605,-0.18899362,-0.057279833,-0.016816797,-0.1210506,0.012649133,-0.025810651,-0.12884651,-0.2659156,-0.08342549,0.016486803,-0.077013835,0.12330645,-0.20256299,0.07535194,-0.14625053,-0.24468102,-0.0992443,0.05199547,-0.11325067,0.124320455,0.10426613,-0.10566791,0.017073471,0.01847606,0.065133296,0.011603887,-0.06468108,-0.12109455
pirates,0.031154381,0.077470124,-0.007029668,0.036069,-0.25466648,0.24665873,-0.00091320963,0.19184472,-0.15818155,0.010237076,-0.09189674,-0.018725771,0.067296535,0.15748936,-0.11882451,-0.032350127,0.1389551,-0.17389244,-0.106979646,0.14625968,0.10483587,-0.15930228,-0.06516887,0.27471092,0.23401664,0.011940457,-0.06506872,0.05698929,-0.17620558,-0.09039007,-0.03605127,-0.2241544,-0.15070227,-0.029967641,-0.019075796,0.12339667,0.20811649,-0.14054744,0.11936987,0.031204,0.041418687,-0.0016543509,0.26479337,-0.06291532,-0.044806305,0.13663127,-0.037383847,0.09534072,0.12013569,0.016951615,-0.02330401,-0.34103137,-0.12751473,0.12412924,0.08522773,-0.081594266,-0.067925215,0.07173726,-0.044340506,0.13450725,-0.022381758,-0.081376925,-0.30680496,-0.0006844941,0.113709904,-0.00078613,-0.003385927,-0.03185754,-0.18242224,-0.004403777,-0.010436053,-0.14300124,-0.15091981,-0.14170554,0.0003708255,-0.08622691,-0.0012483599,-0.037323847,-0.15358792,-0.19005737,-0.08665172,0.09095701,-0.14612466,0.098928906,-0.23042162,0.012885598,-0.2674196,-0.23846862,-0.107317664,0.06801042,-0.12273757,0.1353113,0.09272578,-0.018180683,0.057882674,-0.012058381,0.08095776,-0.026226258,-0.07958706,-0.14194418
died,-0.078301325,0.14680585,0.024586726,0.093021266,-0.27047983,0.22151501,-0.04477238,0.18265384,-0.15825841,0.07539009,-0.085192665,-0.0030403645,0.08068149,0.081645936,-0.10785881,-0.0052012806,0.12941894,-0.16230123,-0.08061182,0.1839606,0.054508142,-0.12587385,-0.13009258,0.2422208,0.27578986,0.005003095,-0.043669302,0.056967665,-0.13562779,-0.15193078,-0.052816775,-0.22743021,-0.0881996,0.012059352,-0.061310414,0.13534112,0.23190227,-0.15900114,0.1305707,0.064049624,-0.015741637,0.01762243,0.2557084,-0.0484061,-0.017899148,0.077473074,0.032511227,0.056066003,0.105272524,0.037033666,-0.0043132706,-0.39634538,-0.14886439,0.08760531,0.10945596,-0.05389408,0.0048313965,0.10432255,-0.066064484,0.13724057,-0.02529426,-0.08642097,-0.34058574,0.037482638,0.06847952,0.040346835,-0.030908354,0.042453717,-0.23472731,-0.018189928,0.054143406,-0.17933863,-0.17437978,-0.1383002,0.056211326,-0.11029465,0.050388392,0.050987434,-0.16974005,-0.22956887,-0.13032307,0.13192528,-0.108369865,0.0278584,-0.29828757,-0.065304786,-0.25134322,-0.23395737,-0.07847663,0.037331663,-0.16627339,0.09890595,0.07748677,-0.027776225,0.03558458,0.010957364,0.04475019,-0.03216127,-0.1333005,-0.123750396
saved,-0.072681054,0.10921713,0.012692498,0.14518067,-0.2255057,0.2139173,-0.018592186,0.14089838,-0.17761827,0.08087616,-0.09791512,0.027333507,0.09713571,0.14059554,-0.13902782,-0.032473125,0.13094491,-0.18360893,-0.13695352,0.15898268,0.07227888,-0.14546606,-0.10406677,0.22174557,0.2442578,-0.0065939957,-0.056217194,0.03992789,-0.14148144,-0.13948727,-0.02919557,-0.18239817,-0.098854326,0.012776326,-0.036884394,0.14956729,0.14957224,-0.17406459,0.08557649,0.07782276,0.008299715,-0.020961422,0.22414052,-0.021696078,-0.01624323,0.07046522,0.028193265,0.05966742,0.122128606,0.01881949,-0.017114347,-0.3836406,-0.091678016,0.100038834,0.11620246,-0.06850304,-0.03043838,0.08075502,-0.08026499,0.12539011,-0.046294563,-0.11852355,-0.3215938,0.011607319,0.06747706,0.04313709,-0.013045541,-0.01031077,-0.18129253,-0.030796032,0.0305936,-0.18811747,-0.20623942,-0.115282804,0.03758661,-0.101895794,0.048320904,0.05407062,-0.16329667,-0.22127408,-0.0708138,0.09973526,-0.10113847,0.054311167,-0.2631237,-0.011069328,-0.24901894,-0.22482954,-0.07478213,0.034077767,-0.17195463,0.085531674,0.06769212,-0.044181857,0.020027263,0.0023203057,0.06446791,-0.020492468,-0.097898476,-0.1278811
lot,-0.05370191,0.07739857,0.015500086,0.08796742,-0.2054908,0.17573212,-0.04082396,0.15759389,-0.17394476,0.098800465,-0.08744668,-0.0040255594,0.09723009,0.122194365,-0.115315154,-0.0868699,0.13578573,-0.15971117,-0.12541303,0.14935274,0.090995945,-0.11797204,-0.08773192,0.21642174,0.25130916,-0.001627023,-0.068413116,0.05667049,-0.14446303,-0.099193014,-0.04211813,-0.20358905,-0.07188199,-0.014827603,-0.059237305,0.15742613,0.14283498,-0.1998779,0.1091748,0.06579168,0.009939686,-0.0037164786,0.21937749,-0.03998516,-0.013248022,0.055523194,0.009246427,0.061200716,0.15049347,0.018253075,-0.030499253,-0.3644496,-0.102660425,0.080353215,0.12202997,-0.05992548,-0.010573663,0.047827497,-0.07813234,0.14528522,-0.044778313,-0.10568187,-0.32019508,-0.012469947,0.102343746,0.051123176,-0.034090567,0.0055570113,-0.13636689,-0.035310246,0.033311628,-0.18250087,-0.15135351,-0.13568793,0.039458964,-0.11537932,0.06559551,0.0012855682,-0.17498355,-0.20355688,-0.098437354,0.06493392,-0.11764512,0.044796847,-0.27079758,-0.019551678,-0.22263664,-0.24563111,-0.09284763,0.054040518,-0.12061582,0.096188985,0.07027039,-0.054237902,0.038917992,-0.006204695,0.090206824,-0.028673867,-0.09461348,-0.12735337
transforming,-0.06654464,0.109066606,0.01807523,0.09892818,-0.26820725,0.21128091,-0.051014878,0.15657286,-0.17961134,0.06820317,-0.100854665,-0.0038890466,0.105351545,0.15428525,-0.14778265,-0.04798277,0.13184597,-0.17530932,-0.13618405,0.14131714,0.09471048,-0.12666772,-0.110322446,0.24138807,0.2617908,-0.0005494165,-0.086465545,0.056061275,-0.15299255,-0.12595512,-0.06671383,-0.21816847,-0.09339189,-0.00027920303,-0.03736215,0.13830446,0.16725549,-0.17209114,0.089510426,0.07413871,-0.00215218,-0.007266317,0.25085956,-0.021718647,-0.02313414,0.08720932,0.044105627,0.067382954,0.10783779,0.050287772,-0.032275744,-0.39992702,-0.12570673,0.06739023,0.09201995,-0.079036064,-0.024963256,0.07081721,-0.072948076,0.13845564,-0.048096713,-0.11223835,-0.34493184,0.0199159,0.06713791,0.04229443,-0.005036738,-0.01914365,-0.213023,-0.018340219,0.03163438,-0.1906885,-0.19362877,-0.12911803,0.025993953,-0.13185175,0.05826024,0.018255763,-0.15494035,-0.24070117,-0.09621544,0.07238208,-0.1234513,0.07488871,-0.2710923,0.0026978785,-0.23742779,-0.2587049,-0.08959623,0.055752765,-0.17055611,0.1265974,0.09553489,-0.046931785,0.020610152,-0.008160542,0.06283772,0.0013552043,-0.077183105,-0.13761508
yupa,-0.061305188,0.03234334,0.017950615,0.10385071,-0.18032177,0.12317205,-0.04252893,0.10970859,-0.1881556,0.07815255,-0.09708659,0.026204698,0.107264824,0.15327099,-0.13800862,-0.09193363,0.10585215,-0.14807926,-0.16462144,0.08743767,0.080681115,-0.08696484,-0.07688286,0.17655464,0.24004954,0.018108264,-0.12551104,0.04277087,-0.12552547,-0.095494576,-0.08240013,-0.1810024,-0.09734135,0.023009934,-0.041841865,0.14637455,0.10528534,-0.20913956,0.074443474,0.084281765,0.023339527,-0.026809929,0.2296834,-0.031857103,0.006018486,0.10139028,0.06375151,0.046789084,0.13559063,0.0072339955,-0.061687514,-0.36934415,-0.09861025,0.069034405,0.09763615,-0.054839112,-0.036367174,0.017555377,-0.08121428,0.15618181,-0.040518273,-0.106385216,-0.3256834,0.007939185,0.082393244,0.07128665,-0.00041176553,-0.030584365,-0.12113802,-0.02239303,-0.024064386,-0.16980854,-0.19522695,-0.090268984,0.023065528,-0.13475181,0.045187894,-0.0007369142,-0.14530641,-0.21663377,-0.08547853,0.026778828,-0.0946023,0.03950365,-0.24251273,0.0048592826,-0.19240978,-0.25409842,-0.1083445,0.022460457,-0.120280005,0.11137419,0.06653549,-0.088519104,0.014195739,0.0022974068,0.046740074,-0.0094857225,-0.04979974,-0.10519736
most,-0.013240772,0.07803822,0.025776299,0.095964886,-0.21205942,0.19476342,-0.0074436655,0.14457127,-0.183299,0.06206279,-0.11881803,0.031687964,0.091442086,0.17997353,-0.1815506,-0.031140514,0.11540934,-0.21067557,-0.1660988,0.16187787,0.08201362,-0.13296424,-0.09430689,0.22349021,0.24777666,-0.03555442,-0.055062,0.07520538,-0.1509291,-0.13478966,-0.03322563,-0.16566755,-0.10585634,0.013840107,-0.0041275728,0.13285725,0.11160365,-0.13815613,0.08100494,0.044610105,0.014907996,-0.04578664,0.22457299,0.004832464,-0.015289364,0.111884676,0.02849351,0.06606651,0.11110115,-0.0014065924,-0.016943749,-0.36810362,-0.092897855,0.079831235,0.08037747,-0.09748107,-0.08595128,0.036697052,-0.040318243,0.10832822,-0.060186002,-0.1400765,-0.34336504,-0.016706403,0.059250955,0.055593185,-0.00941762,-0.043136563,-0.13470453,-0.02988848,-0.002299545,-0.16776459,-0.20314607,-0.09945088,0.01876717,-0.10650448,0.06431879,0.040980633,-0.1474119,-0.21479207,-0.07314757,0.040708065,-0.10379666,0.11179938,-0.2416584,0.035778128,-0.2336946,-0.26581442,-0.09936013,0.058586583,-0.16171439,0.09647508,0.1007555,-0.07321238,0.051667802,0.0011132826,0.055568166,0.0032270805,-0.07476271,-0.14140415
called,-0.018738272,0.08212866,-0.0029588458,0.09084229,-0.19587804,0.15399462,-0.027412288,0.09642007,-0.15823114,0.08623779,-0.1096663,0.022043038,0.091281414,0.1559706,-0.17126875,-0.0726632,0.15529342,-0.16893756,-0.1640085,0.12296037,0.10012931,-0.08835375,-0.10863146,0.19670744,0.26375332,-0.024269301,-0.08007798,0.04736681,-0.1605352,-0.104690805,-0.06473119,-0.18403205,-0.09905828,-0.011552933,-0.041337516,0.17347804,0.13267416,-0.16226718,0.08171776,0.07890374,0.0075096856,-0.034255784,0.21267165,-0.01493003,-0.02479739,0.09694902,0.040393934,0.06735898,0.1213723,-8.517274e-05,-0.03380315,-0.35821974,-0.07481775,0.07098471,0.09826609,-0.063674,-0.065288365,0.015392775,-0.07086782,0.13393049,-0.052940942,-0.11985098,-0.33018696,-0.03217248,0.0710079,0.057699464,-0.025936117,-0.021429906,-0.14678632,0.004392366,0.0011313664,-0.14703846,-0.19480048,-0.10068055,0.008298906,-0.102604516,0.023366032,0.01228369,-0.14293115,-0.23141146,-0.10101943,0.026802605,-0.099819794,0.0915812,-0.23820233,0.028814595,-0.20280418,-0.24587959,-0.09789347,0.045457445,-0.14902782,0.09812603,0.09261381,-0.088574596,0.033235855,0.013815211,0.071602665,-0.019773476,-0.068562515,-0.14399058
hospital,-0.09806086,0.11167355,0.0065378966,0.12363006,-0.22471432,0.11600725,-0.045764226,0.11827801,-0.19900057,0.09330007,-0.13437076,0.031873275,0.10335676,0.15970807,-0.14258336,-0.086112715,0.14503482,-0.1592697,-0.18279472,0.115930274,0.06190514,-0.10410864,-0.119046636,0.20099962,0.27908006,-0.03645605,-0.115137935,0.03217182,-0.14606044,-0.11646319,-0.11425529,-0.16990492,-0.100412145,0.009984429,0.0030566514,0.14160532,0.14118046,-0.16630103,0.061249603,0.088674806,-0.006267648,-0.027358375,0.23107316,-0.008124011,-1.2090604e-05,0.07173664,0.09968385,0.06279012,0.10149424,0.019151695,-0.07132917,-0.36640668,-0.09839108,0.03570756,0.083600655,-0.066778734,-0.040976197,0.053998847,-0.082052305,0.1447683,-0.050591618,-0.10250433,-0.35700333,-0.014241736,0.020933438,0.070220165,-0.012905314,-0.04973747,-0.18311253,-0.008031437,0.0139363445,-0.19038893,-0.23114066,-0.08877792,0.016270602,-0.13328114,0.012691289,0.033510007,-0.11660782,-0.30715638,-0.112128764,0.03582811,-0.069865756,0.056807462,-0.24337184,0.040295687,-0.18109791,-0.2524212,-0.06670931,0.026101941,-0.14830324,0.14123553,0.08559219,-0.068787515,-0.008290254,0.028892713,0.045181554,-0.010214371,-0.08340135,-0.117414705
guy,-0.041228134,0.0784052,0.0031041927,0.09553397,-0.20408192,0.16289079,-0.041739486,0.1323197,-0.19648695,0.075330056,-0.10497163,0.008807378,0.10646469,0.151351,-0.12941772,-0.06841343,0.116300195,-0.17175597,-0.15424114,0.13246351,0.09080991,-0.11811416,-0.09920665,0.21922687,0.26108772,-0.022143716,-0.088370144,0.034207847,-0.15427959,-0.10632541,-0.036648728,-0.18066445,-0.100771174,0.011994556,-0.05193676,0.16391452,0.13817593,-0.20139013,0.10878573,0.059293885,0.03934554,-0.016617374,0.23547502,-0.028605804,0.002778646,0.096599765,0.023634793,0.054566253,0.13723052,0.01751525,-0.03835715,-0.38823646,-0.08192328,0.0792118,0.12020323,-0.045008186,-0.04853257,0.05656872,-0.077552505,0.14355263,-0.074380875,-0.10088693,-0.32872105,-0.017094044,0.085065536,0.0471489,-0.013575818,-0.0148245925,-0.15037902,-0.0202225,0.016163377,-0.18441498,-0.199613,-0.11021913,0.0275403,-0.10930151,0.06733215,0.0211298,-0.16535582,-0.20707999,-0.09086277,0.061969247,-0.096024014,0.05973663,-0.27641216,-0.012492948,-0.23802234,-0.25644812,-0.10097373,0.05111048,-0.13980818,0.10537044,0.0687591,-0.045687966,0.032844,-0.004725316,0.078524105,-0.04386473,-0.10986001,-0.12735578
problem,-0.030144664,0.06955339,-0.015015756,0.06340943,-0.2012241,0.13648717,-0.047852457,0.1413824,-0.15438752,0.07790883,-0.1313637,0.020654427,0.07374815,0.115141995,-0.1118236,-0.090001166,0.11648223,-0.15678951,-0.13266024,0.12634191,0.058340084,-0.11949989,-0.101250865,0.20363791,0.2656648,-0.02818271,-0.0703385,0.009410354,-0.13566086,-0.038358174,-0.027384695,-0.219494,-0.09273632,0.0090274,-0.06046706,0.16193517,0.15184706,-0.20446429,0.1400193,0.03893902,0.04002936,-0.047049813,0.20783958,-0.07410521,0.019641232,0.0796124,0.0007609856,0.066562355,0.16140802,-0.05296736,-0.011938733,-0.3325393,-0.09930426,0.08676482,0.1016286,-0.014338068,-0.07277865,0.013319571,-0.07276314,0.17095836,-0.07235389,-0.10021541,-0.29992422,-0.056165952,0.13218464,0.018807005,-0.022927659,-0.04247522,-0.07700496,-0.046575565,0.001408133,-0.13048607,-0.19259645,-0.11896778,0.03257499,-0.08833144,0.04665182,-0.03288796,-0.17436585,-0.19997069,-0.1083625,0.052642845,-0.10456046,0.082341686,-0.23303309,0.039030034,-0.2395424,-0.28741848,-0.10969964,0.04681086,-0.10421918,0.09513091,0.09204084,-0.033303604,0.022616806,-0.0043099853,0.102925345,-0.029155739,-0.107312314,-0.1224307
words,-0.049716726,0.10593518,0.013222661,0.10477374,-0.26308116,0.19971249,-0.054952864,0.16847883,-0.18887816,0.07822298,-0.12566857,0.023388758,0.11822763,0.143953,-0.15091212,-0.03420913,0.1394967,-0.18011771,-0.15496531,0.15582055,0.078480795,-0.13760573,-0.10804436,0.2283437,0.27665362,-0.0026907562,-0.07805836,0.06313473,-0.14383255,-0.12578654,-0.058924396,-0.19621035,-0.109547816,0.005915349,-0.024482442,0.116308816,0.16400927,-0.16671914,0.10323695,0.056486845,0.012675331,-0.040284112,0.23281018,-0.027695201,-0.02252264,0.087731406,0.047350805,0.054951347,0.10942458,0.011119953,-0.010376545,-0.3769066,-0.12322522,0.07033462,0.08715128,-0.078540534,-0.040224515,0.04129215,-0.064525485,0.14889425,-0.031057443,-0.12068379,-0.34758586,0.022362938,0.07909585,0.03993202,-0.013673372,-0.025487617,-0.18552122,-0.02217086,0.02570217,-0.17616275,-0.20841983,-0.13263583,0.025620664,-0.12363916,0.040730417,0.020907743,-0.1584884,-0.2653576,-0.09358295,0.06628714,-0.1091563,0.09352767,-0.24593718,0.024670612,-0.21893468,-0.27587274,-0.087509155,0.05122911,-0.15122509,0.12720309,0.09787012,-0.050407507,0.031145275,0.0028173241,0.060720976,-0.002620689,-0.07993456,-0.12418718
idea,-0.056633133,0.08752571,0.014838603,0.11809907,-0.1875586,0.13012908,-0.047112428,0.094168596,-0.1771508,0.1024593,-0.106882885,0.028106153,0.09778372,0.13780591,-0.104780905,-0.102177426,0.111364715,-0.16240913,-0.13554859,0.123541,0.066314004,-0.090012096,-0.107395396,0.2019557,0.28109238,-0.051277764,-0.0699466,0.026330663,-0.12682724,-0.067795135,-0.047977664,-0.18594603,-0.07392945,0.0169702,-0.044977024,0.1686084,0.121343225,-0.22151975,0.12483738,0.08628001,0.022565214,-0.038823664,0.23052493,-0.014945642,0.032986056,0.04581554,0.029981708,0.05941969,0.14005555,-0.010888696,-0.034271553,-0.37702397,-0.062114574,0.072885334,0.11839567,-0.022170844,-0.03408901,0.045117896,-0.06047996,0.17725442,-0.054935433,-0.10603083,-0.320145,-0.04027996,0.08255853,0.04647467,-0.0028333194,-0.018371841,-0.11776053,-0.028922517,0.018123202,-0.18658805,-0.208101,-0.11447746,0.043433193,-0.09322722,0.063623525,0.009509582,-0.16841629,-0.21224539,-0.09762801,0.03545417,-0.09682884,0.032441493,-0.25706333,0.0024986644,-0.23295848,-0.2702374,-0.09479712,0.046493046,-0.12830964,0.10316877,0.05075425,-0.038905594,0.0026709426,0.021800593,0.08289878,-0.038352065,-0.10852174,-0.10184101
sit,-0.011635561,0.074982196,-0.021111105,0.08175109,-0.22108041,0.16174234,-0.058535885,0.12075437,-0.17692666,0.076690234,-0.13008913,0.009005254,0.1194322,0.16528858,-0.1344209,-0.07547663,0.1288164,-0.16201271,-0.16465876,0.11329389,0.0776973,-0.112101905,-0.083675504,0.22073789,0.24405263,-0.01901234,-0.09109346,0.03231756,-0.13997442,-0.08147916,-0.07854189,-0.19084024,-0.12784208,-0.008623047,-0.02961347,0.14904962,0.12999043,-0.18077084,0.10737384,0.07943833,0.026407726,-0.05576993,0.22513233,-0.03047526,-0.009978598,0.11776034,0.03480346,0.06962719,0.1372347,0.021782348,-0.05614906,-0.37177676,-0.07974837,0.08173633,0.109073,-0.043767452,-0.07364566,0.03144572,-0.0998628,0.1472964,-0.047828227,-0.10491689,-0.31842974,-0.027653998,0.09310266,0.038359098,-0.01431086,-0.06271539,-0.13286193,-0.015971743,0.005741644,-0.16870876,-0.20861536,-0.10027706,0.009884369,-0.12746145,0.021694526,0.00038136452,-0.14972797,-0.24386668,-0.08583937,0.063091874,-0.103473015,0.1028253,-0.23064701,0.030394107,-0.21168773,-0.25154695,-0.100390375,0.051718496,-0.11854298,0.11590421,0.10134909,-0.058898695,0.030276626,-0.0017192075,0.07838302,-0.024029376,-0.09106054,-0.122931145
falling,-0.025253229,0.06570529,0.009473941,0.08192475,-0.21878763,0.13458198,-0.05027208,0.13177736,-0.17017363,0.0672336,-0.12477891,0.03315471,0.11303254,0.15668158,-0.12997408,-0.097268716,0.14721681,-0.15333167,-0.13575043,0.08515584,0.076958984,-0.05746575,-0.1157664,0.19869506,0.28027257,-0.014987502,-0.1202809,0.025972238,-0.14597243,-0.08202723,-0.08506835,-0.21600965,-0.10413073,-0.003518418,-0.024257358,0.14564791,0.11523445,-0.18973428,0.07926505,0.08167927,-0.027392793,-0.05806205,0.21139604,-0.036506206,-0.0028236457,0.09979601,0.03979598,0.066317864,0.13301437,-0.005904423,-0.05730244,-0.33528948,-0.11270493,0.04997967,0.080677465,-0.045974985,-0.048932195,0.009477051,-0.07245827,0.18377458,-0.062147487,-0.08470396,-0.36926928,-0.010464887,0.08913323,0.040557742,-0.009432049,-0.05604462,-0.13461767,-0.011833322,-0.0013072654,-0.15104064,-0.20202278,-0.08352997,0.022224851,-0.12821908,0.014579963,-0.050214384,-0.13863632,-0.25433734,-0.08849272,0.009371859,-0.100560635,0.08361658,-0.22786191,0.04756631,-0.15879062,-0.2725993,-0.08237049,0.055980776,-0.14286408,0.14819285,0.09,-0.08843061,0.00015591121,-0.003329858,0.042061932,0.0075647566,-0.08465306,-0.12771893
worried,-0.01451625,0.06996388,0.028497016,0.112673886,-0.113043085,0.12539673,0.0018006876,0.07505135,-0.16632317,0.120501466,-0.13080126,0.045918792,0.10702087,0.17753828,-0.16745654,-0.13371822,0.1210207,-0.18952627,-0.22075158,0.097440265,0.11366397,-0.07698251,-0.099703334,0.1877908,0.25368753,-0.06510266,-0.069894746,0.045751654,-0.12134404,-0.094250925,-0.050804242,-0.1765699,-0.09997262,0.02542654,-0.0106885955,0.21139127,0.09291422,-0.17406337,0.055353012,0.038636044,0.017801754,-0.05030026,0.20228279,0.047862582,0.019171206,0.12518562,0.06206776,0.07668954,0.180258,-0.04085415,-0.043566484,-0.35188913,-0.018066837,0.020775655,0.102673054,-0.08968873,-0.117363,-0.038067747,-0.05726458,0.12664683,-0.08610246,-0.18490162,-0.34614223,-0.08029163,0.061262093,0.101305865,-0.023775306,-0.038226027,-0.056757886,-0.019098477,-0.04333985,-0.18901125,-0.2559753,-0.07459341,0.010505867,-0.056366444,0.07065342,0.030121984,-0.16702494,-0.2240698,-0.097283386,-0.03647161,-0.065962754,0.099782825,-0.2656611,0.054284573,-0.19826928,-0.30463192,-0.12252639,0.048844513,-0.14281152,0.07388834,0.082749076,-0.13440642,0.036122646,0.019215029,0.08480019,-0.026130639,-0.103642106,-0.13367784
times,-0.069186635,0.10701946,0.010214357,0.09852766,-0.24378966,0.21733415,-0.044196088,0.16297822,-0.17004044,0.08793791,-0.078697406,0.0037518162,0.10107378,0.14819928,-0.14809105,-0.018248107,0.1308241,-0.15764345,-0.10757558,0.16596219,0.07300294,-0.1179995,-0.10743157,0.2312964,0.27086267,-0.015166444,-0.060996335,0.06658906,-0.14056724,-0.13787274,-0.031014564,-0.20066646,-0.08399501,0.009079946,-0.05525766,0.13370097,0.14730416,-0.16255641,0.09383532,0.059894986,-0.013817729,0.0023710013,0.24076092,-0.019806983,-0.021248033,0.07569937,0.03226078,0.059747234,0.10554143,0.03908836,0.009616939,-0.39373946,-0.13065639,0.058156386,0.08863525,-0.07083791,0.005859552,0.0731625,-0.06454281,0.1389497,-0.043252673,-0.09824692,-0.3414289,0.015487088,0.0642441,0.05700741,-0.022707313,0.0062960424,-0.18877158,-0.050444715,0.06539615,-0.19286449,-0.1844289,-0.12006431,0.06495352,-0.09695151,0.07921602,0.032584712,-0.17269355,-0.20561528,-0.07805489,0.069087215,-0.1065606,0.030946288,-0.30663916,-0.0118387565,-0.25549075,-0.23952441,-0.07623396,0.06756415,-0.18114077,0.108918875,0.04263735,-0.05282347,0.030960793,0.004839929,0.05683293,-0.018126367,-0.08816571,-0.10031743
sky,-0.090972,0.104534455,0.018001381,0.10041827,-0.2576921,0.20435153,-0.04769988,0.1635953,-0.15311739,0.0798643,-0.079075165,0.017884145,0.091331944,0.10716745,-0.094571486,-0.026055675,0.11375317,-0.14899054,-0.083531775,0.15165141,0.06049689,-0.124913186,-0.12265373,0.23147273,0.25609833,0.004751465,-0.08089364,0.04531571,-0.123529926,-0.11752054,-0.051113717,-0.22137694,-0.10224263,0.012664716,-0.047942188,0.11037902,0.18039294,-0.1701627,0.116131134,0.08080306,-0.004617843,0.00963302,0.21990193,-0.053266063,-0.015822079,0.0690851,0.022015607,0.03560458,0.11167422,0.031570192,-0.014243293,-0.3743474,-0.14132074,0.08225596,0.10612407,-0.05945552,0.0021746855,0.09558721,-0.069824755,0.15469691,-0.017661205,-0.0993885,-0.31625542,0.039360948,0.079284385,0.018588217,-0.0047202,0.020616878,-0.18649115,-0.027747668,0.039601658,-0.17096181,-0.16894317,-0.1184997,0.047976714,-0.11988101,0.058152817,0.027558565,-0.1587901,-0.22489488,-0.10601081,0.10794136,-0.106229536,0.03640129,-0.2549103,-0.052070368,-0.23162726,-0.22991255,-0.077373646,0.03798779,-0.1512848,0.11596208,0.076027416,-0.023819573,-0.001876288,0.00857732,0.047246445,-0.027387816,-0.105655245,-0.1270672
attack,-0.06597596,0.09852611,0.011854905,0.108789675,-0.24005872,0.17671974,-0.052925337,0.14733405,-0.17403114,0.056996357,-0.08870451,0.018330008,0.08539442,0.12396548,-0.11651885,-0.055637594,0.12514329,-0.15065046,-0.11027537,0.11930236,0.07158851,-0.09763678,-0.08053656,0.21967262,0.2543522,-0.0011569271,-0.095452055,0.03245011,-0.14586677,-0.115141295,-0.050438527,-0.20170371,-0.087239034,0.014278799,-0.03501262,0.14735325,0.14750199,-0.20290485,0.10348516,0.10182047,0.00683341,-0.012546908,0.2508238,-0.058789607,0.0023025086,0.055889457,0.0267387,0.045734223,0.110742226,0.024516143,-0.04492242,-0.38918334,-0.11015862,0.078149065,0.1136456,-0.055823304,0.0036445644,0.066916995,-0.08231151,0.15877335,-0.028523425,-0.08975042,-0.3135939,0.011636304,0.09125445,0.034531232,-0.0004230421,0.013695616,-0.168936,-0.021693151,0.03507329,-0.16100198,-0.17725539,-0.13451694,0.04518022,-0.12893195,0.05004588,-0.0041130586,-0.16433339,-0.22316825,-0.1074587,0.09849354,-0.100961335,0.041168686,-0.26434252,-0.023767011,-0.21541378,-0.25852028,-0.078829534,0.035524275,-0.1387142,0.13452302,0.06750644,-0.037967056,0.019209469,-0.007999048,0.049342677,-0.036507305,-0.09318605,-0.088863626
san,-0.05152557,0.06754476,-0.02350002,0.12585576,-0.13833913,0.094143994,-0.036446102,0.058762476,-0.19478591,0.1112164,-0.16089536,0.016314678,0.13037813,0.19184826,-0.15761924,-0.09804358,0.11702726,-0.18475284,-0.20414577,0.09509209,0.0754136,-0.08766523,-0.10710131,0.1974531,0.27223662,-0.035150774,-0.121106975,0.007563247,-0.14307332,-0.055724684,-0.10361438,-0.16543475,-0.13098104,0.010278913,0.012882326,0.17712429,0.10433757,-0.22395691,0.065581486,0.0743228,0.05102096,-0.08690772,0.22043815,0.0014725344,0.007918298,0.12042831,0.03350345,0.066655114,0.16355929,-0.030446433,-0.03654762,-0.38204396,-0.039943647,0.08178139,0.107825845,-0.038639825,-0.09042619,-0.0056991014,-0.10607914,0.15469605,-0.07299673,-0.1513132,-0.35750344,-0.05805568,0.06546528,0.044610225,0.00946987,-0.112416625,-0.090174064,-0.011671124,-0.01641088,-0.20094226,-0.26250908,-0.08034182,-0.0018169498,-0.113118045,0.036071293,0.01574214,-0.1426531,-0.24064407,-0.06836076,-0.0270412,-0.09005586,0.084957235,-0.24548343,0.09005627,-0.19414178,-0.27926967,-0.11483567,0.036807753,-0.11013185,0.10882769,0.107606895,-0.097674064,0.006977931,0.0457355,0.082589254,-0.018344719,-0.08085383,-0.119993605
design,-0.037739195,0.093290485,0.008930471,0.08264706,-0.20028041,0.13487859,-0.0406418,0.13011377,-0.16770501,0.076119,-0.122480385,0.025278041,0.09456376,0.1303596,-0.13619205,-0.07630083,0.12597728,-0.15268803,-0.14994606,0.13294134,0.0748317,-0.082177415,-0.09469797,0.2050401,0.25814813,-0.027096085,-0.07322625,0.04292709,-0.15184079,-0.10266788,-0.083342046,-0.16155583,-0.09616969,0.0035908483,-0.024024429,0.14644735,0.12330757,-0.1690029,0.08403926,0.08284493,-0.006675631,-0.048625126,0.2088162,-0.00047949902,-0.015480724,0.07544375,0.04355432,0.061794378,0.12447787,-0.006556557,-0.05061156,-0.3277506,-0.09113665,0.05227501,0.08674647,-0.061092332,-0.049041398,0.01831988,-0.06715699,0.13159487,-0.058735747,-0.13207304,-0.32107225,-0.014628627,0.054585434,0.05734533,-0.018054094,-0.024655819,-0.1377938,-0.016147535,0.010072118,-0.1427483,-0.2073777,-0.09865243,0.016623884,-0.10501791,0.031147959,0.023005676,-0.15190017,-0.2407329,-0.113533005,0.036177397,-0.093603574,0.07187694,-0.22041835,0.028098702,-0.20159437,-0.24560085,-0.07387426,0.049402926,-0.1377896,0.111231215,0.101599365,-0.06977729,0.010171525,0.0001664566,0.06872255,0.0008548247,-0.084756285,-0.12037767
fio,0.021611376,0.037808098,-0.020642454,0.06459789,-0.13500583,0.09192344,-0.038641665,0.07305982,-0.17384513,0.09165179,-0.15331197,0.039909992,0.12657282,0.19907656,-0.18405177,-0.10999341,0.1423892,-0.16490039,-0.20840721,0.09047637,0.091224484,-0.077214345,-0.0989892,0.21165213,0.2664663,-0.031679716,-0.1059507,0.03988981,-0.14477786,-0.056417014,-0.077236176,-0.16610071,-0.14994362,-0.01200402,-0.019888954,0.17510408,0.093189955,-0.16962293,0.089746386,0.062378258,0.013607007,-0.086362265,0.1891859,0.008050671,-0.025049176,0.14595072,0.03487434,0.08330594,0.16003405,-0.050012644,-0.032422405,-0.30974814,-0.05288459,0.054048765,0.07834605,-0.061421875,-0.13502036,-0.038702518,-0.07297485,0.12751906,-0.09851096,-0.14520909,-0.33788034,-0.07025047,0.074629754,0.07714466,-0.04042768,-0.11181852,-0.07227941,-0.008162444,-0.043512773,-0.13166057,-0.23473945,-0.07518952,-0.0357178,-0.09064136,0.006348424,-0.022752691,-0.13096307,-0.2426772,-0.10818645,-0.072050944,-0.09284895,0.12831083,-0.19147393,0.09546125,-0.19443838,-0.2753476,-0.117632546,0.056618616,-0.103144564,0.10829993,0.12390515,-0.120837346,0.036316182,0.003953305,0.08377457,-0.01582992,-0.09711429,-0.1540171
curtis,-0.008528396,0.06484363,0.014054735,0.070204206,-0.2213634,0.15836793,-0.04758884,0.12026492,-0.17229758,0.061161045,-0.12184784,0.029136684,0.11579063,0.14991234,-0.16478068,-0.0700443,0.12947635,-0.15576696,-0.17695005,0.12401325,0.06908194,-0.10545092,-0.08414027,0.19071984,0.23331937,-0.010530024,-0.09080148,0.05674034,-0.13623422,-0.09210701,-0.068033025,-0.18051432,-0.099290565,-0.010939819,-0.035279736,0.12849838,0.13403444,-0.18837698,0.09402442,0.06675913,0.015797911,-0.049643107,0.20069546,-0.019109888,-0.0032848478,0.09824103,0.029242914,0.07350854,0.10903763,-0.0063797217,-0.030852856,-0.3481588,-0.08954492,0.072021164,0.098827444,-0.04317321,-0.075278185,0.019923056,-0.08114764,0.14568308,-0.06853961,-0.11149202,-0.33192348,-0.02438338,0.075798556,0.04441815,-0.005767961,-0.046395514,-0.13715851,0.0008239968,-0.007988271,-0.1468493,-0.17440753,-0.101872295,0.009838803,-0.11375364,0.041443653,0.0012184733,-0.14789198,-0.235732,-0.080393456,0.028286844,-0.094480716,0.0984585,-0.21780105,0.026224202,-0.19398513,-0.2502152,-0.102282904,0.0524066,-0.13193326,0.11709011,0.084919795,-0.08278141,0.023773002,0.008955057,0.06808782,-0.013890102,-0.07251552,-0.12445235
operation,-0.044049267,0.10422081,0.0152442,0.08625005,-0.27223387,0.19823252,-0.052548535,0.16950266,-0.18748671,0.055721138,-0.102560684,0.008528944,0.106541865,0.1415932,-0.14052688,-0.03901605,0.12452814,-0.17936894,-0.13561721,0.16449612,0.08114579,-0.13408908,-0.10733481,0.22577132,0.2640268,-0.01129694,-0.07881935,0.06548235,-0.15936446,-0.12474111,-0.042407602,-0.21163934,-0.092374854,0.011007097,-0.03368919,0.12757856,0.16254312,-0.1591001,0.1033235,0.077109315,0.005730766,-0.029426068,0.24630792,-0.023135688,-0.028276972,0.08219586,0.033353455,0.06514896,0.1047256,0.029348329,-0.027194992,-0.39112484,-0.13335586,0.08699796,0.102424555,-0.07703759,-0.041841697,0.065219395,-0.07160219,0.14699553,-0.030034,-0.096117444,-0.3555562,0.012905574,0.07229992,0.041015733,-0.009792974,-0.00016706987,-0.1953839,-0.035505034,0.036832668,-0.18042454,-0.19665092,-0.1220923,0.035159755,-0.1279983,0.06781749,0.011843587,-0.15142487,-0.23897153,-0.09738201,0.09075354,-0.111267634,0.06812551,-0.2644895,-0.0014524056,-0.23246066,-0.26067433,-0.08811091,0.059497494,-0.16232783,0.124072246,0.0948407,-0.047473308,0.013732911,0.005205889,0.051079594,0.0054481467,-0.07785313,-0.13287868
village,-0.074277274,0.09798427,0.0033349223,0.09761148,-0.27027413,0.16906469,-0.06267983,0.14953016,-0.1736224,0.074778505,-0.10325983,0.014409234,0.10055761,0.1263243,-0.14670543,-0.05481945,0.14277735,-0.16163746,-0.13689078,0.120807484,0.06785147,-0.10187607,-0.10434006,0.23310262,0.2788288,-0.014892825,-0.11728009,0.057725664,-0.14975318,-0.11135746,-0.080666624,-0.2116658,-0.10771144,0.0007770859,-0.029128032,0.13760315,0.15356304,-0.18049192,0.109111525,0.08789097,-0.014068204,-0.029135657,0.23843019,-0.024571627,-0.014825836,0.09177744,0.05863555,0.05689067,0.102202736,0.04828405,-0.035759214,-0.39281455,-0.13107324,0.07542404,0.09532097,-0.04823763,-0.027489105,0.06671253,-0.059102528,0.15477279,-0.049001973,-0.08828008,-0.3326883,0.011501917,0.06008913,0.04256895,-0.0111884875,-0.014278188,-0.20399648,-0.010854123,0.039834466,-0.15110427,-0.18086043,-0.11089417,0.029924138,-0.14656162,0.036128324,-0.002768079,-0.1414794,-0.25875515,-0.12603621,0.074692294,-0.09920547,0.06882441,-0.24473187,0.000592271,-0.20225537,-0.25063467,-0.07831619,0.04102092,-0.17388792,0.1405277,0.097189605,-0.05604415,0.0103085805,-0.0045697186,0.0407577,0.0012361956,-0.0699495,-0.12674853
happy,-0.01909517,0.06310298,0.011477381,0.083088525,-0.19328974,0.19634534,-0.035713635,0.15386367,-0.20776391,0.08034259,-0.12916443,0.04348862,0.12487953,0.19690676,-0.19899905,-0.0860154,0.13324623,-0.19137354,-0.22655563,0.12505667,0.07762469,-0.11204478,-0.09674088,0.2165287,0.25282916,-0.051289663,-0.08418582,0.098155744,-0.14163427,-0.14824732,-0.061491635,-0.1609967,-0.1199219,0.0026773973,-0.025628056,0.18073747,0.09634744,-0.1401247,0.07980215,0.049676195,-0.009595373,-0.058278307,0.18354242,0.023394778,-0.008621794,0.13376059,0.07006368,0.048895963,0.12796435,0.028526802,-0.04970769,-0.38368112,-0.0866685,0.052473687,0.09550525,-0.09103557,-0.113129355,0.0070664105,-0.095209144,0.09515376,-0.09407797,-0.14116818,-0.34382695,-0.035585824,0.04160114,0.09126384,-0.03363776,-0.05486772,-0.1519139,-0.00961614,-0.00017000822,-0.16916661,-0.23947415,-0.10405517,-0.016582085,-0.12292266,0.056188393,0.022971185,-0.14520226,-0.23466219,-0.0734355,0.015231297,-0.10479823,0.10781334,-0.24473964,0.05941445,-0.20320155,-0.2479457,-0.087534145,0.07133777,-0.18678871,0.100653745,0.098967634,-0.097926065,0.04515587,-0.005006991,0.069053724,-0.009527882,-0.06634758,-0.13191852
five,-0.07670669,0.095808625,0.01979108,0.09975961,-0.2511879,0.20047075,-0.044154905,0.16945563,-0.17563379,0.06541355,-0.092858344,0.02452599,0.110232554,0.13953964,-0.1266316,-0.044231884,0.11617561,-0.1663527,-0.11415558,0.15523149,0.069471896,-0.1291244,-0.116248034,0.21602632,0.2583548,-0.009859925,-0.08694299,0.06688697,-0.13214901,-0.14741124,-0.03883674,-0.2091247,-0.08868223,0.0017391928,-0.038955152,0.123975016,0.14467973,-0.15930548,0.08896858,0.07219343,-0.020278126,-0.0023832864,0.21528971,-0.048327386,-0.022800561,0.06718023,0.029746825,0.043392953,0.10442989,0.032546077,-0.01788174,-0.38672543,-0.12442909,0.05916442,0.09017413,-0.08443697,-0.0003179222,0.06444757,-0.08918309,0.14266346,-0.031309195,-0.10191141,-0.3426838,0.03743334,0.076022275,0.045686252,-0.017493548,0.021152198,-0.21123995,-0.03802019,0.059136648,-0.16908067,-0.18364023,-0.122569315,0.060773488,-0.11837771,0.0734488,0.016410902,-0.15239413,-0.23080392,-0.08982283,0.0755037,-0.10481148,0.05672908,-0.25834316,-0.015138189,-0.22958133,-0.24694921,-0.05867612,0.047575492,-0.16527979,0.1373405,0.08076656,-0.046634533,0.024655648,-0.002878245,0.044963304,-0.00020238,-0.08936691,-0.13385577
decided,-0.08215167,0.10745732,0.035042096,0.10952516,-0.23469804,0.1665903,-0.0460628,0.1446814,-0.16751471,0.09342475,-0.09524198,0.021145632,0.10349491,0.12481635,-0.17602415,-0.036360085,0.15134077,-0.1806545,-0.1664759,0.14302458,0.07677572,-0.12215458,-0.10870123,0.20442669,0.24902257,-0.028393906,-0.080409676,0.081927285,-0.12546252,-0.15595758,-0.054121964,-0.1879324,-0.07893909,-0.0041599344,-0.03447416,0.1382873,0.14478496,-0.13210882,0.06603365,0.065741844,-0.015032369,-0.0072789295,0.20120634,0.006573668,-0.031069022,0.08211091,0.08535471,0.049721327,0.080767095,0.028861525,-0.043732986,-0.37146014,-0.114285104,0.04349968,0.091506794,-0.092612945,-0.042910274,0.047927536,-0.055341113,0.10093988,-0.047262155,-0.11208103,-0.336757,0.025640776,0.035314735,0.0831335,-0.032112673,0.007122415,-0.1914769,-0.0074731666,0.024545826,-0.1513535,-0.16897012,-0.102842696,0.0062657776,-0.11724906,0.04865316,0.041118328,-0.11490636,-0.25877437,-0.1234286,0.054300833,-0.07326611,0.06314554,-0.27679935,-0.0073291943,-0.19275801,-0.23888507,-0.07726316,0.016463192,-0.20031594,0.10271438,0.06859255,-0.09185898,0.02668783,0.005245366,0.026923357,-0.0006008985,-0.075357206,-0.12638302
anyway,-0.04601668,0.08198805,0.006494807,0.12887923,-0.16638038,0.1343769,-0.039789654,0.11218112,-0.19809692,0.093524724,-0.13796306,0.026784383,0.12508464,0.1723589,-0.14797747,-0.11779245,0.11677883,-0.17812836,-0.18357436,0.12105316,0.07898193,-0.09015521,-0.09639525,0.19866103,0.2775523,-0.025019808,-0.095364004,0.023587102,-0.13866256,-0.07978127,-0.061092086,-0.15729031,-0.121571444,0.015903566,-0.019093554,0.17569198,0.10193602,-0.2058617,0.0786663,0.060278833,0.020454463,-0.07142261,0.2196278,-0.004721175,0.025073672,0.10972247,0.051665958,0.050006874,0.14861596,-0.004238302,-0.062736824,-0.3840363,-0.0720927,0.053580083,0.111637555,-0.060497187,-0.07493176,0.017953794,-0.10182746,0.15756615,-0.09270153,-0.16099975,-0.31839934,-0.035071403,0.07151055,0.06071171,-0.021366628,-0.064946145,-0.11957688,-0.021561965,-0.02717615,-0.18047102,-0.23832083,-0.08221512,0.005530654,-0.119681746,0.0660386,0.029201722,-0.14904724,-0.2545833,-0.09108014,0.035870958,-0.06297744,0.085646935,-0.2544776,0.038232237,-0.23092328,-0.28356192,-0.11462383,0.04628253,-0.12810288,0.1002748,0.09846445,-0.08846639,0.0328246,0.018587956,0.06489827,-0.028400132,-0.09053067,-0.123402506
won,0.047412977,-0.0045102607,0.027078297,0.079791956,-0.15389414,0.07196875,-0.04863364,0.018753147,-0.23793992,0.08554994,-0.19245748,0.098940425,0.18383259,0.23762009,-0.21795484,-0.17486447,0.14976968,-0.19295824,-0.27181774,0.04888321,0.07962836,-0.05131259,-0.10181464,0.14509362,0.2768538,-0.023289422,-0.16208808,0.050735075,-0.12976976,-0.03272072,-0.052914754,-0.14984712,-0.110207275,-0.0058869137,-0.02192781,0.18455432,0.07035147,-0.19964395,0.06427369,0.0894604,-0.0035477597,-0.14989893,0.20359433,0.011988017,0.027514465,0.16786635,0.064002894,0.11858992,0.16967803,-0.05042756,-0.10259982,-0.40179965,-0.053868737,0.057909936,0.08986795,-0.046146594,-0.19171275,-0.0444982,-0.078899674,0.14944157,-0.12470972,-0.14840302,-0.38613194,-0.09621123,0.056540985,0.07572819,-0.0010755478,-0.073307924,-0.071141444,0.054206364,-0.10092962,-0.11083279,-0.27080455,-0.03575412,-0.054451752,-0.122687206,0.048745036,-0.010512315,-0.09781346,-0.30507696,-0.081777535,-0.081062205,-0.07760573,0.20585567,-0.1989515,0.102422476,-0.14362633,-0.31869328,-0.09127762,0.0796291,-0.18924443,0.119310945,0.15310101,-0.15257685,-2.4015846e-05,0.03628424,0.044431318,0.0034757147,-0.069151185,-0.15671502
excuse,-0.022393892,0.05177977,-0.027797977,0.05736024,-0.14427853,0.06701923,-0.08396185,0.066806525,-0.14801349,0.15812115,-0.16569631,0.030230593,0.15106584,0.15239108,-0.1639664,-0.08283158,0.11614921,-0.16988121,-0.2234765,0.073728845,0.0789027,-0.06586607,-0.119118705,0.1501979,0.29735827,-0.0075573297,-0.12770122,0.05608253,-0.121582724,-0.08218037,-0.13954894,-0.15437046,-0.14978218,0.005704013,-0.04684401,0.1885593,0.08849175,-0.17206211,0.08105528,0.094880976,-0.018409131,-0.10304707,0.15471402,-0.006081831,-0.010144703,0.11605126,0.073410496,0.07783773,0.15119347,-0.024797987,-0.03482546,-0.3216273,-0.08272616,0.038492065,0.07396767,-0.023517126,-0.096775986,-0.056913525,-0.11198492,0.14040504,-0.11027747,-0.16273086,-0.34058112,-0.035911474,0.055724405,0.08235298,-0.023635898,-0.07535984,-0.09481024,-0.0033154124,0.0007123229,-0.16684714,-0.22111474,-0.05676603,-0.05509335,-0.14409046,0.024510419,0.021266408,-0.13843426,-0.28755948,-0.12401971,-0.05571269,-0.11407051,0.11676532,-0.20669813,0.08940382,-0.16342676,-0.2619264,-0.1246508,0.050642844,-0.10069846,0.09906573,0.13542646,-0.12411599,-0.0042754696,0.0019276728,0.09465266,0.019482473,-0.08345017,-0.15519987
comes,-0.044495385,0.07236662,0.0038531546,0.094019055,-0.2075836,0.15010223,-0.046424564,0.13079692,-0.19469786,0.070967205,-0.14439511,0.031314492,0.10813859,0.15652594,-0.15538877,-0.105292946,0.120172,-0.16611932,-0.18120399,0.13054405,0.07359889,-0.12426938,-0.08924488,0.18684012,0.25369486,0.0068128468,-0.11282618,0.048542384,-0.12845209,-0.097078204,-0.05604197,-0.15638316,-0.10861927,0.0033815429,-0.035456814,0.16535193,0.12555794,-0.2076692,0.089980096,0.069645666,0.02279509,-0.06562225,0.21900257,-0.02964528,-0.0031890017,0.10506296,0.056881227,0.068246186,0.13508497,0.0019139191,-0.057606995,-0.3789267,-0.09631866,0.06427299,0.095117815,-0.053022187,-0.08326619,0.03873965,-0.10966198,0.1495009,-0.09374511,-0.11025805,-0.34037808,-0.026579006,0.07960454,0.047782656,-0.016517121,-0.04742619,-0.15476604,-0.004086083,-0.029213615,-0.15915893,-0.22611132,-0.09504963,-0.0041522123,-0.13255836,0.021351868,0.0042021624,-0.1347993,-0.27231747,-0.101883166,0.04409696,-0.08759514,0.101496026,-0.23423345,0.021040536,-0.19363715,-0.25077137,-0.098235846,0.030358115,-0.14891821,0.12801246,0.10148725,-0.08214607,0.042772982,0.014642652,0.056124438,-0.04108211,-0.0964384,-0.12558797
sick,-0.005205132,0.070477016,0.0068549803,0.10837595,-0.14134781,0.107825875,-0.026917376,0.076828554,-0.1830862,0.12593137,-0.14045067,0.038647044,0.10110687,0.16261083,-0.16084455,-0.09969809,0.122676104,-0.17610194,-0.19064169,0.10165115,0.07874728,-0.08055673,-0.11808498,0.18733825,0.26125705,-0.03059674,-0.09585693,0.048973627,-0.13287097,-0.07046113,-0.07935906,-0.17828244,-0.11554111,-0.004515022,-0.020465257,0.18190911,0.12548049,-0.18946083,0.09391734,0.054188047,0.006941405,-0.07814568,0.18663093,-0.009114765,-0.0011088598,0.1431998,0.034641147,0.0603102,0.16038367,-0.050881177,-0.03812433,-0.3193971,-0.06371251,0.053683016,0.07633213,-0.058289204,-0.11196403,-0.027077287,-0.06761631,0.12812565,-0.08234178,-0.12992766,-0.36090448,-0.054280058,0.091797076,0.05547979,-0.03635659,-0.07218887,-0.0901587,-0.016391164,-0.04301556,-0.1532952,-0.24772838,-0.07575332,-0.009221752,-0.08666356,0.03941186,-0.015111866,-0.15538923,-0.23427933,-0.10087989,-0.025116807,-0.07779264,0.10355356,-0.23541975,0.05669057,-0.18605994,-0.29588106,-0.1258571,0.03776472,-0.12712064,0.09177567,0.11665567,-0.12084741,0.035563346,0.024882361,0.07081286,-0.018211681,-0.10548766,-0.14889851
walk,0.0012937731,0.0318562,-0.009227152,0.07965667,-0.15278217,0.10890022,-0.06007411,0.096940115,-0.21258187,0.09224656,-0.14514145,0.030812649,0.12492879,0.19497606,-0.14843062,-0.11256421,0.123080194,-0.17495608,-0.21938637,0.10101094,0.07994672,-0.10679574,-0.057823084,0.18164916,0.23517168,-0.00765868,-0.109772995,0.022377878,-0.126991,-0.07684098,-0.0906872,-0.16042349,-0.14581755,0.0016404609,-0.023219714,0.16487601,0.07319218,-0.19251478,0.08149414,0.08182962,0.042609878,-0.089226894,0.18252161,-0.010938474,0.01145069,0.11217923,0.050778072,0.072705455,0.1548629,-0.02268147,-0.057258144,-0.33252123,-0.053155705,0.07349581,0.10284173,-0.037388276,-0.123023294,-0.035572436,-0.097806334,0.15118213,-0.082431205,-0.14067703,-0.33389568,-0.07521002,0.0957647,0.06385686,-0.011053702,-0.114657536,-0.061362825,-0.013421712,-0.038788557,-0.16057692,-0.20838746,-0.08198754,-0.020015834,-0.11200613,0.025771018,-0.009722092,-0.13500382,-0.25388867,-0.0733023,-0.0064233425,-0.07971913,0.11746729,-0.20349468,0.079315856,-0.1741179,-0.27792835,-0.12829866,0.048774593,-0.10718356,0.12156998,0.11029509,-0.08841994,0.03065616,0.0115669705,0.076446615,-0.023010762,-0.08457767,-0.14473869
ahhh,-0.041736346,0.022878826,0.010057599,0.07850498,-0.14293759,0.11228941,-0.045322627,0.08604995,-0.16821821,0.07880157,-0.08237261,0.029825676,0.07273242,0.0829245,-0.11267704,-0.07986721,0.11984223,-0.10139983,-0.08092435,0.065258,0.060820073,-0.07031834,-0.09657685,0.1378009,0.23161119,0.017503737,-0.070295565,0.051422294,-0.083849356,-0.071580976,-0.049887,-0.14358254,-0.06812921,0.019604588,-0.033774193,0.12516029,0.12113081,-0.18120545,0.10162144,0.066085175,0.0010282211,-0.06490826,0.13753273,-0.031281877,0.03718138,0.10471661,0.03289679,0.030884154,0.1317982,-0.041509297,-0.049523044,-0.2613977,-0.10499799,0.07562506,0.08396508,-0.008272942,-0.034080435,0.0070317104,-0.048028305,0.13339822,-0.09943028,-0.081253484,-0.2736209,-0.025138624,0.092405885,0.044927686,-0.044666898,-0.025090374,-0.07554371,-0.0041042916,-0.02726153,-0.12424408,-0.1635618,-0.059886914,0.0029364915,-0.09950783,-0.0030532163,-0.048290834,-0.12919247,-0.1799533,-0.07367527,0.012085212,-0.07861348,0.06888643,-0.18778996,-0.008873362,-0.14224517,-0.24158864,-0.11753447,0.04881801,-0.09886837,0.094054595,0.049886316,-0.08717937,0.023405027,0.005673451,0.052579205,-0.033796076,-0.09284063,-0.118111834
tokyo,-0.07085167,0.107116416,-0.0006728482,0.11550705,-0.27002138,0.19001414,-0.055122573,0.15613581,-0.18190251,0.07733133,-0.10269414,0.002460072,0.116805956,0.14545746,-0.14059624,-0.039002195,0.14315733,-0.19483119,-0.13229905,0.11775228,0.07531356,-0.1168137,-0.121886685,0.226858,0.24756555,-0.029504912,-0.10549062,0.04269485,-0.129272,-0.13131273,-0.07679304,-0.21555656,-0.099492945,-0.0011650876,-0.031018293,0.10914649,0.15194197,-0.15781766,0.09542424,0.08233512,-0.006863173,-0.033690784,0.22262059,-0.015448604,-0.024616709,0.09446017,0.06497403,0.05250816,0.095275916,0.0435547,-0.032508947,-0.37248263,-0.13769038,0.05188924,0.09031357,-0.06960581,-0.00940103,0.052624032,-0.073330976,0.13598269,-0.032861847,-0.12474372,-0.34329027,0.025564881,0.04998671,0.05518437,-0.00904782,-0.005819987,-0.19881928,-0.02612834,0.05954809,-0.16874899,-0.19958912,-0.12008291,0.027791549,-0.1444096,0.042082194,0.027567381,-0.130403,-0.24955171,-0.0895471,0.08030444,-0.113726,0.07379935,-0.25126344,0.00353349,-0.21562411,-0.23116408,-0.081592724,0.056288164,-0.16369851,0.12912937,0.09102277,-0.0524384,0.003478687,-0.006855683,0.050491024,0.020431876,-0.07028211,-0.12694463
anymore,-0.009854962,0.030033607,0.017262254,0.15695325,-0.10483387,0.07588119,-0.04010101,0.045032702,-0.23054275,0.13389759,-0.1868376,0.055636853,0.15878507,0.23386803,-0.19320573,-0.17781745,0.097288504,-0.1973848,-0.29922816,0.12826987,0.077084616,-0.07929776,-0.08562721,0.14508148,0.25519848,-0.02970581,-0.096047446,0.031374592,-0.103773944,-0.102142476,-0.08309046,-0.1150638,-0.11898025,0.028181456,-0.010691707,0.2003751,0.023752373,-0.19973883,0.045070533,0.0824899,0.025094595,-0.127942,0.17274655,0.047438968,0.03721098,0.116264194,0.09608405,0.080351494,0.1842064,-0.079877675,-0.08021709,-0.38149783,-0.01156574,0.04539792,0.11264456,-0.0729446,-0.1664504,-0.066725306,-0.10408811,0.12574351,-0.11280499,-0.21789196,-0.3909214,-0.10218463,0.03778228,0.09394182,-0.004178165,-0.09556302,-0.02658703,-0.009846252,-0.046302103,-0.18191057,-0.2785496,-0.04807614,-0.01245666,-0.10257908,0.07264682,0.042868976,-0.1485862,-0.28419563,-0.067803256,-0.06273165,-0.042519804,0.14833952,-0.24201612,0.11401,-0.16237754,-0.32816646,-0.11263121,0.050496947,-0.14514188,0.116238095,0.12362198,-0.14995325,0.019747686,0.059811834,0.07524722,-0.016414246,-0.08484228,-0.14200857
anyone,-0.0073999935,0.041853093,0.009831513,0.12710677,-0.115600705,0.10016366,-0.019617489,0.049341965,-0.21843217,0.119954444,-0.17636319,0.041802336,0.16486041,0.23705676,-0.19299755,-0.12906286,0.10246406,-0.21727869,-0.2820181,0.1133133,0.08561611,-0.08119619,-0.082083486,0.1754222,0.259856,-0.022281421,-0.115229875,0.052196562,-0.12780888,-0.10105458,-0.090007156,-0.13106835,-0.14819673,0.018471774,0.00847326,0.18415017,0.05120889,-0.1993592,0.059090015,0.057189845,0.017756842,-0.11037465,0.18338369,0.0364113,0.012668923,0.12905961,0.07064815,0.058612857,0.17800361,-0.042009886,-0.04638523,-0.36923867,-0.039011426,0.057989005,0.08292362,-0.091813974,-0.15080403,-0.04070474,-0.09619813,0.11091113,-0.10639057,-0.20320617,-0.35549924,-0.07420061,0.051282655,0.07630154,-0.006243943,-0.10706698,-0.057336897,0.0045474973,-0.04422263,-0.17524165,-0.26481348,-0.052868232,-0.037037533,-0.12140736,0.062997244,0.04421923,-0.14382595,-0.25988826,-0.07931337,-0.06503336,-0.069633506,0.14384617,-0.22298455,0.10881317,-0.18671805,-0.3037526,-0.12581922,0.055941213,-0.11903311,0.099538974,0.114820145,-0.14521542,0.026947312,0.031631734,0.06713194,-0.01590338,-0.08640248,-0.14325279
full,-0.05433213,0.09706405,-0.0059964047,0.09223685,-0.258508,0.1943417,-0.048299156,0.16713355,-0.19618101,0.043571204,-0.103399694,0.007973119,0.09545888,0.14264487,-0.1469753,0.009479714,0.12129291,-0.16622052,-0.12896696,0.15925297,0.071307525,-0.14872932,-0.0906141,0.21000564,0.23569521,0.018218078,-0.05997692,0.0648672,-0.13815965,-0.11841622,-0.057301022,-0.1826967,-0.115448356,-0.01152947,-0.014377579,0.08615459,0.15303671,-0.15341952,0.092624806,0.0650273,0.011311222,-0.03783282,0.21509907,-0.04930118,-0.026858836,0.07302616,0.02650386,0.024603661,0.07559573,0.029527642,-0.027133249,-0.3483143,-0.13484423,0.08917325,0.09136207,-0.09233561,-0.024703875,0.057090104,-0.05830644,0.14249364,-0.045594398,-0.12508073,-0.3109703,0.037755247,0.06992792,0.007977214,-1.06431435e-05,-0.031795815,-0.18032955,-0.036054518,0.028759213,-0.15485048,-0.16310525,-0.111332506,0.013686387,-0.14604013,0.022854054,0.012400988,-0.13438876,-0.22546504,-0.07468403,0.11827073,-0.10675272,0.08123719,-0.20628352,0.018853942,-0.21187535,-0.21953416,-0.06759816,0.04379593,-0.13066553,0.14880355,0.10189748,-0.027901908,0.018945357,-0.009741148,0.058652375,0.008410024,-0.058524847,-0.11585779
hungry,0.0029013746,0.039625376,0.0087642465,0.09857351,-0.14111625,0.06478093,-0.037757225,0.080596395,-0.18928401,0.10686028,-0.17017643,0.069418155,0.13579667,0.20715046,-0.17670564,-0.15352312,0.13154548,-0.17645398,-0.2562531,0.08025241,0.081600025,-0.060008373,-0.108566664,0.16945122,0.26954243,-0.05449188,-0.110763974,0.060513064,-0.12632827,-0.11236211,-0.09122221,-0.15082909,-0.14819965,-0.010208267,0.011265183,0.16705081,0.059681974,-0.16251941,0.05487646,0.06764362,-0.003645401,-0.086294346,0.16643904,0.03727885,-0.02042788,0.14619003,0.08242117,0.09188613,0.14626135,-0.026725374,-0.08264138,-0.32181457,-0.013530203,0.007528282,0.06694069,-0.07805154,-0.15289862,-0.08668892,-0.08711566,0.12938128,-0.11702444,-0.12686825,-0.3653388,-0.06725648,0.027937124,0.094156675,-0.03781478,-0.103802,-0.0661379,0.013082386,-0.03986415,-0.16026014,-0.24867207,-0.05772639,-0.030125504,-0.082808875,0.013765874,-0.021144671,-0.12844345,-0.29717222,-0.09988917,-0.062472526,-0.07244782,0.1510219,-0.17687394,0.11652082,-0.14717534,-0.2665454,-0.07967378,0.040432345,-0.13626106,0.1279373,0.14065914,-0.14137504,0.03190638,0.030106585,0.065996535,-0.005550689,-0.09119245,-0.14874136
glad,-0.018122563,0.071511306,0.02414645,0.13232113,-0.12625168,0.094025925,-0.026185943,0.08496631,-0.14917329,0.16458875,-0.1379631,0.09001237,0.09752592,0.16636935,-0.16506726,-0.15052247,0.15090156,-0.19912265,-0.20201565,0.097435005,0.08712257,-0.040422067,-0.15836096,0.17562895,0.30066332,-0.08011184,-0.08338706,0.07568659,-0.13553582,-0.15837754,-0.09117984,-0.16551754,-0.10116707,0.0003793715,-0.0111219445,0.21514624,0.08066105,-0.1350528,0.063930966,0.04533469,-0.055515304,-0.06647112,0.13330789,0.06616695,-0.020888723,0.1161371,0.110167764,0.06855346,0.16122006,-0.0483861,-0.04122832,-0.29995424,-0.033233277,-0.015339536,0.045780644,-0.07959216,-0.12591061,-0.0974255,-0.050058447,0.10495862,-0.11801774,-0.14309114,-0.37635598,-0.06291008,0.028619332,0.09328114,-0.053527977,-0.056752235,-0.105028085,0.02654339,-0.018571725,-0.16551827,-0.265028,-0.06978695,-0.0025892728,-0.06318615,0.011659094,-0.011378481,-0.13975897,-0.28338784,-0.13783713,-0.07804861,-0.050149627,0.10560162,-0.23197626,0.086588696,-0.15624358,-0.2698598,-0.082406305,0.026156658,-0.1677687,0.09954821,0.12082865,-0.15872045,0.036875404,0.005368738,0.058946826,-0.022076646,-0.11553754,-0.1708462
amazing,-0.054171406,0.09502201,0.0056412285,0.113566615,-0.17486402,0.14338343,-0.03778742,0.11398587,-0.1713769,0.09357329,-0.1004565,0.017019894,0.07891899,0.13308382,-0.10714667,-0.060103234,0.10627291,-0.15744248,-0.12549399,0.12653132,0.044104096,-0.105221435,-0.10202035,0.1901656,0.24867557,-0.01803147,-0.059259873,0.031867333,-0.11212411,-0.08876543,-0.04979586,-0.17199595,-0.08310117,0.023892678,-0.029071938,0.14666824,0.13079686,-0.18569097,0.09689128,0.054128837,0.014683707,-0.030858316,0.19530779,-0.013485914,0.0024465248,0.0750275,0.04032054,0.053293366,0.14376903,-0.01264888,-0.020271564,-0.35644558,-0.07523076,0.057695318,0.09280538,-0.045053452,-0.043931976,0.040352963,-0.07364451,0.14116164,-0.0419072,-0.106780306,-0.29848728,-0.032375865,0.059219424,0.032413285,-0.0025644165,-0.03121911,-0.11702792,-0.019212227,0.02274122,-0.1726211,-0.21437065,-0.112875834,0.04183508,-0.099351116,0.056884464,0.01794265,-0.15213428,-0.1999785,-0.088393696,0.05567479,-0.0844376,0.03433581,-0.24121253,0.006588224,-0.22839056,-0.24494986,-0.1032615,0.018493572,-0.12780927,0.09942475,0.062033635,-0.045548353,0.010659701,0.01685021,0.07075173,-0.027451312,-0.09145813,-0.11377099
watch,0.007136475,0.05686707,-0.017963473,0.06707073,-0.1692544,0.16433814,-0.05044924,0.12355058,-0.1396287,0.09820374,-0.11212799,0.037416633,0.06712121,0.10962025,-0.14344208,-0.0632181,0.14004098,-0.17810804,-0.17621358,0.104938105,0.07845111,-0.13137329,-0.11482345,0.22142695,0.26797515,-0.04060288,-0.044046678,0.037975583,-0.12536784,-0.06960655,-0.041273985,-0.20918733,-0.12558687,-0.02017422,-0.038548246,0.15360963,0.1565028,-0.16581643,0.13026688,0.023520626,0.01648736,-0.063506775,0.17268585,-0.023973111,-0.006743852,0.13009027,0.010323841,0.05940913,0.15810785,-0.03544977,-0.0023317537,-0.30273405,-0.06711616,0.082529545,0.096171774,-0.017584292,-0.11317658,-0.013447917,-0.056915447,0.12065941,-0.07568065,-0.13588652,-0.2698911,-0.06724069,0.09651853,0.038330637,-0.04537573,-0.07794121,-0.09011775,-0.017391602,-0.0066459863,-0.11926644,-0.19415349,-0.11090455,-0.025415564,-0.08771852,0.019620392,-0.015873453,-0.13205111,-0.19911604,-0.121070385,0.004821465,-0.1282296,0.11752179,-0.17987743,0.049937014,-0.20762536,-0.23033857,-0.11313281,0.0500146,-0.105257094,0.088207416,0.1288285,-0.075172275,0.032723416,-0.021792594,0.106143445,-0.022858696,-0.09796999,-0.15573703
second,0.004340387,0.06262514,0.00032692935,0.02302776,-0.22703226,0.17863531,-0.072454154,0.17215778,-0.14292966,0.10279071,-0.099648066,0.027110009,0.032301236,0.07166,-0.12604822,-0.07242423,0.16475901,-0.15201385,-0.14305823,0.10322623,0.09394103,-0.14699169,-0.098345704,0.23695019,0.26464733,-0.026882939,-0.049464907,0.03834656,-0.1451229,-0.034038354,-0.050824415,-0.21690753,-0.1192381,-0.015364228,-0.10296078,0.1559248,0.19636837,-0.192075,0.16854426,0.026743744,0.01824731,-0.02687053,0.15841216,-0.051844567,-0.011305379,0.1041619,-0.0061595514,0.078326285,0.15106797,-0.05839111,-0.02263547,-0.28918985,-0.09691647,0.09896629,0.10470788,-0.0067496393,-0.101365134,-0.020392936,-0.05157751,0.1395101,-0.07774836,-0.088714145,-0.25692117,-0.05645793,0.14020287,0.03774762,-0.06813743,-0.06981685,-0.10415153,-0.05019923,-0.0063382285,-0.12374515,-0.15591174,-0.11976352,-0.024442235,-0.088091604,0.032589067,-0.059763256,-0.15749328,-0.21578178,-0.15781213,0.02700026,-0.13717882,0.11733025,-0.19193271,0.030954974,-0.20329617,-0.24971834,-0.1412615,0.043639895,-0.08328252,0.090543486,0.14392126,-0.036516532,0.06490366,-0.0647839,0.10801829,-0.020874305,-0.117260404,-0.16380413
family,-0.03590729,0.061117698,0.024679948,0.077156015,-0.21524319,0.18082611,-0.029244976,0.16078833,-0.18996261,0.07612462,-0.10695884,0.007022233,0.09709184,0.14325203,-0.15438095,-0.06492198,0.13016619,-0.17520073,-0.15465784,0.12846266,0.09031918,-0.11450318,-0.09393194,0.21786548,0.23298323,-0.017966134,-0.09366542,0.051097784,-0.1443309,-0.118234865,-0.037237767,-0.18189593,-0.08977625,0.0044063483,-0.048332002,0.15005128,0.14279751,-0.17271933,0.085317515,0.06032248,-0.0015272264,-0.01607071,0.20857684,-0.013966443,-0.009344945,0.099144,0.030177202,0.063695684,0.12690277,0.01376295,-0.037972752,-0.3718532,-0.114362724,0.07327516,0.09735727,-0.0779072,-0.050240237,0.049636435,-0.06541065,0.14428028,-0.05937513,-0.127037,-0.32265478,0.0010466893,0.08471419,0.069606766,-0.036654778,-0.022045482,-0.15229215,-0.012812086,0.007469595,-0.16066332,-0.17471048,-0.10293262,0.011642854,-0.11386189,0.06257913,0.009832647,-0.15120967,-0.23316519,-0.094776124,0.055366665,-0.098536044,0.087257005,-0.27157304,-0.0040389663,-0.20617002,-0.26569888,-0.10983506,0.056321166,-0.17201687,0.10059525,0.07451589,-0.07677256,0.048276056,-0.010454944,0.045899566,-0.00651691,-0.08684016,-0.11991745
tonight,-0.0060791415,0.04957894,0.000735769,0.061798025,-0.2169881,0.16632172,-0.06702221,0.15689336,-0.1741624,0.057700112,-0.09206385,0.0057341647,0.07003558,0.12732528,-0.15045539,-0.07929355,0.15855896,-0.16199856,-0.15781511,0.10216877,0.10320061,-0.115888685,-0.098979145,0.20557754,0.23811123,-0.022483466,-0.08906279,0.058734227,-0.14167619,-0.10690795,-0.085720316,-0.20951906,-0.1181059,-0.031648193,-0.03953301,0.14752913,0.13805898,-0.18774709,0.099534124,0.05984627,-0.0034374278,-0.029335253,0.17908119,-0.03976579,-0.0016962301,0.10412955,0.060747366,0.0845997,0.13015844,-0.0132202,-0.06255331,-0.30692455,-0.09201426,0.07740984,0.10309262,-0.056936346,-0.08075014,-0.00832117,-0.06511633,0.15181653,-0.07249081,-0.09555989,-0.31826475,-0.007796784,0.08938713,0.05627089,-0.035463646,-0.07578223,-0.13430195,-0.00037419857,-0.0026927325,-0.13281377,-0.16808285,-0.10395761,-0.016870229,-0.1105276,0.0152011635,-0.058751095,-0.15164909,-0.25330546,-0.13523366,0.028527152,-0.09642131,0.10301765,-0.20762222,0.031575635,-0.18779233,-0.2663818,-0.095353514,0.038406953,-0.1101871,0.13460533,0.11321973,-0.07342904,0.0356558,-0.022557274,0.074210525,-0.026171464,-0.0817375,-0.15763529
close,-0.014502492,0.07762399,0.0067890813,0.094669074,-0.25693825,0.17971581,-0.03619694,0.13234021,-0.20061855,0.046435677,-0.13643527,0.02885978,0.098167956,0.14667451,-0.15863742,-0.06447591,0.122104146,-0.16824846,-0.1493159,0.12597176,0.059185844,-0.138573,-0.0847846,0.19931056,0.24134159,0.022811191,-0.09831676,0.059741396,-0.14647183,-0.11309857,-0.06448646,-0.18857653,-0.10748209,-0.0069870255,-0.016285285,0.12825288,0.15331356,-0.18763128,0.08210788,0.064606376,0.01585135,-0.05966326,0.2260097,-0.046047732,0.0046959636,0.10910962,0.03870188,0.05728526,0.10419296,0.005743617,-0.04885892,-0.375325,-0.10052609,0.08239767,0.09904097,-0.055491302,-0.049876444,0.051145468,-0.09119246,0.1514571,-0.05121581,-0.08441329,-0.3339384,-0.003612294,0.08669845,0.036345966,-0.01775205,-0.030185966,-0.17165357,0.001983022,-0.016326655,-0.15153709,-0.171683,-0.08783288,0.0035519586,-0.1387614,0.026410552,0.005686228,-0.12234393,-0.24939488,-0.077171564,0.074806094,-0.072145395,0.10287182,-0.23738976,0.010398158,-0.18332592,-0.25784758,-0.09446713,0.049508505,-0.15467702,0.11572135,0.08611358,-0.07827574,0.024624074,0.029935421,0.04885246,-0.001783305,-0.06702693,-0.124124825
uncle,-0.035410307,-0.025943043,-0.07218699,0.0393452,-0.2314174,0.09515573,-0.11701389,0.087940834,-0.19953357,0.059704784,-0.06551385,-0.005945114,0.15385796,0.1355797,-0.13049352,-0.06684287,0.14356706,-0.10181624,-0.12681381,0.039647017,0.052157406,-0.08090368,-0.07123023,0.16151083,0.259581,0.09160858,-0.21892317,0.026005523,-0.157421,-0.010331577,-0.16981043,-0.24543004,-0.16348265,-0.034332052,-0.05417629,0.1597791,0.13978174,-0.30692172,0.11006459,0.1331112,0.00020087785,-0.05535648,0.26789194,-0.09916552,-0.016564758,0.15350875,0.02222876,0.049261544,0.14137734,-0.02214625,-0.12712118,-0.34622908,-0.104251824,0.11701416,0.10892226,-0.008572729,-0.016824814,0.0536195,-0.104115814,0.24635717,-0.08945488,-0.04826432,-0.3596183,-0.00644737,0.07046265,0.017393475,-0.012973201,-0.079243265,-0.1382402,0.053771716,-0.06337206,-0.1259102,-0.14131612,-0.06108825,-0.037190586,-0.1959449,-0.009053254,-0.088705376,-0.10786226,-0.28170866,-0.13764542,0.0036037557,-0.068644255,0.07490299,-0.15078801,0.0036638577,-0.1144091,-0.24743219,-0.1408866,0.046965588,-0.074341215,0.18456782,0.1382271,-0.0772866,-0.016547823,0.029808749,0.04122761,-0.01629912,-0.0036698454,-0.16956314
tatara,-0.032169435,0.061952744,0.0017716752,0.08047175,-0.25479725,0.17154667,-0.054413892,0.15133923,-0.20415428,0.062190507,-0.113941506,0.006821795,0.13125162,0.17499794,-0.1381214,-0.08315032,0.13201989,-0.17996864,-0.17474367,0.11466523,0.07966975,-0.12984864,-0.08852954,0.23830822,0.24957696,-0.010290598,-0.11127649,0.050947372,-0.1529051,-0.09988758,-0.064199254,-0.20764406,-0.10415324,-0.008417324,-0.023763726,0.13152415,0.129648,-0.20608576,0.098845586,0.08752849,0.021453954,-0.035728674,0.24730746,-0.03813098,-0.015093339,0.09667575,0.036612656,0.08267214,0.13918239,0.029136214,-0.05969236,-0.40311706,-0.09684387,0.08869087,0.12234374,-0.062167097,-0.055230003,0.06698256,-0.095407516,0.18402483,-0.04313108,-0.11596058,-0.34201258,-0.021651657,0.09967225,0.042225707,-0.0072474875,-0.06123186,-0.13776855,-0.04820049,0.020540342,-0.18247303,-0.19428289,-0.10541696,0.03367696,-0.13590534,0.05311068,-0.0017643026,-0.17794298,-0.23050046,-0.07703709,0.055707876,-0.13019696,0.073433794,-0.26235968,0.019471979,-0.23541586,-0.27995652,-0.09787815,0.07322569,-0.1281969,0.13117884,0.09074454,-0.063633226,0.03596956,-0.0039000025,0.075079426,-0.00965249,-0.07776558,-0.12047919
transformation,-0.026534231,0.0795714,-0.0019066076,0.088079415,-0.25742054,0.18604292,-0.05301887,0.14465973,-0.1841411,0.052976795,-0.10513086,0.02445543,0.11246503,0.17408839,-0.16540982,-0.031350378,0.13917562,-0.18535262,-0.14350438,0.14330131,0.06633871,-0.12771676,-0.10162418,0.23050322,0.25025123,0.0005366103,-0.08971405,0.06371355,-0.137761,-0.118729465,-0.052228592,-0.21312061,-0.09787355,-0.00605098,-0.011817732,0.099968314,0.14406046,-0.15948793,0.083604924,0.08016595,-0.008755365,-0.036905687,0.22311062,-0.040124767,-0.020532886,0.08301455,0.042540606,0.070353866,0.09208601,0.03646103,-0.03469371,-0.39099568,-0.1336234,0.090586476,0.09540001,-0.07234314,-0.043955658,0.05973698,-0.07289638,0.14046596,-0.04093826,-0.104791455,-0.34752145,0.014982974,0.07650538,0.041574854,0.011538723,-0.010038928,-0.20331784,-0.013096845,0.03711578,-0.16127233,-0.17698772,-0.113764174,0.029533291,-0.120236576,0.041395083,0.00032872165,-0.13100605,-0.24465315,-0.06768088,0.06807001,-0.10844867,0.097812906,-0.24145813,0.009409978,-0.21033071,-0.24232243,-0.071244635,0.04620767,-0.16325419,0.13548073,0.08646063,-0.07772346,0.016124083,-0.0031745406,0.03853421,0.0009849234,-0.06690809,-0.13466206
each,-0.010523601,0.07553535,-0.0052946117,0.11119364,-0.23855522,0.19705361,-0.051430386,0.1587962,-0.22878982,0.052756835,-0.10801425,0.0027499043,0.1235505,0.17667161,-0.16743775,-0.06842934,0.1263063,-0.18819505,-0.18225734,0.16066025,0.08103906,-0.15174077,-0.0709511,0.22761686,0.23397899,-0.01083938,-0.085070714,0.044579957,-0.14162457,-0.12469255,-0.058106307,-0.1817995,-0.10439127,0.0029419025,-0.023726115,0.14664973,0.13033576,-0.17880654,0.08155569,0.07208701,0.021482147,-0.05215335,0.2447218,-0.027439712,-0.005704243,0.10709906,0.032958418,0.08167958,0.11709947,0.034467377,-0.050286252,-0.4112151,-0.102168456,0.114748664,0.12390182,-0.08402196,-0.059517212,0.044458784,-0.1172808,0.12356325,-0.048836097,-0.1200936,-0.36647645,0.0112840505,0.068386994,0.04522815,-0.0053682704,-0.040555067,-0.15003785,-0.028534042,0.03234303,-0.1805947,-0.19223107,-0.12344454,0.010885581,-0.12893061,0.047040015,0.029841475,-0.13861623,-0.24200153,-0.06079086,0.087341875,-0.10744072,0.090449065,-0.25275275,0.027678505,-0.21294947,-0.26672107,-0.08943814,0.05319914,-0.15336746,0.13003018,0.087776974,-0.06121444,0.02134585,0.0182745,0.053172085,-0.006328212,-0.07452647,-0.13609622
cat,-0.062881246,0.09105417,0.016630115,0.111683734,-0.15027845,0.1147474,-0.02792348,0.07374974,-0.17863058,0.13331026,-0.13717398,0.03203396,0.11959235,0.15529571,-0.13781911,-0.08019811,0.10910181,-0.16603151,-0.19021156,0.11844417,0.049172487,-0.078583226,-0.11556761,0.18484272,0.27762768,-0.039183926,-0.10072936,0.038726136,-0.11453245,-0.09149245,-0.07122783,-0.16909415,-0.08326427,0.011768994,-0.022971362,0.17296918,0.097771,-0.19145186,0.073952384,0.07196728,0.014717426,-0.05002876,0.19460098,0.0062315254,-0.015634377,0.08053123,0.051080976,0.045180786,0.1525792,-0.009368939,-0.03391416,-0.3686858,-0.07706153,0.060577027,0.0926177,-0.040069655,-0.04693938,0.015448832,-0.08542324,0.13037795,-0.083758734,-0.15383215,-0.3319779,-0.049252555,0.065109655,0.06265226,-0.0044202097,-0.019772965,-0.115072735,-0.020730218,0.014061238,-0.16975152,-0.23231505,-0.07952436,0.014611074,-0.12699427,0.06731354,0.043276094,-0.14728418,-0.236223,-0.11703407,0.0065291645,-0.079165995,0.06875428,-0.23203717,0.044984587,-0.20750952,-0.25430736,-0.11014647,0.017492153,-0.14391711,0.09384315,0.09044929,-0.0986314,0.014938347,0.020590888,0.076821096,-0.015611825,-0.10955575,-0.11795157
color,-0.037709303,0.104368754,0.014391012,0.09081823,-0.24960281,0.1856681,-0.045712925,0.15126802,-0.16516787,0.05872587,-0.0947979,0.0026032748,0.08250375,0.13761312,-0.13607597,-0.039126106,0.13062137,-0.15902856,-0.1136673,0.1317092,0.077693075,-0.11355246,-0.10033398,0.22316134,0.26476058,-0.020633657,-0.090080425,0.04991479,-0.15169708,-0.12582855,-0.047849324,-0.19618881,-0.1017947,-0.0034348927,-0.02867992,0.13103284,0.15760149,-0.16271509,0.1053162,0.05949879,0.0052581797,-0.024932813,0.23024075,-0.022293836,-0.026266562,0.10293979,0.03497328,0.04480703,0.11011564,0.0285154,-0.019583255,-0.36220062,-0.11642758,0.08968343,0.07642636,-0.06821869,-0.03612824,0.072544865,-0.073647946,0.14337796,-0.040041905,-0.09948362,-0.31820345,0.025810359,0.07505157,0.042670123,-0.018332837,-0.016071677,-0.19572878,-0.026503207,0.019597495,-0.1644911,-0.19052014,-0.11078766,0.018834652,-0.11444779,0.04118474,0.020180745,-0.14333513,-0.2272415,-0.1069917,0.08575813,-0.109134644,0.05848553,-0.24465112,-0.023699846,-0.23082507,-0.22720788,-0.08343812,0.03706936,-0.16006295,0.11361746,0.07889347,-0.04255464,0.013020079,0.0023729189,0.049395427,-0.020109527,-0.09377339,-0.12413758
brought,-0.032256845,0.069890924,0.006612316,0.0810194,-0.21806048,0.1839632,-0.03940096,0.15153533,-0.18799078,0.06745646,-0.107006215,0.0054344665,0.11939649,0.13971983,-0.15322845,-0.056358878,0.13982815,-0.16630733,-0.15893677,0.1162844,0.08584208,-0.11852983,-0.101669796,0.21249726,0.24998197,-0.0010377936,-0.10798627,0.063929535,-0.14282642,-0.10192287,-0.058151778,-0.1989398,-0.10095359,0.007241293,-0.037266918,0.16616136,0.14522043,-0.1788741,0.10473237,0.051252726,0.004410107,-0.023352684,0.23583038,-0.031294107,-0.007469958,0.09619139,0.045780573,0.060509745,0.12679483,0.010014223,-0.04040319,-0.3687451,-0.11857874,0.076032005,0.10920471,-0.05660882,-0.061224442,0.045058496,-0.07652612,0.13723697,-0.061414666,-0.106083915,-0.32540125,-0.0016323595,0.098073654,0.049773827,-0.026994942,-0.026069388,-0.1555128,-0.015999498,-0.00923235,-0.16324683,-0.18349275,-0.11495305,0.0047471803,-0.11582802,0.051249318,0.0026372853,-0.16199952,-0.23843719,-0.09561638,0.042078048,-0.12036357,0.07753589,-0.25566652,0.018592713,-0.23309216,-0.2566232,-0.1015808,0.0536155,-0.1549028,0.109104514,0.07795828,-0.07556941,0.02972844,-0.0015794194,0.07243785,-0.003776501,-0.07614745,-0.13117738
myself,-0.043349825,0.08060583,0.032821637,0.0954556,-0.21097161,0.1793099,-0.03560325,0.14807707,-0.19221394,0.09550375,-0.12822966,0.016270166,0.12932162,0.17034915,-0.16447936,-0.08255885,0.1237277,-0.1807559,-0.17439055,0.14778116,0.07727736,-0.10571822,-0.10639814,0.2203019,0.25246373,-0.0075100935,-0.08847896,0.054506186,-0.14377937,-0.13575825,-0.07239336,-0.19319013,-0.09506996,0.0069470685,-0.025719037,0.16221555,0.13693073,-0.17749842,0.08338777,0.07292223,-0.016002066,-0.0367357,0.2178007,-0.012044034,-0.016379043,0.1032978,0.06985051,0.06850446,0.13015884,0.011470186,-0.039289735,-0.37095988,-0.10371284,0.057058755,0.09806823,-0.088357024,-0.06591504,0.020735161,-0.06601373,0.14016916,-0.05247324,-0.12576655,-0.36906412,-0.0072983718,0.05677553,0.057547174,-0.032438427,-0.016000504,-0.17083949,-0.018098935,0.008310134,-0.18035957,-0.20326784,-0.101848595,0.014629752,-0.12149008,0.057933502,0.031951822,-0.14348453,-0.24373108,-0.09573312,0.04081582,-0.10288541,0.093953766,-0.2657544,0.023945581,-0.20080593,-0.26807997,-0.10827245,0.04545355,-0.16500936,0.119517006,0.11378141,-0.087556966,0.02912795,0.0066234516,0.052178893,-0.009480576,-0.099666335,-0.14452033
friends,-0.04536818,0.06998374,0.011365596,0.10015003,-0.25264296,0.20087552,-0.037884608,0.149814,-0.17856929,0.05601073,-0.0854625,0.013708434,0.111842565,0.16034278,-0.16103461,-0.049360596,0.120442785,-0.16843629,-0.12474832,0.14593472,0.08639744,-0.11571088,-0.10219564,0.22543782,0.22998534,0.009076107,-0.1006425,0.05711032,-0.13350861,-0.11326276,-0.042239495,-0.18750016,-0.089975394,-0.00064716325,-0.026353734,0.12050567,0.13801786,-0.16413242,0.0799298,0.052302193,-0.00646806,-0.021805283,0.2379426,-0.022419078,-0.027577404,0.10723658,0.028456198,0.046407886,0.11688361,0.026435807,-0.024142241,-0.37784106,-0.12076066,0.07398001,0.08987332,-0.06925096,-0.02620388,0.052287105,-0.075068526,0.15130329,-0.04531063,-0.12795301,-0.34149456,0.01730753,0.08564953,0.04892634,-0.021177018,-0.014115281,-0.1728894,-0.015204002,0.014761175,-0.16494192,-0.17981824,-0.08543685,0.038179386,-0.13376844,0.058831107,0.016022863,-0.1605916,-0.24405977,-0.08786213,0.07310984,-0.12302276,0.06802906,-0.26385632,0.006684802,-0.21576257,-0.24541886,-0.103864476,0.05557369,-0.16604741,0.11474347,0.07080749,-0.06957831,0.02364489,-0.0016489406,0.038183305,-0.010527406,-0.07760586,-0.12999526
shut,-0.019379817,0.060844067,0.0031016346,0.08303012,-0.21456514,0.10815233,-0.06653248,0.099881746,-0.1828306,0.065906405,-0.10855494,-0.004572625,0.12322725,0.1739473,-0.15511155,-0.06959437,0.12637213,-0.14410062,-0.15207009,0.08965363,0.0761703,-0.058058314,-0.098735526,0.19790201,0.23910373,0.025927516,-0.1358493,0.04129835,-0.12605509,-0.0756725,-0.11511312,-0.18606764,-0.11868168,-0.024523525,-0.014985617,0.13143586,0.13701516,-0.19909702,0.08560535,0.08209122,0.022972832,-0.05781817,0.24225982,-0.036505904,-0.03064304,0.121810615,0.053714253,0.062933445,0.11848167,0.026006041,-0.07633948,-0.34903663,-0.08153944,0.07667922,0.09145992,-0.055813946,-0.053726006,0.06719462,-0.069457375,0.1670817,-0.05152703,-0.05771392,-0.35706988,-0.014899103,0.051086105,0.035354562,-0.00089288177,-0.052642986,-0.16751197,0.0217798,-0.020129086,-0.14260925,-0.17952625,-0.088443354,-0.02957014,-0.14666319,0.00052321336,-0.03469081,-0.11480124,-0.2616105,-0.100973494,0.03452762,-0.07966138,0.08653628,-0.20027652,0.005034086,-0.15108947,-0.25145704,-0.10931703,0.052386843,-0.12135074,0.1453163,0.09536633,-0.0756591,-0.005191842,0.04782905,0.049016163,-0.021939129,-0.042627417,-0.14079002
clan,-0.056475196,0.11640438,-0.002353496,0.100069985,-0.31614882,0.26626444,-0.029852226,0.21806127,-0.17798665,0.015636789,-0.09118064,-0.009546037,0.09707249,0.15241656,-0.1540435,0.034273617,0.1303953,-0.19315355,-0.09686252,0.18297452,0.073397316,-0.16199708,-0.11154481,0.2584493,0.2444817,0.025399566,-0.069915555,0.0749039,-0.16827655,-0.15201935,-0.03993987,-0.22725251,-0.11493718,-0.005835634,-0.0017547484,0.09146186,0.20117436,-0.13811442,0.11218139,0.047592442,-0.0005895432,-0.0013648804,0.277318,-0.05682415,-0.043671176,0.09126002,0.015986023,0.066566736,0.080687076,0.062230237,-0.008110631,-0.4086281,-0.16730574,0.08911518,0.09537678,-0.110142864,0.0051442534,0.1180909,-0.064350404,0.13971381,-0.010310022,-0.119592965,-0.32972455,0.062891275,0.079238005,0.006361398,0.00045231695,-0.0044954647,-0.26340586,-0.030881742,0.047833636,-0.18602991,-0.16342089,-0.13618584,0.04703195,-0.14506161,0.05443941,0.04229273,-0.17796429,-0.24110451,-0.0704765,0.13172114,-0.14156203,0.05828854,-0.25505105,-0.036947124,-0.27062586,-0.23233782,-0.06505618,0.06307543,-0.16971408,0.12573701,0.08361977,-0.019733496,0.024307862,-0.01971676,0.061087202,0.016659705,-0.079014525,-0.13590705
damn,-0.04240542,0.07950036,0.0063121165,0.110635854,-0.21079004,0.13984883,-0.042634193,0.12357327,-0.18222387,0.08454085,-0.10974578,0.031685997,0.095577374,0.15444061,-0.13928834,-0.086857684,0.12363981,-0.15351352,-0.13735168,0.12686042,0.052903507,-0.089270055,-0.10341797,0.19465646,0.2573148,-0.008889844,-0.09418453,0.04528072,-0.13712619,-0.11283499,-0.06080265,-0.187163,-0.09663776,-0.00097156095,-0.021354841,0.13461049,0.12641497,-0.17995119,0.09885586,0.087578714,-0.0040014866,-0.04694536,0.2301219,-0.018781729,-0.012995405,0.0856339,0.049473852,0.05392358,0.115850575,0.002478266,-0.03780691,-0.36429217,-0.101253934,0.06325713,0.08229628,-0.05374293,-0.043415274,0.027800525,-0.08471363,0.1581571,-0.033633903,-0.092823364,-0.33096868,-0.012385953,0.073669955,0.047883157,-0.015195597,-0.023206541,-0.1348469,-0.01620202,0.014637696,-0.16576232,-0.19581462,-0.10714491,0.027979271,-0.11298682,0.049952317,-0.0039939783,-0.15724124,-0.24083996,-0.087007426,0.050880864,-0.07017991,0.06555477,-0.24427858,0.0139256185,-0.18589841,-0.24332853,-0.08309814,0.03989249,-0.15087841,0.11467187,0.08037616,-0.061969467,0.015652781,0.015615598,0.052283276,-0.02395877,-0.07505882,-0.10760974
levistone,-0.061868567,0.088606164,0.0059328135,0.11487065,-0.22209845,0.14765082,-0.043836515,0.13721585,-0.1816011,0.074089885,-0.10989048,0.035088252,0.10662659,0.14155474,-0.11896446,-0.054098062,0.11875484,-0.17629145,-0.15141563,0.1320022,0.059947025,-0.11795728,-0.091880254,0.19570893,0.260832,-0.029699434,-0.08485882,0.018555395,-0.13329798,-0.099929735,-0.06902996,-0.18986647,-0.11484786,0.00572184,-0.0072003016,0.13814832,0.13900498,-0.17815737,0.08922015,0.092734955,0.024012238,-0.045208033,0.21508503,-0.029729556,-0.008429761,0.08606321,0.038340155,0.057832133,0.10917146,0.0037130343,-0.02622076,-0.36644325,-0.10863708,0.075481854,0.10890411,-0.06007374,-0.04131997,0.04698355,-0.07802584,0.14899902,-0.0354255,-0.11071178,-0.33592144,0.0014460202,0.062440615,0.024623286,0.009517044,-0.048610274,-0.13673583,-0.021894712,0.01957254,-0.17683426,-0.21943761,-0.09896048,0.027377557,-0.12332148,0.04916709,0.011025187,-0.1353734,-0.22967596,-0.07724759,0.07743238,-0.07796146,0.055218197,-0.2464882,0.01689177,-0.21475035,-0.2640216,-0.07612492,0.02891417,-0.14875008,0.12492657,0.089465424,-0.04972193,0.0009484693,0.030010283,0.056690518,-0.004754741,-0.07336484,-0.11415359
