term_str,n,p,i,n_chars,max_pos,max_pos_group,n_pos_group,cat_pos_group,n_pos,cat_pos,stop,stem_porter
0,1,1.041710071252969e-05,16.5506866718375,1,CD,x,1,{'x'},1,{'CD'},False,0
05,1,1.041710071252969e-05,16.5506866718375,2,CD,x,1,{'x'},1,{'CD'},False,05
1,41,0.00042710112921371724,11.193134667219415,1,CD,x,1,{'x'},1,{'CD'},False,1
10,8,8.333680570023751e-05,13.550686671837498,2,CD,x,1,{'x'},1,{'CD'},False,10
100,2,2.083420142505938e-05,15.550686671837498,3,CD,x,1,{'x'},1,{'CD'},False,100
1000,2,2.083420142505938e-05,15.550686671837498,4,CD,x,1,{'x'},1,{'CD'},False,1000
1000000,1,1.041710071252969e-05,16.5506866718375,7,CD,x,1,{'x'},1,{'CD'},False,1000000
105,1,1.041710071252969e-05,16.5506866718375,3,CD,x,1,{'x'},1,{'CD'},False,105
12,2,2.083420142505938e-05,15.550686671837498,2,CD,x,1,{'x'},1,{'CD'},False,12
120,1,1.041710071252969e-05,16.5506866718375,3,CD,x,1,{'x'},1,{'CD'},False,120
123,1,1.041710071252969e-05,16.5506866718375,3,CD,x,1,{'x'},1,{'CD'},False,123
13,3,3.1251302137589066e-05,14.965724171116342,2,CD,x,1,{'x'},1,{'CD'},False,13
133,1,1.041710071252969e-05,16.5506866718375,3,CD,x,1,{'x'},1,{'CD'},False,133
13yearold,1,1.041710071252969e-05,16.5506866718375,9,JJ,j,1,{'j'},1,{'JJ'},False,13yearold
14,1,1.041710071252969e-05,16.5506866718375,2,CD,x,1,{'x'},1,{'CD'},False,14
145,1,1.041710071252969e-05,16.5506866718375,3,CD,x,1,{'x'},1,{'CD'},False,145
15,5,5.208550356264844e-05,14.228758576950137,2,CD,x,1,{'x'},1,{'CD'},False,15
150,1,1.041710071252969e-05,16.5506866718375,3,CD,x,1,{'x'},1,{'CD'},False,150
15th,3,3.1251302137589066e-05,14.965724171116342,4,JJ,j,2,"{'x', 'j'}",2,"{'JJ', 'CD'}",False,15th
16,1,1.041710071252969e-05,16.5506866718375,2,CD,x,1,{'x'},1,{'CD'},False,16
17,2,2.083420142505938e-05,15.550686671837498,2,CD,x,1,{'x'},1,{'CD'},False,17
1910,1,1.041710071252969e-05,16.5506866718375,4,CD,x,1,{'x'},1,{'CD'},False,1910
1927,1,1.041710071252969e-05,16.5506866718375,4,CD,x,1,{'x'},1,{'CD'},False,1927
1932,1,1.041710071252969e-05,16.5506866718375,4,CD,x,1,{'x'},1,{'CD'},False,1932
1945,1,1.041710071252969e-05,16.5506866718375,4,CD,x,1,{'x'},1,{'CD'},False,1945
1966,1,1.041710071252969e-05,16.5506866718375,4,CD,x,1,{'x'},1,{'CD'},False,1966
1967,1,1.041710071252969e-05,16.5506866718375,4,CD,x,1,{'x'},1,{'CD'},False,1967
1993,1,1.041710071252969e-05,16.5506866718375,4,CD,x,1,{'x'},1,{'CD'},False,1993
2,29,0.000302095920663361,11.692705676709927,1,CD,x,1,{'x'},1,{'CD'},False,2
20,3,3.1251302137589066e-05,14.965724171116342,2,CD,x,1,{'x'},1,{'CD'},False,20
200,1,1.041710071252969e-05,16.5506866718375,3,CD,x,1,{'x'},1,{'CD'},False,200
21,1,1.041710071252969e-05,16.5506866718375,2,CD,x,1,{'x'},1,{'CD'},False,21
220,1,1.041710071252969e-05,16.5506866718375,3,CD,x,1,{'x'},1,{'CD'},False,220
230,1,1.041710071252969e-05,16.5506866718375,3,CD,x,1,{'x'},1,{'CD'},False,230
240,1,1.041710071252969e-05,16.5506866718375,3,CD,x,1,{'x'},1,{'CD'},False,240
250,1,1.041710071252969e-05,16.5506866718375,3,CD,x,1,{'x'},1,{'CD'},False,250
27,2,2.083420142505938e-05,15.550686671837498,2,CD,x,1,{'x'},1,{'CD'},False,27
270,2,2.083420142505938e-05,15.550686671837498,3,CD,x,1,{'x'},1,{'CD'},False,270
3,14,0.00014583940997541563,12.743331749779895,1,CD,x,1,{'x'},1,{'CD'},False,3
300,2,2.083420142505938e-05,15.550686671837498,3,CD,x,1,{'x'},1,{'CD'},False,300
3000,2,2.083420142505938e-05,15.550686671837498,4,CD,x,1,{'x'},1,{'CD'},False,3000
300000,1,1.041710071252969e-05,16.5506866718375,6,CD,x,1,{'x'},1,{'CD'},False,300000
31,1,1.041710071252969e-05,16.5506866718375,2,CD,x,1,{'x'},1,{'CD'},False,31
311382,1,1.041710071252969e-05,16.5506866718375,6,CD,x,1,{'x'},1,{'CD'},False,311382
32,2,2.083420142505938e-05,15.550686671837498,2,CD,x,1,{'x'},1,{'CD'},False,32
33,2,2.083420142505938e-05,15.550686671837498,2,CD,x,1,{'x'},1,{'CD'},False,33
33rd,1,1.041710071252969e-05,16.5506866718375,4,CD,x,1,{'x'},1,{'CD'},False,33rd
4,8,8.333680570023751e-05,13.550686671837498,1,CD,x,1,{'x'},1,{'CD'},False,4
40,4,4.166840285011876e-05,14.550686671837498,2,CD,x,1,{'x'},1,{'CD'},False,40
430,2,2.083420142505938e-05,15.550686671837498,3,CD,x,1,{'x'},1,{'CD'},False,430
5,10,0.00010417100712529688,13.228758576950137,1,CD,x,1,{'x'},1,{'CD'},False,5
50,2,2.083420142505938e-05,15.550686671837498,2,CD,x,1,{'x'},1,{'CD'},False,50
500,3,3.1251302137589066e-05,14.965724171116342,3,CD,x,1,{'x'},1,{'CD'},False,500
5000,2,2.083420142505938e-05,15.550686671837498,4,CD,x,1,{'x'},1,{'CD'},False,5000
50km,1,1.041710071252969e-05,16.5506866718375,4,CD,x,1,{'x'},1,{'CD'},False,50km
55,1,1.041710071252969e-05,16.5506866718375,2,CD,x,1,{'x'},1,{'CD'},False,55
5th,3,3.1251302137589066e-05,14.965724171116342,3,CD,x,2,"{'x', 'j'}",2,"{'JJ', 'CD'}",False,5th
6,3,3.1251302137589066e-05,14.965724171116342,1,CD,x,1,{'x'},1,{'CD'},False,6
60,3,3.1251302137589066e-05,14.965724171116342,2,CD,x,1,{'x'},1,{'CD'},False,60
65,1,1.041710071252969e-05,16.5506866718375,2,CD,x,1,{'x'},1,{'CD'},False,65
7,2,2.083420142505938e-05,15.550686671837498,1,CD,x,1,{'x'},1,{'CD'},False,7
700,2,2.083420142505938e-05,15.550686671837498,3,CD,x,1,{'x'},1,{'CD'},False,700
700am,1,1.041710071252969e-05,16.5506866718375,5,CD,x,1,{'x'},1,{'CD'},False,700am
8,4,4.166840285011876e-05,14.550686671837498,1,CD,x,1,{'x'},1,{'CD'},False,8
9,1,1.041710071252969e-05,16.5506866718375,1,CD,x,1,{'x'},1,{'CD'},False,9
90s,1,1.041710071252969e-05,16.5506866718375,3,CD,x,1,{'x'},1,{'CD'},False,90
98,1,1.041710071252969e-05,16.5506866718375,2,CD,x,1,{'x'},1,{'CD'},False,98
999,2,2.083420142505938e-05,15.550686671837498,3,CD,x,1,{'x'},1,{'CD'},False,999
999th,1,1.041710071252969e-05,16.5506866718375,5,CD,x,1,{'x'},1,{'CD'},False,999th
a,1967,0.020490437101545897,5.608905429558969,1,DT,x,3,"{'n', 'x', 'r'}",3,"{'RB', 'DT', 'NNP'}",True,a
aa,5,5.208550356264844e-05,14.228758576950137,2,NNP,n,1,{'n'},2,"{'NN', 'NNP'}",False,aa
aaa,2,2.083420142505938e-05,15.550686671837498,3,JJ,j,2,"{'n', 'j'}",2,"{'JJ', 'NNP'}",False,aaa
aah,2,2.083420142505938e-05,15.550686671837498,3,NNP,n,1,{'n'},2,"{'NNS', 'NNP'}",False,aah
abandon,3,3.1251302137589066e-05,14.965724171116342,7,VB,v,2,"{'n', 'v'}",2,"{'VB', 'NNS'}",False,abandon
abandoned,4,4.166840285011876e-05,14.550686671837498,9,VBN,v,2,"{'j', 'v'}",3,"{'VBD', 'JJ', 'VBN'}",False,abandon
abandoning,2,2.083420142505938e-05,15.550686671837498,10,VBG,v,1,{'v'},1,{'VBG'},False,abandon
abe,6,6.250260427517813e-05,13.965724171116342,3,NNP,n,1,{'n'},1,{'NNP'},False,abe
abekun,4,4.166840285011876e-05,14.550686671837498,6,NNP,n,2,"{'n', 'j'}",2,"{'JJ', 'NNP'}",False,abekun
abilities,1,1.041710071252969e-05,16.5506866718375,9,NNS,n,1,{'n'},1,{'NNS'},False,abil
ability,1,1.041710071252969e-05,16.5506866718375,7,NN,n,1,{'n'},1,{'NN'},False,abil
able,30,0.00031251302137589064,11.64379607622898,4,JJ,j,1,{'j'},1,{'JJ'},False,abl
aboard,5,5.208550356264844e-05,14.228758576950137,6,IN,x,2,"{'x', 'r'}",2,"{'RB', 'IN'}",False,aboard
abolish,1,1.041710071252969e-05,16.5506866718375,7,VB,v,1,{'v'},1,{'VB'},False,abolish
about,212,0.002208425351056294,8.8227662172743,5,IN,x,2,"{'x', 'r'}",2,"{'RB', 'IN'}",True,about
above,6,6.250260427517813e-05,13.965724171116342,5,IN,x,1,{'x'},1,{'IN'},True,abov
abrupt,1,1.041710071252969e-05,16.5506866718375,6,JJ,j,1,{'j'},1,{'JJ'},False,abrupt
absence,2,2.083420142505938e-05,15.550686671837498,7,NN,n,1,{'n'},1,{'NN'},False,absenc
absolutely,5,5.208550356264844e-05,14.228758576950137,10,RB,r,1,{'r'},1,{'RB'},False,absolut
absorb,2,2.083420142505938e-05,15.550686671837498,6,VB,v,1,{'v'},1,{'VB'},False,absorb
absorbed,3,3.1251302137589066e-05,14.965724171116342,8,VBN,v,1,{'v'},1,{'VBN'},False,absorb
absorbs,1,1.041710071252969e-05,16.5506866718375,7,JJ,j,1,{'j'},1,{'JJ'},False,absorb
absurd,1,1.041710071252969e-05,16.5506866718375,6,JJ,j,1,{'j'},1,{'JJ'},False,absurd
academy,2,2.083420142505938e-05,15.550686671837498,7,NN,n,1,{'n'},1,{'NN'},False,academi
accept,11,0.00011458810783782658,13.091255053200202,6,VB,v,1,{'v'},3,"{'VB', 'VBD', 'VBP'}",False,accept
acceptance,1,1.041710071252969e-05,16.5506866718375,10,NN,n,1,{'n'},1,{'NN'},False,accept
accepted,2,2.083420142505938e-05,15.550686671837498,8,VBD,v,1,{'v'},2,"{'VBD', 'VBN'}",False,accept
access,1,1.041710071252969e-05,16.5506866718375,6,NN,n,1,{'n'},1,{'NN'},False,access
accident,5,5.208550356264844e-05,14.228758576950137,8,NN,n,2,"{'n', 'j'}",2,"{'JJ', 'NN'}",False,accid
accidents,6,6.250260427517813e-05,13.965724171116342,9,NNS,n,1,{'n'},1,{'NNS'},False,accid
accommodating,1,1.041710071252969e-05,16.5506866718375,13,VBG,v,1,{'v'},1,{'VBG'},False,accommod
accommodations,1,1.041710071252969e-05,16.5506866718375,14,NNS,n,1,{'n'},1,{'NNS'},False,accommod
accompanied,1,1.041710071252969e-05,16.5506866718375,11,VBN,v,1,{'v'},1,{'VBN'},False,accompani
accomplish,1,1.041710071252969e-05,16.5506866718375,10,VB,v,1,{'v'},1,{'VB'},False,accomplish
accomplished,1,1.041710071252969e-05,16.5506866718375,12,VBN,v,1,{'v'},1,{'VBN'},False,accomplish
accord,1,1.041710071252969e-05,16.5506866718375,6,NN,n,1,{'n'},1,{'NN'},False,accord
accordance,1,1.041710071252969e-05,16.5506866718375,10,NN,n,1,{'n'},1,{'NN'},False,accord
according,2,2.083420142505938e-05,15.550686671837498,9,VBG,v,1,{'v'},1,{'VBG'},False,accord
accumulating,1,1.041710071252969e-05,16.5506866718375,12,VBG,v,1,{'v'},1,{'VBG'},False,accumul
accurate,1,1.041710071252969e-05,16.5506866718375,8,JJ,j,1,{'j'},1,{'JJ'},False,accur
accuse,1,1.041710071252969e-05,16.5506866718375,6,VB,v,1,{'v'},1,{'VB'},False,accus
ace,2,2.083420142505938e-05,15.550686671837498,3,NN,n,1,{'n'},1,{'NN'},False,ace
achieve,2,2.083420142505938e-05,15.550686671837498,7,VB,v,1,{'v'},1,{'VB'},False,achiev
achieved,1,1.041710071252969e-05,16.5506866718375,8,VBN,v,1,{'v'},1,{'VBN'},False,achiev
achilles,2,2.083420142505938e-05,15.550686671837498,8,NNP,n,1,{'n'},2,"{'NNS', 'NNP'}",False,achil
aching,1,1.041710071252969e-05,16.5506866718375,6,VBG,v,1,{'v'},1,{'VBG'},False,ach
acid,5,5.208550356264844e-05,14.228758576950137,4,JJ,j,2,"{'n', 'j'}",2,"{'JJ', 'NN'}",False,acid
acorn,2,2.083420142505938e-05,15.550686671837498,5,NN,n,1,{'n'},1,{'NN'},False,acorn
acornmice,1,1.041710071252969e-05,16.5506866718375,9,NN,n,1,{'n'},1,{'NN'},False,acornmic
acorns,2,2.083420142505938e-05,15.550686671837498,6,NNS,n,1,{'n'},1,{'NNS'},False,acorn
across,3,3.1251302137589066e-05,14.965724171116342,6,IN,x,1,{'x'},1,{'IN'},False,across
act,9,9.37539064127672e-05,13.380761670395186,3,VB,v,2,"{'n', 'v'}",3,"{'VB', 'NN', 'NNP'}",False,act
acting,10,0.00010417100712529688,13.228758576950137,6,VBG,v,3,"{'n', 'j', 'v'}",3,"{'VBG', 'JJ', 'NNP'}",False,act
action,8,8.333680570023751e-05,13.550686671837498,6,NN,n,1,{'n'},2,"{'NN', 'NNP'}",False,action
actions,2,2.083420142505938e-05,15.550686671837498,7,NNS,n,1,{'n'},1,{'NNS'},False,action
actress,5,5.208550356264844e-05,14.228758576950137,7,NN,n,1,{'n'},1,{'NN'},False,actress
actually,13,0.00013542230926288595,12.850246953696406,8,RB,r,1,{'r'},1,{'RB'},False,actual
add,2,2.083420142505938e-05,15.550686671837498,3,VB,v,1,{'v'},1,{'VB'},False,add
added,3,3.1251302137589066e-05,14.965724171116342,5,VBD,v,1,{'v'},1,{'VBD'},False,ad
addition,1,1.041710071252969e-05,16.5506866718375,8,NN,n,1,{'n'},1,{'NN'},False,addit
address,6,6.250260427517813e-05,13.965724171116342,7,NN,n,2,"{'n', 'v'}",2,"{'VB', 'NN'}",False,address
addressed,1,1.041710071252969e-05,16.5506866718375,9,VBN,v,1,{'v'},1,{'VBN'},False,address
addresses,1,1.041710071252969e-05,16.5506866718375,9,NNS,n,1,{'n'},1,{'NNS'},False,address
adjourned,2,2.083420142505938e-05,15.550686671837498,9,VBD,v,1,{'v'},2,"{'VBD', 'VBN'}",False,adjourn
adjustments,1,1.041710071252969e-05,16.5506866718375,11,NNS,n,1,{'n'},1,{'NNS'},False,adjust
admirable,2,2.083420142505938e-05,15.550686671837498,9,JJ,j,1,{'j'},1,{'JJ'},False,admir
admiration,1,1.041710071252969e-05,16.5506866718375,10,NN,n,1,{'n'},1,{'NN'},False,admir
admired,1,1.041710071252969e-05,16.5506866718375,7,VBD,v,1,{'v'},1,{'VBD'},False,admir
admit,3,3.1251302137589066e-05,14.965724171116342,5,VB,v,1,{'v'},1,{'VB'},False,admit
admitted,1,1.041710071252969e-05,16.5506866718375,8,VBD,v,1,{'v'},1,{'VBD'},False,admit
admonition,1,1.041710071252969e-05,16.5506866718375,10,NN,n,1,{'n'},1,{'NN'},False,admonit
ado,2,2.083420142505938e-05,15.550686671837498,3,NN,n,1,{'n'},1,{'NN'},False,ado
adopt,1,1.041710071252969e-05,16.5506866718375,5,VBP,v,1,{'v'},1,{'VBP'},False,adopt
adopted,2,2.083420142505938e-05,15.550686671837498,7,VBD,v,1,{'v'},1,{'VBD'},False,adopt
adorable,1,1.041710071252969e-05,16.5506866718375,8,JJ,j,1,{'j'},1,{'JJ'},False,ador
adore,2,2.083420142505938e-05,15.550686671837498,5,RB,r,2,"{'r', 'v'}",2,"{'RB', 'VBP'}",False,ador
adored,1,1.041710071252969e-05,16.5506866718375,6,VBD,v,1,{'v'},1,{'VBD'},False,ador
adriano,2,2.083420142505938e-05,15.550686671837498,7,NNP,n,1,{'n'},1,{'NNP'},False,adriano
adriatic,8,8.333680570023751e-05,13.550686671837498,8,NNP,n,1,{'n'},1,{'NNP'},False,adriat
adrienne,1,1.041710071252969e-05,16.5506866718375,8,NNP,n,1,{'n'},1,{'NNP'},False,adrienn
adult,2,2.083420142505938e-05,15.550686671837498,5,NN,n,1,{'n'},2,"{'NN', 'NNP'}",False,adult
advance,1,1.041710071252969e-05,16.5506866718375,7,VBP,v,1,{'v'},1,{'VBP'},False,advanc
advanced,6,6.250260427517813e-05,13.965724171116342,8,JJ,j,1,{'j'},1,{'JJ'},False,advanc
advances,1,1.041710071252969e-05,16.5506866718375,8,NNS,n,1,{'n'},1,{'NNS'},False,advanc
advantage,2,2.083420142505938e-05,15.550686671837498,9,NN,n,1,{'n'},1,{'NN'},False,advantag
adventure,3,3.1251302137589066e-05,14.965724171116342,9,NN,n,1,{'n'},1,{'NN'},False,adventur
advice,5,5.208550356264844e-05,14.228758576950137,6,NN,n,1,{'n'},1,{'NN'},False,advic
advise,1,1.041710071252969e-05,16.5506866718375,6,VBP,v,1,{'v'},1,{'VBP'},False,advis
aerial,2,2.083420142505938e-05,15.550686671837498,6,JJ,j,1,{'j'},1,{'JJ'},False,aerial
aeronautical,2,2.083420142505938e-05,15.550686671837498,12,JJ,j,1,{'j'},1,{'JJ'},False,aeronaut
affair,1,1.041710071252969e-05,16.5506866718375,6,NN,n,1,{'n'},1,{'NN'},False,affair
affected,1,1.041710071252969e-05,16.5506866718375,8,VBN,v,1,{'v'},1,{'VBN'},False,affect
affecting,1,1.041710071252969e-05,16.5506866718375,9,VBG,v,1,{'v'},1,{'VBG'},False,affect
afflicted,1,1.041710071252969e-05,16.5506866718375,9,VBN,v,1,{'v'},1,{'VBN'},False,afflict
afford,4,4.166840285011876e-05,14.550686671837498,6,VB,v,1,{'v'},1,{'VB'},False,afford
afraid,34,0.0003541814242260094,11.46322383058716,6,JJ,j,4,"{'n', 'x', 'j', 'v'}",5,"{'JJ', 'VBD', 'NN', 'IN', 'VBN'}",False,afraid
afresh,1,1.041710071252969e-05,16.5506866718375,6,NN,n,1,{'n'},1,{'NN'},False,afresh
after,78,0.0008125338555773157,10.26528445297525,5,IN,x,1,{'x'},1,{'IN'},True,after
afternoon,3,3.1251302137589066e-05,14.965724171116342,9,NN,n,1,{'n'},1,{'NN'},False,afternoon
again,94,0.0009792074669777908,9.99609782015986,5,RB,r,1,{'r'},1,{'RB'},True,again
against,15,0.00015625651068794532,12.64379607622898,7,IN,x,1,{'x'},1,{'IN'},True,against
age,18,0.0001875078128255344,12.380761670395186,3,NN,n,1,{'n'},1,{'NN'},False,age
aged,2,2.083420142505938e-05,15.550686671837498,4,VBN,v,1,{'v'},1,{'VBN'},False,age
agent,2,2.083420142505938e-05,15.550686671837498,5,NN,n,1,{'n'},1,{'NN'},False,agent
agents,1,1.041710071252969e-05,16.5506866718375,6,NNS,n,1,{'n'},1,{'NNS'},False,agent
ages,2,2.083420142505938e-05,15.550686671837498,4,NNS,n,1,{'n'},1,{'NNS'},False,age
agitated,1,1.041710071252969e-05,16.5506866718375,8,JJ,j,1,{'j'},1,{'JJ'},False,agit
ago,35,0.0003645985249385391,11.421403654892533,3,RB,r,2,"{'x', 'r'}",2,"{'RB', 'IN'}",False,ago
agree,4,4.166840285011876e-05,14.550686671837498,5,VB,v,1,{'v'},2,"{'VB', 'VBP'}",False,agre
agreed,5,5.208550356264844e-05,14.228758576950137,6,VBD,v,2,"{'x', 'v'}",3,"{'VBD', 'VBN', 'UH'}",False,agre
agreement,2,2.083420142505938e-05,15.550686671837498,9,NN,n,1,{'n'},1,{'NN'},False,agreement
agricultural,1,1.041710071252969e-05,16.5506866718375,12,JJ,j,1,{'j'},1,{'JJ'},False,agricultur
agriculture,4,4.166840285011876e-05,14.550686671837498,11,NN,n,1,{'n'},1,{'NN'},False,agricultur
ah,273,0.002843868494520605,8.457929530917646,2,NN,n,4,"{'n', 'x', 'j', 'r'}",7,"{'JJ', 'NN', 'NNP', 'IN', 'NNS', 'RB', 'LS'}",False,ah
aha,1,1.041710071252969e-05,16.5506866718375,3,NNP,n,1,{'n'},1,{'NNP'},False,aha
ahahaha,1,1.041710071252969e-05,16.5506866718375,7,NNP,n,1,{'n'},1,{'NNP'},False,ahahaha
ahahahaha,1,1.041710071252969e-05,16.5506866718375,9,NN,n,1,{'n'},1,{'NN'},False,ahahahaha
ahead,13,0.00013542230926288595,12.850246953696406,5,RB,r,1,{'r'},1,{'RB'},False,ahead
ahem,1,1.041710071252969e-05,16.5506866718375,4,NNP,n,1,{'n'},1,{'NNP'},False,ahem
ahh,64,0.0006666944456019001,10.550686671837498,3,NN,n,3,"{'n', 'x', 'v'}",4,"{'VBP', 'NN', 'NNP', 'IN'}",False,ahh
ahha,1,1.041710071252969e-05,16.5506866718375,4,NNP,n,1,{'n'},1,{'NNP'},False,ahha
ahhh,21,0.00021875911496312345,12.158369249058739,4,NN,n,1,{'n'},2,"{'NN', 'NNP'}",False,ahhh
ahhhh,1,1.041710071252969e-05,16.5506866718375,5,NN,n,1,{'n'},1,{'NN'},False,ahhhh
ahhhn,3,3.1251302137589066e-05,14.965724171116342,5,NNP,n,1,{'n'},1,{'NNP'},False,ahhhn
ahm,2,2.083420142505938e-05,15.550686671837498,3,NNS,n,1,{'n'},1,{'NNS'},False,ahm
ahoy,3,3.1251302137589066e-05,14.965724171116342,4,NN,n,1,{'n'},1,{'NN'},False,ahoy
ai,3,3.1251302137589066e-05,14.965724171116342,2,VBP,v,1,{'v'},1,{'VBP'},False,ai
aid,1,1.041710071252969e-05,16.5506866718375,3,NN,n,1,{'n'},1,{'NN'},False,aid
aileron,1,1.041710071252969e-05,16.5506866718375,7,NN,n,1,{'n'},1,{'NN'},False,aileron
aim,2,2.083420142505938e-05,15.550686671837498,3,NN,n,1,{'n'},2,"{'NN', 'NNP'}",False,aim
aimed,1,1.041710071252969e-05,16.5506866718375,5,VBN,v,1,{'v'},1,{'VBN'},False,aim
aiming,2,2.083420142505938e-05,15.550686671837498,6,VBG,v,1,{'v'},1,{'VBG'},False,aim
air,35,0.0003645985249385391,11.421403654892533,3,NN,n,1,{'n'},2,"{'NN', 'NNP'}",False,air
airborne,1,1.041710071252969e-05,16.5506866718375,8,JJ,j,1,{'j'},1,{'JJ'},False,airborn
aircraft,9,9.37539064127672e-05,13.380761670395186,8,NN,n,1,{'n'},1,{'NN'},False,aircraft
airfield,1,1.041710071252969e-05,16.5506866718375,8,NN,n,1,{'n'},1,{'NN'},False,airfield
airframe,1,1.041710071252969e-05,16.5506866718375,8,NN,n,1,{'n'},1,{'NN'},False,airfram
airplane,5,5.208550356264844e-05,14.228758576950137,8,NN,n,1,{'n'},1,{'NN'},False,airplan
airplanes,12,0.00012500520855035626,12.965724171116342,9,NNS,n,1,{'n'},1,{'NNS'},False,airplan
airraid,7,7.291970498770782e-05,13.743331749779895,7,JJ,j,2,"{'n', 'j'}",2,"{'JJ', 'NN'}",False,airraid
airraids,1,1.041710071252969e-05,16.5506866718375,8,NNS,n,1,{'n'},1,{'NNS'},False,airraid
airs,2,2.083420142505938e-05,15.550686671837498,4,NNS,n,1,{'n'},1,{'NNS'},False,air
airship,5,5.208550356264844e-05,14.228758576950137,7,NN,n,1,{'n'},1,{'NN'},False,airship
airstrip,1,1.041710071252969e-05,16.5506866718375,8,NN,n,1,{'n'},1,{'NN'},False,airstrip
aiuto,6,6.250260427517813e-05,13.965724171116342,5,NNP,n,1,{'n'},1,{'NNP'},False,aiuto
akashishi,2,2.083420142505938e-05,15.550686671837498,9,NNP,n,1,{'n'},1,{'NNP'},False,akashishi
akebono,1,1.041710071252969e-05,16.5506866718375,7,NNP,n,1,{'n'},1,{'NNP'},False,akebono
akita,5,5.208550356264844e-05,14.228758576950137,5,NNP,n,1,{'n'},1,{'NNP'},False,akita
al,3,3.1251302137589066e-05,14.965724171116342,2,NN,n,2,"{'n', 'r'}",3,"{'RB', 'NN', 'NNP'}",False,al
alabama,1,1.041710071252969e-05,16.5506866718375,7,NNP,n,1,{'n'},1,{'NNP'},False,alabama
alarmed,1,1.041710071252969e-05,16.5506866718375,7,VBN,v,1,{'v'},1,{'VBN'},False,alarm
aliases,1,1.041710071252969e-05,16.5506866718375,7,NNS,n,1,{'n'},1,{'NNS'},False,alias
alights,1,1.041710071252969e-05,16.5506866718375,7,NNS,n,1,{'n'},1,{'NNS'},False,alight
alike,2,2.083420142505938e-05,15.550686671837498,5,RB,r,1,{'r'},1,{'RB'},False,alik
alive,31,0.00032293012208842035,11.596490361450623,5,JJ,j,3,"{'n', 'j', 'v'}",4,"{'JJ', 'VB', 'NN', 'NNP'}",False,aliv
all,494,0.005146047751989667,7.6023194402528205,3,DT,x,3,"{'x', 'r', 'v'}",4,"{'RB', 'DT', 'VB', 'PDT'}",True,all
alley,1,1.041710071252969e-05,16.5506866718375,5,NNP,n,1,{'n'},1,{'NNP'},False,alley
alliance,4,4.166840285011876e-05,14.550686671837498,8,NN,n,1,{'n'},2,"{'NN', 'NNP'}",False,allianc
alliances,2,2.083420142505938e-05,15.550686671837498,9,NNS,n,2,"{'n', 'v'}",2,"{'VBZ', 'NNS'}",False,allianc
allied,1,1.041710071252969e-05,16.5506866718375,6,VBD,v,1,{'v'},1,{'VBD'},False,alli
allies,1,1.041710071252969e-05,16.5506866718375,6,NNS,n,1,{'n'},1,{'NNS'},False,alli
allmetal,4,4.166840285011876e-05,14.550686671837498,8,JJ,j,1,{'j'},1,{'JJ'},False,allmet
allow,6,6.250260427517813e-05,13.965724171116342,5,VB,v,2,"{'n', 'v'}",2,"{'VB', 'NN'}",False,allow
allowed,2,2.083420142505938e-05,15.550686671837498,7,VBN,v,1,{'v'},1,{'VBN'},False,allow
allowing,1,1.041710071252969e-05,16.5506866718375,8,VBG,v,1,{'v'},1,{'VBG'},False,allow
allows,1,1.041710071252969e-05,16.5506866718375,6,NNS,n,1,{'n'},1,{'NNS'},False,allow
alloy,1,1.041710071252969e-05,16.5506866718375,5,NN,n,1,{'n'},1,{'NN'},False,alloy
almost,35,0.0003645985249385391,11.421403654892533,6,RB,r,1,{'r'},1,{'RB'},False,almost
alone,30,0.00031251302137589064,11.64379607622898,5,RB,r,2,"{'n', 'r'}",2,"{'RB', 'NN'}",False,alon
along,16,0.00016667361140047503,12.550686671837498,5,IN,x,2,"{'x', 'r'}",3,"{'RB', 'IN', 'RP'}",False,along
alongside,1,1.041710071252969e-05,16.5506866718375,9,IN,x,1,{'x'},1,{'IN'},False,alongsid
alot,1,1.041710071252969e-05,16.5506866718375,4,NN,n,1,{'n'},1,{'NN'},False,alot
aloud,1,1.041710071252969e-05,16.5506866718375,5,NN,n,1,{'n'},1,{'NN'},False,aloud
already,55,0.0005729405391891329,10.769326958312838,7,RB,r,1,{'r'},1,{'RB'},False,alreadi
alright,5,5.208550356264844e-05,14.228758576950137,7,NN,n,4,"{'n', 'x', 'r', 'v'}",4,"{'RB', 'VBD', 'NN', 'IN'}",False,alright
also,33,0.0003437643235134797,11.506292552479046,4,RB,r,1,{'r'},1,{'RB'},False,also
alt,1,1.041710071252969e-05,16.5506866718375,3,NNP,n,1,{'n'},1,{'NNP'},False,alt
although,17,0.0001770907121130047,12.46322383058716,8,IN,x,1,{'x'},1,{'IN'},False,although
altitude,1,1.041710071252969e-05,16.5506866718375,8,NN,n,1,{'n'},1,{'NN'},False,altitud
aluminum,1,1.041710071252969e-05,16.5506866718375,8,NN,n,1,{'n'},1,{'NN'},False,aluminum
always,52,0.0005416892370515438,10.850246953696406,6,RB,r,3,"{'n', 'x', 'r'}",3,"{'RB', 'IN', 'NNP'}",False,alway
am,66,0.0006875286470269594,10.506292552479046,2,VBP,v,2,"{'n', 'v'}",2,"{'VBP', 'NN'}",True,am
amateurs,1,1.041710071252969e-05,16.5506866718375,8,NNS,n,1,{'n'},1,{'NNS'},False,amateur
amazed,3,3.1251302137589066e-05,14.965724171116342,6,JJ,j,2,"{'j', 'v'}",2,"{'JJ', 'VBN'}",False,amaz
amazing,21,0.00021875911496312345,12.158369249058739,7,JJ,n,3,"{'n', 'j', 'v'}",4,"{'JJ', 'VBG', 'NN', 'NNP'}",False,amaz
amazingly,2,2.083420142505938e-05,15.550686671837498,9,RB,r,1,{'r'},1,{'RB'},False,amazingli
ambition,1,1.041710071252969e-05,16.5506866718375,8,NN,n,1,{'n'},1,{'NN'},False,ambit
amen,2,2.083420142505938e-05,15.550686671837498,4,NNS,n,1,{'n'},1,{'NNS'},False,amen
america,4,4.166840285011876e-05,14.550686671837498,7,NNP,n,1,{'n'},1,{'NNP'},False,america
american,10,0.00010417100712529688,13.228758576950137,8,JJ,j,2,"{'n', 'j'}",2,"{'JJ', 'NNP'}",False,american
americans,2,2.083420142505938e-05,15.550686671837498,9,NNPS,n,1,{'n'},1,{'NNPS'},False,american
amida,2,2.083420142505938e-05,15.550686671837498,5,NNP,n,1,{'n'},1,{'NNP'},False,amida
ammo,2,2.083420142505938e-05,15.550686671837498,4,NN,n,1,{'n'},1,{'NN'},False,ammo
among,5,5.208550356264844e-05,14.228758576950137,5,IN,x,1,{'x'},1,{'IN'},False,among
amongst,1,1.041710071252969e-05,16.5506866718375,7,JJ,j,1,{'j'},1,{'JJ'},False,amongst
amount,5,5.208550356264844e-05,14.228758576950137,6,NN,n,1,{'n'},1,{'NN'},False,amount
amounts,3,3.1251302137589066e-05,14.965724171116342,7,NNS,n,1,{'n'},1,{'NNS'},False,amount
ample,1,1.041710071252969e-05,16.5506866718375,5,JJ,j,1,{'j'},1,{'JJ'},False,ampl
an,196,0.002041751739655819,8.93597682772229,2,DT,x,1,{'x'},1,{'DT'},True,an
ana,1,1.041710071252969e-05,16.5506866718375,3,NN,n,1,{'n'},1,{'NN'},False,ana
anchor,3,3.1251302137589066e-05,14.965724171116342,6,NN,n,2,"{'n', 'v'}",2,"{'VB', 'NN'}",False,anchor
ancient,10,0.00010417100712529688,13.228758576950137,7,JJ,j,2,"{'n', 'j'}",2,"{'JJ', 'NN'}",False,ancient
and,1069,0.011135880661694237,6.488640534117008,3,CC,x,1,{'x'},1,{'CC'},True,and
angel,2,2.083420142505938e-05,15.550686671837498,5,NN,n,1,{'n'},1,{'NN'},False,angel
anger,15,0.00015625651068794532,12.64379607622898,5,NN,n,2,"{'n', 'v'}",2,"{'VB', 'NN'}",False,anger
angering,1,1.041710071252969e-05,16.5506866718375,8,VBG,v,1,{'v'},1,{'VBG'},False,anger
angle,2,2.083420142505938e-05,15.550686671837498,5,NN,n,1,{'n'},2,"{'NN', 'NNP'}",False,angl
angry,16,0.00016667361140047503,12.550686671837498,5,JJ,j,1,{'j'},1,{'JJ'},False,angri
animal,4,4.166840285011876e-05,14.550686671837498,6,JJ,j,2,"{'n', 'j'}",2,"{'JJ', 'NN'}",False,anim
animals,4,4.166840285011876e-05,14.550686671837498,7,NNS,n,1,{'n'},1,{'NNS'},False,anim
anisama,4,4.166840285011876e-05,14.550686671837498,7,NN,n,1,{'n'},1,{'NN'},False,anisama
anna,1,1.041710071252969e-05,16.5506866718375,4,NNP,n,1,{'n'},1,{'NNP'},False,anna
annihilate,1,1.041710071252969e-05,16.5506866718375,10,NN,n,1,{'n'},1,{'NN'},False,annihil
annihilated,1,1.041710071252969e-05,16.5506866718375,11,VBN,v,1,{'v'},1,{'VBN'},False,annihil
announced,1,1.041710071252969e-05,16.5506866718375,9,VBD,v,1,{'v'},1,{'VBD'},False,announc
another,39,0.0004062669277886579,11.26528445297525,7,DT,x,1,{'x'},1,{'DT'},False,anoth
answer,12,0.00012500520855035626,12.965724171116342,6,NN,n,2,"{'n', 'v'}",3,"{'VB', 'NN', 'NNP'}",False,answer
answered,4,4.166840285011876e-05,14.550686671837498,8,VBD,v,1,{'v'},1,{'VBD'},False,answer
answering,1,1.041710071252969e-05,16.5506866718375,9,VBG,v,1,{'v'},1,{'VBG'},False,answer
answers,2,2.083420142505938e-05,15.550686671837498,7,NNS,n,1,{'n'},1,{'NNS'},False,answer
antenna,2,2.083420142505938e-05,15.550686671837498,7,NN,n,1,{'n'},1,{'NN'},False,antenna
anticipated,1,1.041710071252969e-05,16.5506866718375,11,VBN,v,1,{'v'},1,{'VBN'},False,anticip
anxious,1,1.041710071252969e-05,16.5506866718375,7,JJ,j,1,{'j'},1,{'JJ'},False,anxiou
any,96,0.0010000416684028501,9.965724171116342,3,DT,x,1,{'x'},1,{'DT'},True,ani
anybody,6,6.250260427517813e-05,13.965724171116342,7,NN,n,1,{'n'},1,{'NN'},False,anybodi
anyhow,2,2.083420142505938e-05,15.550686671837498,6,NN,n,1,{'n'},2,"{'NN', 'NNP'}",False,anyhow
anymore,21,0.00021875911496312345,12.158369249058739,7,RB,r,3,"{'n', 'r', 'v'}",3,"{'RB', 'VBP', 'NN'}",False,anymor
anyone,21,0.00021875911496312345,12.158369249058739,6,NN,n,1,{'n'},1,{'NN'},False,anyon
anything,50,0.0005208550356264845,10.906830482062773,8,NN,n,2,"{'n', 'v'}",2,"{'VBG', 'NN'}",False,anyth
anytime,3,3.1251302137589066e-05,14.965724171116342,7,RB,r,1,{'r'},1,{'RB'},False,anytim
anyway,21,0.00021875911496312345,12.158369249058739,6,RB,r,2,"{'n', 'r'}",2,"{'RB', 'NN'}",False,anyway
anywhere,6,6.250260427517813e-05,13.965724171116342,8,RB,r,1,{'r'},1,{'RB'},False,anywher
aoki,3,3.1251302137589066e-05,14.965724171116342,4,NNP,n,1,{'n'},1,{'NNP'},False,aoki
aokisan,3,3.1251302137589066e-05,14.965724171116342,7,NNP,n,2,"{'n', 'j'}",2,"{'JJ', 'NNP'}",False,aokisan
apart,7,7.291970498770782e-05,13.743331749779895,5,RB,r,1,{'r'},1,{'RB'},False,apart
apartment,1,1.041710071252969e-05,16.5506866718375,9,NN,n,1,{'n'},1,{'NN'},False,apart
apartments,2,2.083420142505938e-05,15.550686671837498,10,NNP,n,1,{'n'},2,"{'NNS', 'NNP'}",False,apart
apologize,8,8.333680570023751e-05,13.550686671837498,9,VB,v,2,"{'n', 'v'}",3,"{'VB', 'VBP', 'NNP'}",False,apolog
apology,1,1.041710071252969e-05,16.5506866718375,7,NN,n,1,{'n'},1,{'NN'},False,apolog
apparently,2,2.083420142505938e-05,15.550686671837498,10,RB,r,1,{'r'},1,{'RB'},False,appar
appear,4,4.166840285011876e-05,14.550686671837498,6,VB,v,1,{'v'},2,"{'VB', 'VBP'}",False,appear
appearance,4,4.166840285011876e-05,14.550686671837498,10,NN,n,1,{'n'},1,{'NN'},False,appear
appearances,1,1.041710071252969e-05,16.5506866718375,11,NNS,n,1,{'n'},1,{'NNS'},False,appear
appeared,3,3.1251302137589066e-05,14.965724171116342,8,VBD,v,2,"{'j', 'v'}",2,"{'JJ', 'VBD'}",False,appear
appearing,1,1.041710071252969e-05,16.5506866718375,9,NN,n,1,{'n'},1,{'NN'},False,appear
appears,2,2.083420142505938e-05,15.550686671837498,7,VBZ,v,1,{'v'},1,{'VBZ'},False,appear
appetit,2,2.083420142505938e-05,15.550686671837498,7,NN,n,1,{'n'},1,{'NN'},False,appetit
appetite,1,1.041710071252969e-05,16.5506866718375,8,NN,n,1,{'n'},1,{'NN'},False,appetit
apple,7,7.291970498770782e-05,13.743331749779895,5,NN,n,1,{'n'},1,{'NN'},False,appl
apples,1,1.041710071252969e-05,16.5506866718375,6,NNS,n,1,{'n'},1,{'NNS'},False,appl
appointed,1,1.041710071252969e-05,16.5506866718375,9,JJ,j,1,{'j'},1,{'JJ'},False,appoint
appointment,2,2.083420142505938e-05,15.550686671837498,11,NN,n,1,{'n'},1,{'NN'},False,appoint
appreciate,1,1.041710071252969e-05,16.5506866718375,10,NN,n,1,{'n'},1,{'NN'},False,appreci
apprentice,5,5.208550356264844e-05,14.228758576950137,10,NN,n,1,{'n'},1,{'NN'},False,apprentic
apprenticeship,1,1.041710071252969e-05,16.5506866718375,14,NN,n,1,{'n'},1,{'NN'},False,apprenticeship
approach,1,1.041710071252969e-05,16.5506866718375,8,VB,v,1,{'v'},1,{'VB'},False,approach
approached,1,1.041710071252969e-05,16.5506866718375,10,VBD,v,1,{'v'},1,{'VBD'},False,approach
approaching,4,4.166840285011876e-05,14.550686671837498,11,VBG,v,1,{'v'},1,{'VBG'},False,approach
appropriate,1,1.041710071252969e-05,16.5506866718375,11,JJ,j,1,{'j'},1,{'JJ'},False,appropri
approval,1,1.041710071252969e-05,16.5506866718375,8,NN,n,1,{'n'},1,{'NN'},False,approv
approve,2,2.083420142505938e-05,15.550686671837498,7,VB,v,1,{'v'},2,"{'VB', 'VBP'}",False,approv
approved,3,3.1251302137589066e-05,14.965724171116342,8,VBN,v,1,{'v'},1,{'VBN'},False,approv
approximately,1,1.041710071252969e-05,16.5506866718375,13,RB,r,1,{'r'},1,{'RB'},False,approxim
april,1,1.041710071252969e-05,16.5506866718375,5,NNP,n,1,{'n'},1,{'NNP'},False,april
apron,1,1.041710071252969e-05,16.5506866718375,5,NN,n,1,{'n'},1,{'NN'},False,apron
archaeology,1,1.041710071252969e-05,16.5506866718375,11,NNP,n,1,{'n'},1,{'NNP'},False,archaeolog
are,633,0.006594024751031293,7.2446249824091575,3,VBP,v,3,"{'n', 'x', 'v'}",4,"{'VBP', 'NN', 'NNP', 'IN'}",True,are
area,6,6.250260427517813e-05,13.965724171116342,4,NN,n,1,{'n'},1,{'NN'},False,area
areas,4,4.166840285011876e-05,14.550686671837498,5,NNS,n,1,{'n'},1,{'NNS'},False,area
aren,9,9.37539064127672e-05,13.380761670395186,4,JJ,j,3,"{'n', 'j', 'v'}",3,"{'VBZ', 'JJ', 'NNP'}",True,aren
argh,1,1.041710071252969e-05,16.5506866718375,4,NN,n,1,{'n'},1,{'NN'},False,argh
argument,1,1.041710071252969e-05,16.5506866718375,8,NN,n,1,{'n'},1,{'NN'},False,argument
arguments,1,1.041710071252969e-05,16.5506866718375,9,NNS,n,1,{'n'},1,{'NNS'},False,argument
ariaroth,5,5.208550356264844e-05,14.228758576950137,8,NNP,n,1,{'n'},1,{'NNP'},False,ariaroth
arithmetic,5,5.208550356264844e-05,14.228758576950137,10,JJ,j,1,{'j'},1,{'JJ'},False,arithmet
arm,7,7.291970498770782e-05,13.743331749779895,3,NN,n,1,{'n'},1,{'NN'},False,arm
armies,1,1.041710071252969e-05,16.5506866718375,6,NNS,n,1,{'n'},1,{'NNS'},False,armi
armor,2,2.083420142505938e-05,15.550686671837498,5,NN,n,1,{'n'},1,{'NN'},False,armor
armorclad,1,1.041710071252969e-05,16.5506866718375,9,JJ,j,1,{'j'},1,{'JJ'},False,armorclad
armored,2,2.083420142505938e-05,15.550686671837498,7,JJ,j,2,"{'n', 'j'}",2,"{'JJ', 'NNP'}",False,armor
arms,4,4.166840285011876e-05,14.550686671837498,4,NNS,n,2,"{'n', 'j'}",2,"{'JJ', 'NNS'}",False,arm
army,16,0.00016667361140047503,12.550686671837498,4,NN,n,1,{'n'},2,"{'NN', 'NNP'}",False,armi
around,51,0.0005312721363390141,10.878261329866003,6,IN,x,2,"{'x', 'r'}",3,"{'RB', 'IN', 'RP'}",False,around
aroused,1,1.041710071252969e-05,16.5506866718375,7,VBD,v,1,{'v'},1,{'VBD'},False,arous
arranged,1,1.041710071252969e-05,16.5506866718375,8,VBD,v,1,{'v'},1,{'VBD'},False,arrang
arrangements,1,1.041710071252969e-05,16.5506866718375,12,NNS,n,1,{'n'},1,{'NNS'},False,arrang
arrest,1,1.041710071252969e-05,16.5506866718375,6,NN,n,1,{'n'},1,{'NN'},False,arrest
arrested,2,2.083420142505938e-05,15.550686671837498,8,JJ,j,2,"{'j', 'v'}",2,"{'JJ', 'VBD'}",False,arrest
arrival,2,2.083420142505938e-05,15.550686671837498,7,JJ,j,2,"{'n', 'j'}",2,"{'JJ', 'NN'}",False,arriv
arrive,1,1.041710071252969e-05,16.5506866718375,6,VB,v,1,{'v'},1,{'VB'},False,arriv
arrived,14,0.00014583940997541563,12.743331749779895,7,VBN,v,2,"{'j', 'v'}",3,"{'VBD', 'JJ', 'VBN'}",False,arriv
arrivederci,1,1.041710071252969e-05,16.5506866718375,11,NNP,n,1,{'n'},1,{'NNP'},False,arrivederci
arriving,1,1.041710071252969e-05,16.5506866718375,8,VBG,v,1,{'v'},1,{'VBG'},False,arriv
arrow,2,2.083420142505938e-05,15.550686671837498,5,JJ,j,2,"{'n', 'j'}",2,"{'JJ', 'NN'}",False,arrow
arrowheads,1,1.041710071252969e-05,16.5506866718375,10,NNS,n,1,{'n'},1,{'NNS'},False,arrowhead
arrows,3,3.1251302137589066e-05,14.965724171116342,6,NNS,n,1,{'n'},1,{'NNS'},False,arrow
arsenic,1,1.041710071252969e-05,16.5506866718375,7,JJ,j,1,{'j'},1,{'JJ'},False,arsen
art,8,8.333680570023751e-05,13.550686671837498,3,NN,n,3,"{'n', 'j', 'v'}",3,"{'JJ', 'VBP', 'NN'}",False,art
article,3,3.1251302137589066e-05,14.965724171116342,7,NN,n,1,{'n'},1,{'NN'},False,articl
articles,1,1.041710071252969e-05,16.5506866718375,8,NNS,n,1,{'n'},1,{'NNS'},False,articl
artisans,2,2.083420142505938e-05,15.550686671837498,8,NNPS,n,1,{'n'},2,"{'NNS', 'NNPS'}",False,artisan
artist,3,3.1251302137589066e-05,14.965724171116342,6,NN,n,1,{'n'},1,{'NN'},False,artist
artists,1,1.041710071252969e-05,16.5506866718375,7,NNS,n,1,{'n'},1,{'NNS'},False,artist
as,286,0.002979290803783491,8.39081533505911,2,IN,x,2,"{'x', 'r'}",2,"{'RB', 'IN'}",True,as
asano,7,7.291970498770782e-05,13.743331749779895,5,NNP,n,1,{'n'},1,{'NNP'},False,asano
asbel,12,0.00012500520855035626,12.965724171116342,5,NNP,n,2,"{'n', 'j'}",3,"{'JJ', 'NN', 'NNP'}",False,asbel
ascend,1,1.041710071252969e-05,16.5506866718375,6,NN,n,1,{'n'},1,{'NN'},False,ascend
ascertain,2,2.083420142505938e-05,15.550686671837498,9,VB,v,1,{'v'},1,{'VB'},False,ascertain
ash,1,1.041710071252969e-05,16.5506866718375,3,VB,v,1,{'v'},1,{'VB'},False,ash
ashamed,5,5.208550356264844e-05,14.228758576950137,7,JJ,j,2,"{'j', 'v'}",2,"{'JJ', 'VBN'}",False,asham
ashes,3,3.1251302137589066e-05,14.965724171116342,5,NNS,n,2,"{'n', 'v'}",2,"{'VB', 'NNS'}",False,ash
ashitaka,18,0.0001875078128255344,12.380761670395186,8,NNP,n,1,{'n'},2,"{'NN', 'NNP'}",False,ashitaka
ashitakahiko,2,2.083420142505938e-05,15.550686671837498,12,JJ,j,2,"{'n', 'j'}",2,"{'JJ', 'NNP'}",False,ashitakahiko
ashitakasama,3,3.1251302137589066e-05,14.965724171116342,12,NN,n,1,{'n'},2,"{'NN', 'NNP'}",False,ashitakasama
asia,2,2.083420142505938e-05,15.550686671837498,4,NNP,n,1,{'n'},1,{'NNP'},False,asia
aside,10,0.00010417100712529688,13.228758576950137,5,RB,r,2,"{'x', 'r'}",2,"{'RB', 'RP'}",False,asid
ask,36,0.0003750156256510688,11.380761670395186,3,VB,v,2,"{'n', 'v'}",4,"{'VBZ', 'VB', 'VBP', 'NNP'}",False,ask
asked,11,0.00011458810783782658,13.091255053200202,5,VBD,v,1,{'v'},2,"{'VBD', 'VBN'}",False,ask
asking,7,7.291970498770782e-05,13.743331749779895,6,VBG,v,1,{'v'},1,{'VBG'},False,ask
asks,1,1.041710071252969e-05,16.5506866718375,4,VBZ,v,1,{'v'},1,{'VBZ'},False,ask
asleep,6,6.250260427517813e-05,13.965724171116342,6,RB,r,2,"{'n', 'r'}",2,"{'RB', 'NN'}",False,asleep
assembly,1,1.041710071252969e-05,16.5506866718375,8,NN,n,1,{'n'},1,{'NN'},False,assembl
asses,1,1.041710071252969e-05,16.5506866718375,5,NNS,n,1,{'n'},1,{'NNS'},False,ass
assignment,4,4.166840285011876e-05,14.550686671837498,10,NN,n,1,{'n'},1,{'NN'},False,assign
assistance,3,3.1251302137589066e-05,14.965724171116342,10,NN,n,1,{'n'},1,{'NN'},False,assist
assistant,3,3.1251302137589066e-05,14.965724171116342,9,NN,n,2,"{'n', 'j'}",2,"{'JJ', 'NN'}",False,assist
associated,2,2.083420142505938e-05,15.550686671837498,10,VBN,v,1,{'v'},1,{'VBN'},False,associ
assume,1,1.041710071252969e-05,16.5506866718375,6,VBP,v,1,{'v'},1,{'VBP'},False,assum
assumed,1,1.041710071252969e-05,16.5506866718375,7,VBD,v,1,{'v'},1,{'VBD'},False,assum
assuming,2,2.083420142505938e-05,15.550686671837498,8,VBG,v,1,{'v'},1,{'VBG'},False,assum
assure,1,1.041710071252969e-05,16.5506866718375,6,VB,v,1,{'v'},1,{'VB'},False,assur
assured,2,2.083420142505938e-05,15.550686671837498,7,VBN,v,1,{'v'},1,{'VBN'},False,assur
astonishing,1,1.041710071252969e-05,16.5506866718375,11,VBG,v,1,{'v'},1,{'VBG'},False,astonish
astride,1,1.041710071252969e-05,16.5506866718375,7,JJ,j,1,{'j'},1,{'JJ'},False,astrid
at,294,0.0030626276094837283,8.351014327001135,2,IN,x,1,{'x'},1,{'IN'},True,at
atami,7,7.291970498770782e-05,13.743331749779895,5,NNP,n,1,{'n'},2,"{'NN', 'NNP'}",False,atami
ate,7,7.291970498770782e-05,13.743331749779895,3,VBP,v,2,"{'n', 'v'}",4,"{'VBD', 'VB', 'VBP', 'NN'}",False,ate
atkin,1,1.041710071252969e-05,16.5506866718375,5,NNP,n,1,{'n'},1,{'NNP'},False,atkin
atlantic,2,2.083420142505938e-05,15.550686671837498,8,NNP,n,1,{'n'},1,{'NNP'},False,atlant
atlantis,1,1.041710071252969e-05,16.5506866718375,8,NNP,n,1,{'n'},1,{'NNP'},False,atlanti
atmosphere,3,3.1251302137589066e-05,14.965724171116342,10,NN,n,1,{'n'},1,{'NN'},False,atmospher
attached,1,1.041710071252969e-05,16.5506866718375,8,VBN,v,1,{'v'},1,{'VBN'},False,attach
attack,22,0.00022917621567565316,12.091255053200202,6,NN,n,2,"{'n', 'v'}",3,"{'VB', 'VBP', 'NN'}",False,attack
attacked,9,9.37539064127672e-05,13.380761670395186,8,VBD,v,1,{'v'},2,"{'VBD', 'VBN'}",False,attack
attacking,8,8.333680570023751e-05,13.550686671837498,9,VBG,v,1,{'v'},1,{'VBG'},False,attack
attacks,1,1.041710071252969e-05,16.5506866718375,7,NNS,n,1,{'n'},1,{'NNS'},False,attack
attempts,1,1.041710071252969e-05,16.5506866718375,8,NNS,n,1,{'n'},1,{'NNS'},False,attempt
attention,13,0.00013542230926288595,12.850246953696406,9,NN,n,1,{'n'},2,"{'NN', 'NNP'}",False,attent
attitude,1,1.041710071252969e-05,16.5506866718375,8,NN,n,1,{'n'},1,{'NN'},False,attitud
attract,1,1.041710071252969e-05,16.5506866718375,7,VBP,v,1,{'v'},1,{'VBP'},False,attract
audacious,1,1.041710071252969e-05,16.5506866718375,9,JJ,j,1,{'j'},1,{'JJ'},False,audaci
audience,1,1.041710071252969e-05,16.5506866718375,8,NN,n,1,{'n'},1,{'NN'},False,audienc
august,1,1.041710071252969e-05,16.5506866718375,6,NNP,n,1,{'n'},1,{'NNP'},False,august
aunt,3,3.1251302137589066e-05,14.965724171116342,4,NNP,n,1,{'n'},2,"{'NN', 'NNP'}",False,aunt
auntie,14,0.00014583940997541563,12.743331749779895,6,NNP,n,1,{'n'},2,"{'NN', 'NNP'}",False,aunti
aunty,3,3.1251302137589066e-05,14.965724171116342,5,NNP,n,1,{'n'},2,"{'NN', 'NNP'}",False,aunti
authorities,3,3.1251302137589066e-05,14.965724171116342,11,NNS,n,1,{'n'},1,{'NNS'},False,author
automatically,1,1.041710071252969e-05,16.5506866718375,13,RB,r,1,{'r'},1,{'RB'},False,automat
automobile,1,1.041710071252969e-05,16.5506866718375,10,NN,n,1,{'n'},1,{'NN'},False,automobil
autumn,10,0.00010417100712529688,13.228758576950137,6,NN,n,1,{'n'},2,"{'NN', 'NNP'}",False,autumn
avant,1,1.041710071252969e-05,16.5506866718375,5,JJ,j,1,{'j'},1,{'JJ'},False,avant
avenge,1,1.041710071252969e-05,16.5506866718375,6,VB,v,1,{'v'},1,{'VB'},False,aveng
average,1,1.041710071252969e-05,16.5506866718375,7,JJ,j,1,{'j'},1,{'JJ'},False,averag
aviation,2,2.083420142505938e-05,15.550686671837498,8,NN,n,1,{'n'},2,"{'NN', 'NNP'}",False,aviat
aviators,1,1.041710071252969e-05,16.5506866718375,8,NNS,n,1,{'n'},1,{'NNS'},False,aviat
aw,5,5.208550356264844e-05,14.228758576950137,2,NNP,n,2,"{'n', 'x'}",3,"{'NN', 'NNP', 'UH'}",False,aw
await,1,1.041710071252969e-05,16.5506866718375,5,JJ,j,1,{'j'},1,{'JJ'},False,await
awaiting,2,2.083420142505938e-05,15.550686671837498,8,VBG,v,1,{'v'},1,{'VBG'},False,await
awaits,1,1.041710071252969e-05,16.5506866718375,6,NNS,n,1,{'n'},1,{'NNS'},False,await
awake,2,2.083420142505938e-05,15.550686671837498,5,RB,r,2,"{'r', 'v'}",2,"{'VB', 'RB'}",False,awak
awakened,1,1.041710071252969e-05,16.5506866718375,8,VBN,v,1,{'v'},1,{'VBN'},False,awaken
aware,1,1.041710071252969e-05,16.5506866718375,5,JJ,j,1,{'j'},1,{'JJ'},False,awar
awawawawa,1,1.041710071252969e-05,16.5506866718375,9,NNP,n,1,{'n'},1,{'NNP'},False,awawawawa
away,105,0.0010937955748156173,9.836441154171377,4,RB,r,4,"{'n', 'x', 'j', 'r'}",4,"{'JJ', 'RB', 'NN', 'RP'}",False,away
awesome,3,3.1251302137589066e-05,14.965724171116342,7,NN,n,1,{'n'},2,"{'NN', 'NNP'}",False,awesom
awful,2,2.083420142505938e-05,15.550686671837498,5,JJ,j,1,{'j'},1,{'JJ'},False,aw
awfully,1,1.041710071252969e-05,16.5506866718375,7,RB,r,1,{'r'},1,{'RB'},False,aw
awhile,4,4.166840285011876e-05,14.550686671837498,6,NN,n,1,{'n'},1,{'NN'},False,awhil
axed,1,1.041710071252969e-05,16.5506866718375,4,VBD,v,1,{'v'},1,{'VBD'},False,axe
axes,1,1.041710071252969e-05,16.5506866718375,4,NNS,n,1,{'n'},1,{'NNS'},False,axe
ayabe,1,1.041710071252969e-05,16.5506866718375,5,NNP,n,1,{'n'},1,{'NNP'},False,ayab
ayeaye,1,1.041710071252969e-05,16.5506866718375,6,NN,n,1,{'n'},1,{'NN'},False,ayeay
b,1,1.041710071252969e-05,16.5506866718375,1,NNP,n,1,{'n'},1,{'NNP'},False,b
ba,13,0.00013542230926288595,12.850246953696406,2,NNP,n,1,{'n'},1,{'NNP'},False,ba
babababa,1,1.041710071252969e-05,16.5506866718375,8,NN,n,1,{'n'},1,{'NN'},False,babababa
bababababa,1,1.041710071252969e-05,16.5506866718375,10,NN,n,1,{'n'},1,{'NN'},False,bababababa
babble,1,1.041710071252969e-05,16.5506866718375,6,VB,v,1,{'v'},1,{'VB'},False,babbl
babbling,1,1.041710071252969e-05,16.5506866718375,8,NN,n,1,{'n'},1,{'NN'},False,babbl
baby,27,0.0002812617192383016,11.79579916967403,4,NN,n,1,{'n'},1,{'NN'},False,babi
back,280,0.0029167881995083127,8.421403654892533,4,RB,r,5,"{'j', 'v', 'n', 'x', 'r'}",5,"{'JJ', 'NN', 'RP', 'RB', 'VB'}",False,back
backed,1,1.041710071252969e-05,16.5506866718375,6,VBN,v,1,{'v'},1,{'VBN'},False,back
backing,1,1.041710071252969e-05,16.5506866718375,7,VBG,v,1,{'v'},1,{'VBG'},False,back
backs,2,2.083420142505938e-05,15.550686671837498,5,NNS,n,1,{'n'},1,{'NNS'},False,back
backstabber,1,1.041710071252969e-05,16.5506866718375,11,NNP,n,1,{'n'},1,{'NNP'},False,backstabb
backward,2,2.083420142505938e-05,15.550686671837498,8,JJ,j,2,"{'n', 'j'}",2,"{'JJ', 'NN'}",False,backward
backwater,1,1.041710071252969e-05,16.5506866718375,9,NN,n,1,{'n'},1,{'NN'},False,backwat
backwoods,1,1.041710071252969e-05,16.5506866718375,9,NNS,n,1,{'n'},1,{'NNS'},False,backwood
bacon,4,4.166840285011876e-05,14.550686671837498,5,NN,n,1,{'n'},1,{'NN'},False,bacon
bad,52,0.0005416892370515438,10.850246953696406,3,JJ,j,2,"{'n', 'j'}",2,"{'JJ', 'NNP'}",False,bad
badger,1,1.041710071252969e-05,16.5506866718375,6,NN,n,1,{'n'},1,{'NN'},False,badger
badgers,1,1.041710071252969e-05,16.5506866718375,7,NNS,n,1,{'n'},1,{'NNS'},False,badger
badly,2,2.083420142505938e-05,15.550686671837498,5,RB,r,1,{'r'},1,{'RB'},False,badli
bag,11,0.00011458810783782658,13.091255053200202,3,NN,n,1,{'n'},1,{'NN'},False,bag
baggage,4,4.166840285011876e-05,14.550686671837498,7,NN,n,1,{'n'},1,{'NN'},False,baggag
bags,2,2.083420142505938e-05,15.550686671837498,4,NNS,n,1,{'n'},1,{'NNS'},False,bag
bait,2,2.083420142505938e-05,15.550686671837498,4,NN,n,1,{'n'},1,{'NN'},False,bait
bake,2,2.083420142505938e-05,15.550686671837498,4,VB,v,1,{'v'},1,{'VB'},False,bake
baker,1,1.041710071252969e-05,16.5506866718375,5,NN,n,1,{'n'},1,{'NN'},False,baker
bakery,5,5.208550356264844e-05,14.228758576950137,6,NN,n,1,{'n'},1,{'NN'},False,bakeri
bal,5,5.208550356264844e-05,14.228758576950137,3,NNP,n,1,{'n'},1,{'NNP'},False,bal
balance,2,2.083420142505938e-05,15.550686671837498,7,NN,n,1,{'n'},1,{'NN'},False,balanc
balcony,1,1.041710071252969e-05,16.5506866718375,7,NN,n,1,{'n'},1,{'NN'},False,balconi
ball,3,3.1251302137589066e-05,14.965724171116342,4,NN,n,1,{'n'},1,{'NN'},False,ball
balloon,1,1.041710071252969e-05,16.5506866718375,7,NN,n,1,{'n'},1,{'NN'},False,balloon
balls,3,3.1251302137589066e-05,14.965724171116342,5,NNS,n,1,{'n'},1,{'NNS'},False,ball
balmy,1,1.041710071252969e-05,16.5506866718375,5,NN,n,1,{'n'},1,{'NN'},False,balmi
balse,1,1.041710071252969e-05,16.5506866718375,5,NN,n,1,{'n'},1,{'NN'},False,bals
bamboo,54,0.0005625234384766032,10.79579916967403,6,NNP,n,2,"{'n', 'j'}",3,"{'JJ', 'NN', 'NNP'}",False,bamboo
bambooleaf,1,1.041710071252969e-05,16.5506866718375,10,JJ,j,1,{'j'},1,{'JJ'},False,bambooleaf
ban,1,1.041710071252969e-05,16.5506866718375,3,NNP,n,1,{'n'},1,{'NNP'},False,ban
banana,4,4.166840285011876e-05,14.550686671837498,6,NN,n,1,{'n'},1,{'NN'},False,banana
bananas,1,1.041710071252969e-05,16.5506866718375,7,NNS,n,1,{'n'},1,{'NNS'},False,banana
banchan,1,1.041710071252969e-05,16.5506866718375,7,NNP,n,1,{'n'},1,{'NNP'},False,banchan
band,1,1.041710071252969e-05,16.5506866718375,4,NNP,n,1,{'n'},1,{'NNP'},False,band
banished,1,1.041710071252969e-05,16.5506866718375,8,VBD,v,1,{'v'},1,{'VBD'},False,banish
bank,2,2.083420142505938e-05,15.550686671837498,4,NN,n,1,{'n'},1,{'NN'},False,bank
banker,1,1.041710071252969e-05,16.5506866718375,6,NN,n,1,{'n'},1,{'NN'},False,banker
bankrupt,2,2.083420142505938e-05,15.550686671837498,8,NNS,n,2,"{'n', 'v'}",2,"{'VB', 'NNS'}",False,bankrupt
bankruptcy,1,1.041710071252969e-05,16.5506866718375,10,NN,n,1,{'n'},1,{'NN'},False,bankruptci
banquet,7,7.291970498770782e-05,13.743331749779895,7,NN,n,1,{'n'},1,{'NN'},False,banquet
banzai,3,3.1251302137589066e-05,14.965724171116342,6,NNP,n,1,{'n'},2,"{'NN', 'NNP'}",False,banzai
bar,2,2.083420142505938e-05,15.550686671837498,3,NN,n,1,{'n'},1,{'NN'},False,bar
barbie,1,1.041710071252969e-05,16.5506866718375,6,NNP,n,1,{'n'},1,{'NNP'},False,barbi
barbiesan,1,1.041710071252969e-05,16.5506866718375,9,NNP,n,1,{'n'},1,{'NNP'},False,barbiesan
bare,2,2.083420142505938e-05,15.550686671837498,4,NN,n,1,{'n'},1,{'NN'},False,bare
barefoot,1,1.041710071252969e-05,16.5506866718375,8,NNP,n,1,{'n'},1,{'NNP'},False,barefoot
barely,4,4.166840285011876e-05,14.550686671837498,6,RB,r,1,{'r'},1,{'RB'},False,bare
bargain,2,2.083420142505938e-05,15.550686671837498,7,NN,n,1,{'n'},1,{'NN'},False,bargain
barge,2,2.083420142505938e-05,15.550686671837498,5,NN,n,1,{'n'},1,{'NN'},False,barg
barged,1,1.041710071252969e-05,16.5506866718375,6,VBD,v,1,{'v'},1,{'VBD'},False,barg
bark,1,1.041710071252969e-05,16.5506866718375,4,NN,n,1,{'n'},1,{'NN'},False,bark
barleyrice,1,1.041710071252969e-05,16.5506866718375,10,NN,n,1,{'n'},1,{'NN'},False,barleyric
barometer,1,1.041710071252969e-05,16.5506866718375,9,NN,n,1,{'n'},1,{'NN'},False,baromet
barracks,1,1.041710071252969e-05,16.5506866718375,8,NNS,n,1,{'n'},1,{'NNS'},False,barrack
barrier,1,1.041710071252969e-05,16.5506866718375,7,NN,n,1,{'n'},1,{'NN'},False,barrier
bars,1,1.041710071252969e-05,16.5506866718375,4,NNS,n,1,{'n'},1,{'NNS'},False,bar
bartering,1,1.041710071252969e-05,16.5506866718375,9,VBG,v,1,{'v'},1,{'VBG'},False,barter
baseball,2,2.083420142505938e-05,15.550686671837498,8,NN,n,1,{'n'},1,{'NN'},False,basebal
basho,1,1.041710071252969e-05,16.5506866718375,5,NNP,n,1,{'n'},1,{'NNP'},False,basho
basic,4,4.166840285011876e-05,14.550686671837498,5,JJ,j,1,{'j'},1,{'JJ'},False,basic
basket,3,3.1251302137589066e-05,14.965724171116342,6,NN,n,1,{'n'},1,{'NN'},False,basket
bastard,5,5.208550356264844e-05,14.228758576950137,7,VBP,v,2,"{'n', 'v'}",2,"{'VBP', 'NN'}",False,bastard
bastards,1,1.041710071252969e-05,16.5506866718375,8,NNS,n,1,{'n'},1,{'NNS'},False,bastard
batch,1,1.041710071252969e-05,16.5506866718375,5,NN,n,1,{'n'},1,{'NN'},False,batch
bath,34,0.0003541814242260094,11.46322383058716,4,NN,n,1,{'n'},2,"{'NN', 'NNP'}",False,bath
bathe,2,2.083420142505938e-05,15.550686671837498,5,VB,v,1,{'v'},1,{'VB'},False,bath
bathhouse,6,6.250260427517813e-05,13.965724171116342,9,NN,n,1,{'n'},1,{'NN'},False,bathhous
bathing,1,1.041710071252969e-05,16.5506866718375,7,NN,n,1,{'n'},1,{'NN'},False,bath
bathroom,5,5.208550356264844e-05,14.228758576950137,8,NN,n,1,{'n'},1,{'NN'},False,bathroom
baths,4,4.166840285011876e-05,14.550686671837498,5,NNS,n,1,{'n'},1,{'NNS'},False,bath
batter,2,2.083420142505938e-05,15.550686671837498,6,NN,n,1,{'n'},2,"{'NN', 'NNP'}",False,batter
battered,1,1.041710071252969e-05,16.5506866718375,8,VBN,v,1,{'v'},1,{'VBN'},False,batter
battle,17,0.0001770907121130047,12.46322383058716,6,NN,n,1,{'n'},1,{'NN'},False,battl
battleship,3,3.1251302137589066e-05,14.965724171116342,10,NN,n,1,{'n'},1,{'NN'},False,battleship
bay,1,1.041710071252969e-05,16.5506866718375,3,NN,n,1,{'n'},1,{'NN'},False,bay
bbbbut,1,1.041710071252969e-05,16.5506866718375,6,NNP,n,1,{'n'},1,{'NNP'},False,bbbbut
be,663,0.006906537772407183,7.177821611724911,2,VB,v,2,"{'n', 'v'}",2,"{'VB', 'NNP'}",True,be
beacon,1,1.041710071252969e-05,16.5506866718375,6,NN,n,1,{'n'},1,{'NN'},False,beacon
bean,2,2.083420142505938e-05,15.550686671837498,4,JJ,j,2,"{'n', 'j'}",2,"{'JJ', 'NN'}",False,bean
bear,11,0.00011458810783782658,13.091255053200202,4,VB,v,4,"{'n', 'x', 'j', 'v'}",5,"{'JJ', 'NNP', 'VBP', 'IN', 'VB'}",False,bear
bearer,1,1.041710071252969e-05,16.5506866718375,6,NN,n,1,{'n'},1,{'NN'},False,bearer
beast,4,4.166840285011876e-05,14.550686671837498,5,NN,n,1,{'n'},1,{'NN'},False,beast
beasts,11,0.00011458810783782658,13.091255053200202,6,NNS,n,1,{'n'},1,{'NNS'},False,beast
beat,12,0.00012500520855035626,12.965724171116342,4,VB,v,3,"{'n', 'x', 'v'}",6,"{'VBD', 'NN', 'NNP', 'IN', 'VB', 'VBN'}",False,beat
beaten,3,3.1251302137589066e-05,14.965724171116342,6,JJ,v,2,"{'j', 'v'}",3,"{'JJ', 'VBP', 'VBN'}",False,beaten
beating,3,3.1251302137589066e-05,14.965724171116342,7,NN,n,2,"{'n', 'v'}",2,"{'VBG', 'NN'}",False,beat
beatles,1,1.041710071252969e-05,16.5506866718375,7,NNP,n,1,{'n'},1,{'NNP'},False,beatl
beats,3,3.1251302137589066e-05,14.965724171116342,5,NNS,n,2,"{'n', 'v'}",2,"{'VBZ', 'NNS'}",False,beat
beautiful,80,0.0008333680570023751,10.228758576950137,9,JJ,j,4,"{'n', 'x', 'j', 'v'}",6,"{'JJ', 'NN', 'NNP', 'IN', 'NNS', 'VB'}",False,beauti
beautifully,3,3.1251302137589066e-05,14.965724171116342,11,RB,r,1,{'r'},1,{'RB'},False,beauti
beauty,6,6.250260427517813e-05,13.965724171116342,6,NN,n,1,{'n'},1,{'NN'},False,beauti
bebefore,1,1.041710071252969e-05,16.5506866718375,8,RB,r,1,{'r'},1,{'RB'},False,bebefor
became,14,0.00014583940997541563,12.743331749779895,6,VBD,v,1,{'v'},1,{'VBD'},False,becam
because,79,0.0008229509562898454,10.246905923660396,7,IN,x,1,{'x'},1,{'IN'},True,becaus
beckons,1,1.041710071252969e-05,16.5506866718375,7,VBZ,v,1,{'v'},1,{'VBZ'},False,beckon
become,51,0.0005312721363390141,10.878261329866003,6,VB,v,1,{'v'},3,"{'VB', 'VBN', 'VBP'}",False,becom
becomes,1,1.041710071252969e-05,16.5506866718375,7,VBZ,v,1,{'v'},1,{'VBZ'},False,becom
becoming,6,6.250260427517813e-05,13.965724171116342,8,VBG,v,1,{'v'},1,{'VBG'},False,becom
bed,11,0.00011458810783782658,13.091255053200202,3,NN,n,2,"{'n', 'v'}",2,"{'VBD', 'NN'}",False,bed
bedchamber,2,2.083420142505938e-05,15.550686671837498,10,NN,n,1,{'n'},1,{'NN'},False,bedchamb
bedroom,2,2.083420142505938e-05,15.550686671837498,7,NN,n,1,{'n'},1,{'NN'},False,bedroom
bedside,1,1.041710071252969e-05,16.5506866718375,7,NN,n,1,{'n'},1,{'NN'},False,bedsid
bedtime,2,2.083420142505938e-05,15.550686671837498,7,NN,n,1,{'n'},1,{'NN'},False,bedtim
beef,1,1.041710071252969e-05,16.5506866718375,4,NN,n,1,{'n'},1,{'NN'},False,beef
been,123,0.0012813033876411517,9.608172166498258,4,VBN,v,1,{'v'},1,{'VBN'},True,been
befall,1,1.041710071252969e-05,16.5506866718375,6,VB,v,1,{'v'},1,{'VB'},False,befal
before,62,0.0006458602441768407,10.596490361450623,6,IN,x,3,"{'n', 'x', 'r'}",3,"{'RB', 'IN', 'NN'}",True,befor
beg,11,0.00011458810783782658,13.091255053200202,3,VBP,v,2,"{'n', 'v'}",2,"{'VBP', 'NNP'}",False,beg
began,9,9.37539064127672e-05,13.380761670395186,5,VBD,v,1,{'v'},1,{'VBD'},False,began
begged,2,2.083420142505938e-05,15.550686671837498,6,VBD,v,1,{'v'},2,"{'VBD', 'VBN'}",False,beg
begging,3,3.1251302137589066e-05,14.965724171116342,7,VBG,v,2,"{'n', 'v'}",2,"{'VBG', 'NN'}",False,beg
begin,6,6.250260427517813e-05,13.965724171116342,5,VB,v,1,{'v'},2,"{'VB', 'VBP'}",False,begin
beginning,7,7.291970498770782e-05,13.743331749779895,9,NN,n,2,"{'n', 'v'}",2,"{'VBG', 'NN'}",False,begin
begone,1,1.041710071252969e-05,16.5506866718375,6,NN,n,1,{'n'},1,{'NN'},False,begon
begun,3,3.1251302137589066e-05,14.965724171116342,5,VBN,v,1,{'v'},1,{'VBN'},False,begun
beh,2,2.083420142505938e-05,15.550686671837498,3,NN,n,1,{'n'},2,"{'NN', 'NNP'}",False,beh
behalf,1,1.041710071252969e-05,16.5506866718375,6,NN,n,1,{'n'},1,{'NN'},False,behalf
behave,2,2.083420142505938e-05,15.550686671837498,6,NNP,n,1,{'n'},1,{'NNP'},False,behav
behaved,1,1.041710071252969e-05,16.5506866718375,7,VBN,v,1,{'v'},1,{'VBN'},False,behav
behaving,1,1.041710071252969e-05,16.5506866718375,8,VBG,v,1,{'v'},1,{'VBG'},False,behav
behavior,1,1.041710071252969e-05,16.5506866718375,8,NN,n,1,{'n'},1,{'NN'},False,behavior
behind,31,0.00032293012208842035,11.596490361450623,6,IN,x,3,"{'n', 'x', 'r'}",3,"{'RB', 'IN', 'NN'}",False,behind
behold,2,2.083420142505938e-05,15.550686671837498,6,NN,n,2,"{'n', 'v'}",2,"{'VBD', 'NN'}",False,behold
being,47,0.0004896037334888954,10.99609782015986,5,VBG,v,2,"{'n', 'v'}",2,"{'VBG', 'NNP'}",True,be
beings,3,3.1251302137589066e-05,14.965724171116342,6,NNS,n,1,{'n'},1,{'NNS'},False,be
believe,27,0.0002812617192383016,11.79579916967403,7,VBP,v,2,"{'n', 'v'}",3,"{'VB', 'VBP', 'NNP'}",False,believ
believed,2,2.083420142505938e-05,15.550686671837498,8,VBD,v,1,{'v'},2,"{'VBD', 'VBN'}",False,believ
believes,1,1.041710071252969e-05,16.5506866718375,8,VBZ,v,1,{'v'},1,{'VBZ'},False,believ
believing,1,1.041710071252969e-05,16.5506866718375,9,VBG,v,1,{'v'},1,{'VBG'},False,believ
bellies,1,1.041710071252969e-05,16.5506866718375,7,NNS,n,1,{'n'},1,{'NNS'},False,belli
bellows,1,1.041710071252969e-05,16.5506866718375,7,NN,n,1,{'n'},1,{'NN'},False,bellow
bells,1,1.041710071252969e-05,16.5506866718375,5,NNS,n,1,{'n'},1,{'NNS'},False,bell
belly,1,1.041710071252969e-05,16.5506866718375,5,RB,r,1,{'r'},1,{'RB'},False,belli
belneldi,1,1.041710071252969e-05,16.5506866718375,8,NNP,n,1,{'n'},1,{'NNP'},False,belneldi
belong,3,3.1251302137589066e-05,14.965724171116342,6,VB,v,2,"{'r', 'v'}",2,"{'VB', 'RB'}",False,belong
belonging,1,1.041710071252969e-05,16.5506866718375,9,VBG,v,1,{'v'},1,{'VBG'},False,belong
belongs,7,7.291970498770782e-05,13.743331749779895,7,VBZ,v,1,{'v'},1,{'VBZ'},False,belong
beloved,2,2.083420142505938e-05,15.550686671837498,7,VBN,v,1,{'v'},1,{'VBN'},False,belov
below,8,8.333680570023751e-05,13.550686671837498,5,IN,x,1,{'x'},1,{'IN'},True,below
belt,1,1.041710071252969e-05,16.5506866718375,4,NN,n,1,{'n'},1,{'NN'},False,belt
beneath,2,2.083420142505938e-05,15.550686671837498,7,IN,v,2,"{'x', 'v'}",2,"{'VB', 'IN'}",False,beneath
beneficial,1,1.041710071252969e-05,16.5506866718375,10,JJ,j,1,{'j'},1,{'JJ'},False,benefici
benefit,3,3.1251302137589066e-05,14.965724171116342,7,VB,v,1,{'v'},2,"{'VB', 'VBP'}",False,benefit
benefits,3,3.1251302137589066e-05,14.965724171116342,8,NNS,n,1,{'n'},1,{'NNS'},False,benefit
bengal,1,1.041710071252969e-05,16.5506866718375,6,NNP,n,1,{'n'},1,{'NNP'},False,bengal
benibana,3,3.1251302137589066e-05,14.965724171116342,8,NN,n,2,"{'n', 'v'}",3,"{'VBP', 'NN', 'NNP'}",False,benibana
benibanadye,2,2.083420142505938e-05,15.550686671837498,11,JJ,j,1,{'j'},1,{'JJ'},False,benibanady
berneldi,3,3.1251302137589066e-05,14.965724171116342,8,NNP,n,1,{'n'},1,{'NNP'},False,berneldi
bertha,4,4.166840285011876e-05,14.550686671837498,6,NNP,n,1,{'n'},1,{'NNP'},False,bertha
beside,2,2.083420142505938e-05,15.550686671837498,6,IN,x,1,{'x'},1,{'IN'},False,besid
besides,8,8.333680570023751e-05,13.550686671837498,7,IN,x,1,{'x'},1,{'IN'},False,besid
best,30,0.00031251302137589064,11.64379607622898,4,JJS,j,2,"{'j', 'r'}",3,"{'RBS', 'JJS', 'RB'}",False,best
bestest,1,1.041710071252969e-05,16.5506866718375,7,NN,n,1,{'n'},1,{'NN'},False,bestest
bestow,1,1.041710071252969e-05,16.5506866718375,6,VBZ,v,1,{'v'},1,{'VBZ'},False,bestow
bestowed,1,1.041710071252969e-05,16.5506866718375,8,VBN,v,1,{'v'},1,{'VBN'},False,bestow
bet,11,0.00011458810783782658,13.091255053200202,3,NN,v,2,"{'n', 'v'}",4,"{'VB', 'VBD', 'NN', 'VBP'}",False,bet
betrayal,1,1.041710071252969e-05,16.5506866718375,8,NN,n,1,{'n'},1,{'NN'},False,betray
betrayed,1,1.041710071252969e-05,16.5506866718375,8,VBP,v,1,{'v'},1,{'VBP'},False,betray
bets,4,4.166840285011876e-05,14.550686671837498,4,NNS,n,1,{'n'},1,{'NNS'},False,bet
better,68,0.0007083628484520189,10.46322383058716,6,JJR,j,4,"{'n', 'j', 'r', 'v'}",6,"{'RBR', 'NNP', 'VBP', 'VB', 'JJR', 'RB'}",False,better
between,14,0.00014583940997541563,12.743331749779895,7,IN,x,1,{'x'},1,{'IN'},True,between
beyond,10,0.00010417100712529688,13.228758576950137,6,IN,x,2,"{'n', 'x'}",2,"{'IN', 'NN'}",False,beyond
bicycle,2,2.083420142505938e-05,15.550686671837498,7,NN,n,1,{'n'},1,{'NN'},False,bicycl
bid,2,2.083420142505938e-05,15.550686671837498,3,VB,v,1,{'v'},2,"{'VB', 'VBP'}",False,bid
big,67,0.0006979457477394892,10.484597481379726,3,JJ,j,1,{'j'},1,{'JJ'},False,big
bigger,13,0.00013542230926288595,12.850246953696406,6,JJR,j,1,{'j'},1,{'JJR'},False,bigger
biggg,1,1.041710071252969e-05,16.5506866718375,5,JJ,j,1,{'j'},1,{'JJ'},False,biggg
bike,1,1.041710071252969e-05,16.5506866718375,4,NN,n,1,{'n'},1,{'NN'},False,bike
bill,4,4.166840285011876e-05,14.550686671837498,4,NN,n,1,{'n'},1,{'NN'},False,bill
bills,7,7.291970498770782e-05,13.743331749779895,5,NNS,n,1,{'n'},1,{'NNS'},False,bill
bingo,1,1.041710071252969e-05,16.5506866718375,5,NN,n,1,{'n'},1,{'NN'},False,bingo
bird,6,6.250260427517813e-05,13.965724171116342,4,NN,n,1,{'n'},1,{'NN'},False,bird
birdie,1,1.041710071252969e-05,16.5506866718375,6,NN,n,1,{'n'},1,{'NN'},False,birdi
birdlouse,1,1.041710071252969e-05,16.5506866718375,9,NN,n,1,{'n'},1,{'NN'},False,birdlous
birds,16,0.00016667361140047503,12.550686671837498,5,NNS,n,1,{'n'},1,{'NNS'},False,bird
birreta,1,1.041710071252969e-05,16.5506866718375,7,NNP,n,1,{'n'},1,{'NNP'},False,birreta
birth,2,2.083420142505938e-05,15.550686671837498,5,NN,n,1,{'n'},1,{'NN'},False,birth
birthday,7,7.291970498770782e-05,13.743331749779895,8,NN,n,2,"{'n', 'j'}",2,"{'JJ', 'NN'}",False,birthday
bit,25,0.00026042751781324224,11.906830482062773,3,NN,n,1,{'n'},1,{'NN'},False,bit
bitc,1,1.041710071252969e-05,16.5506866718375,4,VBP,v,1,{'v'},1,{'VBP'},False,bitc
bitch,2,2.083420142505938e-05,15.550686671837498,5,NN,n,2,"{'n', 'v'}",2,"{'VBP', 'NN'}",False,bitch
bite,7,7.291970498770782e-05,13.743331749779895,4,VB,v,2,"{'n', 'v'}",3,"{'VB', 'VBP', 'NN'}",False,bite
bits,1,1.041710071252969e-05,16.5506866718375,4,NNS,n,1,{'n'},1,{'NNS'},False,bit
bitten,1,1.041710071252969e-05,16.5506866718375,6,VBN,v,1,{'v'},1,{'VBN'},False,bitten
bizarre,3,3.1251302137589066e-05,14.965724171116342,7,JJ,j,1,{'j'},1,{'JJ'},False,bizarr
black,24,0.00025001041710071253,11.965724171116342,5,JJ,j,2,"{'n', 'j'}",2,"{'JJ', 'NNP'}",False,black
blackballed,1,1.041710071252969e-05,16.5506866718375,11,VBN,v,1,{'v'},1,{'VBN'},False,blackbal
blacked,1,1.041710071252969e-05,16.5506866718375,7,VBD,v,1,{'v'},1,{'VBD'},False,black
blackened,1,1.041710071252969e-05,16.5506866718375,9,VBD,v,1,{'v'},1,{'VBD'},False,blacken
blackie,1,1.041710071252969e-05,16.5506866718375,7,NNP,n,1,{'n'},1,{'NNP'},False,blacki
blade,1,1.041710071252969e-05,16.5506866718375,5,NN,n,1,{'n'},1,{'NN'},False,blade
blame,4,4.166840285011876e-05,14.550686671837498,5,VB,v,1,{'v'},2,"{'VB', 'VBP'}",False,blame
blaming,1,1.041710071252969e-05,16.5506866718375,7,VBG,v,1,{'v'},1,{'VBG'},False,blame
blank,1,1.041710071252969e-05,16.5506866718375,5,JJ,j,1,{'j'},1,{'JJ'},False,blank
blanket,2,2.083420142505938e-05,15.550686671837498,7,NN,n,1,{'n'},1,{'NN'},False,blanket
blast,1,1.041710071252969e-05,16.5506866718375,5,VB,v,1,{'v'},1,{'VB'},False,blast
blasted,1,1.041710071252969e-05,16.5506866718375,7,VBN,v,1,{'v'},1,{'VBN'},False,blast
blasting,1,1.041710071252969e-05,16.5506866718375,8,NN,n,1,{'n'},1,{'NN'},False,blast
blaze,1,1.041710071252969e-05,16.5506866718375,5,NN,n,1,{'n'},1,{'NN'},False,blaze
blazing,1,1.041710071252969e-05,16.5506866718375,7,NN,n,1,{'n'},1,{'NN'},False,blaze
bleah,1,1.041710071252969e-05,16.5506866718375,5,NN,n,1,{'n'},1,{'NN'},False,bleah
bleeding,4,4.166840285011876e-05,14.550686671837498,8,VBG,v,2,"{'n', 'v'}",2,"{'VBG', 'NN'}",False,bleed
bleeds,1,1.041710071252969e-05,16.5506866718375,6,VBZ,v,1,{'v'},1,{'VBZ'},False,bleed
blegh,7,7.291970498770782e-05,13.743331749779895,5,NN,n,1,{'n'},2,"{'NN', 'NNP'}",False,blegh
blessed,3,3.1251302137589066e-05,14.965724171116342,7,VBN,v,1,{'v'},1,{'VBN'},False,bless
blessing,1,1.041710071252969e-05,16.5506866718375,8,NN,n,1,{'n'},1,{'NN'},False,bless
blew,2,2.083420142505938e-05,15.550686671837498,4,VBD,v,1,{'v'},2,"{'VBD', 'VBP'}",False,blew
blind,5,5.208550356264844e-05,14.228758576950137,5,NN,n,3,"{'n', 'j', 'r'}",3,"{'JJ', 'RB', 'NN'}",False,blind
bloated,1,1.041710071252969e-05,16.5506866718375,7,VBN,v,1,{'v'},1,{'VBN'},False,bloat
blob,1,1.041710071252969e-05,16.5506866718375,4,JJ,j,1,{'j'},1,{'JJ'},False,blob
block,3,3.1251302137589066e-05,14.965724171116342,5,NN,n,1,{'n'},2,"{'NN', 'NNP'}",False,block
blocked,2,2.083420142505938e-05,15.550686671837498,7,VBD,v,1,{'v'},2,"{'VBD', 'VBN'}",False,block
blood,12,0.00012500520855035626,12.965724171116342,5,NN,n,1,{'n'},1,{'NN'},False,blood
bloodline,1,1.041710071252969e-05,16.5506866718375,9,NN,n,1,{'n'},1,{'NN'},False,bloodlin
bloodshed,1,1.041710071252969e-05,16.5506866718375,9,NNS,n,1,{'n'},1,{'NNS'},False,bloodsh
bloodthirsty,1,1.041710071252969e-05,16.5506866718375,12,JJ,j,1,{'j'},1,{'JJ'},False,bloodthirsti
bloom,3,3.1251302137589066e-05,14.965724171116342,5,VBP,v,2,"{'n', 'v'}",2,"{'VBP', 'NN'}",False,bloom
bloomed,1,1.041710071252969e-05,16.5506866718375,7,VBD,v,1,{'v'},1,{'VBD'},False,bloom
blooming,1,1.041710071252969e-05,16.5506866718375,8,NN,n,1,{'n'},1,{'NN'},False,bloom
blossoming,1,1.041710071252969e-05,16.5506866718375,10,VBG,v,1,{'v'},1,{'VBG'},False,blossom
blossoms,3,3.1251302137589066e-05,14.965724171116342,8,NNS,n,2,"{'n', 'v'}",2,"{'VBZ', 'NNS'}",False,blossom
blow,19,0.00019792491353806408,12.302759158393913,4,VB,v,2,"{'n', 'v'}",3,"{'VB', 'NN', 'NNP'}",False,blow
blowing,2,2.083420142505938e-05,15.550686671837498,7,VBG,v,1,{'v'},1,{'VBG'},False,blow
blown,4,4.166840285011876e-05,14.550686671837498,5,VBN,v,1,{'v'},1,{'VBN'},False,blown
blows,3,3.1251302137589066e-05,14.965724171116342,5,NNS,n,2,"{'n', 'v'}",2,"{'VBZ', 'NNS'}",False,blow
blue,12,0.00012500520855035626,12.965724171116342,4,JJ,j,2,"{'n', 'j'}",3,"{'JJ', 'NN', 'NNP'}",False,blue
blugh,1,1.041710071252969e-05,16.5506866718375,5,NN,n,1,{'n'},1,{'NN'},False,blugh
bluh,1,1.041710071252969e-05,16.5506866718375,4,NNP,n,1,{'n'},1,{'NNP'},False,bluh
boar,17,0.0001770907121130047,12.46322383058716,4,NN,n,1,{'n'},2,"{'NN', 'NNP'}",False,boar
board,7,7.291970498770782e-05,13.743331749779895,5,NN,n,1,{'n'},1,{'NN'},False,board
boarded,2,2.083420142505938e-05,15.550686671837498,7,VBD,v,1,{'v'},2,"{'VBD', 'VBN'}",False,board
boarding,3,3.1251302137589066e-05,14.965724171116342,8,VBG,v,2,"{'n', 'v'}",2,"{'VBG', 'NN'}",False,board
boars,8,8.333680570023751e-05,13.550686671837498,5,NNS,n,1,{'n'},1,{'NNS'},False,boar
boat,29,0.000302095920663361,11.692705676709927,4,NN,n,2,"{'n', 'v'}",2,"{'VB', 'NN'}",False,boat
boats,1,1.041710071252969e-05,16.5506866718375,5,NNS,n,1,{'n'},1,{'NNS'},False,boat
bodies,2,2.083420142505938e-05,15.550686671837498,6,NNS,n,1,{'n'},1,{'NNS'},False,bodi
body,18,0.0001875078128255344,12.380761670395186,4,NN,n,1,{'n'},1,{'NN'},False,bodi
bodyguard,2,2.083420142505938e-05,15.550686671837498,9,NN,n,1,{'n'},1,{'NN'},False,bodyguard
bodyguards,1,1.041710071252969e-05,16.5506866718375,10,NNS,n,1,{'n'},1,{'NNS'},False,bodyguard
bogeyman,1,1.041710071252969e-05,16.5506866718375,8,NN,n,1,{'n'},1,{'NN'},False,bogeyman
boil,1,1.041710071252969e-05,16.5506866718375,4,NN,n,1,{'n'},1,{'NN'},False,boil
boiled,1,1.041710071252969e-05,16.5506866718375,6,VBN,v,1,{'v'},1,{'VBN'},False,boil
boiler,12,0.00012500520855035626,12.965724171116342,6,NN,n,2,"{'n', 'j'}",3,"{'JJ', 'NN', 'NNP'}",False,boiler
boiling,1,1.041710071252969e-05,16.5506866718375,7,VBG,v,1,{'v'},1,{'VBG'},False,boil
bomb,7,7.291970498770782e-05,13.743331749779895,4,NN,n,2,"{'n', 'v'}",2,"{'VB', 'NN'}",False,bomb
bombed,2,2.083420142505938e-05,15.550686671837498,6,NN,n,2,"{'n', 'v'}",2,"{'VBN', 'NN'}",False,bomb
bomber,6,6.250260427517813e-05,13.965724171116342,6,NN,n,1,{'n'},1,{'NN'},False,bomber
bombing,1,1.041710071252969e-05,16.5506866718375,7,NN,n,1,{'n'},1,{'NN'},False,bomb
bombings,1,1.041710071252969e-05,16.5506866718375,8,NNS,n,1,{'n'},1,{'NNS'},False,bomb
bombs,12,0.00012500520855035626,12.965724171116342,5,NNS,n,2,"{'n', 'j'}",3,"{'NN', 'JJS', 'NNS'}",False,bomb
bon,2,2.083420142505938e-05,15.550686671837498,3,NNP,n,1,{'n'},1,{'NNP'},False,bon
bond,1,1.041710071252969e-05,16.5506866718375,4,NN,n,1,{'n'},1,{'NN'},False,bond
bonds,2,2.083420142505938e-05,15.550686671837498,5,NNS,n,1,{'n'},1,{'NNS'},False,bond
bone,3,3.1251302137589066e-05,14.965724171116342,4,NN,n,1,{'n'},1,{'NN'},False,bone
bones,7,7.291970498770782e-05,13.743331749779895,5,NNS,n,1,{'n'},1,{'NNS'},False,bone
book,6,6.250260427517813e-05,13.965724171116342,4,NN,n,1,{'n'},1,{'NN'},False,book
boom,2,2.083420142505938e-05,15.550686671837498,4,NN,n,1,{'n'},1,{'NN'},False,boom
boomed,1,1.041710071252969e-05,16.5506866718375,6,VBN,v,1,{'v'},1,{'VBN'},False,boom
boots,1,1.041710071252969e-05,16.5506866718375,5,NNS,n,1,{'n'},1,{'NNS'},False,boot
border,1,1.041710071252969e-05,16.5506866718375,6,NN,n,1,{'n'},1,{'NN'},False,border
borderland,2,2.083420142505938e-05,15.550686671837498,10,NN,n,1,{'n'},1,{'NN'},False,borderland
borderlands,1,1.041710071252969e-05,16.5506866718375,11,NNS,n,1,{'n'},1,{'NNS'},False,borderland
borders,1,1.041710071252969e-05,16.5506866718375,7,NNS,n,1,{'n'},1,{'NNS'},False,border
bore,2,2.083420142505938e-05,15.550686671837498,4,NN,n,2,"{'n', 'v'}",2,"{'VBD', 'NN'}",False,bore
bored,1,1.041710071252969e-05,16.5506866718375,5,VBN,v,1,{'v'},1,{'VBN'},False,bore
boring,3,3.1251302137589066e-05,14.965724171116342,6,JJ,j,3,"{'n', 'j', 'v'}",3,"{'VBG', 'JJ', 'NN'}",False,bore
born,15,0.00015625651068794532,12.64379607622898,4,VBN,v,1,{'v'},1,{'VBN'},False,born
borrow,4,4.166840285011876e-05,14.550686671837498,6,VB,v,1,{'v'},2,"{'VB', 'VBP'}",False,borrow
borrowed,2,2.083420142505938e-05,15.550686671837498,8,VBD,v,1,{'v'},1,{'VBD'},False,borrow
boss,14,0.00014583940997541563,12.743331749779895,4,NNP,n,2,"{'n', 'x'}",3,"{'IN', 'NN', 'NNP'}",False,boss
bosses,2,2.083420142505938e-05,15.550686671837498,6,NNS,n,1,{'n'},1,{'NNS'},False,boss
both,27,0.0002812617192383016,11.79579916967403,4,DT,x,1,{'x'},1,{'DT'},True,both
bother,7,7.291970498770782e-05,13.743331749779895,6,VB,v,2,"{'n', 'v'}",2,"{'VB', 'NN'}",False,bother
bothering,2,2.083420142505938e-05,15.550686671837498,9,VBG,v,1,{'v'},1,{'VBG'},False,bother
bothriolepis,1,1.041710071252969e-05,16.5506866718375,12,NNP,n,1,{'n'},1,{'NNP'},False,bothriolepi
bottle,1,1.041710071252969e-05,16.5506866718375,6,NN,n,1,{'n'},1,{'NN'},False,bottl
bottom,10,0.00010417100712529688,13.228758576950137,6,NN,n,2,"{'n', 'j'}",3,"{'JJ', 'NN', 'NNP'}",False,bottom
bought,6,6.250260427517813e-05,13.965724171116342,6,VBD,v,1,{'v'},1,{'VBD'},False,bought
bound,1,1.041710071252969e-05,16.5506866718375,5,VBD,v,1,{'v'},1,{'VBD'},False,bound
boundless,1,1.041710071252969e-05,16.5506866718375,9,JJ,j,1,{'j'},1,{'JJ'},False,boundless
bountiful,1,1.041710071252969e-05,16.5506866718375,9,JJ,j,1,{'j'},1,{'JJ'},False,bounti
bounty,5,5.208550356264844e-05,14.228758576950137,6,NN,n,2,"{'n', 'j'}",2,"{'JJ', 'NN'}",False,bounti
bouquet,3,3.1251302137589066e-05,14.965724171116342,7,NN,n,1,{'n'},2,"{'NN', 'NNP'}",False,bouquet
bout,1,1.041710071252969e-05,16.5506866718375,4,IN,x,1,{'x'},1,{'IN'},False,bout
bow,4,4.166840285011876e-05,14.550686671837498,3,VBP,v,2,"{'n', 'v'}",3,"{'VB', 'VBP', 'NN'}",False,bow
bowed,1,1.041710071252969e-05,16.5506866718375,5,VBD,v,1,{'v'},1,{'VBD'},False,bow
bowl,9,9.37539064127672e-05,13.380761670395186,4,NN,n,1,{'n'},1,{'NN'},False,bowl
bowls,1,1.041710071252969e-05,16.5506866718375,5,NN,n,1,{'n'},1,{'NN'},False,bowl
box,3,3.1251302137589066e-05,14.965724171116342,3,NN,n,1,{'n'},1,{'NN'},False,box
boy,37,0.0003854327263635985,11.341233306208549,3,NN,n,2,"{'n', 'x'}",2,"{'NN', 'UH'}",False,boy
boyfriend,2,2.083420142505938e-05,15.550686671837498,9,NN,n,1,{'n'},1,{'NN'},False,boyfriend
boys,10,0.00010417100712529688,13.228758576950137,4,NNS,n,2,"{'n', 'v'}",2,"{'VBZ', 'NNS'}",False,boy
brag,1,1.041710071252969e-05,16.5506866718375,4,VB,v,1,{'v'},1,{'VB'},False,brag
bragging,1,1.041710071252969e-05,16.5506866718375,8,VBG,v,1,{'v'},1,{'VBG'},False,brag
braids,1,1.041710071252969e-05,16.5506866718375,6,NNS,n,1,{'n'},1,{'NNS'},False,braid
brain,6,6.250260427517813e-05,13.965724171116342,5,NN,n,1,{'n'},1,{'NN'},False,brain
brake,1,1.041710071252969e-05,16.5506866718375,5,NN,n,1,{'n'},1,{'NN'},False,brake
branch,14,0.00014583940997541563,12.743331749779895,6,NN,n,1,{'n'},1,{'NN'},False,branch
branches,4,4.166840285011876e-05,14.550686671837498,8,NNS,n,1,{'n'},1,{'NNS'},False,branch
brand,1,1.041710071252969e-05,16.5506866718375,5,NN,n,1,{'n'},1,{'NN'},False,brand
brat,5,5.208550356264844e-05,14.228758576950137,4,NN,n,1,{'n'},2,"{'NN', 'NNP'}",False,brat
brave,4,4.166840285011876e-05,14.550686671837498,5,JJ,j,3,"{'n', 'j', 'v'}",3,"{'JJ', 'VBN', 'NN'}",False,brave
bravely,1,1.041710071252969e-05,16.5506866718375,7,RB,r,1,{'r'},1,{'RB'},False,brave
braver,1,1.041710071252969e-05,16.5506866718375,6,IN,x,1,{'x'},1,{'IN'},False,braver
bravo,3,3.1251302137589066e-05,14.965724171116342,5,NN,n,1,{'n'},1,{'NN'},False,bravo
bread,5,5.208550356264844e-05,14.228758576950137,5,NN,n,1,{'n'},2,"{'NN', 'NNP'}",False,bread
break,38,0.00039584982707612816,11.302759158393913,5,VB,v,3,"{'n', 'x', 'v'}",4,"{'VB', 'VBP', 'NN', 'IN'}",False,break
breakfast,7,7.291970498770782e-05,13.743331749779895,9,NN,n,1,{'n'},1,{'NN'},False,breakfast
breaking,6,6.250260427517813e-05,13.965724171116342,8,VBG,v,1,{'v'},1,{'VBG'},False,break
breaks,2,2.083420142505938e-05,15.550686671837498,6,NNS,n,2,"{'n', 'v'}",2,"{'VBZ', 'NNS'}",False,break
breath,6,6.250260427517813e-05,13.965724171116342,6,NN,n,1,{'n'},1,{'NN'},False,breath
breathe,5,5.208550356264844e-05,14.228758576950137,7,NNP,n,2,"{'n', 'v'}",4,"{'NN', 'VBP', 'NNS', 'NNP'}",False,breath
breathes,1,1.041710071252969e-05,16.5506866718375,8,VBZ,v,1,{'v'},1,{'VBZ'},False,breath
breathing,2,2.083420142505938e-05,15.550686671837498,9,NN,n,2,"{'n', 'v'}",2,"{'VBG', 'NN'}",False,breath
breeze,1,1.041710071252969e-05,16.5506866718375,6,NN,n,1,{'n'},1,{'NN'},False,breez
bride,2,2.083420142505938e-05,15.550686671837498,5,NN,n,1,{'n'},1,{'NN'},False,bride
bridge,8,8.333680570023751e-05,13.550686671837498,6,NN,n,1,{'n'},2,"{'NN', 'NNP'}",False,bridg
brief,1,1.041710071252969e-05,16.5506866718375,5,JJ,j,1,{'j'},1,{'JJ'},False,brief
brig,1,1.041710071252969e-05,16.5506866718375,4,NN,n,1,{'n'},1,{'NN'},False,brig
bright,7,7.291970498770782e-05,13.743331749779895,6,JJ,j,1,{'j'},1,{'JJ'},False,bright
brighter,2,2.083420142505938e-05,15.550686671837498,8,NN,n,1,{'n'},1,{'NN'},False,brighter
brightest,1,1.041710071252969e-05,16.5506866718375,9,NN,n,1,{'n'},1,{'NN'},False,brightest
brightly,1,1.041710071252969e-05,16.5506866718375,8,NNP,n,1,{'n'},1,{'NNP'},False,brightli
bring,52,0.0005416892370515438,10.850246953696406,5,VB,v,2,"{'n', 'v'}",5,"{'NN', 'NNP', 'VBP', 'VB', 'VBG'}",False,bring
bringing,4,4.166840285011876e-05,14.550686671837498,8,VBG,v,1,{'v'},1,{'VBG'},False,bring
brings,4,4.166840285011876e-05,14.550686671837498,6,VBZ,v,1,{'v'},1,{'VBZ'},False,bring
britain,1,1.041710071252969e-05,16.5506866718375,7,NNP,n,1,{'n'},1,{'NNP'},False,britain
broadcast,2,2.083420142505938e-05,15.550686671837498,9,JJ,j,2,"{'j', 'v'}",2,"{'JJ', 'VB'}",False,broadcast
broke,8,8.333680570023751e-05,13.550686671837498,5,VBD,v,1,{'v'},1,{'VBD'},False,broke
broken,11,0.00011458810783782658,13.091255053200202,6,VBN,v,3,"{'n', 'j', 'v'}",3,"{'JJ', 'VBN', 'NNP'}",False,broken
bronco,1,1.041710071252969e-05,16.5506866718375,6,JJ,j,1,{'j'},1,{'JJ'},False,bronco
broom,12,0.00012500520855035626,12.965724171116342,5,NN,n,1,{'n'},1,{'NN'},False,broom
brooms,1,1.041710071252969e-05,16.5506866718375,6,NNS,n,1,{'n'},1,{'NNS'},False,broom
broth,1,1.041710071252969e-05,16.5506866718375,5,NN,n,1,{'n'},1,{'NN'},False,broth
brother,13,0.00013542230926288595,12.850246953696406,7,NN,n,1,{'n'},2,"{'NN', 'NNP'}",False,brother
brotherinlaw,1,1.041710071252969e-05,16.5506866718375,12,NN,n,1,{'n'},1,{'NN'},False,brotherinlaw
brothers,1,1.041710071252969e-05,16.5506866718375,8,NNS,n,1,{'n'},1,{'NNS'},False,brother
brought,20,0.00020834201425059377,12.228758576950137,7,VBD,v,1,{'v'},2,"{'VBD', 'VBN'}",False,brought
brunhilde,3,3.1251302137589066e-05,14.965724171116342,9,NNP,n,1,{'n'},1,{'NNP'},False,brunhild
brush,1,1.041710071252969e-05,16.5506866718375,5,VB,v,1,{'v'},1,{'VB'},False,brush
brushes,2,2.083420142505938e-05,15.550686671837498,7,NNS,n,1,{'n'},1,{'NNS'},False,brush
brushing,1,1.041710071252969e-05,16.5506866718375,8,VBG,v,1,{'v'},1,{'VBG'},False,brush
bu,1,1.041710071252969e-05,16.5506866718375,2,NNP,n,1,{'n'},1,{'NNP'},False,bu
bubble,1,1.041710071252969e-05,16.5506866718375,6,JJ,j,1,{'j'},1,{'JJ'},False,bubbl
bucket,3,3.1251302137589066e-05,14.965724171116342,6,NN,n,1,{'n'},1,{'NN'},False,bucket
buddha,7,7.291970498770782e-05,13.743331749779895,6,NNP,n,1,{'n'},1,{'NNP'},False,buddha
buddhist,3,3.1251302137589066e-05,14.965724171116342,8,NNP,n,1,{'n'},2,"{'NN', 'NNP'}",False,buddhist
budge,1,1.041710071252969e-05,16.5506866718375,5,VB,v,1,{'v'},1,{'VB'},False,budg
budget,1,1.041710071252969e-05,16.5506866718375,6,NN,n,1,{'n'},1,{'NN'},False,budget
bug,3,3.1251302137589066e-05,14.965724171116342,3,NN,n,1,{'n'},1,{'NN'},False,bug
bugs,10,0.00010417100712529688,13.228758576950137,4,NNS,n,2,"{'n', 'v'}",3,"{'NN', 'VBP', 'NNS'}",False,bug
build,13,0.00013542230926288595,12.850246953696406,5,VB,v,1,{'v'},2,"{'VB', 'VBP'}",False,build
building,7,7.291970498770782e-05,13.743331749779895,8,NN,n,2,"{'n', 'v'}",2,"{'VBG', 'NN'}",False,build
buildings,3,3.1251302137589066e-05,14.965724171116342,9,NNS,n,1,{'n'},1,{'NNS'},False,build
built,5,5.208550356264844e-05,14.228758576950137,5,VBD,v,1,{'v'},2,"{'VBD', 'VBN'}",False,built
bulkar,1,1.041710071252969e-05,16.5506866718375,6,NNP,n,1,{'n'},1,{'NNP'},False,bulkar
bullet,2,2.083420142505938e-05,15.550686671837498,6,NN,n,1,{'n'},1,{'NN'},False,bullet
bulletin,1,1.041710071252969e-05,16.5506866718375,8,NN,n,1,{'n'},1,{'NN'},False,bulletin
bullets,2,2.083420142505938e-05,15.550686671837498,7,NNS,n,1,{'n'},1,{'NNS'},False,bullet
bullied,1,1.041710071252969e-05,16.5506866718375,7,VBD,v,1,{'v'},1,{'VBD'},False,bulli
bullying,1,1.041710071252969e-05,16.5506866718375,8,NN,n,1,{'n'},1,{'NN'},False,bulli
bum,1,1.041710071252969e-05,16.5506866718375,3,NN,n,1,{'n'},1,{'NN'},False,bum
bump,1,1.041710071252969e-05,16.5506866718375,4,NN,n,1,{'n'},1,{'NN'},False,bump
bumpkins,1,1.041710071252969e-05,16.5506866718375,8,NNS,n,1,{'n'},1,{'NNS'},False,bumpkin
bums,1,1.041710071252969e-05,16.5506866718375,4,NN,n,1,{'n'},1,{'NN'},False,bum
bunch,4,4.166840285011876e-05,14.550686671837498,5,NN,n,1,{'n'},1,{'NN'},False,bunch
buncha,1,1.041710071252969e-05,16.5506866718375,6,NN,n,1,{'n'},1,{'NN'},False,buncha
bundles,1,1.041710071252969e-05,16.5506866718375,7,NNS,n,1,{'n'},1,{'NNS'},False,bundl
bunta,12,0.00012500520855035626,12.965724171116342,5,NNP,n,1,{'n'},2,"{'NN', 'NNP'}",False,bunta
bunting,1,1.041710071252969e-05,16.5506866718375,7,NN,n,1,{'n'},1,{'NN'},False,bunt
burden,3,3.1251302137589066e-05,14.965724171116342,6,NN,n,1,{'n'},1,{'NN'},False,burden
bureaucratic,1,1.041710071252969e-05,16.5506866718375,12,JJ,j,1,{'j'},1,{'JJ'},False,bureaucrat
buried,1,1.041710071252969e-05,16.5506866718375,6,VBN,v,1,{'v'},1,{'VBN'},False,buri
burn,28,0.00029167881995083127,11.743331749779895,4,VB,v,3,"{'n', 'x', 'v'}",5,"{'NN', 'NNP', 'IN', 'VBP', 'VB'}",False,burn
burned,9,9.37539064127672e-05,13.380761670395186,6,VBN,v,1,{'v'},2,"{'VBD', 'VBN'}",False,burn
burning,9,9.37539064127672e-05,13.380761670395186,7,VBG,v,2,"{'n', 'v'}",3,"{'VBG', 'NN', 'NNP'}",False,burn
burns,4,4.166840285011876e-05,14.550686671837498,5,NNS,n,2,"{'n', 'v'}",2,"{'VBZ', 'NNS'}",False,burn
burnt,1,1.041710071252969e-05,16.5506866718375,5,RB,r,1,{'r'},1,{'RB'},False,burnt
burrow,1,1.041710071252969e-05,16.5506866718375,6,VB,v,1,{'v'},1,{'VB'},False,burrow
burrows,1,1.041710071252969e-05,16.5506866718375,7,NNS,n,1,{'n'},1,{'NNS'},False,burrow
bursts,1,1.041710071252969e-05,16.5506866718375,6,NNS,n,1,{'n'},1,{'NNS'},False,burst
bury,1,1.041710071252969e-05,16.5506866718375,4,VB,v,1,{'v'},1,{'VB'},False,buri
bus,8,8.333680570023751e-05,13.550686671837498,3,NN,n,1,{'n'},1,{'NN'},False,bu
business,19,0.00019792491353806408,12.302759158393913,8,NN,n,1,{'n'},1,{'NN'},False,busi
busy,12,0.00012500520855035626,12.965724171116342,4,JJ,j,1,{'j'},1,{'JJ'},False,busi
but,456,0.004750197924913538,7.717796657672757,3,CC,x,1,{'x'},1,{'CC'},True,but
buts,1,1.041710071252969e-05,16.5506866718375,4,NNS,n,1,{'n'},1,{'NNS'},False,but
butt,7,7.291970498770782e-05,13.743331749779895,4,NN,n,1,{'n'},2,"{'NN', 'NNP'}",False,butt
butter,1,1.041710071252969e-05,16.5506866718375,6,NN,n,1,{'n'},1,{'NN'},False,butter
butterfly,1,1.041710071252969e-05,16.5506866718375,9,NN,n,1,{'n'},1,{'NN'},False,butterfli
buy,13,0.00013542230926288595,12.850246953696406,3,VB,v,1,{'v'},2,"{'VB', 'VBP'}",False,buy
buying,7,7.291970498770782e-05,13.743331749779895,6,VBG,v,1,{'v'},1,{'VBG'},False,buy
buys,1,1.041710071252969e-05,16.5506866718375,4,VBZ,v,1,{'v'},1,{'VBZ'},False,buy
by,171,0.0017813242218425768,9.132834156951601,2,IN,x,2,"{'n', 'x'}",2,"{'IN', 'NNP'}",True,by
bye,23,0.00023959331638818285,12.027124715780486,3,NN,n,1,{'n'},2,"{'NN', 'NNP'}",False,bye
byebye,3,3.1251302137589066e-05,14.965724171116342,6,NNP,n,1,{'n'},1,{'NNP'},False,byeby
ca,166,0.0017292387182799283,9.175647240490575,2,MD,x,2,"{'n', 'x'}",2,"{'MD', 'NNP'}",False,ca
cabin,3,3.1251302137589066e-05,14.965724171116342,5,NN,n,1,{'n'},1,{'NN'},False,cabin
cage,2,2.083420142505938e-05,15.550686671837498,4,NN,n,1,{'n'},1,{'NN'},False,cage
cake,7,7.291970498770782e-05,13.743331749779895,4,NN,n,1,{'n'},1,{'NN'},False,cake
caked,1,1.041710071252969e-05,16.5506866718375,5,JJ,j,1,{'j'},1,{'JJ'},False,cake
cakes,1,1.041710071252969e-05,16.5506866718375,5,NNS,n,1,{'n'},1,{'NNS'},False,cake
cal,1,1.041710071252969e-05,16.5506866718375,3,NNP,n,1,{'n'},1,{'NNP'},False,cal
calcfier,1,1.041710071252969e-05,16.5506866718375,8,NNP,n,1,{'n'},1,{'NNP'},False,calcfier
calcifer,32,0.00033334722280095006,11.550686671837498,8,NNP,n,2,"{'n', 'v'}",3,"{'VB', 'NN', 'NNP'}",False,calcif
calculations,2,2.083420142505938e-05,15.550686671837498,12,NNS,n,1,{'n'},1,{'NNS'},False,calcul
calculator,1,1.041710071252969e-05,16.5506866718375,10,NN,n,1,{'n'},1,{'NN'},False,calcul
call,38,0.00039584982707612816,11.302759158393913,4,VB,v,2,"{'n', 'v'}",3,"{'VB', 'VBP', 'NN'}",False,call
called,22,0.00022917621567565316,12.091255053200202,6,VBN,v,1,{'v'},2,"{'VBD', 'VBN'}",False,call
calling,8,8.333680570023751e-05,13.550686671837498,7,VBG,v,1,{'v'},1,{'VBG'},False,call
calm,36,0.0003750156256510688,11.380761670395186,4,NNP,n,3,"{'n', 'j', 'v'}",8,"{'JJ', 'VBD', 'NN', 'NNP', 'VBZ', 'VBP', 'NNS', 'VB'}",False,calm
calmed,2,2.083420142505938e-05,15.550686671837498,6,VBN,v,1,{'v'},1,{'VBN'},False,calm
calmer,1,1.041710071252969e-05,16.5506866718375,6,JJR,j,1,{'j'},1,{'JJR'},False,calmer
calmly,1,1.041710071252969e-05,16.5506866718375,6,RB,r,1,{'r'},1,{'RB'},False,calmli
calms,1,1.041710071252969e-05,16.5506866718375,5,VBD,v,1,{'v'},1,{'VBD'},False,calm
cambrian,1,1.041710071252969e-05,16.5506866718375,8,JJ,j,1,{'j'},1,{'JJ'},False,cambrian
came,81,0.0008437851577149048,10.210836668952874,4,VBD,v,1,{'v'},1,{'VBD'},False,came
camera,1,1.041710071252969e-05,16.5506866718375,6,NN,n,1,{'n'},1,{'NN'},False,camera
camphor,5,5.208550356264844e-05,14.228758576950137,7,NN,n,2,"{'n', 'v'}",3,"{'VBD', 'NN', 'NNP'}",False,camphor
camping,3,3.1251302137589066e-05,14.965724171116342,7,VBG,v,2,"{'n', 'v'}",2,"{'VBG', 'NN'}",False,camp
can,356,0.003708487853660569,8.074953240871102,3,MD,x,2,"{'n', 'x'}",2,"{'MD', 'NNP'}",True,can
canal,1,1.041710071252969e-05,16.5506866718375,5,NN,n,1,{'n'},1,{'NN'},False,canal
canary,1,1.041710071252969e-05,16.5506866718375,6,NN,n,1,{'n'},1,{'NN'},False,canari
cancel,3,3.1251302137589066e-05,14.965724171116342,6,VB,v,2,"{'n', 'v'}",2,"{'VB', 'NN'}",False,cancel
candle,5,5.208550356264844e-05,14.228758576950137,6,NN,n,1,{'n'},1,{'NN'},False,candl
cane,1,1.041710071252969e-05,16.5506866718375,4,NN,n,1,{'n'},1,{'NN'},False,cane
canned,1,1.041710071252969e-05,16.5506866718375,6,VBN,v,1,{'v'},1,{'VBN'},False,can
cannon,1,1.041710071252969e-05,16.5506866718375,6,NN,n,1,{'n'},1,{'NN'},False,cannon
canvas,3,3.1251302137589066e-05,14.965724171116342,6,NN,n,1,{'n'},1,{'NN'},False,canva
cap,3,3.1251302137589066e-05,14.965724171116342,3,NN,n,1,{'n'},1,{'NN'},False,cap
cape,1,1.041710071252969e-05,16.5506866718375,4,NN,n,1,{'n'},1,{'NN'},False,cape
capital,7,7.291970498770782e-05,13.743331749779895,7,NN,n,1,{'n'},1,{'NN'},False,capit
caproni,6,6.250260427517813e-05,13.965724171116342,7,NNP,n,1,{'n'},1,{'NNP'},False,caproni
captain,16,0.00016667361140047503,12.550686671837498,7,NN,n,2,"{'n', 'v'}",3,"{'VB', 'NN', 'NNP'}",False,captain
captives,1,1.041710071252969e-05,16.5506866718375,8,NNS,n,1,{'n'},1,{'NNS'},False,captiv
capture,1,1.041710071252969e-05,16.5506866718375,7,VB,v,1,{'v'},1,{'VB'},False,captur
captured,1,1.041710071252969e-05,16.5506866718375,8,VBN,v,1,{'v'},1,{'VBN'},False,captur
car,12,0.00012500520855035626,12.965724171116342,3,NN,n,1,{'n'},1,{'NN'},False,car
caramel,2,2.083420142505938e-05,15.550686671837498,7,NN,n,1,{'n'},1,{'NN'},False,caramel
card,3,3.1251302137589066e-05,14.965724171116342,4,NN,n,1,{'n'},1,{'NN'},False,card
cards,1,1.041710071252969e-05,16.5506866718375,5,NNS,n,1,{'n'},1,{'NNS'},False,card
care,49,0.0005104379349139547,10.93597682772229,4,NN,n,2,"{'n', 'v'}",3,"{'VB', 'VBP', 'NN'}",False,care
cared,2,2.083420142505938e-05,15.550686671837498,5,VBD,v,1,{'v'},1,{'VBD'},False,care
careful,26,0.0002708446185257719,11.850246953696406,7,JJ,j,2,"{'n', 'j'}",2,"{'JJ', 'NNP'}",False,care
carefully,4,4.166840285011876e-05,14.550686671837498,9,RB,r,1,{'r'},1,{'RB'},False,care
careless,1,1.041710071252969e-05,16.5506866718375,8,JJ,j,1,{'j'},1,{'JJ'},False,careless
cares,6,6.250260427517813e-05,13.965724171116342,5,VBZ,v,2,"{'n', 'v'}",2,"{'VBZ', 'NNS'}",False,care
cargo,5,5.208550356264844e-05,14.228758576950137,5,NN,n,1,{'n'},1,{'NN'},False,cargo
caring,1,1.041710071252969e-05,16.5506866718375,6,VBG,v,1,{'v'},1,{'VBG'},False,care
carpet,1,1.041710071252969e-05,16.5506866718375,6,NN,n,1,{'n'},1,{'NN'},False,carpet
carriage,3,3.1251302137589066e-05,14.965724171116342,8,NN,n,1,{'n'},1,{'NN'},False,carriag
carried,7,7.291970498770782e-05,13.743331749779895,7,VBD,v,1,{'v'},2,"{'VBD', 'VBN'}",False,carri
carrierbased,1,1.041710071252969e-05,16.5506866718375,12,JJ,j,1,{'j'},1,{'JJ'},False,carrierbas
carriers,1,1.041710071252969e-05,16.5506866718375,8,NNS,n,1,{'n'},1,{'NNS'},False,carrier
carrots,2,2.083420142505938e-05,15.550686671837498,7,NN,n,1,{'n'},2,"{'NN', 'NNS'}",False,carrot
carry,18,0.0001875078128255344,12.380761670395186,5,VB,v,2,"{'n', 'v'}",4,"{'VB', 'VBP', 'NN', 'NNP'}",False,carri
carrying,3,3.1251302137589066e-05,14.965724171116342,8,VBG,v,1,{'v'},1,{'VBG'},False,carri
carrys,1,1.041710071252969e-05,16.5506866718375,6,NN,n,1,{'n'},1,{'NN'},False,carri
carupisu,2,2.083420142505938e-05,15.550686671837498,8,NN,n,1,{'n'},2,"{'NN', 'NNP'}",False,carupisu
case,19,0.00019792491353806408,12.302759158393913,4,NN,n,1,{'n'},1,{'NN'},False,case
cash,2,2.083420142505938e-05,15.550686671837498,4,NN,n,1,{'n'},1,{'NN'},False,cash
cast,1,1.041710071252969e-05,16.5506866718375,4,VBD,v,1,{'v'},1,{'VBD'},False,cast
casting,3,3.1251302137589066e-05,14.965724171116342,7,VBG,v,2,"{'n', 'v'}",2,"{'VBG', 'NN'}",False,cast
castle,27,0.0002812617192383016,11.79579916967403,6,NN,n,2,"{'n', 'r'}",3,"{'RB', 'NN', 'NNP'}",False,castl
castoff,1,1.041710071252969e-05,16.5506866718375,7,NN,n,1,{'n'},1,{'NN'},False,castoff
castorp,1,1.041710071252969e-05,16.5506866718375,7,NNP,n,1,{'n'},1,{'NNP'},False,castorp
cat,20,0.00020834201425059377,12.228758576950137,3,NN,n,1,{'n'},1,{'NN'},False,cat
catch,19,0.00019792491353806408,12.302759158393913,5,VB,v,2,"{'n', 'v'}",3,"{'VB', 'VBP', 'NN'}",False,catch
catches,1,1.041710071252969e-05,16.5506866718375,7,VBZ,v,1,{'v'},1,{'VBZ'},False,catch
catching,3,3.1251302137589066e-05,14.965724171116342,8,VBG,v,1,{'v'},1,{'VBG'},False,catch
cats,2,2.083420142505938e-05,15.550686671837498,4,NNS,n,1,{'n'},1,{'NNS'},False,cat
cattle,6,6.250260427517813e-05,13.965724171116342,6,NNS,n,2,"{'n', 'j'}",2,"{'JJ', 'NNS'}",False,cattl
caught,18,0.0001875078128255344,12.380761670395186,6,VBD,v,1,{'v'},2,"{'VBD', 'VBN'}",False,caught
cause,15,0.00015625651068794532,12.64379607622898,5,IN,n,3,"{'n', 'x', 'v'}",5,"{'CC', 'NN', 'NNP', 'IN', 'VB'}",False,caus
caused,5,5.208550356264844e-05,14.228758576950137,6,VBD,v,1,{'v'},2,"{'VBD', 'VBN'}",False,caus
causes,2,2.083420142505938e-05,15.550686671837498,6,NNS,n,2,"{'n', 'v'}",2,"{'VBZ', 'NNS'}",False,caus
causing,2,2.083420142505938e-05,15.550686671837498,7,VBG,v,1,{'v'},1,{'VBG'},False,caus
caution,1,1.041710071252969e-05,16.5506866718375,7,NN,n,1,{'n'},1,{'NN'},False,caution
cautious,1,1.041710071252969e-05,16.5506866718375,8,JJ,j,1,{'j'},1,{'JJ'},False,cautiou
cave,3,3.1251302137589066e-05,14.965724171116342,4,NN,n,1,{'n'},1,{'NN'},False,cave
caw,3,3.1251302137589066e-05,14.965724171116342,3,NN,n,1,{'n'},2,"{'NN', 'NNP'}",False,caw
ceased,1,1.041710071252969e-05,16.5506866718375,6,VBD,v,1,{'v'},1,{'VBD'},False,ceas
ceiling,3,3.1251302137589066e-05,14.965724171116342,7,NN,n,1,{'n'},1,{'NN'},False,ceil
celebrate,10,0.00010417100712529688,13.228758576950137,9,VB,v,2,"{'n', 'v'}",3,"{'VB', 'VBP', 'NN'}",False,celebr
celebrating,1,1.041710071252969e-05,16.5506866718375,11,VBG,v,1,{'v'},1,{'VBG'},False,celebr
celebration,5,5.208550356264844e-05,14.228758576950137,11,NN,n,1,{'n'},2,"{'NN', 'NNP'}",False,celebr
celebrity,2,2.083420142505938e-05,15.550686671837498,9,NN,n,1,{'n'},1,{'NN'},False,celebr
celestial,1,1.041710071252969e-05,16.5506866718375,9,JJ,j,1,{'j'},1,{'JJ'},False,celesti
cells,1,1.041710071252969e-05,16.5506866718375,5,NNS,n,1,{'n'},1,{'NNS'},False,cell
cement,1,1.041710071252969e-05,16.5506866718375,6,JJ,j,1,{'j'},1,{'JJ'},False,cement
center,13,0.00013542230926288595,12.850246953696406,6,NN,n,1,{'n'},2,"{'NN', 'NNP'}",False,center
central,1,1.041710071252969e-05,16.5506866718375,7,NNP,n,1,{'n'},1,{'NNP'},False,central
ceramic,4,4.166840285011876e-05,14.550686671837498,7,JJ,j,2,"{'n', 'j'}",2,"{'JJ', 'NNP'}",False,ceram
ceremonies,1,1.041710071252969e-05,16.5506866718375,10,NNS,n,1,{'n'},1,{'NNS'},False,ceremoni
ceremony,8,8.333680570023751e-05,13.550686671837498,8,NN,n,1,{'n'},1,{'NN'},False,ceremoni
certain,7,7.291970498770782e-05,13.743331749779895,7,JJ,j,1,{'j'},1,{'JJ'},False,certain
certainly,13,0.00013542230926288595,12.850246953696406,9,RB,r,1,{'r'},1,{'RB'},False,certainli
certified,1,1.041710071252969e-05,16.5506866718375,9,JJ,j,1,{'j'},1,{'JJ'},False,certifi
cha,12,0.00012500520855035626,12.965724171116342,3,NN,n,1,{'n'},2,"{'NN', 'NNP'}",False,cha
chafe,1,1.041710071252969e-05,16.5506866718375,5,NNP,n,1,{'n'},1,{'NNP'},False,chafe
chair,3,3.1251302137589066e-05,14.965724171116342,5,NN,n,1,{'n'},1,{'NN'},False,chair
chairman,1,1.041710071252969e-05,16.5506866718375,8,NN,n,1,{'n'},1,{'NN'},False,chairman
challenge,1,1.041710071252969e-05,16.5506866718375,9,VB,v,1,{'v'},1,{'VB'},False,challeng
chameleon,1,1.041710071252969e-05,16.5506866718375,9,NN,n,1,{'n'},1,{'NN'},False,chameleon
chance,15,0.00015625651068794532,12.64379607622898,6,NN,n,1,{'n'},1,{'NN'},False,chanc
change,15,0.00015625651068794532,12.64379607622898,6,VB,v,3,"{'n', 'j', 'v'}",5,"{'JJ', 'NN', 'NNP', 'VBP', 'VB'}",False,chang
changed,9,9.37539064127672e-05,13.380761670395186,7,VBN,v,1,{'v'},2,"{'VBD', 'VBN'}",False,chang
changes,3,3.1251302137589066e-05,14.965724171116342,7,NNS,n,1,{'n'},1,{'NNS'},False,chang
changing,2,2.083420142505938e-05,15.550686671837498,8,NN,n,2,"{'n', 'v'}",2,"{'VBG', 'NN'}",False,chang
chant,1,1.041710071252969e-05,16.5506866718375,5,NN,n,1,{'n'},1,{'NN'},False,chant
chaos,1,1.041710071252969e-05,16.5506866718375,5,NN,n,1,{'n'},1,{'NN'},False,chao
chappu,2,2.083420142505938e-05,15.550686671837498,6,JJ,j,1,{'j'},1,{'JJ'},False,chappu
character,1,1.041710071252969e-05,16.5506866718375,9,NN,n,1,{'n'},1,{'NN'},False,charact
charcoal,1,1.041710071252969e-05,16.5506866718375,8,NNP,n,1,{'n'},1,{'NNP'},False,charcoal
charge,4,4.166840285011876e-05,14.550686671837498,6,NN,n,2,"{'n', 'v'}",2,"{'VB', 'NN'}",False,charg
charging,1,1.041710071252969e-05,16.5506866718375,8,VBG,v,1,{'v'},1,{'VBG'},False,charg
charles,1,1.041710071252969e-05,16.5506866718375,7,NNP,n,1,{'n'},1,{'NNP'},False,charl
charm,3,3.1251302137589066e-05,14.965724171116342,5,NN,n,1,{'n'},1,{'NN'},False,charm
charming,2,2.083420142505938e-05,15.550686671837498,8,JJ,j,2,"{'j', 'v'}",2,"{'VBG', 'JJ'}",False,charm
charter,1,1.041710071252969e-05,16.5506866718375,7,NN,n,1,{'n'},1,{'NN'},False,charter
chase,1,1.041710071252969e-05,16.5506866718375,5,VB,v,1,{'v'},1,{'VB'},False,chase
chased,2,2.083420142505938e-05,15.550686671837498,6,VBN,v,1,{'v'},1,{'VBN'},False,chase
chasing,7,7.291970498770782e-05,13.743331749779895,7,VBG,v,1,{'v'},1,{'VBG'},False,chase
chat,1,1.041710071252969e-05,16.5506866718375,4,NN,n,1,{'n'},1,{'NN'},False,chat
chattering,1,1.041710071252969e-05,16.5506866718375,10,NN,n,1,{'n'},1,{'NN'},False,chatter
chatting,1,1.041710071252969e-05,16.5506866718375,8,NN,n,1,{'n'},1,{'NN'},False,chat
cheap,2,2.083420142505938e-05,15.550686671837498,5,JJ,j,1,{'j'},1,{'JJ'},False,cheap
cheaper,1,1.041710071252969e-05,16.5506866718375,7,JJR,j,1,{'j'},1,{'JJR'},False,cheaper
cheapskates,1,1.041710071252969e-05,16.5506866718375,11,NNS,n,1,{'n'},1,{'NNS'},False,cheapskat
cheater,1,1.041710071252969e-05,16.5506866718375,7,NN,n,1,{'n'},1,{'NN'},False,cheater
cheaters,1,1.041710071252969e-05,16.5506866718375,8,NNS,n,1,{'n'},1,{'NNS'},False,cheater
cheating,1,1.041710071252969e-05,16.5506866718375,8,VBG,v,1,{'v'},1,{'VBG'},False,cheat
check,8,8.333680570023751e-05,13.550686671837498,5,VB,v,2,"{'n', 'v'}",3,"{'VB', 'NN', 'NNP'}",False,check
checked,1,1.041710071252969e-05,16.5506866718375,7,VBN,v,1,{'v'},1,{'VBN'},False,check
checking,1,1.041710071252969e-05,16.5506866718375,8,VBG,v,1,{'v'},1,{'VBG'},False,check
checkmate,1,1.041710071252969e-05,16.5506866718375,9,NNP,n,1,{'n'},1,{'NNP'},False,checkmat
cheer,2,2.083420142505938e-05,15.550686671837498,5,NNP,n,2,"{'n', 'v'}",2,"{'VB', 'NNP'}",False,cheer
cheerful,1,1.041710071252969e-05,16.5506866718375,8,JJ,j,1,{'j'},1,{'JJ'},False,cheer
cheering,1,1.041710071252969e-05,16.5506866718375,8,VBG,v,1,{'v'},1,{'VBG'},False,cheer
chemical,1,1.041710071252969e-05,16.5506866718375,8,NN,n,1,{'n'},1,{'NN'},False,chemic
chemicals,2,2.083420142505938e-05,15.550686671837498,9,NNS,n,1,{'n'},1,{'NNS'},False,chemic
chemise,1,1.041710071252969e-05,16.5506866718375,7,NN,n,1,{'n'},1,{'NN'},False,chemis
cherries,1,1.041710071252969e-05,16.5506866718375,8,NNS,n,1,{'n'},1,{'NNS'},False,cherri
cherry,2,2.083420142505938e-05,15.550686671837498,6,NN,n,2,"{'n', 'v'}",2,"{'VBP', 'NN'}",False,cherri
chest,1,1.041710071252969e-05,16.5506866718375,5,NN,n,1,{'n'},1,{'NN'},False,chest
chestnut,1,1.041710071252969e-05,16.5506866718375,8,NN,n,1,{'n'},1,{'NN'},False,chestnut
chestnuts,1,1.041710071252969e-05,16.5506866718375,9,NNP,n,1,{'n'},1,{'NNP'},False,chestnut
chew,2,2.083420142505938e-05,15.550686671837498,4,NNP,n,2,"{'n', 'v'}",2,"{'VB', 'NNP'}",False,chew
chewed,1,1.041710071252969e-05,16.5506866718375,6,VBD,v,1,{'v'},1,{'VBD'},False,chew
chewing,1,1.041710071252969e-05,16.5506866718375,7,VBG,v,1,{'v'},1,{'VBG'},False,chew
chicken,2,2.083420142505938e-05,15.550686671837498,7,JJ,j,2,"{'j', 'v'}",2,"{'JJ', 'VB'}",False,chicken
chickens,1,1.041710071252969e-05,16.5506866718375,8,NNS,n,1,{'n'},1,{'NNS'},False,chicken
chico,2,2.083420142505938e-05,15.550686671837498,5,NNP,n,1,{'n'},1,{'NNP'},False,chico
chief,12,0.00012500520855035626,12.965724171116342,5,NNP,n,2,"{'n', 'j'}",3,"{'JJ', 'NN', 'NNP'}",False,chief
chih,1,1.041710071252969e-05,16.5506866718375,4,NNP,n,1,{'n'},1,{'NNP'},False,chih
chihiro,27,0.0002812617192383016,11.79579916967403,7,NNP,n,1,{'n'},2,"{'NN', 'NNP'}",False,chihiro
child,40,0.00041668402850118753,11.228758576950137,5,NN,n,1,{'n'},2,"{'NN', 'NNP'}",False,child
childhood,3,3.1251302137589066e-05,14.965724171116342,9,NN,n,1,{'n'},1,{'NN'},False,childhood
children,10,0.00010417100712529688,13.228758576950137,8,NNS,n,1,{'n'},2,"{'NNS', 'NNP'}",False,children
chill,1,1.041710071252969e-05,16.5506866718375,5,VB,v,1,{'v'},1,{'VB'},False,chill
chilled,1,1.041710071252969e-05,16.5506866718375,7,VBN,v,1,{'v'},1,{'VBN'},False,chill
chim,1,1.041710071252969e-05,16.5506866718375,4,NN,n,1,{'n'},1,{'NN'},False,chim
chimney,1,1.041710071252969e-05,16.5506866718375,7,NN,n,1,{'n'},1,{'NN'},False,chimney
chin,1,1.041710071252969e-05,16.5506866718375,4,NNP,n,1,{'n'},1,{'NNP'},False,chin
china,5,5.208550356264844e-05,14.228758576950137,5,NNP,n,1,{'n'},1,{'NNP'},False,china
chinese,1,1.041710071252969e-05,16.5506866718375,7,JJ,j,1,{'j'},1,{'JJ'},False,chines
chinzei,2,2.083420142505938e-05,15.550686671837498,7,NNP,n,1,{'n'},1,{'NNP'},False,chinzei
chips,1,1.041710071252969e-05,16.5506866718375,5,NNS,n,1,{'n'},1,{'NNS'},False,chip
chobe,1,1.041710071252969e-05,16.5506866718375,5,NN,n,1,{'n'},1,{'NN'},False,chobe
chocolate,1,1.041710071252969e-05,16.5506866718375,9,NN,n,1,{'n'},1,{'NN'},False,chocol
choice,9,9.37539064127672e-05,13.380761670395186,6,NN,n,1,{'n'},1,{'NN'},False,choic
choices,1,1.041710071252969e-05,16.5506866718375,7,NNS,n,1,{'n'},1,{'NNS'},False,choic
chomp,3,3.1251302137589066e-05,14.965724171116342,5,NN,v,2,"{'n', 'v'}",3,"{'VB', 'VBP', 'NN'}",False,chomp
choo,1,1.041710071252969e-05,16.5506866718375,4,NN,n,1,{'n'},1,{'NN'},False,choo
choose,7,7.291970498770782e-05,13.743331749779895,6,VB,v,2,"{'n', 'v'}",3,"{'VB', 'VBD', 'NNP'}",False,choos
chores,2,2.083420142505938e-05,15.550686671837498,6,NNS,n,1,{'n'},1,{'NNS'},False,chore
chose,4,4.166840285011876e-05,14.550686671837498,5,VBD,v,1,{'v'},1,{'VBD'},False,chose
chosen,3,3.1251302137589066e-05,14.965724171116342,6,VBN,v,1,{'v'},1,{'VBN'},False,chosen
chow,1,1.041710071252969e-05,16.5506866718375,4,NNP,n,1,{'n'},1,{'NNP'},False,chow
christmas,1,1.041710071252969e-05,16.5506866718375,9,NNP,n,1,{'n'},1,{'NNP'},False,christma
church,1,1.041710071252969e-05,16.5506866718375,6,NN,n,1,{'n'},1,{'NN'},False,church
cigar,1,1.041710071252969e-05,16.5506866718375,5,NN,n,1,{'n'},1,{'NN'},False,cigar
cigarette,5,5.208550356264844e-05,14.228758576950137,9,NN,n,1,{'n'},2,"{'NN', 'NNP'}",False,cigarett
circle,1,1.041710071252969e-05,16.5506866718375,6,VB,v,1,{'v'},1,{'VB'},False,circl
circles,2,2.083420142505938e-05,15.550686671837498,7,NNS,n,1,{'n'},1,{'NNS'},False,circl
circuits,1,1.041710071252969e-05,16.5506866718375,8,NNS,n,1,{'n'},1,{'NNS'},False,circuit
circumstances,1,1.041710071252969e-05,16.5506866718375,13,NNS,n,1,{'n'},1,{'NNS'},False,circumst
cities,3,3.1251302137589066e-05,14.965724171116342,6,NNS,n,1,{'n'},1,{'NNS'},False,citi
citizens,2,2.083420142505938e-05,15.550686671837498,8,NNS,n,1,{'n'},1,{'NNS'},False,citizen
city,17,0.0001770907121130047,12.46322383058716,4,NN,n,1,{'n'},2,"{'NN', 'NNP'}",False,citi
civilian,1,1.041710071252969e-05,16.5506866718375,8,JJ,j,1,{'j'},1,{'JJ'},False,civilian
claim,1,1.041710071252969e-05,16.5506866718375,5,VB,v,1,{'v'},1,{'VB'},False,claim
clan,20,0.00020834201425059377,12.228758576950137,4,NN,n,1,{'n'},2,"{'NN', 'NNP'}",False,clan
class,13,0.00013542230926288595,12.850246953696406,5,NN,n,1,{'n'},1,{'NN'},False,class
classmates,2,2.083420142505938e-05,15.550686671837498,10,NNS,n,1,{'n'},1,{'NNS'},False,classmat
clause,2,2.083420142505938e-05,15.550686671837498,6,NN,n,2,"{'n', 'v'}",2,"{'VB', 'NN'}",False,claus
clean,8,8.333680570023751e-05,13.550686671837498,5,JJ,j,2,"{'j', 'v'}",2,"{'JJ', 'VB'}",False,clean
cleaned,4,4.166840285011876e-05,14.550686671837498,7,VBD,v,1,{'v'},2,"{'VBD', 'VBN'}",False,clean
cleaner,1,1.041710071252969e-05,16.5506866718375,7,NNS,n,1,{'n'},1,{'NNS'},False,cleaner
cleaning,10,0.00010417100712529688,13.228758576950137,8,NN,n,3,"{'n', 'j', 'v'}",3,"{'VBG', 'JJ', 'NN'}",False,clean
cleans,1,1.041710071252969e-05,16.5506866718375,6,VBZ,v,1,{'v'},1,{'VBZ'},False,clean
clear,12,0.00012500520855035626,12.965724171116342,5,JJ,j,2,"{'j', 'v'}",2,"{'JJ', 'VB'}",False,clear
cleared,3,3.1251302137589066e-05,14.965724171116342,7,VBN,v,1,{'v'},2,"{'VBD', 'VBN'}",False,clear
clearing,2,2.083420142505938e-05,15.550686671837498,8,NN,n,2,"{'n', 'v'}",2,"{'VBG', 'NN'}",False,clear
clearly,4,4.166840285011876e-05,14.550686671837498,7,RB,r,1,{'r'},1,{'RB'},False,clearli
clears,1,1.041710071252969e-05,16.5506866718375,6,VBZ,v,1,{'v'},1,{'VBZ'},False,clear
clever,4,4.166840285011876e-05,14.550686671837498,6,JJ,j,4,"{'n', 'j', 'r', 'v'}",4,"{'NN', 'VB', 'JJ', 'RB'}",False,clever
client,1,1.041710071252969e-05,16.5506866718375,6,NN,n,1,{'n'},1,{'NN'},False,client
clientele,1,1.041710071252969e-05,16.5506866718375,9,NN,n,1,{'n'},1,{'NN'},False,clientel
cliff,2,2.083420142505938e-05,15.550686671837498,5,NN,n,1,{'n'},1,{'NN'},False,cliff
climb,5,5.208550356264844e-05,14.228758576950137,5,VB,v,2,"{'n', 'v'}",3,"{'VB', 'NN', 'NNP'}",False,climb
climbed,1,1.041710071252969e-05,16.5506866718375,7,VBD,v,1,{'v'},1,{'VBD'},False,climb
cling,2,2.083420142505938e-05,15.550686671837498,5,VBG,v,1,{'v'},1,{'VBG'},False,cling
clip,1,1.041710071252969e-05,16.5506866718375,4,NNP,n,1,{'n'},1,{'NNP'},False,clip
clobbered,1,1.041710071252969e-05,16.5506866718375,9,VBD,v,1,{'v'},1,{'VBD'},False,clobber
clock,2,2.083420142505938e-05,15.550686671837498,5,NN,n,1,{'n'},1,{'NN'},False,clock
clocktower,1,1.041710071252969e-05,16.5506866718375,10,NN,n,1,{'n'},1,{'NN'},False,clocktow
clockwise,1,1.041710071252969e-05,16.5506866718375,9,VB,v,1,{'v'},1,{'VB'},False,clockwis
clogged,3,3.1251302137589066e-05,14.965724171116342,7,NNP,v,2,"{'n', 'v'}",3,"{'VBD', 'VBN', 'NNP'}",False,clog
close,21,0.00021875911496312345,12.158369249058739,5,RB,r,4,"{'n', 'j', 'r', 'v'}",5,"{'JJ', 'NN', 'VBP', 'RB', 'VB'}",False,close
closed,8,8.333680570023751e-05,13.550686671837498,6,VBD,v,1,{'v'},2,"{'VBD', 'VBN'}",False,close
closely,3,3.1251302137589066e-05,14.965724171116342,7,RB,r,1,{'r'},1,{'RB'},False,close
closer,12,0.00012500520855035626,12.965724171116342,6,NN,n,2,"{'n', 'r'}",3,"{'RBR', 'RB', 'NN'}",False,closer
closes,1,1.041710071252969e-05,16.5506866718375,6,VBZ,v,1,{'v'},1,{'VBZ'},False,close
closet,2,2.083420142505938e-05,15.550686671837498,6,NN,n,1,{'n'},1,{'NN'},False,closet
closing,1,1.041710071252969e-05,16.5506866718375,7,VBG,v,1,{'v'},1,{'VBG'},False,close
cloth,2,2.083420142505938e-05,15.550686671837498,5,NN,n,1,{'n'},2,"{'NN', 'NNS'}",False,cloth
clothes,15,0.00015625651068794532,12.64379607622898,7,NNS,n,1,{'n'},1,{'NNS'},False,cloth
cloud,2,2.083420142505938e-05,15.550686671837498,5,NN,n,1,{'n'},1,{'NN'},False,cloud
clouded,2,2.083420142505938e-05,15.550686671837498,7,VBN,v,1,{'v'},1,{'VBN'},False,cloud
clouding,1,1.041710071252969e-05,16.5506866718375,8,VBG,v,1,{'v'},1,{'VBG'},False,cloud
clouds,23,0.00023959331638818285,12.027124715780486,6,NN,n,1,{'n'},2,"{'NNS', 'NN'}",False,cloud
cloudy,4,4.166840285011876e-05,14.550686671837498,6,NNP,n,2,"{'n', 'v'}",3,"{'VBP', 'NN', 'NNP'}",False,cloudi
club,4,4.166840285011876e-05,14.550686671837498,4,NN,n,1,{'n'},2,"{'NN', 'NNP'}",False,club
clubs,1,1.041710071252969e-05,16.5506866718375,5,NN,n,1,{'n'},1,{'NN'},False,club
clumsy,1,1.041710071252969e-05,16.5506866718375,6,JJ,j,1,{'j'},1,{'JJ'},False,clumsi
cmon,3,3.1251302137589066e-05,14.965724171116342,4,NNP,n,1,{'n'},1,{'NNP'},False,cmon
co,2,2.083420142505938e-05,15.550686671837498,2,NN,n,1,{'n'},2,"{'NN', 'NNP'}",False,co
coal,3,3.1251302137589066e-05,14.965724171116342,4,NN,n,1,{'n'},1,{'NN'},False,coal
coast,4,4.166840285011876e-05,14.550686671837498,5,NN,n,1,{'n'},1,{'NN'},False,coast
coat,1,1.041710071252969e-05,16.5506866718375,4,NN,n,1,{'n'},1,{'NN'},False,coat
coats,1,1.041710071252969e-05,16.5506866718375,5,NNS,n,1,{'n'},1,{'NNS'},False,coat
cockroaches,1,1.041710071252969e-05,16.5506866718375,11,NNS,n,1,{'n'},1,{'NNS'},False,cockroach
code,3,3.1251302137589066e-05,14.965724171116342,4,NN,n,1,{'n'},1,{'NN'},False,code
coexist,2,2.083420142505938e-05,15.550686671837498,7,VB,v,1,{'v'},1,{'VB'},False,coexist
coffee,4,4.166840285011876e-05,14.550686671837498,6,NN,n,1,{'n'},1,{'NN'},False,coffe
coils,1,1.041710071252969e-05,16.5506866718375,5,NNS,n,1,{'n'},1,{'NNS'},False,coil
coincidence,1,1.041710071252969e-05,16.5506866718375,11,NN,n,1,{'n'},1,{'NN'},False,coincid
cold,25,0.00026042751781324224,11.906830482062773,4,JJ,j,3,"{'n', 'j', 'v'}",3,"{'JJ', 'VBP', 'NN'}",False,cold
collaborative,1,1.041710071252969e-05,16.5506866718375,13,JJ,j,1,{'j'},1,{'JJ'},False,collabor
collapse,3,3.1251302137589066e-05,14.965724171116342,8,VB,v,2,"{'n', 'v'}",2,"{'VB', 'NN'}",False,collaps
collapsed,1,1.041710071252969e-05,16.5506866718375,9,VBD,v,1,{'v'},1,{'VBD'},False,collaps
collapsing,1,1.041710071252969e-05,16.5506866718375,10,VBG,v,1,{'v'},1,{'VBG'},False,collaps
collect,1,1.041710071252969e-05,16.5506866718375,7,VB,v,1,{'v'},1,{'VB'},False,collect
collected,2,2.083420142505938e-05,15.550686671837498,9,JJ,j,2,"{'j', 'v'}",2,"{'JJ', 'VBD'}",False,collect
collins,1,1.041710071252969e-05,16.5506866718375,7,NNP,n,1,{'n'},1,{'NNP'},False,collin
color,20,0.00020834201425059377,12.228758576950137,5,NN,n,1,{'n'},1,{'NN'},False,color
colors,3,3.1251302137589066e-05,14.965724171116342,6,NNS,n,1,{'n'},1,{'NNS'},False,color
columbus,2,2.083420142505938e-05,15.550686671837498,8,NNP,n,1,{'n'},2,"{'NNP', 'NNPS'}",False,columbu
comb,1,1.041710071252969e-05,16.5506866718375,4,NN,n,1,{'n'},1,{'NN'},False,comb
combat,1,1.041710071252969e-05,16.5506866718375,6,NN,n,1,{'n'},1,{'NN'},False,combat
combine,1,1.041710071252969e-05,16.5506866718375,7,VBP,v,1,{'v'},1,{'VBP'},False,combin
combined,2,2.083420142505938e-05,15.550686671837498,8,JJ,j,2,"{'j', 'v'}",2,"{'JJ', 'VBN'}",False,combin
combustion,1,1.041710071252969e-05,16.5506866718375,10,NNP,n,1,{'n'},1,{'NNP'},False,combust
come,332,0.0034584774365598566,8.175647240490575,4,VB,v,3,"{'n', 'j', 'v'}",6,"{'JJ', 'NN', 'NNP', 'VBP', 'VB', 'VBN'}",False,come
comes,21,0.00021875911496312345,12.158369249058739,5,VBZ,v,1,{'v'},1,{'VBZ'},False,come
comfortable,3,3.1251302137589066e-05,14.965724171116342,11,JJ,j,1,{'j'},1,{'JJ'},False,comfort
comical,1,1.041710071252969e-05,16.5506866718375,7,JJ,j,1,{'j'},1,{'JJ'},False,comic
coming,94,0.0009792074669777908,9.99609782015986,6,VBG,v,3,"{'n', 'j', 'v'}",3,"{'VBG', 'JJ', 'NN'}",False,come
comingout,1,1.041710071252969e-05,16.5506866718375,9,NN,n,1,{'n'},1,{'NN'},False,comingout
command,2,2.083420142505938e-05,15.550686671837498,7,NN,n,1,{'n'},1,{'NN'},False,command
commander,2,2.083420142505938e-05,15.550686671837498,9,NN,n,1,{'n'},2,"{'NN', 'NNP'}",False,command
commence,1,1.041710071252969e-05,16.5506866718375,8,VB,v,1,{'v'},1,{'VB'},False,commenc
common,4,4.166840285011876e-05,14.550686671837498,6,JJ,j,1,{'j'},1,{'JJ'},False,common
commoners,1,1.041710071252969e-05,16.5506866718375,9,NNS,n,1,{'n'},1,{'NNS'},False,common
commonly,1,1.041710071252969e-05,16.5506866718375,8,RB,r,1,{'r'},1,{'RB'},False,commonli
commotion,2,2.083420142505938e-05,15.550686671837498,9,NN,n,1,{'n'},1,{'NN'},False,commot
communications,1,1.041710071252969e-05,16.5506866718375,14,NNS,n,1,{'n'},1,{'NNS'},False,commun
community,5,5.208550356264844e-05,14.228758576950137,9,NN,n,1,{'n'},1,{'NN'},False,commun
companion,1,1.041710071252969e-05,16.5506866718375,9,NN,n,1,{'n'},1,{'NN'},False,companion
company,10,0.00010417100712529688,13.228758576950137,7,NN,n,1,{'n'},1,{'NN'},False,compani
compare,1,1.041710071252969e-05,16.5506866718375,7,VBP,v,1,{'v'},1,{'VBP'},False,compar
compared,2,2.083420142505938e-05,15.550686671837498,8,VBN,v,1,{'v'},1,{'VBN'},False,compar
compartments,1,1.041710071252969e-05,16.5506866718375,12,NNS,n,1,{'n'},1,{'NNS'},False,compart
compass,1,1.041710071252969e-05,16.5506866718375,7,NN,n,1,{'n'},1,{'NN'},False,compass
compensate,1,1.041710071252969e-05,16.5506866718375,10,VB,v,1,{'v'},1,{'VB'},False,compens
competing,2,2.083420142505938e-05,15.550686671837498,9,VBG,v,1,{'v'},1,{'VBG'},False,compet
competition,2,2.083420142505938e-05,15.550686671837498,11,NN,n,1,{'n'},1,{'NN'},False,competit
complain,3,3.1251302137589066e-05,14.965724171116342,8,VB,v,2,"{'n', 'v'}",2,"{'VB', 'NN'}",False,complain
complaining,1,1.041710071252969e-05,16.5506866718375,11,NN,n,1,{'n'},1,{'NN'},False,complain
complaint,2,2.083420142505938e-05,15.550686671837498,9,NN,n,1,{'n'},1,{'NN'},False,complaint
complaints,1,1.041710071252969e-05,16.5506866718375,10,NNS,n,1,{'n'},1,{'NNS'},False,complaint
complete,6,6.250260427517813e-05,13.965724171116342,8,JJ,j,2,"{'j', 'v'}",2,"{'JJ', 'VB'}",False,complet
completed,1,1.041710071252969e-05,16.5506866718375,9,VBN,v,1,{'v'},1,{'VBN'},False,complet
completely,23,0.00023959331638818285,12.027124715780486,10,RB,r,1,{'r'},1,{'RB'},False,complet
complex,3,3.1251302137589066e-05,14.965724171116342,7,NN,n,2,"{'n', 'j'}",2,"{'JJ', 'NN'}",False,complex
complicated,4,4.166840285011876e-05,14.550686671837498,11,JJ,j,2,"{'j', 'v'}",2,"{'JJ', 'VBD'}",False,complic
compositions,1,1.041710071252969e-05,16.5506866718375,12,NNS,n,1,{'n'},1,{'NNS'},False,composit
compost,1,1.041710071252969e-05,16.5506866718375,7,NN,n,1,{'n'},1,{'NN'},False,compost
comrade,4,4.166840285011876e-05,14.550686671837498,7,NN,n,1,{'n'},1,{'NN'},False,comrad
concentrate,1,1.041710071252969e-05,16.5506866718375,11,VB,v,1,{'v'},1,{'VB'},False,concentr
concentrated,1,1.041710071252969e-05,16.5506866718375,12,VBN,v,1,{'v'},1,{'VBN'},False,concentr
concentration,1,1.041710071252969e-05,16.5506866718375,13,NN,n,1,{'n'},1,{'NN'},False,concentr
concept,1,1.041710071252969e-05,16.5506866718375,7,NN,n,1,{'n'},1,{'NN'},False,concept
concern,2,2.083420142505938e-05,15.550686671837498,7,NN,n,1,{'n'},1,{'NN'},False,concern
concerned,6,6.250260427517813e-05,13.965724171116342,9,VBN,v,2,"{'j', 'v'}",2,"{'JJ', 'VBN'}",False,concern
concluded,2,2.083420142505938e-05,15.550686671837498,9,VBD,v,1,{'v'},2,"{'VBD', 'VBN'}",False,conclud
conclusions,1,1.041710071252969e-05,16.5506866718375,11,NNS,n,1,{'n'},1,{'NNS'},False,conclus
concubines,1,1.041710071252969e-05,16.5506866718375,10,NNS,n,1,{'n'},1,{'NNS'},False,concubin
condition,6,6.250260427517813e-05,13.965724171116342,9,NN,n,1,{'n'},1,{'NN'},False,condit
condolences,1,1.041710071252969e-05,16.5506866718375,11,NNS,n,1,{'n'},1,{'NNS'},False,condol
conducted,1,1.041710071252969e-05,16.5506866718375,9,VBN,v,1,{'v'},1,{'VBN'},False,conduct
confessed,2,2.083420142505938e-05,15.550686671837498,9,VBN,v,1,{'v'},1,{'VBN'},False,confess
confident,3,3.1251302137589066e-05,14.965724171116342,9,JJ,j,1,{'j'},1,{'JJ'},False,confid
confidential,1,1.041710071252969e-05,16.5506866718375,12,JJ,j,1,{'j'},1,{'JJ'},False,confidenti
confiscate,1,1.041710071252969e-05,16.5506866718375,10,VB,v,1,{'v'},1,{'VB'},False,confisc
conflict,1,1.041710071252969e-05,16.5506866718375,8,NN,n,1,{'n'},1,{'NN'},False,conflict
confuse,1,1.041710071252969e-05,16.5506866718375,7,VB,v,1,{'v'},1,{'VB'},False,confus
confused,1,1.041710071252969e-05,16.5506866718375,8,JJ,j,1,{'j'},1,{'JJ'},False,confus
congratulate,1,1.041710071252969e-05,16.5506866718375,12,VB,v,1,{'v'},1,{'VB'},False,congratul
congratulations,7,7.291970498770782e-05,13.743331749779895,15,NNS,n,1,{'n'},1,{'NNS'},False,congratul
conquer,1,1.041710071252969e-05,16.5506866718375,7,VB,v,1,{'v'},1,{'VB'},False,conquer
consciousness,1,1.041710071252969e-05,16.5506866718375,13,JJ,j,1,{'j'},1,{'JJ'},False,conscious
consensus,1,1.041710071252969e-05,16.5506866718375,9,NN,n,1,{'n'},1,{'NN'},False,consensu
consent,1,1.041710071252969e-05,16.5506866718375,7,VBP,v,1,{'v'},1,{'VBP'},False,consent
consider,5,5.208550356264844e-05,14.228758576950137,8,VB,v,1,{'v'},2,"{'VB', 'VBP'}",False,consid
considering,1,1.041710071252969e-05,16.5506866718375,11,VBG,v,1,{'v'},1,{'VBG'},False,consid
considers,1,1.041710071252969e-05,16.5506866718375,9,NNPS,n,1,{'n'},1,{'NNPS'},False,consid
conspicuous,1,1.041710071252969e-05,16.5506866718375,11,JJ,j,1,{'j'},1,{'JJ'},False,conspicu
constance,1,1.041710071252969e-05,16.5506866718375,9,NNP,n,1,{'n'},1,{'NNP'},False,constanc
constantly,1,1.041710071252969e-05,16.5506866718375,10,RB,r,1,{'r'},1,{'RB'},False,constantli
constructed,1,1.041710071252969e-05,16.5506866718375,11,VBN,v,1,{'v'},1,{'VBN'},False,construct
construction,18,0.0001875078128255344,12.380761670395186,12,NN,n,1,{'n'},1,{'NN'},False,construct
consumed,4,4.166840285011876e-05,14.550686671837498,8,VBN,v,1,{'v'},2,"{'VBD', 'VBN'}",False,consum
consumes,1,1.041710071252969e-05,16.5506866718375,8,NNS,n,1,{'n'},1,{'NNS'},False,consum
contact,3,3.1251302137589066e-05,14.965724171116342,7,NN,n,2,"{'n', 'v'}",2,"{'VB', 'NN'}",False,contact
contagion,1,1.041710071252969e-05,16.5506866718375,9,NN,n,1,{'n'},1,{'NN'},False,contagion
contagious,1,1.041710071252969e-05,16.5506866718375,10,JJ,j,1,{'j'},1,{'JJ'},False,contagi
container,1,1.041710071252969e-05,16.5506866718375,9,NN,n,1,{'n'},1,{'NN'},False,contain
contains,1,1.041710071252969e-05,16.5506866718375,8,VBZ,v,1,{'v'},1,{'VBZ'},False,contain
contaminated,1,1.041710071252969e-05,16.5506866718375,12,VBN,v,1,{'v'},1,{'VBN'},False,contamin
content,1,1.041710071252969e-05,16.5506866718375,7,NN,n,1,{'n'},1,{'NN'},False,content
contentment,1,1.041710071252969e-05,16.5506866718375,11,NN,n,1,{'n'},1,{'NN'},False,content
contest,3,3.1251302137589066e-05,14.965724171116342,7,NN,n,1,{'n'},1,{'NN'},False,contest
continue,12,0.00012500520855035626,12.965724171116342,8,VB,v,1,{'v'},2,"{'VB', 'VBP'}",False,continu
continued,4,4.166840285011876e-05,14.550686671837498,9,VBD,v,1,{'v'},1,{'VBD'},False,continu
continues,3,3.1251302137589066e-05,14.965724171116342,9,VBZ,v,1,{'v'},1,{'VBZ'},False,continu
continuing,1,1.041710071252969e-05,16.5506866718375,10,VBG,v,1,{'v'},1,{'VBG'},False,continu
continuity,1,1.041710071252969e-05,16.5506866718375,10,NN,n,1,{'n'},1,{'NN'},False,continu
continuous,1,1.041710071252969e-05,16.5506866718375,10,JJ,j,1,{'j'},1,{'JJ'},False,continu
contract,8,8.333680570023751e-05,13.550686671837498,8,NN,n,1,{'n'},1,{'NN'},False,contract
contracted,1,1.041710071252969e-05,16.5506866718375,10,VBD,v,1,{'v'},1,{'VBD'},False,contract
contracts,1,1.041710071252969e-05,16.5506866718375,9,NNS,n,1,{'n'},1,{'NNS'},False,contract
contrail,1,1.041710071252969e-05,16.5506866718375,8,NN,n,1,{'n'},1,{'NN'},False,contrail
contrary,1,1.041710071252969e-05,16.5506866718375,8,JJ,j,1,{'j'},1,{'JJ'},False,contrari
contribute,1,1.041710071252969e-05,16.5506866718375,10,VB,v,1,{'v'},1,{'VB'},False,contribut
control,5,5.208550356264844e-05,14.228758576950137,7,NN,n,2,"{'n', 'v'}",3,"{'VB', 'NN', 'NNP'}",False,control
controlled,2,2.083420142505938e-05,15.550686671837498,10,VBD,v,1,{'v'},2,"{'VBD', 'VBN'}",False,control
controls,1,1.041710071252969e-05,16.5506866718375,8,VBZ,v,1,{'v'},1,{'VBZ'},False,control
convenient,1,1.041710071252969e-05,16.5506866718375,10,JJ,j,1,{'j'},1,{'JJ'},False,conveni
conversation,2,2.083420142505938e-05,15.550686671837498,12,NN,n,1,{'n'},1,{'NN'},False,convers
conversion,1,1.041710071252969e-05,16.5506866718375,10,NN,n,1,{'n'},1,{'NN'},False,convers
convince,1,1.041710071252969e-05,16.5506866718375,8,VB,v,1,{'v'},1,{'VB'},False,convinc
convinced,2,2.083420142505938e-05,15.550686671837498,9,JJ,j,2,"{'j', 'v'}",2,"{'JJ', 'VBD'}",False,convinc
convincing,2,2.083420142505938e-05,15.550686671837498,10,NN,n,2,"{'n', 'v'}",2,"{'VBG', 'NN'}",False,convinc
convoy,1,1.041710071252969e-05,16.5506866718375,6,NN,n,1,{'n'},1,{'NN'},False,convoy
cook,9,9.37539064127672e-05,13.380761670395186,4,VB,v,2,"{'n', 'v'}",3,"{'VB', 'VBP', 'NN'}",False,cook
cooked,1,1.041710071252969e-05,16.5506866718375,6,JJ,j,1,{'j'},1,{'JJ'},False,cook
cookies,2,2.083420142505938e-05,15.550686671837498,7,NNS,n,1,{'n'},1,{'NNS'},False,cooki
cooking,3,3.1251302137589066e-05,14.965724171116342,7,NN,n,2,"{'n', 'v'}",2,"{'VBG', 'NN'}",False,cook
cool,12,0.00012500520855035626,12.965724171116342,4,NN,n,2,"{'n', 'j'}",2,"{'JJ', 'NN'}",False,cool
cooperate,1,1.041710071252969e-05,16.5506866718375,9,VB,v,1,{'v'},1,{'VB'},False,cooper
copy,3,3.1251302137589066e-05,14.965724171116342,4,NN,n,2,"{'n', 'v'}",2,"{'VBP', 'NN'}",False,copi
corn,4,4.166840285011876e-05,14.550686671837498,4,NN,n,1,{'n'},1,{'NN'},False,corn
corner,2,2.083420142505938e-05,15.550686671837498,6,NN,n,1,{'n'},1,{'NN'},False,corner
cornered,3,3.1251302137589066e-05,14.965724171116342,8,VBN,v,1,{'v'},1,{'VBN'},False,corner
corridor,1,1.041710071252969e-05,16.5506866718375,8,NN,n,1,{'n'},1,{'NN'},False,corridor
corvette,5,5.208550356264844e-05,14.228758576950137,8,NN,n,1,{'n'},1,{'NN'},False,corvett
cosmetics,1,1.041710071252969e-05,16.5506866718375,9,NNS,n,1,{'n'},1,{'NNS'},False,cosmet
cost,9,9.37539064127672e-05,13.380761670395186,4,NN,n,2,"{'n', 'v'}",3,"{'VB', 'VBD', 'NN'}",False,cost
costing,1,1.041710071252969e-05,16.5506866718375,7,VBG,v,1,{'v'},1,{'VBG'},False,cost
costs,1,1.041710071252969e-05,16.5506866718375,5,VBZ,v,1,{'v'},1,{'VBZ'},False,cost
cottage,2,2.083420142505938e-05,15.550686671837498,7,NN,n,1,{'n'},1,{'NN'},False,cottag
could,154,0.001604233509729572,9.283900131142598,5,MD,x,2,"{'n', 'x'}",2,"{'MD', 'NNP'}",False,could
couldn,1,1.041710071252969e-05,16.5506866718375,6,VBP,v,1,{'v'},1,{'VBP'},True,couldn
counselor,7,7.291970498770782e-05,13.743331749779895,9,NNP,n,1,{'n'},2,"{'NN', 'NNP'}",False,counselor
count,4,4.166840285011876e-05,14.550686671837498,5,NN,n,2,"{'n', 'v'}",3,"{'VB', 'NN', 'NNP'}",False,count
counting,3,3.1251302137589066e-05,14.965724171116342,8,VBG,v,1,{'v'},1,{'VBG'},False,count
countless,1,1.041710071252969e-05,16.5506866718375,9,JJ,j,1,{'j'},1,{'JJ'},False,countless
countries,5,5.208550356264844e-05,14.228758576950137,9,NNS,n,1,{'n'},1,{'NNS'},False,countri
country,34,0.0003541814242260094,11.46322383058716,7,NN,n,1,{'n'},1,{'NN'},False,countri
countryside,4,4.166840285011876e-05,14.550686671837498,11,NN,n,1,{'n'},1,{'NN'},False,countrysid
coup,1,1.041710071252969e-05,16.5506866718375,4,NN,n,1,{'n'},1,{'NN'},False,coup
couple,2,2.083420142505938e-05,15.550686671837498,6,NN,n,1,{'n'},1,{'NN'},False,coupl
courage,2,2.083420142505938e-05,15.550686671837498,7,NN,n,1,{'n'},1,{'NN'},False,courag
courageous,1,1.041710071252969e-05,16.5506866718375,10,JJ,j,1,{'j'},1,{'JJ'},False,courag
course,51,0.0005312721363390141,10.878261329866003,6,NN,n,2,"{'n', 'j'}",2,"{'JJ', 'NN'}",False,cours
courses,1,1.041710071252969e-05,16.5506866718375,7,NNS,n,1,{'n'},1,{'NNS'},False,cours
court,5,5.208550356264844e-05,14.228758576950137,5,NN,n,1,{'n'},1,{'NN'},False,court
courted,1,1.041710071252969e-05,16.5506866718375,7,VBN,v,1,{'v'},1,{'VBN'},False,court
courtesy,1,1.041710071252969e-05,16.5506866718375,8,NN,n,1,{'n'},1,{'NN'},False,courtesi
courtier,2,2.083420142505938e-05,15.550686671837498,8,NN,n,1,{'n'},1,{'NN'},False,courtier
courtyard,1,1.041710071252969e-05,16.5506866718375,9,NN,n,1,{'n'},1,{'NN'},False,courtyard
cousin,2,2.083420142505938e-05,15.550686671837498,6,NN,n,1,{'n'},1,{'NN'},False,cousin
cover,4,4.166840285011876e-05,14.550686671837498,5,VB,v,2,"{'n', 'v'}",2,"{'VB', 'NN'}",False,cover
coverage,1,1.041710071252969e-05,16.5506866718375,8,NN,n,1,{'n'},1,{'NN'},False,coverag
covered,1,1.041710071252969e-05,16.5506866718375,7,VBN,v,1,{'v'},1,{'VBN'},False,cover
covering,3,3.1251302137589066e-05,14.965724171116342,8,VBG,v,1,{'v'},1,{'VBG'},False,cover
coward,4,4.166840285011876e-05,14.550686671837498,6,NN,n,1,{'n'},2,"{'NN', 'NNP'}",False,coward
cowardly,3,3.1251302137589066e-05,14.965724171116342,8,RB,r,2,"{'j', 'r'}",2,"{'JJ', 'RB'}",False,cowardli
cowboy,1,1.041710071252969e-05,16.5506866718375,6,VBP,v,1,{'v'},1,{'VBP'},False,cowboy
coworkers,1,1.041710071252969e-05,16.5506866718375,9,NNS,n,1,{'n'},1,{'NNS'},False,cowork
cowrie,4,4.166840285011876e-05,14.550686671837498,6,NN,n,1,{'n'},1,{'NN'},False,cowri
cows,2,2.083420142505938e-05,15.550686671837498,4,NNS,n,1,{'n'},1,{'NNS'},False,cow
cozy,1,1.041710071252969e-05,16.5506866718375,4,JJ,j,1,{'j'},1,{'JJ'},False,cozi
crab,2,2.083420142505938e-05,15.550686671837498,4,NN,n,1,{'n'},1,{'NN'},False,crab
crack,2,2.083420142505938e-05,15.550686671837498,5,NN,n,2,"{'n', 'v'}",2,"{'VB', 'NN'}",False,crack
crackling,1,1.041710071252969e-05,16.5506866718375,9,VBG,v,1,{'v'},1,{'VBG'},False,crackl
cramped,2,2.083420142505938e-05,15.550686671837498,7,JJ,j,2,"{'j', 'v'}",2,"{'JJ', 'VBN'}",False,cramp
cramps,1,1.041710071252969e-05,16.5506866718375,6,NNS,n,1,{'n'},1,{'NNS'},False,cramp
crap,1,1.041710071252969e-05,16.5506866718375,4,NN,n,1,{'n'},1,{'NN'},False,crap
crash,7,7.291970498770782e-05,13.743331749779895,5,NN,v,2,"{'n', 'v'}",3,"{'VB', 'VBP', 'NN'}",False,crash
crashed,3,3.1251302137589066e-05,14.965724171116342,7,VBD,v,1,{'v'},1,{'VBD'},False,crash
crashlanded,1,1.041710071252969e-05,16.5506866718375,11,JJ,j,1,{'j'},1,{'JJ'},False,crashland
crawl,1,1.041710071252969e-05,16.5506866718375,5,NN,n,1,{'n'},1,{'NN'},False,crawl
crawling,2,2.083420142505938e-05,15.550686671837498,8,VBG,v,1,{'v'},1,{'VBG'},False,crawl
crazy,16,0.00016667361140047503,12.550686671837498,5,JJ,j,2,"{'j', 'v'}",2,"{'JJ', 'VBP'}",False,crazi
cream,4,4.166840285011876e-05,14.550686671837498,5,NN,n,1,{'n'},1,{'NN'},False,cream
create,2,2.083420142505938e-05,15.550686671837498,6,VB,v,1,{'v'},2,"{'VB', 'VBP'}",False,creat
creating,1,1.041710071252969e-05,16.5506866718375,8,VBG,v,1,{'v'},1,{'VBG'},False,creat
creative,1,1.041710071252969e-05,16.5506866718375,8,JJ,j,1,{'j'},1,{'JJ'},False,creativ
creator,1,1.041710071252969e-05,16.5506866718375,7,NN,n,1,{'n'},1,{'NN'},False,creator
creature,2,2.083420142505938e-05,15.550686671837498,8,NN,n,1,{'n'},1,{'NN'},False,creatur
creatures,3,3.1251302137589066e-05,14.965724171116342,9,NNS,n,1,{'n'},1,{'NNS'},False,creatur
credit,5,5.208550356264844e-05,14.228758576950137,6,NN,n,1,{'n'},1,{'NN'},False,credit
creek,2,2.083420142505938e-05,15.550686671837498,5,NN,n,1,{'n'},1,{'NN'},False,creek
creeps,1,1.041710071252969e-05,16.5506866718375,6,NNS,n,1,{'n'},1,{'NNS'},False,creep
creepy,3,3.1251302137589066e-05,14.965724171116342,6,NN,n,1,{'n'},1,{'NN'},False,creepi
crew,6,6.250260427517813e-05,13.965724171116342,4,NN,n,2,"{'n', 'v'}",2,"{'VB', 'NN'}",False,crew
cried,1,1.041710071252969e-05,16.5506866718375,5,VBD,v,1,{'v'},1,{'VBD'},False,cri
cries,2,2.083420142505938e-05,15.550686671837498,5,NNS,n,1,{'n'},1,{'NNS'},False,cri
crime,3,3.1251302137589066e-05,14.965724171116342,5,NN,n,1,{'n'},1,{'NN'},False,crime
criminal,1,1.041710071252969e-05,16.5506866718375,8,JJ,j,1,{'j'},1,{'JJ'},False,crimin
crimson,2,2.083420142505938e-05,15.550686671837498,7,NNP,n,1,{'n'},1,{'NNP'},False,crimson
crimsoncolored,1,1.041710071252969e-05,16.5506866718375,14,JJ,j,1,{'j'},1,{'JJ'},False,crimsoncolor
crispy,1,1.041710071252969e-05,16.5506866718375,6,NN,n,1,{'n'},1,{'NN'},False,crispi
croaking,1,1.041710071252969e-05,16.5506866718375,8,VBG,v,1,{'v'},1,{'VBG'},False,croak
crone,1,1.041710071252969e-05,16.5506866718375,5,NN,n,1,{'n'},1,{'NN'},False,crone
cross,3,3.1251302137589066e-05,14.965724171116342,5,VBP,v,1,{'v'},2,"{'VB', 'VBP'}",False,cross
crossed,4,4.166840285011876e-05,14.550686671837498,7,VBD,v,1,{'v'},1,{'VBD'},False,cross
crouch,1,1.041710071252969e-05,16.5506866718375,6,JJ,j,1,{'j'},1,{'JJ'},False,crouch
crow,3,3.1251302137589066e-05,14.965724171116342,4,NN,n,1,{'n'},1,{'NN'},False,crow
crowd,4,4.166840285011876e-05,14.550686671837498,5,NN,n,1,{'n'},1,{'NN'},False,crowd
crowded,3,3.1251302137589066e-05,14.965724171116342,7,VBN,v,1,{'v'},1,{'VBN'},False,crowd
crowds,1,1.041710071252969e-05,16.5506866718375,6,NN,n,1,{'n'},1,{'NN'},False,crowd
crows,6,6.250260427517813e-05,13.965724171116342,5,NNS,n,2,"{'n', 'v'}",2,"{'VBZ', 'NNS'}",False,crow
crucial,1,1.041710071252969e-05,16.5506866718375,7,JJ,j,1,{'j'},1,{'JJ'},False,crucial
cruel,7,7.291970498770782e-05,13.743331749779895,5,JJ,j,2,"{'n', 'j'}",2,"{'JJ', 'NN'}",False,cruel
cruiser,1,1.041710071252969e-05,16.5506866718375,7,NN,n,1,{'n'},1,{'NN'},False,cruiser
crumb,1,1.041710071252969e-05,16.5506866718375,5,NN,n,1,{'n'},1,{'NN'},False,crumb
crumbled,1,1.041710071252969e-05,16.5506866718375,8,VBN,v,1,{'v'},1,{'VBN'},False,crumbl
crush,1,1.041710071252969e-05,16.5506866718375,5,VB,v,1,{'v'},1,{'VB'},False,crush
cry,24,0.00025001041710071253,11.965724171116342,3,VB,n,2,"{'n', 'v'}",3,"{'VB', 'NN', 'NNP'}",False,cri
crybaby,1,1.041710071252969e-05,16.5506866718375,7,NN,n,1,{'n'},1,{'NN'},False,crybabi
crying,8,8.333680570023751e-05,13.550686671837498,6,VBG,v,2,"{'n', 'v'}",2,"{'VBG', 'NN'}",False,cri
crystal,2,2.083420142505938e-05,15.550686671837498,7,JJ,j,2,"{'n', 'j'}",2,"{'JJ', 'NN'}",False,crystal
crystals,1,1.041710071252969e-05,16.5506866718375,8,NNS,n,1,{'n'},1,{'NNS'},False,crystal
cub,5,5.208550356264844e-05,14.228758576950137,3,NN,n,1,{'n'},2,"{'NN', 'NNP'}",False,cub
cubs,10,0.00010417100712529688,13.228758576950137,4,NNS,n,1,{'n'},2,"{'NN', 'NNS'}",False,cub
cuddle,1,1.041710071252969e-05,16.5506866718375,6,VB,v,1,{'v'},1,{'VB'},False,cuddl
cult,1,1.041710071252969e-05,16.5506866718375,4,NN,n,1,{'n'},1,{'NN'},False,cult
cunning,1,1.041710071252969e-05,16.5506866718375,7,VBG,v,1,{'v'},1,{'VBG'},False,cun
cup,3,3.1251302137589066e-05,14.965724171116342,3,NN,n,1,{'n'},2,"{'NN', 'NNP'}",False,cup
cupped,1,1.041710071252969e-05,16.5506866718375,6,VBN,v,1,{'v'},1,{'VBN'},False,cup
cure,4,4.166840285011876e-05,14.550686671837498,4,VB,v,1,{'v'},1,{'VB'},False,cure
cures,1,1.041710071252969e-05,16.5506866718375,5,VBZ,v,1,{'v'},1,{'VBZ'},False,cure
curious,3,3.1251302137589066e-05,14.965724171116342,7,JJ,j,1,{'j'},1,{'JJ'},False,curiou
current,2,2.083420142505938e-05,15.550686671837498,7,JJ,j,1,{'j'},1,{'JJ'},False,current
currents,1,1.041710071252969e-05,16.5506866718375,8,NNS,n,1,{'n'},1,{'NNS'},False,current
curse,23,0.00023959331638818285,12.027124715780486,5,NN,n,2,"{'n', 'v'}",2,"{'VBP', 'NN'}",False,curs
cursed,5,5.208550356264844e-05,14.228758576950137,6,VBN,v,2,"{'j', 'v'}",2,"{'JJ', 'VBN'}",False,curs
curses,4,4.166840285011876e-05,14.550686671837498,6,NNS,n,1,{'n'},1,{'NNS'},False,curs
curtain,1,1.041710071252969e-05,16.5506866718375,7,NN,n,1,{'n'},1,{'NN'},False,curtain
curtis,21,0.00021875911496312345,12.158369249058739,6,NNP,n,2,"{'n', 'v'}",3,"{'VB', 'NN', 'NNP'}",False,curti
curve,4,4.166840285011876e-05,14.550686671837498,5,NN,n,1,{'n'},1,{'NN'},False,curv
cushions,1,1.041710071252969e-05,16.5506866718375,8,NNS,n,1,{'n'},1,{'NNS'},False,cushion
custom,4,4.166840285011876e-05,14.550686671837498,6,NN,n,1,{'n'},1,{'NN'},False,custom
customer,9,9.37539064127672e-05,13.380761670395186,8,NN,n,1,{'n'},1,{'NN'},False,custom
customers,7,7.291970498770782e-05,13.743331749779895,9,NNS,n,1,{'n'},1,{'NNS'},False,custom
cut,27,0.0002812617192383016,11.79579916967403,3,VB,v,2,"{'n', 'v'}",5,"{'VBD', 'NN', 'NNP', 'VB', 'VBN'}",False,cut
cute,19,0.00019792491353806408,12.302759158393913,4,JJ,j,3,"{'n', 'j', 'v'}",3,"{'JJ', 'VB', 'NN'}",False,cute
cuter,1,1.041710071252969e-05,16.5506866718375,5,NN,n,1,{'n'},1,{'NN'},False,cuter
cutter,4,4.166840285011876e-05,14.550686671837498,6,NNP,n,1,{'n'},2,"{'NN', 'NNP'}",False,cutter
cygnus,1,1.041710071252969e-05,16.5506866718375,6,NNP,n,1,{'n'},1,{'NNP'},False,cygnu
d,107,0.0011146297762406768,9.809219685436352,1,MD,x,5,"{'j', 'v', 'n', 'x', 'r'}",8,"{'JJ', 'VBD', 'NN', 'NNP', 'MD', 'NNS', 'RB', 'VB'}",True,d
dad,41,0.00042710112921371724,11.193134667219415,3,NNP,n,1,{'n'},2,"{'NN', 'NNP'}",False,dad
daddy,8,8.333680570023751e-05,13.550686671837498,5,NN,n,1,{'n'},2,"{'NN', 'NNP'}",False,daddi
dads,1,1.041710071252969e-05,16.5506866718375,4,NNP,n,1,{'n'},1,{'NNP'},False,dad
daffy,1,1.041710071252969e-05,16.5506866718375,5,NNP,n,1,{'n'},1,{'NNP'},False,daffi
daikon,2,2.083420142505938e-05,15.550686671837498,6,JJ,j,2,"{'n', 'j'}",2,"{'JJ', 'NN'}",False,daikon
daily,3,3.1251302137589066e-05,14.965724171116342,5,JJ,j,2,"{'j', 'r'}",2,"{'JJ', 'RB'}",False,daili
daimyo,3,3.1251302137589066e-05,14.965724171116342,6,NNP,n,1,{'n'},1,{'NNP'},False,daimyo
damage,2,2.083420142505938e-05,15.550686671837498,6,NN,n,2,"{'n', 'v'}",2,"{'VB', 'NN'}",False,damag
damn,20,0.00020834201425059377,12.228758576950137,4,NNP,n,2,"{'n', 'v'}",4,"{'VBZ', 'VB', 'NN', 'NNP'}",False,damn
damned,4,4.166840285011876e-05,14.550686671837498,6,VBD,v,1,{'v'},2,"{'VBD', 'VBN'}",False,damn
damp,5,5.208550356264844e-05,14.228758576950137,4,JJ,j,3,"{'n', 'j', 'r'}",4,"{'JJ', 'RB', 'NN', 'NNP'}",False,damp
dance,3,3.1251302137589066e-05,14.965724171116342,5,NN,n,1,{'n'},1,{'NN'},False,danc
danced,1,1.041710071252969e-05,16.5506866718375,6,VBD,v,1,{'v'},1,{'VBD'},False,danc
dancin,1,1.041710071252969e-05,16.5506866718375,6,NNP,n,1,{'n'},1,{'NNP'},False,dancin
dancing,3,3.1251302137589066e-05,14.965724171116342,7,VBG,v,2,"{'n', 'v'}",2,"{'VBG', 'NN'}",False,danc
dandy,1,1.041710071252969e-05,16.5506866718375,5,NNP,n,1,{'n'},1,{'NNP'},False,dandi
danger,4,4.166840285011876e-05,14.550686671837498,6,NN,n,1,{'n'},1,{'NN'},False,danger
dangerous,19,0.00019792491353806408,12.302759158393913,9,JJ,j,1,{'j'},1,{'JJ'},False,danger
dare,2,2.083420142505938e-05,15.550686671837498,4,VB,v,1,{'v'},2,"{'VB', 'VBP'}",False,dare
daredevil,1,1.041710071252969e-05,16.5506866718375,9,JJ,j,1,{'j'},1,{'JJ'},False,daredevil
dares,1,1.041710071252969e-05,16.5506866718375,5,VBZ,v,1,{'v'},1,{'VBZ'},False,dare
dark,15,0.00015625651068794532,12.64379607622898,4,JJ,j,2,"{'n', 'j'}",3,"{'JJ', 'NN', 'NNP'}",False,dark
darker,1,1.041710071252969e-05,16.5506866718375,6,NN,n,1,{'n'},1,{'NN'},False,darker
darkness,2,2.083420142505938e-05,15.550686671837498,8,NN,n,1,{'n'},1,{'NN'},False,dark
darling,4,4.166840285011876e-05,14.550686671837498,7,VBG,v,1,{'v'},1,{'VBG'},False,darl
darn,3,3.1251302137589066e-05,14.965724171116342,4,NNP,n,1,{'n'},1,{'NNP'},False,darn
darts,1,1.041710071252969e-05,16.5506866718375,5,NNS,n,1,{'n'},1,{'NNS'},False,dart
dashed,1,1.041710071252969e-05,16.5506866718375,6,VBN,v,1,{'v'},1,{'VBN'},False,dash
dashing,1,1.041710071252969e-05,16.5506866718375,7,VBG,v,1,{'v'},1,{'VBG'},False,dash
data,2,2.083420142505938e-05,15.550686671837498,4,NN,n,1,{'n'},2,"{'NN', 'NNP'}",False,data
date,1,1.041710071252969e-05,16.5506866718375,4,NN,n,1,{'n'},1,{'NN'},False,date
daughter,12,0.00012500520855035626,12.965724171116342,8,NN,n,1,{'n'},1,{'NN'},False,daughter
daughters,1,1.041710071252969e-05,16.5506866718375,9,NNS,n,1,{'n'},1,{'NNS'},False,daughter
dawn,3,3.1251302137589066e-05,14.965724171116342,4,NN,n,2,"{'n', 'v'}",2,"{'VBN', 'NN'}",False,dawn
dawned,1,1.041710071252969e-05,16.5506866718375,6,VBD,v,1,{'v'},1,{'VBD'},False,dawn
dawning,1,1.041710071252969e-05,16.5506866718375,7,NN,n,1,{'n'},1,{'NN'},False,dawn
day,79,0.0008229509562898454,10.246905923660396,3,NN,n,1,{'n'},1,{'NN'},False,day
daylight,1,1.041710071252969e-05,16.5506866718375,8,NN,n,1,{'n'},1,{'NN'},False,daylight
days,35,0.0003645985249385391,11.421403654892533,4,NNS,n,1,{'n'},2,"{'NNS', 'NNP'}",False,day
daytime,2,2.083420142505938e-05,15.550686671837498,7,JJ,j,2,"{'n', 'j'}",2,"{'JJ', 'NN'}",False,daytim
dazzles,1,1.041710071252969e-05,16.5506866718375,7,VBZ,v,1,{'v'},1,{'VBZ'},False,dazzl
ddo,1,1.041710071252969e-05,16.5506866718375,3,JJ,j,1,{'j'},1,{'JJ'},False,ddo
de,3,3.1251302137589066e-05,14.965724171116342,2,IN,x,1,{'x'},1,{'IN'},False,de
dead,29,0.000302095920663361,11.692705676709927,4,JJ,j,2,"{'n', 'j'}",3,"{'JJ', 'NN', 'NNP'}",False,dead
deadly,1,1.041710071252969e-05,16.5506866718375,6,RB,r,1,{'r'},1,{'RB'},False,deadli
deal,14,0.00014583940997541563,12.743331749779895,4,NN,n,2,"{'n', 'v'}",2,"{'VB', 'NN'}",False,deal
dealt,2,2.083420142505938e-05,15.550686671837498,5,VBD,v,1,{'v'},1,{'VBD'},False,dealt
dear,30,0.00031251302137589064,11.64379607622898,4,JJ,n,4,"{'n', 'j', 'r', 'v'}",5,"{'JJ', 'NN', 'NNP', 'RB', 'VB'}",False,dear
death,17,0.0001770907121130047,12.46322383058716,5,NN,n,1,{'n'},1,{'NN'},False,death
deaths,4,4.166840285011876e-05,14.550686671837498,6,NNS,n,1,{'n'},1,{'NNS'},False,death
debate,1,1.041710071252969e-05,16.5506866718375,6,NN,n,1,{'n'},1,{'NN'},False,debat
debating,1,1.041710071252969e-05,16.5506866718375,8,VBG,v,1,{'v'},1,{'VBG'},False,debat
deborah,1,1.041710071252969e-05,16.5506866718375,7,NNP,n,1,{'n'},1,{'NNP'},False,deborah
debt,5,5.208550356264844e-05,14.228758576950137,4,NN,n,1,{'n'},1,{'NN'},False,debt
debut,1,1.041710071252969e-05,16.5506866718375,5,VB,v,1,{'v'},1,{'VB'},False,debut
decadent,1,1.041710071252969e-05,16.5506866718375,8,JJ,j,1,{'j'},1,{'JJ'},False,decad
decades,1,1.041710071252969e-05,16.5506866718375,7,NNS,n,1,{'n'},1,{'NNS'},False,decad
decay,1,1.041710071252969e-05,16.5506866718375,5,VB,v,1,{'v'},1,{'VB'},False,decay
deceived,1,1.041710071252969e-05,16.5506866718375,8,VBN,v,1,{'v'},1,{'VBN'},False,deceiv
decide,7,7.291970498770782e-05,13.743331749779895,6,VB,v,2,"{'r', 'v'}",3,"{'VB', 'VBP', 'RB'}",False,decid
decided,21,0.00021875911496312345,12.158369249058739,7,VBD,v,1,{'v'},2,"{'VBD', 'VBN'}",False,decid
deciphered,1,1.041710071252969e-05,16.5506866718375,10,VBN,v,1,{'v'},1,{'VBN'},False,deciph
decision,9,9.37539064127672e-05,13.380761670395186,8,NN,n,1,{'n'},1,{'NN'},False,decis
decisions,1,1.041710071252969e-05,16.5506866718375,9,NNS,n,1,{'n'},1,{'NNS'},False,decis
deck,2,2.083420142505938e-05,15.550686671837498,4,NN,n,1,{'n'},1,{'NN'},False,deck
declining,1,1.041710071252969e-05,16.5506866718375,9,VBG,v,1,{'v'},1,{'VBG'},False,declin
decomposed,1,1.041710071252969e-05,16.5506866718375,10,VBD,v,1,{'v'},1,{'VBD'},False,decompos
deep,12,0.00012500520855035626,12.965724171116342,4,JJ,j,3,"{'n', 'j', 'r'}",3,"{'JJ', 'RB', 'NN'}",False,deep
deepened,1,1.041710071252969e-05,16.5506866718375,8,VBD,v,1,{'v'},1,{'VBD'},False,deepen
deeper,4,4.166840285011876e-05,14.550686671837498,6,JJR,j,4,"{'n', 'j', 'r', 'v'}",4,"{'RBR', 'VB', 'JJR', 'NN'}",False,deeper
deer,1,1.041710071252969e-05,16.5506866718375,4,NN,n,1,{'n'},1,{'NN'},False,deer
defeat,2,2.083420142505938e-05,15.550686671837498,6,VB,v,1,{'v'},1,{'VB'},False,defeat
defeated,4,4.166840285011876e-05,14.550686671837498,8,VBD,v,1,{'v'},2,"{'VBD', 'VBN'}",False,defeat
defence,1,1.041710071252969e-05,16.5506866718375,7,NN,n,1,{'n'},1,{'NN'},False,defenc
defend,1,1.041710071252969e-05,16.5506866718375,6,VB,v,1,{'v'},1,{'VB'},False,defend
defense,1,1.041710071252969e-05,16.5506866718375,7,NNP,n,1,{'n'},1,{'NNP'},False,defens
defensive,1,1.041710071252969e-05,16.5506866718375,9,JJ,j,1,{'j'},1,{'JJ'},False,defens
defile,1,1.041710071252969e-05,16.5506866718375,6,VBP,v,1,{'v'},1,{'VBP'},False,defil
definitely,3,3.1251302137589066e-05,14.965724171116342,10,RB,r,1,{'r'},1,{'RB'},False,definit
degree,1,1.041710071252969e-05,16.5506866718375,6,NN,n,1,{'n'},1,{'NN'},False,degre
degrees,1,1.041710071252969e-05,16.5506866718375,7,NNS,n,1,{'n'},1,{'NNS'},False,degre
deity,1,1.041710071252969e-05,16.5506866718375,5,NN,n,1,{'n'},1,{'NN'},False,deiti
dekkai,1,1.041710071252969e-05,16.5506866718375,6,NNP,n,1,{'n'},1,{'NNP'},False,dekkai
delay,2,2.083420142505938e-05,15.550686671837498,5,NN,n,1,{'n'},1,{'NN'},False,delay
delayed,1,1.041710071252969e-05,16.5506866718375,7,VBN,v,1,{'v'},1,{'VBN'},False,delay
delaying,1,1.041710071252969e-05,16.5506866718375,8,VBG,v,1,{'v'},1,{'VBG'},False,delay
deliberately,2,2.083420142505938e-05,15.550686671837498,12,RB,r,1,{'r'},1,{'RB'},False,deliber
delicately,1,1.041710071252969e-05,16.5506866718375,10,RB,r,1,{'r'},1,{'RB'},False,delic
delicious,12,0.00012500520855035626,12.965724171116342,9,JJ,j,2,"{'n', 'j'}",2,"{'JJ', 'NNP'}",False,delici
delighted,1,1.041710071252969e-05,16.5506866718375,9,JJ,j,1,{'j'},1,{'JJ'},False,delight
delightful,2,2.083420142505938e-05,15.550686671837498,10,JJ,j,1,{'j'},1,{'JJ'},False,delight
delinquent,2,2.083420142505938e-05,15.550686671837498,10,NN,n,1,{'n'},1,{'NN'},False,delinqu
deliver,11,0.00011458810783782658,13.091255053200202,7,VB,v,1,{'v'},2,"{'VB', 'VBP'}",False,deliv
delivered,3,3.1251302137589066e-05,14.965724171116342,9,VBN,v,1,{'v'},1,{'VBN'},False,deliv
delivery,10,0.00010417100712529688,13.228758576950137,8,NN,n,1,{'n'},1,{'NN'},False,deliveri
demand,1,1.041710071252969e-05,16.5506866718375,6,NN,n,1,{'n'},1,{'NN'},False,demand
demanding,1,1.041710071252969e-05,16.5506866718375,9,VBG,v,1,{'v'},1,{'VBG'},False,demand
demolish,1,1.041710071252969e-05,16.5506866718375,8,JJ,j,1,{'j'},1,{'JJ'},False,demolish
demon,14,0.00014583940997541563,12.743331749779895,5,NN,n,1,{'n'},1,{'NN'},False,demon
demons,2,2.083420142505938e-05,15.550686671837498,6,NNS,n,1,{'n'},1,{'NNS'},False,demon
demonstration,2,2.083420142505938e-05,15.550686671837498,13,NN,n,1,{'n'},1,{'NN'},False,demonstr
den,2,2.083420142505938e-05,15.550686671837498,3,NN,n,1,{'n'},1,{'NN'},False,den
denied,1,1.041710071252969e-05,16.5506866718375,6,VBN,v,1,{'v'},1,{'VBN'},False,deni
denominator,3,3.1251302137589066e-05,14.965724171116342,11,NN,n,1,{'n'},1,{'NN'},False,denomin
deny,2,2.083420142505938e-05,15.550686671837498,4,NN,n,2,"{'n', 'v'}",2,"{'VBP', 'NN'}",False,deni
depart,3,3.1251302137589066e-05,14.965724171116342,6,VB,v,1,{'v'},1,{'VB'},False,depart
departed,2,2.083420142505938e-05,15.550686671837498,8,VBD,v,1,{'v'},2,"{'VBD', 'VBN'}",False,depart
departing,2,2.083420142505938e-05,15.550686671837498,9,VBG,v,1,{'v'},1,{'VBG'},False,depart
department,3,3.1251302137589066e-05,14.965724171116342,10,NN,n,1,{'n'},2,"{'NN', 'NNP'}",False,depart
departs,1,1.041710071252969e-05,16.5506866718375,7,NNS,n,1,{'n'},1,{'NNS'},False,depart
departure,5,5.208550356264844e-05,14.228758576950137,9,NN,n,1,{'n'},1,{'NN'},False,departur
depending,1,1.041710071252969e-05,16.5506866718375,9,VBG,v,1,{'v'},1,{'VBG'},False,depend
depends,1,1.041710071252969e-05,16.5506866718375,7,NNS,n,1,{'n'},1,{'NNS'},False,depend
depressing,3,3.1251302137589066e-05,14.965724171116342,10,JJ,j,2,"{'n', 'j'}",2,"{'JJ', 'NN'}",False,depress
depression,2,2.083420142505938e-05,15.550686671837498,10,NN,n,1,{'n'},2,"{'NN', 'NNP'}",False,depress
der,1,1.041710071252969e-05,16.5506866718375,3,NN,n,1,{'n'},1,{'NN'},False,der
deranged,1,1.041710071252969e-05,16.5506866718375,8,VBN,v,1,{'v'},1,{'VBN'},False,derang
descend,1,1.041710071252969e-05,16.5506866718375,7,NNP,n,1,{'n'},1,{'NNP'},False,descend
descended,1,1.041710071252969e-05,16.5506866718375,9,VBD,v,1,{'v'},1,{'VBD'},False,descend
describe,1,1.041710071252969e-05,16.5506866718375,8,VB,v,1,{'v'},1,{'VB'},False,describ
desert,1,1.041710071252969e-05,16.5506866718375,6,NN,n,1,{'n'},1,{'NN'},False,desert
deserted,1,1.041710071252969e-05,16.5506866718375,8,JJ,j,1,{'j'},1,{'JJ'},False,desert
deserve,1,1.041710071252969e-05,16.5506866718375,7,VB,v,1,{'v'},1,{'VB'},False,deserv
deserved,1,1.041710071252969e-05,16.5506866718375,8,VBD,v,1,{'v'},1,{'VBD'},False,deserv
design,21,0.00021875911496312345,12.158369249058739,6,NN,n,2,"{'n', 'v'}",2,"{'VB', 'NN'}",False,design
designed,1,1.041710071252969e-05,16.5506866718375,8,VBN,v,1,{'v'},1,{'VBN'},False,design
designer,3,3.1251302137589066e-05,14.965724171116342,8,NN,n,1,{'n'},1,{'NN'},False,design
designing,1,1.041710071252969e-05,16.5506866718375,9,VBG,v,1,{'v'},1,{'VBG'},False,design
desire,1,1.041710071252969e-05,16.5506866718375,6,NN,n,1,{'n'},1,{'NN'},False,desir
desk,4,4.166840285011876e-05,14.550686671837498,4,NN,n,1,{'n'},1,{'NN'},False,desk
despair,1,1.041710071252969e-05,16.5506866718375,7,NN,n,1,{'n'},1,{'NN'},False,despair
desperate,5,5.208550356264844e-05,14.228758576950137,9,JJ,j,2,"{'n', 'j'}",2,"{'JJ', 'NNP'}",False,desper
desperately,3,3.1251302137589066e-05,14.965724171116342,11,RB,r,1,{'r'},1,{'RB'},False,desper
despite,6,6.250260427517813e-05,13.965724171116342,7,IN,x,1,{'x'},1,{'IN'},False,despit
dessau,2,2.083420142505938e-05,15.550686671837498,6,NNP,n,1,{'n'},1,{'NNP'},False,dessau
dessert,1,1.041710071252969e-05,16.5506866718375,7,NN,n,1,{'n'},1,{'NN'},False,dessert
destination,2,2.083420142505938e-05,15.550686671837498,11,NN,n,1,{'n'},1,{'NN'},False,destin
destined,3,3.1251302137589066e-05,14.965724171116342,8,VBN,v,1,{'v'},1,{'VBN'},False,destin
destiny,3,3.1251302137589066e-05,14.965724171116342,7,NN,n,1,{'n'},1,{'NN'},False,destini
destroy,8,8.333680570023751e-05,13.550686671837498,7,VB,v,1,{'v'},1,{'VB'},False,destroy
destroyed,17,0.0001770907121130047,12.46322383058716,9,VBN,v,1,{'v'},2,"{'VBD', 'VBN'}",False,destroy
destroying,5,5.208550356264844e-05,14.228758576950137,10,VBG,v,1,{'v'},1,{'VBG'},False,destroy
destruction,7,7.291970498770782e-05,13.743331749779895,11,NN,n,1,{'n'},1,{'NN'},False,destruct
destructive,1,1.041710071252969e-05,16.5506866718375,11,JJ,j,1,{'j'},1,{'JJ'},False,destruct
detail,2,2.083420142505938e-05,15.550686671837498,6,NN,n,1,{'n'},1,{'NN'},False,detail
details,2,2.083420142505938e-05,15.550686671837498,7,NNS,n,1,{'n'},1,{'NNS'},False,detail
determination,1,1.041710071252969e-05,16.5506866718375,13,NN,n,1,{'n'},1,{'NN'},False,determin
determine,1,1.041710071252969e-05,16.5506866718375,9,VB,v,1,{'v'},1,{'VB'},False,determin
determined,1,1.041710071252969e-05,16.5506866718375,10,VBN,v,1,{'v'},1,{'VBN'},False,determin
devastated,1,1.041710071252969e-05,16.5506866718375,10,VBD,v,1,{'v'},1,{'VBD'},False,devast
devastation,2,2.083420142505938e-05,15.550686671837498,11,NN,n,1,{'n'},1,{'NN'},False,devast
develop,1,1.041710071252969e-05,16.5506866718375,7,VBP,v,1,{'v'},1,{'VBP'},False,develop
developed,1,1.041710071252969e-05,16.5506866718375,9,VBN,v,1,{'v'},1,{'VBN'},False,develop
developers,7,7.291970498770782e-05,13.743331749779895,10,NNS,n,1,{'n'},1,{'NNS'},False,develop
developing,2,2.083420142505938e-05,15.550686671837498,10,VBG,v,1,{'v'},1,{'VBG'},False,develop
development,15,0.00015625651068794532,12.64379607622898,11,NN,n,1,{'n'},1,{'NN'},False,develop
devil,1,1.041710071252969e-05,16.5506866718375,5,NN,n,1,{'n'},1,{'NN'},False,devil
devonian,2,2.083420142505938e-05,15.550686671837498,8,JJ,j,1,{'j'},1,{'JJ'},False,devonian
devonynchus,2,2.083420142505938e-05,15.550686671837498,11,NN,n,1,{'n'},2,"{'NN', 'NNP'}",False,devonynchu
devote,1,1.041710071252969e-05,16.5506866718375,6,VB,v,1,{'v'},1,{'VB'},False,devot
devoted,1,1.041710071252969e-05,16.5506866718375,7,VBN,v,1,{'v'},1,{'VBN'},False,devot
devoting,1,1.041710071252969e-05,16.5506866718375,8,VBG,v,1,{'v'},1,{'VBG'},False,devot
devotion,3,3.1251302137589066e-05,14.965724171116342,8,NN,n,1,{'n'},1,{'NN'},False,devot
dew,1,1.041710071252969e-05,16.5506866718375,3,NN,n,1,{'n'},1,{'NN'},False,dew
diagnosed,1,1.041710071252969e-05,16.5506866718375,9,VBN,v,1,{'v'},1,{'VBN'},False,diagnos
dial,1,1.041710071252969e-05,16.5506866718375,4,NN,n,1,{'n'},1,{'NN'},False,dial
dialogue,2,2.083420142505938e-05,15.550686671837498,8,NN,n,1,{'n'},1,{'NN'},False,dialogu
dials,1,1.041710071252969e-05,16.5506866718375,5,NNS,n,1,{'n'},1,{'NNS'},False,dial
diarreah,2,2.083420142505938e-05,15.550686671837498,8,NN,n,1,{'n'},1,{'NN'},False,diarreah
diarrhea,1,1.041710071252969e-05,16.5506866718375,8,NN,n,1,{'n'},1,{'NN'},False,diarrhea
dictionary,1,1.041710071252969e-05,16.5506866718375,10,NN,n,1,{'n'},1,{'NN'},False,dictionari
did,260,0.002708446185257719,8.528318858809044,3,VBD,v,2,"{'n', 'v'}",4,"{'VBD', 'VBP', 'NN', 'NNP'}",True,did
didarabotchi,4,4.166840285011876e-05,14.550686671837498,12,NNP,n,1,{'n'},1,{'NNP'},False,didarabotchi
didn,10,0.00010417100712529688,13.228758576950137,4,VBP,v,2,"{'n', 'v'}",3,"{'VBP', 'NN', 'NNP'}",True,didn
didntcha,1,1.041710071252969e-05,16.5506866718375,8,NN,n,1,{'n'},1,{'NN'},False,didntcha
didst,1,1.041710071252969e-05,16.5506866718375,5,NN,n,1,{'n'},1,{'NN'},False,didst
die,45,0.000468769532063836,11.058833575507824,3,VB,v,2,"{'n', 'v'}",3,"{'VB', 'VBP', 'NN'}",False,die
died,23,0.00023959331638818285,12.027124715780486,4,VBD,v,1,{'v'},2,"{'VBD', 'VBN'}",False,die
dies,4,4.166840285011876e-05,14.550686671837498,4,VBZ,v,2,"{'n', 'v'}",2,"{'VBZ', 'NNS'}",False,die
difference,1,1.041710071252969e-05,16.5506866718375,10,NN,n,1,{'n'},1,{'NN'},False,differ
different,12,0.00012500520855035626,12.965724171116342,9,JJ,j,1,{'j'},1,{'JJ'},False,differ
difficult,12,0.00012500520855035626,12.965724171116342,9,JJ,j,1,{'j'},1,{'JJ'},False,difficult
difficulty,1,1.041710071252969e-05,16.5506866718375,10,NN,n,1,{'n'},1,{'NN'},False,difficulti
dig,2,2.083420142505938e-05,15.550686671837498,3,VB,v,1,{'v'},2,"{'VB', 'VBP'}",False,dig
digging,2,2.083420142505938e-05,15.550686671837498,7,NN,n,2,"{'n', 'v'}",2,"{'VBG', 'NN'}",False,dig
dignity,1,1.041710071252969e-05,16.5506866718375,7,NN,n,1,{'n'},1,{'NN'},False,digniti
dillydallying,1,1.041710071252969e-05,16.5506866718375,13,JJ,j,1,{'j'},1,{'JJ'},False,dillyd
dime,2,2.083420142505938e-05,15.550686671837498,4,NN,n,1,{'n'},1,{'NN'},False,dime
dinner,12,0.00012500520855035626,12.965724171116342,6,NN,n,1,{'n'},1,{'NN'},False,dinner
dipnorhynchus,2,2.083420142505938e-05,15.550686671837498,13,NN,n,1,{'n'},2,"{'NN', 'NNP'}",False,dipnorhynchu
direct,1,1.041710071252969e-05,16.5506866718375,6,JJ,j,1,{'j'},1,{'JJ'},False,direct
direction,6,6.250260427517813e-05,13.965724171116342,9,NN,n,1,{'n'},1,{'NN'},False,direct
directions,1,1.041710071252969e-05,16.5506866718375,10,NNS,n,1,{'n'},1,{'NNS'},False,direct
dirigible,10,0.00010417100712529688,13.228758576950137,9,JJ,j,2,"{'n', 'j'}",2,"{'JJ', 'NN'}",False,dirig
dirigibles,1,1.041710071252969e-05,16.5506866718375,10,NNS,n,1,{'n'},1,{'NNS'},False,dirig
dirt,7,7.291970498770782e-05,13.743331749779895,4,NN,n,1,{'n'},1,{'NN'},False,dirt
dirty,11,0.00011458810783782658,13.091255053200202,5,JJ,j,3,"{'n', 'j', 'v'}",5,"{'JJ', 'NN', 'VBZ', 'NNS', 'VBN'}",False,dirti
dirtyminded,1,1.041710071252969e-05,16.5506866718375,11,JJ,j,1,{'j'},1,{'JJ'},False,dirtymind
disagreeable,1,1.041710071252969e-05,16.5506866718375,12,NN,n,1,{'n'},1,{'NN'},False,disagre
disappear,4,4.166840285011876e-05,14.550686671837498,9,NN,n,2,"{'n', 'v'}",4,"{'VB', 'VBP', 'NN', 'NNP'}",False,disappear
disappeared,5,5.208550356264844e-05,14.228758576950137,11,VBN,v,2,"{'j', 'v'}",3,"{'VBD', 'JJ', 'VBN'}",False,disappear
disappearing,1,1.041710071252969e-05,16.5506866718375,12,VBG,v,1,{'v'},1,{'VBG'},False,disappear
disappears,2,2.083420142505938e-05,15.550686671837498,10,NNS,n,2,"{'n', 'v'}",2,"{'VBZ', 'NNS'}",False,disappear
disappointed,1,1.041710071252969e-05,16.5506866718375,12,VBN,v,1,{'v'},1,{'VBN'},False,disappoint
disaster,2,2.083420142505938e-05,15.550686671837498,8,NN,n,1,{'n'},2,"{'NN', 'NNP'}",False,disast
disastrous,1,1.041710071252969e-05,16.5506866718375,10,JJ,j,1,{'j'},1,{'JJ'},False,disastr
disbanded,1,1.041710071252969e-05,16.5506866718375,9,VBD,v,1,{'v'},1,{'VBD'},False,disband
discipline,1,1.041710071252969e-05,16.5506866718375,10,NN,n,1,{'n'},1,{'NN'},False,disciplin
disco,1,1.041710071252969e-05,16.5506866718375,5,NN,n,1,{'n'},1,{'NN'},False,disco
discover,3,3.1251302137589066e-05,14.965724171116342,8,VB,v,1,{'v'},1,{'VB'},False,discov
discovered,3,3.1251302137589066e-05,14.965724171116342,10,VBN,v,1,{'v'},1,{'VBN'},False,discov
discovery,1,1.041710071252969e-05,16.5506866718375,9,NN,n,1,{'n'},1,{'NN'},False,discoveri
discretion,1,1.041710071252969e-05,16.5506866718375,10,NN,n,1,{'n'},1,{'NN'},False,discret
discuss,2,2.083420142505938e-05,15.550686671837498,7,VB,v,1,{'v'},1,{'VB'},False,discuss
discussing,2,2.083420142505938e-05,15.550686671837498,10,VBG,v,1,{'v'},1,{'VBG'},False,discuss
discussion,2,2.083420142505938e-05,15.550686671837498,10,NN,n,1,{'n'},1,{'NN'},False,discuss
discussions,1,1.041710071252969e-05,16.5506866718375,11,NNS,n,1,{'n'},1,{'NNS'},False,discuss
disease,2,2.083420142505938e-05,15.550686671837498,7,NN,n,1,{'n'},1,{'NN'},False,diseas
disguise,4,4.166840285011876e-05,14.550686671837498,8,NN,n,1,{'n'},1,{'NN'},False,disguis
disguised,3,3.1251302137589066e-05,14.965724171116342,9,VBD,v,1,{'v'},2,"{'VBD', 'VBN'}",False,disguis
disgust,1,1.041710071252969e-05,16.5506866718375,7,NN,n,1,{'n'},1,{'NN'},False,disgust
disgusted,1,1.041710071252969e-05,16.5506866718375,9,VBN,v,1,{'v'},1,{'VBN'},False,disgust
disgusting,4,4.166840285011876e-05,14.550686671837498,10,VBG,v,2,"{'n', 'v'}",2,"{'VBG', 'NN'}",False,disgust
dish,1,1.041710071252969e-05,16.5506866718375,4,NN,n,1,{'n'},1,{'NN'},False,dish
dishwasher,1,1.041710071252969e-05,16.5506866718375,10,NN,n,1,{'n'},1,{'NN'},False,dishwash
disintegrate,1,1.041710071252969e-05,16.5506866718375,12,VB,v,1,{'v'},1,{'VB'},False,disintegr
dislike,1,1.041710071252969e-05,16.5506866718375,7,VB,v,1,{'v'},1,{'VB'},False,dislik
disobedience,1,1.041710071252969e-05,16.5506866718375,12,NN,n,1,{'n'},1,{'NN'},False,disobedi
disobedient,1,1.041710071252969e-05,16.5506866718375,11,NN,n,1,{'n'},1,{'NN'},False,disobedi
disobey,1,1.041710071252969e-05,16.5506866718375,7,VB,v,1,{'v'},1,{'VB'},False,disobey
disordered,1,1.041710071252969e-05,16.5506866718375,10,VBN,v,1,{'v'},1,{'VBN'},False,disord
dispatch,1,1.041710071252969e-05,16.5506866718375,8,VB,v,1,{'v'},1,{'VB'},False,dispatch
displaced,1,1.041710071252969e-05,16.5506866718375,9,VBN,v,1,{'v'},1,{'VBN'},False,displac
display,1,1.041710071252969e-05,16.5506866718375,7,NN,n,1,{'n'},1,{'NN'},False,display
disreputable,1,1.041710071252969e-05,16.5506866718375,12,JJ,j,1,{'j'},1,{'JJ'},False,disreput
disrupted,1,1.041710071252969e-05,16.5506866718375,9,VBN,v,1,{'v'},1,{'VBN'},False,disrupt
distance,5,5.208550356264844e-05,14.228758576950137,8,NN,n,1,{'n'},1,{'NN'},False,distanc
distant,3,3.1251302137589066e-05,14.965724171116342,7,JJ,j,1,{'j'},1,{'JJ'},False,distant
distasteful,1,1.041710071252969e-05,16.5506866718375,11,JJ,j,1,{'j'},1,{'JJ'},False,distast
distract,3,3.1251302137589066e-05,14.965724171116342,8,VB,v,1,{'v'},2,"{'VBZ', 'VB'}",False,distract
distracted,1,1.041710071252969e-05,16.5506866718375,10,VBN,v,1,{'v'},1,{'VBN'},False,distract
distressed,1,1.041710071252969e-05,16.5506866718375,10,JJ,j,1,{'j'},1,{'JJ'},False,distress
distribute,1,1.041710071252969e-05,16.5506866718375,10,VB,v,1,{'v'},1,{'VB'},False,distribut
distribution,1,1.041710071252969e-05,16.5506866718375,12,NN,n,1,{'n'},1,{'NN'},False,distribut
disturbing,2,2.083420142505938e-05,15.550686671837498,10,VBG,v,1,{'v'},1,{'VBG'},False,disturb
dive,1,1.041710071252969e-05,16.5506866718375,4,NN,n,1,{'n'},1,{'NN'},False,dive
dived,1,1.041710071252969e-05,16.5506866718375,5,VBN,v,1,{'v'},1,{'VBN'},False,dive
diversion,1,1.041710071252969e-05,16.5506866718375,9,NN,n,1,{'n'},1,{'NN'},False,divers
divide,3,3.1251302137589066e-05,14.965724171116342,6,VB,v,1,{'v'},2,"{'VB', 'VBP'}",False,divid
divided,3,3.1251302137589066e-05,14.965724171116342,7,VBN,v,1,{'v'},2,"{'VBD', 'VBN'}",False,divid
dividing,8,8.333680570023751e-05,13.550686671837498,8,VBG,v,1,{'v'},1,{'VBG'},False,divid
dizzy,2,2.083420142505938e-05,15.550686671837498,5,NN,n,1,{'n'},2,"{'NN', 'NNS'}",False,dizzi
dna,2,2.083420142505938e-05,15.550686671837498,3,NN,n,1,{'n'},2,"{'NN', 'NNP'}",False,dna
do,915,0.009531647151964666,6.713058738666094,2,VBP,v,2,"{'n', 'v'}",3,"{'VB', 'VBP', 'NNP'}",True,do
dock,2,2.083420142505938e-05,15.550686671837498,4,NN,n,1,{'n'},1,{'NN'},False,dock
doctor,9,9.37539064127672e-05,13.380761670395186,6,NN,n,1,{'n'},1,{'NN'},False,doctor
document,1,1.041710071252969e-05,16.5506866718375,8,NN,n,1,{'n'},1,{'NN'},False,document
dodgeball,1,1.041710071252969e-05,16.5506866718375,9,JJ,j,1,{'j'},1,{'JJ'},False,dodgebal
does,79,0.0008229509562898454,10.246905923660396,4,VBZ,v,2,"{'n', 'v'}",2,"{'VBZ', 'NNP'}",True,doe
doesn,16,0.00016667361140047503,12.550686671837498,5,VBZ,v,3,"{'n', 'j', 'v'}",4,"{'VBD', 'VBZ', 'JJ', 'NN'}",True,doesn
dog,17,0.0001770907121130047,12.46322383058716,3,NN,n,1,{'n'},2,"{'NN', 'NNP'}",False,dog
doggie,2,2.083420142505938e-05,15.550686671837498,6,NN,n,1,{'n'},1,{'NN'},False,doggi
dogs,13,0.00013542230926288595,12.850246953696406,4,NNS,n,1,{'n'},2,"{'NNS', 'NNP'}",False,dog
doing,69,0.0007187799491645485,10.44216221505933,5,VBG,v,1,{'v'},1,{'VBG'},True,do
dokonjo,1,1.041710071252969e-05,16.5506866718375,7,NNP,n,1,{'n'},1,{'NNP'},False,dokonjo
doll,1,1.041710071252969e-05,16.5506866718375,4,NN,n,1,{'n'},1,{'NN'},False,doll
dollar,1,1.041710071252969e-05,16.5506866718375,6,NN,n,1,{'n'},1,{'NN'},False,dollar
dolly,1,1.041710071252969e-05,16.5506866718375,5,RB,r,1,{'r'},1,{'RB'},False,dolli
domain,1,1.041710071252969e-05,16.5506866718375,6,NN,n,1,{'n'},1,{'NN'},False,domain
dome,1,1.041710071252969e-05,16.5506866718375,4,NNP,n,1,{'n'},1,{'NNP'},False,dome
domestic,1,1.041710071252969e-05,16.5506866718375,8,JJ,j,1,{'j'},1,{'JJ'},False,domest
don,129,0.0013438059919163299,9.539459416414244,3,NNP,n,3,"{'n', 'j', 'v'}",6,"{'JJ', 'NN', 'NNP', 'VBZ', 'VBP', 'VB'}",True,don
donald,1,1.041710071252969e-05,16.5506866718375,6,NNP,n,1,{'n'},1,{'NNP'},False,donald
donation,1,1.041710071252969e-05,16.5506866718375,8,NN,n,1,{'n'},1,{'NN'},False,donat
donations,1,1.041710071252969e-05,16.5506866718375,9,NNS,n,1,{'n'},1,{'NNS'},False,donat
done,40,0.00041668402850118753,11.228758576950137,4,VBN,v,2,"{'n', 'v'}",2,"{'VBN', 'NN'}",False,done
dontcha,3,3.1251302137589066e-05,14.965724171116342,7,JJ,j,3,"{'n', 'j', 'v'}",3,"{'JJ', 'VB', 'NNP'}",False,dontcha
doomed,1,1.041710071252969e-05,16.5506866718375,6,VBN,v,1,{'v'},1,{'VBN'},False,doom
door,23,0.00023959331638818285,12.027124715780486,4,NN,n,1,{'n'},1,{'NN'},False,door
dope,3,3.1251302137589066e-05,14.965724171116342,4,NN,n,1,{'n'},1,{'NN'},False,dope
dopey,1,1.041710071252969e-05,16.5506866718375,5,JJ,j,1,{'j'},1,{'JJ'},False,dopey
dora,9,9.37539064127672e-05,13.380761670395186,4,NNP,n,1,{'n'},1,{'NNP'},False,dora
double,2,2.083420142505938e-05,15.550686671837498,6,NN,n,2,"{'n', 'v'}",2,"{'VBZ', 'NN'}",False,doubl
doubleedged,1,1.041710071252969e-05,16.5506866718375,11,JJ,j,1,{'j'},1,{'JJ'},False,doubleedg
doubt,5,5.208550356264844e-05,14.228758576950137,5,NN,n,2,"{'n', 'v'}",2,"{'VB', 'NN'}",False,doubt
doubts,1,1.041710071252969e-05,16.5506866718375,6,NNS,n,1,{'n'},1,{'NNS'},False,doubt
doughnuts,1,1.041710071252969e-05,16.5506866718375,9,NNP,n,1,{'n'},1,{'NNP'},False,doughnut
down,131,0.0013646401933413892,9.517263670300048,4,RP,x,2,"{'x', 'r'}",3,"{'RB', 'IN', 'RP'}",True,down
downfall,1,1.041710071252969e-05,16.5506866718375,8,NN,n,1,{'n'},1,{'NN'},False,downfal
downhearted,1,1.041710071252969e-05,16.5506866718375,11,JJ,j,1,{'j'},1,{'JJ'},False,downheart
downpour,1,1.041710071252969e-05,16.5506866718375,8,NN,n,1,{'n'},1,{'NN'},False,downpour
downstairs,4,4.166840285011876e-05,14.550686671837498,10,NNS,n,2,"{'n', 'r'}",2,"{'RB', 'NNS'}",False,downstair
dozens,3,3.1251302137589066e-05,14.965724171116342,6,NNS,n,1,{'n'},1,{'NNS'},False,dozen
dr,5,5.208550356264844e-05,14.228758576950137,2,NNP,n,1,{'n'},1,{'NNP'},False,dr
draft,1,1.041710071252969e-05,16.5506866718375,5,NN,n,1,{'n'},1,{'NN'},False,draft
drag,4,4.166840285011876e-05,14.550686671837498,4,NN,n,1,{'n'},1,{'NN'},False,drag
dragged,2,2.083420142505938e-05,15.550686671837498,7,VBD,v,1,{'v'},2,"{'VBD', 'VBN'}",False,drag
dragon,13,0.00013542230926288595,12.850246953696406,6,NN,n,1,{'n'},2,"{'NN', 'NNP'}",False,dragon
drama,2,2.083420142505938e-05,15.550686671837498,5,NN,n,1,{'n'},1,{'NN'},False,drama
drank,2,2.083420142505938e-05,15.550686671837498,5,NN,n,2,"{'n', 'v'}",2,"{'VBP', 'NN'}",False,drank
draw,12,0.00012500520855035626,12.965724171116342,4,VB,v,2,"{'n', 'v'}",3,"{'VB', 'VBP', 'NN'}",False,draw
drawing,5,5.208550356264844e-05,14.228758576950137,7,VBG,v,2,"{'n', 'v'}",2,"{'VBG', 'NN'}",False,draw
draws,1,1.041710071252969e-05,16.5506866718375,5,NNS,n,1,{'n'},1,{'NNS'},False,draw
dreadful,3,3.1251302137589066e-05,14.965724171116342,8,JJ,j,2,"{'n', 'j'}",2,"{'JJ', 'NNP'}",False,dread
dream,30,0.00031251302137589064,11.64379607622898,5,NN,n,2,"{'n', 'v'}",2,"{'VB', 'NN'}",False,dream
dreamed,5,5.208550356264844e-05,14.228758576950137,7,VBD,v,1,{'v'},1,{'VBD'},False,dream
dreaming,6,6.250260427517813e-05,13.965724171116342,8,NN,n,2,"{'n', 'v'}",2,"{'VBG', 'NN'}",False,dream
dreams,10,0.00010417100712529688,13.228758576950137,6,NNS,n,1,{'n'},1,{'NNS'},False,dream
dress,11,0.00011458810783782658,13.091255053200202,5,NN,n,1,{'n'},1,{'NN'},False,dress
dressed,2,2.083420142505938e-05,15.550686671837498,7,VBD,v,1,{'v'},2,"{'VBD', 'VBN'}",False,dress
drew,3,3.1251302137589066e-05,14.965724171116342,4,VBD,v,1,{'v'},1,{'VBD'},False,drew
dried,7,7.291970498770782e-05,13.743331749779895,5,VBD,v,2,"{'j', 'v'}",3,"{'JJ', 'VBD', 'VBN'}",False,dri
drifted,2,2.083420142505938e-05,15.550686671837498,7,VBD,v,1,{'v'},1,{'VBD'},False,drift
drills,3,3.1251302137589066e-05,14.965724171116342,6,NNS,n,1,{'n'},1,{'NNS'},False,drill
drink,12,0.00012500520855035626,12.965724171116342,5,VB,v,2,"{'n', 'v'}",3,"{'VB', 'VBP', 'NN'}",False,drink
drinking,2,2.083420142505938e-05,15.550686671837498,8,NN,n,2,"{'n', 'v'}",2,"{'VBG', 'NN'}",False,drink
drinks,2,2.083420142505938e-05,15.550686671837498,6,NNS,n,1,{'n'},1,{'NNS'},False,drink
dripped,1,1.041710071252969e-05,16.5506866718375,7,VBN,v,1,{'v'},1,{'VBN'},False,drip
drive,4,4.166840285011876e-05,14.550686671837498,5,VB,v,2,"{'n', 'v'}",2,"{'VB', 'NN'}",False,drive
driven,1,1.041710071252969e-05,16.5506866718375,6,VBN,v,1,{'v'},1,{'VBN'},False,driven
driver,2,2.083420142505938e-05,15.550686671837498,6,NN,n,1,{'n'},1,{'NN'},False,driver
drop,12,0.00012500520855035626,12.965724171116342,4,NN,n,2,"{'n', 'v'}",4,"{'VB', 'VBP', 'NN', 'NNP'}",False,drop
dropped,3,3.1251302137589066e-05,14.965724171116342,7,VBD,v,1,{'v'},1,{'VBD'},False,drop
dropping,1,1.041710071252969e-05,16.5506866718375,8,VBG,v,1,{'v'},1,{'VBG'},False,drop
drops,5,5.208550356264844e-05,14.228758576950137,5,NNS,n,2,"{'n', 'j'}",3,"{'JJ', 'NNS', 'NNP'}",False,drop
drown,2,2.083420142505938e-05,15.550686671837498,5,NN,n,2,"{'n', 'v'}",2,"{'VBP', 'NN'}",False,drown
drowned,1,1.041710071252969e-05,16.5506866718375,7,VBN,v,1,{'v'},1,{'VBN'},False,drown
drowning,1,1.041710071252969e-05,16.5506866718375,8,NN,n,1,{'n'},1,{'NN'},False,drown
drums,1,1.041710071252969e-05,16.5506866718375,5,NNS,n,1,{'n'},1,{'NNS'},False,drum
dry,7,7.291970498770782e-05,13.743331749779895,3,JJ,j,2,"{'j', 'v'}",2,"{'JJ', 'VB'}",False,dri
duck,3,3.1251302137589066e-05,14.965724171116342,4,NN,n,1,{'n'},1,{'NN'},False,duck
duckling,2,2.083420142505938e-05,15.550686671837498,8,NN,n,1,{'n'},1,{'NN'},False,duckl
due,12,0.00012500520855035626,12.965724171116342,3,JJ,j,1,{'j'},1,{'JJ'},False,due
dug,2,2.083420142505938e-05,15.550686671837498,3,NN,n,2,"{'n', 'v'}",2,"{'VBN', 'NN'}",False,dug
dumb,1,1.041710071252969e-05,16.5506866718375,4,JJ,j,1,{'j'},1,{'JJ'},False,dumb
dummy,4,4.166840285011876e-05,14.550686671837498,5,NN,n,2,"{'n', 'v'}",2,"{'VBP', 'NN'}",False,dummi
dump,7,7.291970498770782e-05,13.743331749779895,4,NN,v,2,"{'n', 'v'}",3,"{'VB', 'VBP', 'NN'}",False,dump
dumped,2,2.083420142505938e-05,15.550686671837498,6,VBD,v,1,{'v'},2,"{'VBD', 'VBP'}",False,dump
dumping,3,3.1251302137589066e-05,14.965724171116342,7,NN,n,2,"{'n', 'v'}",2,"{'VBG', 'NN'}",False,dump
dumpling,1,1.041710071252969e-05,16.5506866718375,8,NN,n,1,{'n'},1,{'NN'},False,dumpl
dumps,1,1.041710071252969e-05,16.5506866718375,5,NNS,n,1,{'n'},1,{'NNS'},False,dump
dunno,1,1.041710071252969e-05,16.5506866718375,5,VBP,v,1,{'v'},1,{'VBP'},False,dunno
during,9,9.37539064127672e-05,13.380761670395186,6,IN,x,1,{'x'},1,{'IN'},True,dure
dusk,1,1.041710071252969e-05,16.5506866718375,4,NN,n,1,{'n'},1,{'NN'},False,dusk
dust,3,3.1251302137589066e-05,14.965724171116342,4,NN,n,1,{'n'},2,"{'NN', 'NNP'}",False,dust
dusty,3,3.1251302137589066e-05,14.965724171116342,5,JJ,j,1,{'j'},1,{'JJ'},False,dusti
duties,1,1.041710071252969e-05,16.5506866718375,6,NNS,n,1,{'n'},1,{'NNS'},False,duti
duty,4,4.166840285011876e-05,14.550686671837498,4,NN,n,1,{'n'},1,{'NN'},False,duti
dwindled,1,1.041710071252969e-05,16.5506866718375,8,VBN,v,1,{'v'},1,{'VBN'},False,dwindl
dye,2,2.083420142505938e-05,15.550686671837498,3,VB,v,1,{'v'},2,"{'VB', 'VBP'}",False,dye
dyed,2,2.083420142505938e-05,15.550686671837498,4,VBN,v,1,{'v'},1,{'VBN'},False,dy
dying,7,7.291970498770782e-05,13.743331749779895,5,VBG,v,1,{'v'},1,{'VBG'},False,die
dynamite,2,2.083420142505938e-05,15.550686671837498,8,JJ,j,2,"{'n', 'j'}",2,"{'JJ', 'NN'}",False,dynamit
each,20,0.00020834201425059377,12.228758576950137,4,DT,x,1,{'x'},1,{'DT'},True,each
eager,3,3.1251302137589066e-05,14.965724171116342,5,JJ,j,1,{'j'},1,{'JJ'},False,eager
eagerly,3,3.1251302137589066e-05,14.965724171116342,7,RB,r,1,{'r'},1,{'RB'},False,eagerli
earlier,6,6.250260427517813e-05,13.965724171116342,7,JJR,j,2,"{'j', 'r'}",3,"{'RBR', 'RB', 'JJR'}",False,earlier
early,6,6.250260427517813e-05,13.965724171116342,5,JJ,j,2,"{'j', 'r'}",2,"{'JJ', 'RB'}",False,earli
earn,2,2.083420142505938e-05,15.550686671837498,4,NN,n,2,"{'n', 'v'}",2,"{'VB', 'NN'}",False,earn
earned,1,1.041710071252969e-05,16.5506866718375,6,VBN,v,1,{'v'},1,{'VBN'},False,earn
ears,3,3.1251302137589066e-05,14.965724171116342,4,NNS,n,1,{'n'},1,{'NNS'},False,ear
earth,19,0.00019792491353806408,12.302759158393913,5,NN,n,1,{'n'},2,"{'NN', 'NNP'}",False,earth
earthquake,2,2.083420142505938e-05,15.550686671837498,10,NN,n,1,{'n'},1,{'NN'},False,earthquak
ease,1,1.041710071252969e-05,16.5506866718375,4,NN,n,1,{'n'},1,{'NN'},False,eas
easier,2,2.083420142505938e-05,15.550686671837498,6,JJR,j,1,{'j'},1,{'JJR'},False,easier
easily,7,7.291970498770782e-05,13.743331749779895,6,RB,r,1,{'r'},1,{'RB'},False,easili
east,8,8.333680570023751e-05,13.550686671837498,4,NN,n,3,"{'n', 'j', 'r'}",4,"{'JJ', 'RB', 'NN', 'NNP'}",False,east
eastern,1,1.041710071252969e-05,16.5506866718375,7,JJ,j,1,{'j'},1,{'JJ'},False,eastern
easy,12,0.00012500520855035626,12.965724171116342,4,JJ,j,2,"{'n', 'j'}",2,"{'JJ', 'NNP'}",False,easi
eat,101,0.0010521271719654986,9.892475189085705,3,VB,v,3,"{'n', 'j', 'v'}",6,"{'JJ', 'VBD', 'NN', 'NNP', 'VBP', 'VB'}",False,eat
eaten,9,9.37539064127672e-05,13.380761670395186,5,VBN,v,1,{'v'},2,"{'VB', 'VBN'}",False,eaten
eating,10,0.00010417100712529688,13.228758576950137,6,VBG,v,3,"{'n', 'j', 'v'}",3,"{'VBG', 'JJ', 'NN'}",False,eat
eats,1,1.041710071252969e-05,16.5506866718375,4,VBZ,v,1,{'v'},1,{'VBZ'},False,eat
eboshi,9,9.37539064127672e-05,13.380761670395186,6,NNP,n,1,{'n'},2,"{'NN', 'NNP'}",False,eboshi
eboshisama,33,0.0003437643235134797,11.506292552479046,10,NNP,n,2,"{'n', 'j'}",3,"{'JJ', 'NN', 'NNP'}",False,eboshisama
eclairs,1,1.041710071252969e-05,16.5506866718375,7,NNS,n,1,{'n'},1,{'NNS'},False,eclair
economic,1,1.041710071252969e-05,16.5506866718375,8,JJ,j,1,{'j'},1,{'JJ'},False,econom
economize,1,1.041710071252969e-05,16.5506866718375,9,VB,v,1,{'v'},1,{'VB'},False,econom
economy,2,2.083420142505938e-05,15.550686671837498,7,NN,n,1,{'n'},1,{'NN'},False,economi
edge,3,3.1251302137589066e-05,14.965724171116342,4,NN,n,1,{'n'},1,{'NN'},False,edg
edible,1,1.041710071252969e-05,16.5506866718375,6,JJ,j,1,{'j'},1,{'JJ'},False,edibl
edo,1,1.041710071252969e-05,16.5506866718375,3,NNP,n,1,{'n'},1,{'NNP'},False,edo
eeeh,1,1.041710071252969e-05,16.5506866718375,4,NNP,n,1,{'n'},1,{'NNP'},False,eeeh
eeevery,1,1.041710071252969e-05,16.5506866718375,7,JJ,j,1,{'j'},1,{'JJ'},False,eeeveri
eek,2,2.083420142505938e-05,15.550686671837498,3,NN,n,1,{'n'},2,"{'NN', 'NNP'}",False,eek
eerie,1,1.041710071252969e-05,16.5506866718375,5,NN,n,1,{'n'},1,{'NN'},False,eeri
effect,3,3.1251302137589066e-05,14.965724171116342,6,NN,n,1,{'n'},1,{'NN'},False,effect
effected,1,1.041710071252969e-05,16.5506866718375,8,VBN,v,1,{'v'},1,{'VBN'},False,effect
effort,2,2.083420142505938e-05,15.550686671837498,6,NN,n,1,{'n'},1,{'NN'},False,effort
efforts,5,5.208550356264844e-05,14.228758576950137,7,NNS,n,1,{'n'},1,{'NNS'},False,effort
egg,3,3.1251302137589066e-05,14.965724171116342,3,NN,n,1,{'n'},1,{'NN'},False,egg
eggs,7,7.291970498770782e-05,13.743331749779895,4,NNS,n,1,{'n'},1,{'NNS'},False,egg
eggthief,1,1.041710071252969e-05,16.5506866718375,8,NN,n,1,{'n'},1,{'NN'},False,eggthief
ego,1,1.041710071252969e-05,16.5506866718375,3,NN,n,1,{'n'},1,{'NN'},False,ego
eh,31,0.00032293012208842035,11.596490361450623,2,NNP,n,2,"{'n', 'v'}",3,"{'VB', 'NN', 'NNP'}",False,eh
ehh,2,2.083420142505938e-05,15.550686671837498,3,NNP,n,1,{'n'},2,"{'NNS', 'NNP'}",False,ehh
either,9,9.37539064127672e-05,13.380761670395186,6,DT,x,2,"{'x', 'r'}",3,"{'CC', 'RB', 'DT'}",False,either
elaborate,1,1.041710071252969e-05,16.5506866718375,9,VB,v,1,{'v'},1,{'VB'},False,elabor
elder,2,2.083420142505938e-05,15.550686671837498,5,NN,n,1,{'n'},1,{'NN'},False,elder
elders,10,0.00010417100712529688,13.228758576950137,6,NNS,n,1,{'n'},1,{'NNS'},False,elder
eldest,1,1.041710071252969e-05,16.5506866718375,6,JJS,j,1,{'j'},1,{'JJS'},False,eldest
electric,1,1.041710071252969e-05,16.5506866718375,8,JJ,j,1,{'j'},1,{'JJ'},False,electr
electrical,1,1.041710071252969e-05,16.5506866718375,10,JJ,j,1,{'j'},1,{'JJ'},False,electr
electricity,2,2.083420142505938e-05,15.550686671837498,11,NN,n,1,{'n'},1,{'NN'},False,electr
elegant,2,2.083420142505938e-05,15.550686671837498,7,JJ,j,1,{'j'},1,{'JJ'},False,eleg
elementary,4,4.166840285011876e-05,14.550686671837498,10,JJ,j,1,{'j'},1,{'JJ'},False,elementari
elevator,1,1.041710071252969e-05,16.5506866718375,8,NN,n,1,{'n'},1,{'NN'},False,elev
elixir,2,2.083420142505938e-05,15.550686671837498,6,NN,n,1,{'n'},1,{'NN'},False,elixir
eloquent,1,1.041710071252969e-05,16.5506866718375,8,JJ,j,1,{'j'},1,{'JJ'},False,eloqu
else,32,0.00033334722280095006,11.550686671837498,4,RB,r,1,{'r'},1,{'RB'},False,els
elsewhere,2,2.083420142505938e-05,15.550686671837498,9,RB,r,1,{'r'},1,{'RB'},False,elsewher
em,8,8.333680570023751e-05,13.550686671837498,2,NN,x,3,"{'n', 'x', 'r'}",4,"{'CD', 'RB', 'PRP', 'NN'}",False,em
embarrassed,1,1.041710071252969e-05,16.5506866718375,11,JJ,j,1,{'j'},1,{'JJ'},False,embarrass
embarrassment,1,1.041710071252969e-05,16.5506866718375,13,NN,n,1,{'n'},1,{'NN'},False,embarrass
embraced,1,1.041710071252969e-05,16.5506866718375,8,VBD,v,1,{'v'},1,{'VBD'},False,embrac
emerged,2,2.083420142505938e-05,15.550686671837498,7,NN,n,2,"{'n', 'v'}",2,"{'VBD', 'NN'}",False,emerg
emergency,13,0.00013542230926288595,12.850246953696406,9,NN,n,1,{'n'},2,"{'NN', 'NNP'}",False,emerg
emerges,1,1.041710071252969e-05,16.5506866718375,7,VBZ,v,1,{'v'},1,{'VBZ'},False,emerg
emishi,1,1.041710071252969e-05,16.5506866718375,6,NNP,n,1,{'n'},1,{'NNP'},False,emishi
emperor,7,7.291970498770782e-05,13.743331749779895,7,NNP,n,1,{'n'},2,"{'NN', 'NNP'}",False,emperor
empire,4,4.166840285011876e-05,14.550686671837498,6,NN,n,1,{'n'},2,"{'NN', 'NNP'}",False,empir
employ,1,1.041710071252969e-05,16.5506866718375,6,VB,v,1,{'v'},1,{'VB'},False,employ
employees,2,2.083420142505938e-05,15.550686671837498,9,NNS,n,1,{'n'},1,{'NNS'},False,employe
employer,1,1.041710071252969e-05,16.5506866718375,8,NN,n,1,{'n'},1,{'NN'},False,employ
empty,5,5.208550356264844e-05,14.228758576950137,5,JJ,j,2,"{'j', 'r'}",2,"{'JJ', 'RB'}",False,empti
enamel,3,3.1251302137589066e-05,14.965724171116342,6,NN,n,2,"{'n', 'v'}",2,"{'VBZ', 'NN'}",False,enamel
encircle,1,1.041710071252969e-05,16.5506866718375,8,VB,v,1,{'v'},1,{'VB'},False,encircl
encountered,1,1.041710071252969e-05,16.5506866718375,11,VBN,v,1,{'v'},1,{'VBN'},False,encount
encourage,2,2.083420142505938e-05,15.550686671837498,9,VB,v,1,{'v'},2,"{'VB', 'VBP'}",False,encourag
encouraged,1,1.041710071252969e-05,16.5506866718375,10,VBD,v,1,{'v'},1,{'VBD'},False,encourag
end,25,0.00026042751781324224,11.906830482062773,3,NN,n,2,"{'n', 'v'}",2,"{'VB', 'NN'}",False,end
ended,2,2.083420142505938e-05,15.550686671837498,5,VBD,v,1,{'v'},2,"{'VBD', 'VBN'}",False,end
endless,2,2.083420142505938e-05,15.550686671837498,7,JJ,j,2,"{'j', 'v'}",2,"{'JJ', 'VB'}",False,endless
ends,1,1.041710071252969e-05,16.5506866718375,4,VBZ,v,1,{'v'},1,{'VBZ'},False,end
endure,1,1.041710071252969e-05,16.5506866718375,6,VB,v,1,{'v'},1,{'VB'},False,endur
enemies,1,1.041710071252969e-05,16.5506866718375,7,NNS,n,1,{'n'},1,{'NNS'},False,enemi
enemy,17,0.0001770907121130047,12.46322383058716,5,NN,n,1,{'n'},2,"{'NN', 'NNP'}",False,enemi
energy,13,0.00013542230926288595,12.850246953696406,6,NN,n,1,{'n'},1,{'NN'},False,energi
engaged,2,2.083420142505938e-05,15.550686671837498,7,VBN,v,1,{'v'},1,{'VBN'},False,engag
engagement,1,1.041710071252969e-05,16.5506866718375,10,NN,n,1,{'n'},1,{'NN'},False,engag
engine,27,0.0002812617192383016,11.79579916967403,6,NN,n,1,{'n'},2,"{'NN', 'NNP'}",False,engin
engineer,12,0.00012500520855035626,12.965724171116342,8,NN,n,1,{'n'},2,"{'NN', 'NNP'}",False,engin
engineers,4,4.166840285011876e-05,14.550686671837498,9,NNS,n,1,{'n'},1,{'NNS'},False,engin
engines,5,5.208550356264844e-05,14.228758576950137,7,NNS,n,1,{'n'},1,{'NNS'},False,engin
english,2,2.083420142505938e-05,15.550686671837498,7,JJ,j,2,"{'n', 'j'}",2,"{'JJ', 'NNP'}",False,english
enjoined,1,1.041710071252969e-05,16.5506866718375,8,VBN,v,1,{'v'},1,{'VBN'},False,enjoin
enjoy,5,5.208550356264844e-05,14.228758576950137,5,NNP,n,2,"{'n', 'v'}",3,"{'VB', 'NN', 'NNP'}",False,enjoy
enomoto,1,1.041710071252969e-05,16.5506866718375,7,NNP,n,1,{'n'},1,{'NNP'},False,enomoto
enomotosan,1,1.041710071252969e-05,16.5506866718375,10,NNP,n,1,{'n'},1,{'NNP'},False,enomotosan
enormous,3,3.1251302137589066e-05,14.965724171116342,8,JJ,j,1,{'j'},1,{'JJ'},False,enorm
enough,53,0.0005521063377640735,10.8227662172743,6,RB,r,4,"{'n', 'x', 'j', 'r'}",4,"{'JJ', 'RB', 'IN', 'NNP'}",False,enough
enraged,1,1.041710071252969e-05,16.5506866718375,7,JJ,j,1,{'j'},1,{'JJ'},False,enrag
enshrined,1,1.041710071252969e-05,16.5506866718375,9,VBN,v,1,{'v'},1,{'VBN'},False,enshrin
ensure,1,1.041710071252969e-05,16.5506866718375,6,VB,v,1,{'v'},1,{'VB'},False,ensur
enter,4,4.166840285011876e-05,14.550686671837498,5,VB,v,2,"{'r', 'v'}",3,"{'RBR', 'VB', 'VBP'}",False,enter
entered,4,4.166840285011876e-05,14.550686671837498,7,VBD,v,1,{'v'},1,{'VBD'},False,enter
enters,1,1.041710071252969e-05,16.5506866718375,6,NNS,n,1,{'n'},1,{'NNS'},False,enter
entertain,2,2.083420142505938e-05,15.550686671837498,9,NNP,n,2,"{'n', 'v'}",2,"{'VBP', 'NNP'}",False,entertain
enthusiasm,4,4.166840285011876e-05,14.550686671837498,10,NN,n,1,{'n'},1,{'NN'},False,enthusiasm
enthusiastic,2,2.083420142505938e-05,15.550686671837498,12,JJ,j,1,{'j'},1,{'JJ'},False,enthusiast
entire,4,4.166840285011876e-05,14.550686671837498,6,JJ,j,1,{'j'},1,{'JJ'},False,entir
entirely,3,3.1251302137589066e-05,14.965724171116342,8,RB,r,1,{'r'},1,{'RB'},False,entir
entitled,1,1.041710071252969e-05,16.5506866718375,8,VBD,v,1,{'v'},1,{'VBD'},False,entitl
entrance,5,5.208550356264844e-05,14.228758576950137,8,NN,n,1,{'n'},1,{'NN'},False,entranc
entranced,1,1.041710071252969e-05,16.5506866718375,9,VBN,v,1,{'v'},1,{'VBN'},False,entranc
entrust,1,1.041710071252969e-05,16.5506866718375,7,VBP,v,1,{'v'},1,{'VBP'},False,entrust
enviable,2,2.083420142505938e-05,15.550686671837498,8,JJ,j,1,{'j'},1,{'JJ'},False,enviabl
envied,1,1.041710071252969e-05,16.5506866718375,6,VBD,v,1,{'v'},1,{'VBD'},False,envi
enviously,1,1.041710071252969e-05,16.5506866718375,9,RB,r,1,{'r'},1,{'RB'},False,envious
environment,1,1.041710071252969e-05,16.5506866718375,11,NN,n,1,{'n'},1,{'NN'},False,environ
environmentalists,1,1.041710071252969e-05,16.5506866718375,17,NNS,n,1,{'n'},1,{'NNS'},False,environmentalist
envy,2,2.083420142505938e-05,15.550686671837498,4,NN,n,2,"{'n', 'v'}",2,"{'VBP', 'NN'}",False,envi
equally,1,1.041710071252969e-05,16.5506866718375,7,RB,r,1,{'r'},1,{'RB'},False,equal
equals,1,1.041710071252969e-05,16.5506866718375,6,NNS,n,1,{'n'},1,{'NNS'},False,equal
equations,1,1.041710071252969e-05,16.5506866718375,9,NNS,n,1,{'n'},1,{'NNS'},False,equat
equipment,1,1.041710071252969e-05,16.5506866718375,9,NN,n,1,{'n'},1,{'NN'},False,equip
er,4,4.166840285011876e-05,14.550686671837498,2,NN,n,2,"{'n', 'v'}",3,"{'VB', 'NN', 'NNP'}",False,er
era,12,0.00012500520855035626,12.965724171116342,3,NN,n,1,{'n'},1,{'NN'},False,era
erase,3,3.1251302137589066e-05,14.965724171116342,5,VB,v,1,{'v'},1,{'VB'},False,eras
erosion,1,1.041710071252969e-05,16.5506866718375,7,NN,n,1,{'n'},1,{'NN'},False,eros
errand,1,1.041710071252969e-05,16.5506866718375,6,NN,n,1,{'n'},1,{'NN'},False,errand
error,1,1.041710071252969e-05,16.5506866718375,5,NN,n,1,{'n'},1,{'NN'},False,error
escape,8,8.333680570023751e-05,13.550686671837498,6,VB,v,2,"{'n', 'v'}",3,"{'VB', 'VBP', 'NN'}",False,escap
escaped,4,4.166840285011876e-05,14.550686671837498,7,VBD,v,1,{'v'},2,"{'VBD', 'VBN'}",False,escap
escaping,2,2.083420142505938e-05,15.550686671837498,8,NN,n,2,"{'n', 'v'}",2,"{'VBG', 'NN'}",False,escap
escort,3,3.1251302137589066e-05,14.965724171116342,6,VB,v,2,"{'n', 'v'}",2,"{'VB', 'NN'}",False,escort
esophagus,1,1.041710071252969e-05,16.5506866718375,9,NN,n,1,{'n'},1,{'NN'},False,esophagu
especially,3,3.1251302137589066e-05,14.965724171116342,10,RB,r,1,{'r'},1,{'RB'},False,especi
essay,2,2.083420142505938e-05,15.550686671837498,5,NN,n,1,{'n'},1,{'NN'},False,essay
essential,2,2.083420142505938e-05,15.550686671837498,9,JJ,j,1,{'j'},1,{'JJ'},False,essenti
establish,1,1.041710071252969e-05,16.5506866718375,9,VB,v,1,{'v'},1,{'VB'},False,establish
establishment,1,1.041710071252969e-05,16.5506866718375,13,NN,n,1,{'n'},1,{'NN'},False,establish
estate,1,1.041710071252969e-05,16.5506866718375,6,NN,n,1,{'n'},1,{'NN'},False,estat
estimated,1,1.041710071252969e-05,16.5506866718375,9,JJ,j,1,{'j'},1,{'JJ'},False,estim
eternal,1,1.041710071252969e-05,16.5506866718375,7,JJ,j,1,{'j'},1,{'JJ'},False,etern
evacuated,1,1.041710071252969e-05,16.5506866718375,9,VBD,v,1,{'v'},1,{'VBD'},False,evacu
evaded,1,1.041710071252969e-05,16.5506866718375,6,VBN,v,1,{'v'},1,{'VBN'},False,evad
even,115,0.0011979665819409143,9.705196620893123,4,RB,r,1,{'r'},1,{'RB'},False,even
evening,10,0.00010417100712529688,13.228758576950137,7,NN,n,2,"{'n', 'v'}",2,"{'VBG', 'NN'}",False,even
evenly,1,1.041710071252969e-05,16.5506866718375,6,RB,r,1,{'r'},1,{'RB'},False,evenli
event,5,5.208550356264844e-05,14.228758576950137,5,NN,n,1,{'n'},1,{'NN'},False,event
events,3,3.1251302137589066e-05,14.965724171116342,6,NNS,n,1,{'n'},1,{'NNS'},False,event
eventually,7,7.291970498770782e-05,13.743331749779895,10,RB,r,1,{'r'},1,{'RB'},False,eventu
ever,32,0.00033334722280095006,11.550686671837498,4,RB,r,1,{'r'},1,{'RB'},False,ever
every,31,0.00032293012208842035,11.596490361450623,5,DT,x,1,{'x'},1,{'DT'},False,everi
everybody,36,0.0003750156256510688,11.380761670395186,9,NN,n,1,{'n'},1,{'NN'},False,everybodi
everyone,101,0.0010521271719654986,9.892475189085705,8,NN,n,1,{'n'},1,{'NN'},False,everyon
everything,41,0.00042710112921371724,11.193134667219415,10,NN,n,2,"{'n', 'v'}",2,"{'VBG', 'NN'}",False,everyth
everywhere,10,0.00010417100712529688,13.228758576950137,10,RB,r,2,"{'x', 'r'}",2,"{'EX', 'RB'}",False,everywher
evidence,2,2.083420142505938e-05,15.550686671837498,8,NN,n,1,{'n'},1,{'NN'},False,evid
evil,6,6.250260427517813e-05,13.965724171116342,4,JJ,j,3,"{'n', 'j', 'v'}",3,"{'JJ', 'VBP', 'NNP'}",False,evil
evoke,1,1.041710071252969e-05,16.5506866718375,5,VB,v,1,{'v'},1,{'VB'},False,evok
eww,1,1.041710071252969e-05,16.5506866718375,3,NNP,n,1,{'n'},1,{'NNP'},False,eww
exact,2,2.083420142505938e-05,15.550686671837498,5,JJ,j,1,{'j'},1,{'JJ'},False,exact
exacted,2,2.083420142505938e-05,15.550686671837498,7,VBD,v,1,{'v'},2,"{'VBD', 'VBN'}",False,exact
exacting,1,1.041710071252969e-05,16.5506866718375,8,VBG,v,1,{'v'},1,{'VBG'},False,exact
exactly,8,8.333680570023751e-05,13.550686671837498,7,RB,r,1,{'r'},1,{'RB'},False,exactli
example,5,5.208550356264844e-05,14.228758576950137,7,NN,n,1,{'n'},1,{'NN'},False,exampl
excavate,1,1.041710071252969e-05,16.5506866718375,8,VB,v,1,{'v'},1,{'VB'},False,excav
excavated,2,2.083420142505938e-05,15.550686671837498,9,VBN,v,1,{'v'},1,{'VBN'},False,excav
excellency,6,6.250260427517813e-05,13.965724171116342,10,NN,n,1,{'n'},1,{'NN'},False,excel
excellent,10,0.00010417100712529688,13.228758576950137,9,JJ,j,2,"{'n', 'j'}",3,"{'JJ', 'NN', 'NNP'}",False,excel
except,4,4.166840285011876e-05,14.550686671837498,6,IN,x,1,{'x'},1,{'IN'},False,except
exceptional,1,1.041710071252969e-05,16.5506866718375,11,JJ,j,1,{'j'},1,{'JJ'},False,except
excess,1,1.041710071252969e-05,16.5506866718375,6,JJ,j,1,{'j'},1,{'JJ'},False,excess
exchange,3,3.1251302137589066e-05,14.965724171116342,8,VB,v,2,"{'n', 'v'}",2,"{'VB', 'NN'}",False,exchang
excited,2,2.083420142505938e-05,15.550686671837498,7,JJ,j,2,"{'j', 'v'}",2,"{'JJ', 'VBD'}",False,excit
exciting,3,3.1251302137589066e-05,14.965724171116342,8,JJ,j,3,"{'n', 'j', 'v'}",3,"{'VBG', 'JJ', 'NN'}",False,excit
exclusively,1,1.041710071252969e-05,16.5506866718375,11,RB,r,1,{'r'},1,{'RB'},False,exclus
excuse,21,0.00021875911496312345,12.158369249058739,6,IN,x,2,"{'x', 'v'}",2,"{'VB', 'IN'}",False,excus
execute,1,1.041710071252969e-05,16.5506866718375,7,VB,v,1,{'v'},1,{'VB'},False,execut
executed,2,2.083420142505938e-05,15.550686671837498,8,VBD,v,1,{'v'},2,"{'VBD', 'VBN'}",False,execut
exercise,3,3.1251302137589066e-05,14.965724171116342,8,NN,n,2,"{'n', 'v'}",2,"{'VB', 'NN'}",False,exercis
exercises,2,2.083420142505938e-05,15.550686671837498,9,NNS,n,1,{'n'},1,{'NNS'},False,exercis
exhausted,2,2.083420142505938e-05,15.550686671837498,9,VBD,v,1,{'v'},2,"{'VBD', 'VBN'}",False,exhaust
exist,4,4.166840285011876e-05,14.550686671837498,5,VB,v,1,{'v'},2,"{'VB', 'VBP'}",False,exist
existed,1,1.041710071252969e-05,16.5506866718375,7,VBN,v,1,{'v'},1,{'VBN'},False,exist
exists,1,1.041710071252969e-05,16.5506866718375,6,VBZ,v,1,{'v'},1,{'VBZ'},False,exist
exotic,1,1.041710071252969e-05,16.5506866718375,6,JJ,j,1,{'j'},1,{'JJ'},False,exot
expanding,1,1.041710071252969e-05,16.5506866718375,9,VBG,v,1,{'v'},1,{'VBG'},False,expand
expands,1,1.041710071252969e-05,16.5506866718375,7,VBZ,v,1,{'v'},1,{'VBZ'},False,expand
expect,4,4.166840285011876e-05,14.550686671837498,6,VB,v,1,{'v'},2,"{'VB', 'VBP'}",False,expect
expected,7,7.291970498770782e-05,13.743331749779895,8,VBD,v,1,{'v'},2,"{'VBD', 'VBN'}",False,expect
expecting,5,5.208550356264844e-05,14.228758576950137,9,VBG,v,1,{'v'},1,{'VBG'},False,expect
expeditionary,1,1.041710071252969e-05,16.5506866718375,13,JJ,j,1,{'j'},1,{'JJ'},False,expeditionari
expenses,2,2.083420142505938e-05,15.550686671837498,8,NNS,n,1,{'n'},1,{'NNS'},False,expens
expensive,6,6.250260427517813e-05,13.965724171116342,9,JJ,j,1,{'j'},1,{'JJ'},False,expens
experience,6,6.250260427517813e-05,13.965724171116342,10,NN,n,3,"{'n', 'j', 'v'}",3,"{'JJ', 'VB', 'NN'}",False,experi
experienced,3,3.1251302137589066e-05,14.965724171116342,11,VBD,v,1,{'v'},2,"{'VBD', 'VBN'}",False,experienc
experiences,2,2.083420142505938e-05,15.550686671837498,11,NNS,n,1,{'n'},1,{'NNS'},False,experi
experts,1,1.041710071252969e-05,16.5506866718375,7,NNS,n,1,{'n'},1,{'NNS'},False,expert
explain,7,7.291970498770782e-05,13.743331749779895,7,VB,v,1,{'v'},1,{'VB'},False,explain
explode,3,3.1251302137589066e-05,14.965724171116342,7,VB,v,1,{'v'},1,{'VB'},False,explod
exploded,2,2.083420142505938e-05,15.550686671837498,8,VBD,v,1,{'v'},1,{'VBD'},False,explod
exploited,1,1.041710071252969e-05,16.5506866718375,9,VBN,v,1,{'v'},1,{'VBN'},False,exploit
explosion,1,1.041710071252969e-05,16.5506866718375,9,NN,n,1,{'n'},1,{'NN'},False,explos
expose,1,1.041710071252969e-05,16.5506866718375,6,VB,v,1,{'v'},1,{'VB'},False,expos
express,5,5.208550356264844e-05,14.228758576950137,7,VB,v,2,"{'n', 'v'}",2,"{'VB', 'NN'}",False,express
expression,2,2.083420142505938e-05,15.550686671837498,10,NN,n,1,{'n'},1,{'NN'},False,express
exterminate,2,2.083420142505938e-05,15.550686671837498,11,VB,v,1,{'v'},1,{'VB'},False,extermin
extermination,1,1.041710071252969e-05,16.5506866718375,13,NN,n,1,{'n'},1,{'NN'},False,extermin
exterminators,1,1.041710071252969e-05,16.5506866718375,13,NNS,n,1,{'n'},1,{'NNS'},False,extermin
extra,7,7.291970498770782e-05,13.743331749779895,5,JJ,j,2,"{'j', 'v'}",2,"{'JJ', 'VBN'}",False,extra
extraordinary,1,1.041710071252969e-05,16.5506866718375,13,JJ,j,1,{'j'},1,{'JJ'},False,extraordinari
extreme,3,3.1251302137589066e-05,14.965724171116342,7,JJ,j,1,{'j'},1,{'JJ'},False,extrem
extremely,9,9.37539064127672e-05,13.380761670395186,9,RB,r,1,{'r'},1,{'RB'},False,extrem
extruded,1,1.041710071252969e-05,16.5506866718375,8,VBN,v,1,{'v'},1,{'VBN'},False,extrud
eye,7,7.291970498770782e-05,13.743331749779895,3,NN,n,1,{'n'},1,{'NN'},False,eye
eyeballs,1,1.041710071252969e-05,16.5506866718375,8,NNP,n,1,{'n'},1,{'NNP'},False,eyebal
eyebrows,1,1.041710071252969e-05,16.5506866718375,8,NNS,n,1,{'n'},1,{'NNS'},False,eyebrow
eyes,38,0.00039584982707612816,11.302759158393913,4,NNS,n,1,{'n'},1,{'NNS'},False,eye
eyesight,1,1.041710071252969e-05,16.5506866718375,8,NN,n,1,{'n'},1,{'NN'},False,eyesight
f,1,1.041710071252969e-05,16.5506866718375,1,NNP,n,1,{'n'},1,{'NNP'},False,f
fable,1,1.041710071252969e-05,16.5506866718375,5,NN,n,1,{'n'},1,{'NN'},False,fabl
fabulous,2,2.083420142505938e-05,15.550686671837498,8,JJ,j,1,{'j'},1,{'JJ'},False,fabul
face,30,0.00031251302137589064,11.64379607622898,4,NN,n,1,{'n'},1,{'NN'},False,face
faces,1,1.041710071252969e-05,16.5506866718375,5,VBZ,v,1,{'v'},1,{'VBZ'},False,face
facilitate,1,1.041710071252969e-05,16.5506866718375,10,VB,v,1,{'v'},1,{'VB'},False,facilit
facing,1,1.041710071252969e-05,16.5506866718375,6,VBG,v,1,{'v'},1,{'VBG'},False,face
fact,15,0.00015625651068794532,12.64379607622898,4,NN,n,1,{'n'},1,{'NN'},False,fact
factories,1,1.041710071252969e-05,16.5506866718375,9,NNS,n,1,{'n'},1,{'NNS'},False,factori
factory,1,1.041710071252969e-05,16.5506866718375,7,NN,n,1,{'n'},1,{'NN'},False,factori
fades,1,1.041710071252969e-05,16.5506866718375,5,VBZ,v,1,{'v'},1,{'VBZ'},False,fade
fail,1,1.041710071252969e-05,16.5506866718375,4,NN,n,1,{'n'},1,{'NN'},False,fail
failed,2,2.083420142505938e-05,15.550686671837498,6,VBD,v,1,{'v'},1,{'VBD'},False,fail
fails,2,2.083420142505938e-05,15.550686671837498,5,VBZ,v,1,{'v'},1,{'VBZ'},False,fail
failure,3,3.1251302137589066e-05,14.965724171116342,7,NN,n,1,{'n'},1,{'NN'},False,failur
fainted,1,1.041710071252969e-05,16.5506866718375,7,VBD,v,1,{'v'},1,{'VBD'},False,faint
fair,7,7.291970498770782e-05,13.743331749779895,4,JJ,j,3,"{'n', 'j', 'v'}",3,"{'JJ', 'VB', 'NN'}",False,fair
fairy,2,2.083420142505938e-05,15.550686671837498,5,NN,n,1,{'n'},1,{'NN'},False,fairi
fake,10,0.00010417100712529688,13.228758576950137,4,NN,n,2,"{'n', 'j'}",2,"{'JJ', 'NN'}",False,fake
falcon,6,6.250260427517813e-05,13.965724171116342,6,NNP,n,1,{'n'},2,"{'NN', 'NNP'}",False,falcon
fall,26,0.0002708446185257719,11.850246953696406,4,VB,v,2,"{'n', 'v'}",4,"{'VB', 'VBP', 'NN', 'NNP'}",False,fall
fallen,6,6.250260427517813e-05,13.965724171116342,6,VBN,v,1,{'v'},1,{'VBN'},False,fallen
falling,22,0.00022917621567565316,12.091255053200202,7,VBG,v,2,"{'n', 'v'}",2,"{'VBG', 'NN'}",False,fall
falls,3,3.1251302137589066e-05,14.965724171116342,5,NNS,n,2,"{'n', 'v'}",2,"{'VBZ', 'NNS'}",False,fall
false,1,1.041710071252969e-05,16.5506866718375,5,JJ,j,1,{'j'},1,{'JJ'},False,fals
fame,2,2.083420142505938e-05,15.550686671837498,4,NN,n,2,"{'n', 'v'}",2,"{'VB', 'NN'}",False,fame
familiar,6,6.250260427517813e-05,13.965724171116342,8,JJ,j,2,"{'n', 'j'}",2,"{'JJ', 'NNP'}",False,familiar
families,5,5.208550356264844e-05,14.228758576950137,8,NNS,n,1,{'n'},1,{'NNS'},False,famili
family,21,0.00021875911496312345,12.158369249058739,6,NN,n,1,{'n'},1,{'NN'},False,famili
famous,4,4.166840285011876e-05,14.550686671837498,6,JJ,j,1,{'j'},1,{'JJ'},False,famou
fan,2,2.083420142505938e-05,15.550686671837498,3,NN,n,1,{'n'},1,{'NN'},False,fan
fancy,1,1.041710071252969e-05,16.5506866718375,5,JJ,j,1,{'j'},1,{'JJ'},False,fanci
fangs,3,3.1251302137589066e-05,14.965724171116342,5,NNS,n,1,{'n'},1,{'NNS'},False,fang
fantastic,10,0.00010417100712529688,13.228758576950137,9,JJ,j,1,{'j'},1,{'JJ'},False,fantast
far,38,0.00039584982707612816,11.302759158393913,3,RB,r,2,"{'n', 'r'}",2,"{'RB', 'NNP'}",False,far
faraway,1,1.041710071252969e-05,16.5506866718375,7,NN,n,1,{'n'},1,{'NN'},False,faraway
farce,1,1.041710071252969e-05,16.5506866718375,5,NN,n,1,{'n'},1,{'NN'},False,farc
farewell,5,5.208550356264844e-05,14.228758576950137,8,NNP,n,2,"{'n', 'v'}",3,"{'VBP', 'NN', 'NNP'}",False,farewel
farewells,2,2.083420142505938e-05,15.550686671837498,9,NNS,n,1,{'n'},1,{'NNS'},False,farewel
farm,8,8.333680570023751e-05,13.550686671837498,4,NN,n,1,{'n'},1,{'NN'},False,farm
farmer,1,1.041710071252969e-05,16.5506866718375,6,NN,n,1,{'n'},1,{'NN'},False,farmer
farmers,2,2.083420142505938e-05,15.550686671837498,7,NNS,n,1,{'n'},1,{'NNS'},False,farmer
farmhouse,4,4.166840285011876e-05,14.550686671837498,9,NN,n,1,{'n'},1,{'NN'},False,farmhous
farming,7,7.291970498770782e-05,13.743331749779895,7,VBG,v,2,"{'n', 'v'}",2,"{'VBG', 'NN'}",False,farm
farmland,1,1.041710071252969e-05,16.5506866718375,8,NN,n,1,{'n'},1,{'NN'},False,farmland
farms,4,4.166840285011876e-05,14.550686671837498,5,NNS,n,1,{'n'},1,{'NNS'},False,farm
fart,1,1.041710071252969e-05,16.5506866718375,4,NN,n,1,{'n'},1,{'NN'},False,fart
farther,2,2.083420142505938e-05,15.550686671837498,7,NN,n,2,"{'n', 'r'}",2,"{'RB', 'NN'}",False,farther
fascinated,1,1.041710071252969e-05,16.5506866718375,10,VBN,v,1,{'v'},1,{'VBN'},False,fascin
fascinating,5,5.208550356264844e-05,14.228758576950137,11,VBG,v,1,{'v'},1,{'VBG'},False,fascin
fascist,1,1.041710071252969e-05,16.5506866718375,7,JJ,j,1,{'j'},1,{'JJ'},False,fascist
fascists,1,1.041710071252969e-05,16.5506866718375,8,NNS,n,1,{'n'},1,{'NNS'},False,fascist
fashion,2,2.083420142505938e-05,15.550686671837498,7,NN,n,1,{'n'},1,{'NN'},False,fashion
fashionable,1,1.041710071252969e-05,16.5506866718375,11,JJ,j,1,{'j'},1,{'JJ'},False,fashion
fashions,1,1.041710071252969e-05,16.5506866718375,8,NNS,n,1,{'n'},1,{'NNS'},False,fashion
fast,15,0.00015625651068794532,12.64379607622898,4,RB,r,3,"{'n', 'j', 'r'}",3,"{'JJ', 'RB', 'NN'}",False,fast
fasten,1,1.041710071252969e-05,16.5506866718375,6,NNP,n,1,{'n'},1,{'NNP'},False,fasten
faster,10,0.00010417100712529688,13.228758576950137,6,NN,n,3,"{'n', 'j', 'r'}",3,"{'RBR', 'JJR', 'NN'}",False,faster
fastest,1,1.041710071252969e-05,16.5506866718375,7,JJS,j,1,{'j'},1,{'JJS'},False,fastest
fat,6,6.250260427517813e-05,13.965724171116342,3,JJ,j,3,"{'n', 'j', 'v'}",3,"{'JJ', 'VBP', 'NN'}",False,fat
fatally,1,1.041710071252969e-05,16.5506866718375,7,RB,r,1,{'r'},1,{'RB'},False,fatal
fate,4,4.166840285011876e-05,14.550686671837498,4,NN,n,1,{'n'},1,{'NN'},False,fate
father,99,0.001031292970540439,9.92133005175789,6,NNP,n,4,"{'n', 'x', 'j', 'r'}",6,"{'NN', 'NNP', 'IN', 'PRP', 'RB', 'JJR'}",False,father
fatigue,1,1.041710071252969e-05,16.5506866718375,7,NN,n,1,{'n'},1,{'NN'},False,fatigu
fatter,2,2.083420142505938e-05,15.550686671837498,6,NN,n,2,"{'n', 'r'}",2,"{'RBR', 'NN'}",False,fatter
fatty,1,1.041710071252969e-05,16.5506866718375,5,JJ,j,1,{'j'},1,{'JJ'},False,fatti
fault,19,0.00019792491353806408,12.302759158393913,5,NN,n,1,{'n'},1,{'NN'},False,fault
faut,3,3.1251302137589066e-05,14.965724171116342,4,JJ,j,2,"{'n', 'j'}",2,"{'JJ', 'NN'}",False,faut
favor,10,0.00010417100712529688,13.228758576950137,5,NN,n,2,"{'n', 'v'}",2,"{'VB', 'NN'}",False,favor
favorite,2,2.083420142505938e-05,15.550686671837498,8,JJ,j,2,"{'n', 'j'}",2,"{'JJ', 'NN'}",False,favorit
fear,6,6.250260427517813e-05,13.965724171116342,4,NN,n,2,"{'n', 'v'}",2,"{'VB', 'NN'}",False,fear
feared,4,4.166840285011876e-05,14.550686671837498,6,VBD,v,1,{'v'},2,"{'VBD', 'VBN'}",False,fear
fears,2,2.083420142505938e-05,15.550686671837498,5,NNS,n,1,{'n'},1,{'NNS'},False,fear
featuring,1,1.041710071252969e-05,16.5506866718375,9,VBG,v,1,{'v'},1,{'VBG'},False,featur
fed,3,3.1251302137589066e-05,14.965724171116342,3,RB,v,2,"{'r', 'v'}",3,"{'VBD', 'RB', 'VBN'}",False,fed
fee,2,2.083420142505938e-05,15.550686671837498,3,NN,n,1,{'n'},1,{'NN'},False,fee
feed,7,7.291970498770782e-05,13.743331749779895,4,VB,v,2,"{'x', 'v'}",3,"{'VBD', 'VB', 'IN'}",False,feed
feel,45,0.000468769532063836,11.058833575507824,4,VBP,v,2,"{'n', 'v'}",4,"{'VB', 'VBP', 'NN', 'NNP'}",False,feel
feeling,12,0.00012500520855035626,12.965724171116342,7,VBG,v,3,"{'n', 'j', 'v'}",3,"{'VBG', 'JJ', 'NN'}",False,feel
feelings,5,5.208550356264844e-05,14.228758576950137,8,NNS,n,1,{'n'},1,{'NNS'},False,feel
feels,8,8.333680570023751e-05,13.550686671837498,5,VBZ,v,3,"{'n', 'j', 'v'}",3,"{'VBZ', 'JJ', 'NNS'}",False,feel
feet,12,0.00012500520855035626,12.965724171116342,4,NNS,n,1,{'n'},1,{'NNS'},False,feet
feisty,1,1.041710071252969e-05,16.5506866718375,6,JJ,j,1,{'j'},1,{'JJ'},False,feisti
fell,25,0.00026042751781324224,11.906830482062773,4,VBD,v,1,{'v'},1,{'VBD'},False,fell
fellow,12,0.00012500520855035626,12.965724171116342,6,JJ,n,2,"{'n', 'j'}",3,"{'JJ', 'NN', 'NNP'}",False,fellow
fellows,1,1.041710071252969e-05,16.5506866718375,7,NNS,n,1,{'n'},1,{'NNS'},False,fellow
felt,3,3.1251302137589066e-05,14.965724171116342,4,VBD,v,1,{'v'},1,{'VBD'},False,felt
female,1,1.041710071252969e-05,16.5506866718375,6,JJ,j,1,{'j'},1,{'JJ'},False,femal
females,4,4.166840285011876e-05,14.550686671837498,7,NNS,n,1,{'n'},1,{'NNS'},False,femal
fend,2,2.083420142505938e-05,15.550686671837498,4,VB,v,1,{'v'},1,{'VB'},False,fend
ferry,2,2.083420142505938e-05,15.550686671837498,5,VB,v,1,{'v'},1,{'VB'},False,ferri
fertilizers,1,1.041710071252969e-05,16.5506866718375,11,NNS,n,1,{'n'},1,{'NNS'},False,fertil
festival,4,4.166840285011876e-05,14.550686671837498,8,NN,n,1,{'n'},1,{'NN'},False,festiv
fetch,1,1.041710071252969e-05,16.5506866718375,5,JJ,j,1,{'j'},1,{'JJ'},False,fetch
feuding,1,1.041710071252969e-05,16.5506866718375,7,VBG,v,1,{'v'},1,{'VBG'},False,feud
fever,4,4.166840285011876e-05,14.550686671837498,5,NN,n,1,{'n'},1,{'NN'},False,fever
few,17,0.0001770907121130047,12.46322383058716,3,JJ,j,1,{'j'},1,{'JJ'},True,few
fewer,1,1.041710071252969e-05,16.5506866718375,5,JJR,j,1,{'j'},1,{'JJR'},False,fewer
fiancée,1,1.041710071252969e-05,16.5506866718375,7,NN,n,1,{'n'},1,{'NN'},False,fiancé
field,9,9.37539064127672e-05,13.380761670395186,5,NN,n,1,{'n'},1,{'NN'},False,field
fields,5,5.208550356264844e-05,14.228758576950137,6,NNS,n,1,{'n'},1,{'NNS'},False,field
fierce,1,1.041710071252969e-05,16.5506866718375,6,JJ,j,1,{'j'},1,{'JJ'},False,fierc
fierrali,4,4.166840285011876e-05,14.550686671837498,8,NNP,n,1,{'n'},1,{'NNP'},False,fierrali
fifth,6,6.250260427517813e-05,13.965724171116342,5,JJ,j,1,{'j'},1,{'JJ'},False,fifth
fifthgrade,1,1.041710071252969e-05,16.5506866718375,10,JJ,j,1,{'j'},1,{'JJ'},False,fifthgrad
fifty,1,1.041710071252969e-05,16.5506866718375,5,JJ,j,1,{'j'},1,{'JJ'},False,fifti
fight,43,0.0004479353306387766,11.1244219171354,5,VB,v,3,"{'n', 'j', 'v'}",7,"{'JJ', 'VBD', 'NN', 'NNP', 'VBP', 'VB', 'VBN'}",False,fight
fighter,7,7.291970498770782e-05,13.743331749779895,7,NN,n,1,{'n'},1,{'NN'},False,fighter
fighters,1,1.041710071252969e-05,16.5506866718375,8,NNS,n,1,{'n'},1,{'NNS'},False,fighter
fighting,14,0.00014583940997541563,12.743331749779895,8,VBG,v,2,"{'n', 'v'}",2,"{'VBG', 'NN'}",False,fight
fights,3,3.1251302137589066e-05,14.965724171116342,6,VBZ,v,2,"{'n', 'v'}",2,"{'VBZ', 'NNS'}",False,fight
figure,5,5.208550356264844e-05,14.228758576950137,6,NN,v,2,"{'n', 'v'}",3,"{'VB', 'VBP', 'NN'}",False,figur
figures,1,1.041710071252969e-05,16.5506866718375,7,NNS,n,1,{'n'},1,{'NNS'},False,figur
figurine,1,1.041710071252969e-05,16.5506866718375,8,NN,n,1,{'n'},1,{'NN'},False,figurin
fill,3,3.1251302137589066e-05,14.965724171116342,4,NN,n,2,"{'n', 'v'}",2,"{'VBP', 'NN'}",False,fill
filled,4,4.166840285011876e-05,14.550686671837498,6,VBN,v,2,"{'j', 'v'}",3,"{'VBD', 'JJ', 'VBN'}",False,fill
film,2,2.083420142505938e-05,15.550686671837498,4,NN,n,1,{'n'},1,{'NN'},False,film
filth,2,2.083420142505938e-05,15.550686671837498,5,NN,n,1,{'n'},1,{'NN'},False,filth
filthy,4,4.166840285011876e-05,14.550686671837498,6,JJ,j,1,{'j'},1,{'JJ'},False,filthi
final,10,0.00010417100712529688,13.228758576950137,5,JJ,j,1,{'j'},1,{'JJ'},False,final
finally,33,0.0003437643235134797,11.506292552479046,7,RB,r,1,{'r'},1,{'RB'},False,final
finance,1,1.041710071252969e-05,16.5506866718375,7,VB,v,1,{'v'},1,{'VB'},False,financ
find,61,0.000635443143464311,10.619949334274612,4,VB,v,4,"{'n', 'x', 'r', 'v'}",6,"{'NN', 'NNP', 'VBP', 'IN', 'VB', 'RB'}",False,find
finding,2,2.083420142505938e-05,15.550686671837498,7,VBG,v,1,{'v'},1,{'VBG'},False,find
fine,85,0.0008854535605650236,10.141295735699797,4,JJ,j,3,"{'n', 'j', 'v'}",4,"{'JJ', 'VB', 'NN', 'NNP'}",False,fine
fined,1,1.041710071252969e-05,16.5506866718375,5,VBN,v,1,{'v'},1,{'VBN'},False,fine
finest,1,1.041710071252969e-05,16.5506866718375,6,JJS,j,1,{'j'},1,{'JJS'},False,finest
finger,1,1.041710071252969e-05,16.5506866718375,6,NN,n,1,{'n'},1,{'NN'},False,finger
finish,10,0.00010417100712529688,13.228758576950137,6,VB,v,2,"{'n', 'v'}",3,"{'VB', 'VBP', 'NN'}",False,finish
finished,11,0.00011458810783782658,13.091255053200202,8,VBN,v,1,{'v'},1,{'VBN'},False,finish
finishing,3,3.1251302137589066e-05,14.965724171116342,9,VBG,v,2,"{'n', 'v'}",2,"{'VBG', 'NN'}",False,finish
fio,21,0.00021875911496312345,12.158369249058739,3,NNP,n,1,{'n'},2,"{'NN', 'NNP'}",False,fio
fire,61,0.000635443143464311,10.619949334274612,4,NN,n,2,"{'n', 'v'}",4,"{'VB', 'VBP', 'NN', 'NNP'}",False,fire
fired,1,1.041710071252969e-05,16.5506866718375,5,VBN,v,1,{'v'},1,{'VBN'},False,fire
fireflies,5,5.208550356264844e-05,14.228758576950137,9,NNS,n,1,{'n'},1,{'NNS'},False,firefli
firefly,3,3.1251302137589066e-05,14.965724171116342,7,NN,n,1,{'n'},2,"{'NN', 'NNP'}",False,firefli
fireplace,3,3.1251302137589066e-05,14.965724171116342,9,NN,n,1,{'n'},1,{'NN'},False,fireplac
fireplaces,1,1.041710071252969e-05,16.5506866718375,10,NNS,n,1,{'n'},1,{'NNS'},False,fireplac
fireprevention,1,1.041710071252969e-05,16.5506866718375,14,JJ,j,1,{'j'},1,{'JJ'},False,fireprevent
firerat,2,2.083420142505938e-05,15.550686671837498,7,JJ,j,1,{'j'},1,{'JJ'},False,firerat
fires,3,3.1251302137589066e-05,14.965724171116342,5,NNS,n,1,{'n'},1,{'NNS'},False,fire
firewood,2,2.083420142505938e-05,15.550686671837498,8,NN,n,1,{'n'},1,{'NN'},False,firewood
firing,2,2.083420142505938e-05,15.550686671837498,6,NN,n,2,"{'n', 'v'}",2,"{'VBG', 'NN'}",False,fire
first,59,0.0006146089420392516,10.668043622475658,5,JJ,j,3,"{'n', 'j', 'r'}",3,"{'JJ', 'RB', 'NNP'}",False,first
firstclass,1,1.041710071252969e-05,16.5506866718375,10,JJ,j,1,{'j'},1,{'JJ'},False,firstclass
firstly,1,1.041710071252969e-05,16.5506866718375,7,RB,r,1,{'r'},1,{'RB'},False,firstli
fish,23,0.00023959331638818285,12.027124715780486,4,NN,n,2,"{'n', 'j'}",2,"{'JJ', 'NN'}",False,fish
fishy,1,1.041710071252969e-05,16.5506866718375,5,NN,n,1,{'n'},1,{'NN'},False,fishi
fist,1,1.041710071252969e-05,16.5506866718375,4,NN,n,1,{'n'},1,{'NN'},False,fist
fists,1,1.041710071252969e-05,16.5506866718375,5,NNS,n,1,{'n'},1,{'NNS'},False,fist
fit,3,3.1251302137589066e-05,14.965724171116342,3,VB,v,2,"{'j', 'v'}",2,"{'JJ', 'VB'}",False,fit
fits,1,1.041710071252969e-05,16.5506866718375,4,VBZ,v,1,{'v'},1,{'VBZ'},False,fit
fittest,1,1.041710071252969e-05,16.5506866718375,7,JJS,j,1,{'j'},1,{'JJS'},False,fittest
fitting,7,7.291970498770782e-05,13.743331749779895,7,NN,n,2,"{'n', 'v'}",2,"{'VBG', 'NN'}",False,fit
five,21,0.00021875911496312345,12.158369249058739,4,CD,x,1,{'x'},1,{'CD'},False,five
fivecolored,1,1.041710071252969e-05,16.5506866718375,11,JJ,j,1,{'j'},1,{'JJ'},False,fivecolor
fix,8,8.333680570023751e-05,13.550686671837498,3,VB,v,2,"{'n', 'v'}",2,"{'VB', 'NN'}",False,fix
fixed,4,4.166840285011876e-05,14.550686671837498,5,VBD,v,1,{'v'},2,"{'VBD', 'VBN'}",False,fix
flag,1,1.041710071252969e-05,16.5506866718375,4,NN,n,1,{'n'},1,{'NN'},False,flag
flakes,1,1.041710071252969e-05,16.5506866718375,6,NNS,n,1,{'n'},1,{'NNS'},False,flake
flamboyant,1,1.041710071252969e-05,16.5506866718375,10,JJ,j,1,{'j'},1,{'JJ'},False,flamboy
flame,1,1.041710071252969e-05,16.5506866718375,5,JJ,j,1,{'j'},1,{'JJ'},False,flame
flames,2,2.083420142505938e-05,15.550686671837498,6,NNS,n,1,{'n'},1,{'NNS'},False,flame
flange,1,1.041710071252969e-05,16.5506866718375,6,NN,n,1,{'n'},1,{'NN'},False,flang
flaps,1,1.041710071252969e-05,16.5506866718375,5,NNS,n,1,{'n'},1,{'NNS'},False,flap
flapters,1,1.041710071252969e-05,16.5506866718375,8,NNS,n,1,{'n'},1,{'NNS'},False,flapter
flare,2,2.083420142505938e-05,15.550686671837498,5,NN,n,1,{'n'},1,{'NN'},False,flare
flares,1,1.041710071252969e-05,16.5506866718375,6,NNS,n,1,{'n'},1,{'NNS'},False,flare
flashed,1,1.041710071252969e-05,16.5506866718375,7,VBD,v,1,{'v'},1,{'VBD'},False,flash
flashes,1,1.041710071252969e-05,16.5506866718375,7,VBZ,v,1,{'v'},1,{'VBZ'},False,flash
flathead,1,1.041710071252969e-05,16.5506866718375,8,JJ,j,1,{'j'},1,{'JJ'},False,flathead
flaunt,1,1.041710071252969e-05,16.5506866718375,6,VB,v,1,{'v'},1,{'VB'},False,flaunt
flavors,1,1.041710071252969e-05,16.5506866718375,7,NNS,n,1,{'n'},1,{'NNS'},False,flavor
flee,1,1.041710071252969e-05,16.5506866718375,4,VB,v,1,{'v'},1,{'VB'},False,flee
fleeing,2,2.083420142505938e-05,15.550686671837498,7,VBG,v,1,{'v'},1,{'VBG'},False,flee
fleet,1,1.041710071252969e-05,16.5506866718375,5,NN,n,1,{'n'},1,{'NN'},False,fleet
fleets,1,1.041710071252969e-05,16.5506866718375,6,NNS,n,1,{'n'},1,{'NNS'},False,fleet
flesh,4,4.166840285011876e-05,14.550686671837498,5,NN,n,2,"{'n', 'j'}",2,"{'JJ', 'NN'}",False,flesh
flew,2,2.083420142505938e-05,15.550686671837498,4,VBD,v,1,{'v'},1,{'VBD'},False,flew
flies,6,6.250260427517813e-05,13.965724171116342,5,VBZ,v,2,"{'n', 'v'}",2,"{'VBZ', 'NNS'}",False,fli
flight,10,0.00010417100712529688,13.228758576950137,6,NN,n,1,{'n'},1,{'NN'},False,flight
fling,1,1.041710071252969e-05,16.5506866718375,5,NN,n,1,{'n'},1,{'NN'},False,fling
float,1,1.041710071252969e-05,16.5506866718375,5,VB,v,1,{'v'},1,{'VB'},False,float
floated,3,3.1251302137589066e-05,14.965724171116342,7,VBD,v,1,{'v'},1,{'VBD'},False,float
floating,5,5.208550356264844e-05,14.228758576950137,8,VBG,v,2,"{'n', 'v'}",2,"{'VBG', 'NN'}",False,float
floats,1,1.041710071252969e-05,16.5506866718375,6,VBZ,v,1,{'v'},1,{'VBZ'},False,float
flock,1,1.041710071252969e-05,16.5506866718375,5,NN,n,1,{'n'},1,{'NN'},False,flock
flood,1,1.041710071252969e-05,16.5506866718375,5,NN,n,1,{'n'},1,{'NN'},False,flood
flooded,2,2.083420142505938e-05,15.550686671837498,7,JJ,j,2,"{'j', 'v'}",2,"{'JJ', 'VBN'}",False,flood
floods,1,1.041710071252969e-05,16.5506866718375,6,NNS,n,1,{'n'},1,{'NNS'},False,flood
floor,6,6.250260427517813e-05,13.965724171116342,5,NN,n,1,{'n'},1,{'NN'},False,floor
florist,1,1.041710071252969e-05,16.5506866718375,7,NN,n,1,{'n'},1,{'NN'},False,florist
flour,1,1.041710071252969e-05,16.5506866718375,5,NN,n,1,{'n'},1,{'NN'},False,flour
flourish,1,1.041710071252969e-05,16.5506866718375,8,JJ,j,1,{'j'},1,{'JJ'},False,flourish
flower,6,6.250260427517813e-05,13.965724171116342,6,NN,n,3,"{'n', 'j', 'v'}",4,"{'VB', 'JJR', 'NN', 'NNP'}",False,flower
flowers,24,0.00025001041710071253,11.965724171116342,7,NNS,n,1,{'n'},1,{'NNS'},False,flower
flowing,4,4.166840285011876e-05,14.550686671837498,7,VBG,v,3,"{'n', 'j', 'v'}",3,"{'VBG', 'JJ', 'NNP'}",False,flow
flown,1,1.041710071252969e-05,16.5506866718375,5,VBN,v,1,{'v'},1,{'VBN'},False,flown
flows,4,4.166840285011876e-05,14.550686671837498,5,VBZ,v,2,"{'n', 'v'}",2,"{'VBZ', 'NNS'}",False,flow
flu,2,2.083420142505938e-05,15.550686671837498,3,NN,n,1,{'n'},1,{'NN'},False,flu
fluff,1,1.041710071252969e-05,16.5506866718375,5,NN,n,1,{'n'},1,{'NN'},False,fluff
fluffy,1,1.041710071252969e-05,16.5506866718375,6,NN,n,1,{'n'},1,{'NN'},False,fluffi
flush,4,4.166840285011876e-05,14.550686671837498,5,JJ,j,1,{'j'},1,{'JJ'},False,flush
flustered,1,1.041710071252969e-05,16.5506866718375,9,JJ,j,1,{'j'},1,{'JJ'},False,fluster
fluttering,1,1.041710071252969e-05,16.5506866718375,10,VBG,v,1,{'v'},1,{'VBG'},False,flutter
fly,58,0.000604191841326722,10.692705676709927,3,VB,v,2,"{'n', 'v'}",4,"{'VB', 'VBP', 'NN', 'NNP'}",False,fli
flyers,1,1.041710071252969e-05,16.5506866718375,6,NNS,n,1,{'n'},1,{'NNS'},False,flyer
flying,42,0.0004375182299262469,11.158369249058739,6,VBG,v,2,"{'n', 'v'}",2,"{'VBG', 'NN'}",False,fli
flyrocks,1,1.041710071252969e-05,16.5506866718375,8,NNS,n,1,{'n'},1,{'NNS'},False,flyrock
foam,1,1.041710071252969e-05,16.5506866718375,4,NN,n,1,{'n'},1,{'NN'},False,foam
focus,2,2.083420142505938e-05,15.550686671837498,5,VB,v,1,{'v'},1,{'VB'},False,focu
focused,2,2.083420142505938e-05,15.550686671837498,7,JJ,j,2,"{'j', 'v'}",2,"{'JJ', 'VBD'}",False,focus
focusing,1,1.041710071252969e-05,16.5506866718375,8,VBG,v,1,{'v'},1,{'VBG'},False,focus
foe,3,3.1251302137589066e-05,14.965724171116342,3,NN,n,1,{'n'},1,{'NN'},False,foe
foes,1,1.041710071252969e-05,16.5506866718375,4,NNS,n,1,{'n'},1,{'NNS'},False,foe
fog,2,2.083420142505938e-05,15.550686671837498,3,NN,n,1,{'n'},1,{'NN'},False,fog
fogs,1,1.041710071252969e-05,16.5506866718375,4,NNS,n,1,{'n'},1,{'NNS'},False,fog
folgore,1,1.041710071252969e-05,16.5506866718375,7,NNP,n,1,{'n'},1,{'NNP'},False,folgor
folk,2,2.083420142505938e-05,15.550686671837498,4,NN,n,1,{'n'},1,{'NN'},False,folk
folks,1,1.041710071252969e-05,16.5506866718375,5,NNS,n,1,{'n'},1,{'NNS'},False,folk
follow,19,0.00019792491353806408,12.302759158393913,6,VB,v,2,"{'x', 'v'}",3,"{'VB', 'IN', 'VBP'}",False,follow
followed,10,0.00010417100712529688,13.228758576950137,8,VBN,v,1,{'v'},2,"{'VBD', 'VBN'}",False,follow
following,13,0.00013542230926288595,12.850246953696406,9,VBG,v,2,"{'j', 'v'}",2,"{'VBG', 'JJ'}",False,follow
folly,1,1.041710071252969e-05,16.5506866718375,5,JJ,j,1,{'j'},1,{'JJ'},False,folli
font,14,0.00014583940997541563,12.743331749779895,4,NN,n,1,{'n'},1,{'NN'},False,font
food,36,0.0003750156256510688,11.380761670395186,4,NN,n,1,{'n'},1,{'NN'},False,food
foods,1,1.041710071252969e-05,16.5506866718375,5,NNS,n,1,{'n'},1,{'NNS'},False,food
fool,17,0.0001770907121130047,12.46322383058716,4,NN,n,2,"{'n', 'v'}",3,"{'VB', 'VBP', 'NN'}",False,fool
fooling,1,1.041710071252969e-05,16.5506866718375,7,VBG,v,1,{'v'},1,{'VBG'},False,fool
foolish,4,4.166840285011876e-05,14.550686671837498,7,JJ,j,1,{'j'},1,{'JJ'},False,foolish
foolishness,1,1.041710071252969e-05,16.5506866718375,11,NN,n,1,{'n'},1,{'NN'},False,foolish
fools,7,7.291970498770782e-05,13.743331749779895,5,NNS,n,2,"{'n', 'x'}",2,"{'CD', 'NNS'}",False,fool
foot,4,4.166840285011876e-05,14.550686671837498,4,NN,n,1,{'n'},1,{'NN'},False,foot
footage,1,1.041710071252969e-05,16.5506866718375,7,NN,n,1,{'n'},1,{'NN'},False,footag
footprint,1,1.041710071252969e-05,16.5506866718375,9,NN,n,1,{'n'},1,{'NN'},False,footprint
footprints,3,3.1251302137589066e-05,14.965724171116342,10,NNS,n,1,{'n'},1,{'NNS'},False,footprint
footsteps,2,2.083420142505938e-05,15.550686671837498,9,NNS,n,1,{'n'},1,{'NNS'},False,footstep
for,657,0.006844035168132006,7.190937111515169,3,IN,x,1,{'x'},1,{'IN'},True,for
forbid,1,1.041710071252969e-05,16.5506866718375,6,VBP,v,1,{'v'},1,{'VBP'},False,forbid
forbidden,1,1.041710071252969e-05,16.5506866718375,9,VBN,v,1,{'v'},1,{'VBN'},False,forbidden
forbidding,1,1.041710071252969e-05,16.5506866718375,10,VBG,v,1,{'v'},1,{'VBG'},False,forbid
force,15,0.00015625651068794532,12.64379607622898,5,NNP,n,2,"{'n', 'v'}",3,"{'VB', 'NN', 'NNP'}",False,forc
forced,4,4.166840285011876e-05,14.550686671837498,6,VBN,v,1,{'v'},1,{'VBN'},False,forc
forces,1,1.041710071252969e-05,16.5506866718375,6,NNS,n,1,{'n'},1,{'NNS'},False,forc
forcing,1,1.041710071252969e-05,16.5506866718375,7,VBG,v,1,{'v'},1,{'VBG'},False,forc
forecast,2,2.083420142505938e-05,15.550686671837498,8,NN,n,2,"{'n', 'v'}",2,"{'VB', 'NN'}",False,forecast
forefingers,1,1.041710071252969e-05,16.5506866718375,11,NNS,n,1,{'n'},1,{'NNS'},False,forefing
forehead,2,2.083420142505938e-05,15.550686671837498,8,NN,n,1,{'n'},1,{'NN'},False,forehead
foreign,3,3.1251302137589066e-05,14.965724171116342,7,JJ,j,1,{'j'},1,{'JJ'},False,foreign
foreman,4,4.166840285011876e-05,14.550686671837498,7,NN,n,1,{'n'},2,"{'NN', 'NNP'}",False,foreman
forest,93,0.000968790366265261,10.011527860729467,6,NN,n,2,"{'n', 'j'}",3,"{'JJS', 'NN', 'NNP'}",False,forest
forests,7,7.291970498770782e-05,13.743331749779895,7,NNS,n,1,{'n'},1,{'NNS'},False,forest
forever,9,9.37539064127672e-05,13.380761670395186,7,RB,r,2,"{'n', 'r'}",2,"{'RB', 'NN'}",False,forev
forget,32,0.00033334722280095006,11.550686671837498,6,VB,v,2,"{'n', 'v'}",4,"{'VB', 'VBP', 'NN', 'NNP'}",False,forget
forgetting,1,1.041710071252969e-05,16.5506866718375,10,NN,n,1,{'n'},1,{'NN'},False,forget
forging,1,1.041710071252969e-05,16.5506866718375,7,VBG,v,1,{'v'},1,{'VBG'},False,forg
forgive,27,0.0002812617192383016,11.79579916967403,7,CD,v,4,"{'n', 'x', 'j', 'v'}",5,"{'JJ', 'NNP', 'VBP', 'VB', 'CD'}",False,forgiv
forgo,1,1.041710071252969e-05,16.5506866718375,5,VB,v,1,{'v'},1,{'VB'},False,forgo
forgot,15,0.00015625651068794532,12.64379607622898,6,VBD,v,1,{'v'},2,"{'VBD', 'VBP'}",False,forgot
forgotten,8,8.333680570023751e-05,13.550686671837498,9,VBN,v,2,"{'n', 'v'}",4,"{'VB', 'VBN', 'NNS', 'NNP'}",False,forgotten
form,17,0.0001770907121130047,12.46322383058716,4,NN,n,2,"{'n', 'v'}",3,"{'VB', 'NN', 'NNP'}",False,form
formal,3,3.1251302137589066e-05,14.965724171116342,6,JJ,j,1,{'j'},1,{'JJ'},False,formal
formalities,1,1.041710071252969e-05,16.5506866718375,11,NNS,n,1,{'n'},1,{'NNS'},False,formal
formally,2,2.083420142505938e-05,15.550686671837498,8,RB,r,1,{'r'},1,{'RB'},False,formal
formations,1,1.041710071252969e-05,16.5506866718375,10,NNS,n,1,{'n'},1,{'NNS'},False,format
former,1,1.041710071252969e-05,16.5506866718375,6,JJ,j,1,{'j'},1,{'JJ'},False,former
formerly,1,1.041710071252969e-05,16.5506866718375,8,RB,r,1,{'r'},1,{'RB'},False,formerli
formidable,1,1.041710071252969e-05,16.5506866718375,10,JJ,j,1,{'j'},1,{'JJ'},False,formid
forms,4,4.166840285011876e-05,14.550686671837498,5,NNS,n,1,{'n'},1,{'NNS'},False,form
formula,1,1.041710071252969e-05,16.5506866718375,7,NN,n,1,{'n'},1,{'NN'},False,formula
formulate,1,1.041710071252969e-05,16.5506866718375,9,VB,v,1,{'v'},1,{'VB'},False,formul
fort,1,1.041710071252969e-05,16.5506866718375,4,NN,n,1,{'n'},1,{'NN'},False,fort
forth,7,7.291970498770782e-05,13.743331749779895,5,NN,n,2,"{'n', 'r'}",2,"{'RB', 'NN'}",False,forth
fortify,1,1.041710071252969e-05,16.5506866718375,7,VB,v,1,{'v'},1,{'VB'},False,fortifi
fortunate,2,2.083420142505938e-05,15.550686671837498,9,JJ,j,2,"{'n', 'j'}",2,"{'JJ', 'NN'}",False,fortun
fortune,7,7.291970498770782e-05,13.743331749779895,7,NN,n,2,"{'n', 'v'}",2,"{'VB', 'NN'}",False,fortun
fortunes,1,1.041710071252969e-05,16.5506866718375,8,NNS,n,1,{'n'},1,{'NNS'},False,fortun
fortunetelling,1,1.041710071252969e-05,16.5506866718375,14,NN,n,1,{'n'},1,{'NN'},False,fortunetel
forty,1,1.041710071252969e-05,16.5506866718375,5,NN,n,1,{'n'},1,{'NN'},False,forti
forward,11,0.00011458810783782658,13.091255053200202,7,RB,r,2,"{'n', 'r'}",2,"{'RB', 'NN'}",False,forward
fossilized,2,2.083420142505938e-05,15.550686671837498,10,VBN,v,1,{'v'},1,{'VBN'},False,fossil
fought,2,2.083420142505938e-05,15.550686671837498,6,VBN,v,1,{'v'},1,{'VBN'},False,fought
foul,1,1.041710071252969e-05,16.5506866718375,4,JJ,j,1,{'j'},1,{'JJ'},False,foul
found,34,0.0003541814242260094,11.46322383058716,5,VBD,v,3,"{'n', 'x', 'v'}",4,"{'NN', 'VBD', 'VBN', 'IN'}",False,found
fountain,1,1.041710071252969e-05,16.5506866718375,8,NN,n,1,{'n'},1,{'NN'},False,fountain
four,9,9.37539064127672e-05,13.380761670395186,4,CD,x,1,{'x'},1,{'CD'},False,four
fourth,4,4.166840285011876e-05,14.550686671837498,6,JJ,j,1,{'j'},1,{'JJ'},False,fourth
fourwheel,1,1.041710071252969e-05,16.5506866718375,9,JJ,j,1,{'j'},1,{'JJ'},False,fourwheel
fox,13,0.00013542230926288595,12.850246953696406,3,NN,n,2,"{'n', 'j'}",3,"{'JJ', 'NN', 'NNP'}",False,fox
foxes,8,8.333680570023751e-05,13.550686671837498,5,NNS,n,1,{'n'},1,{'NNS'},False,fox
foxsquirrel,2,2.083420142505938e-05,15.550686671837498,11,NN,n,1,{'n'},1,{'NN'},False,foxsquirrel
fraction,2,2.083420142505938e-05,15.550686671837498,8,NN,n,1,{'n'},1,{'NN'},False,fraction
fractions,7,7.291970498770782e-05,13.743331749779895,9,NNS,n,1,{'n'},1,{'NNS'},False,fraction
fractured,1,1.041710071252969e-05,16.5506866718375,9,VBD,v,1,{'v'},1,{'VBD'},False,fractur
fragile,1,1.041710071252969e-05,16.5506866718375,7,JJ,j,1,{'j'},1,{'JJ'},False,fragil
fragment,1,1.041710071252969e-05,16.5506866718375,8,NN,n,1,{'n'},1,{'NN'},False,fragment
frank,2,2.083420142505938e-05,15.550686671837498,5,JJ,j,2,"{'j', 'v'}",2,"{'JJ', 'VBN'}",False,frank
frankly,1,1.041710071252969e-05,16.5506866718375,7,RB,r,1,{'r'},1,{'RB'},False,frankli
freaking,1,1.041710071252969e-05,16.5506866718375,8,VBG,v,1,{'v'},1,{'VBG'},False,freak
free,19,0.00019792491353806408,12.302759158393913,4,JJ,j,2,"{'j', 'v'}",2,"{'JJ', 'VB'}",False,free
freed,1,1.041710071252969e-05,16.5506866718375,5,VBN,v,1,{'v'},1,{'VBN'},False,freed
freedom,4,4.166840285011876e-05,14.550686671837498,7,NNP,n,2,"{'n', 'v'}",2,"{'VB', 'NNP'}",False,freedom
freight,1,1.041710071252969e-05,16.5506866718375,7,NN,n,1,{'n'},1,{'NN'},False,freight
frequent,1,1.041710071252969e-05,16.5506866718375,8,JJ,j,1,{'j'},1,{'JJ'},False,frequent
frequently,1,1.041710071252969e-05,16.5506866718375,10,RB,r,1,{'r'},1,{'RB'},False,frequent
fresh,5,5.208550356264844e-05,14.228758576950137,5,JJ,j,1,{'j'},1,{'JJ'},False,fresh
fried,4,4.166840285011876e-05,14.550686671837498,5,VBD,v,1,{'v'},2,"{'VBD', 'VBN'}",False,fri
friend,16,0.00016667361140047503,12.550686671837498,6,NN,n,1,{'n'},1,{'NN'},False,friend
friendly,1,1.041710071252969e-05,16.5506866718375,8,JJ,j,1,{'j'},1,{'JJ'},False,friendli
friends,20,0.00020834201425059377,12.228758576950137,7,NNS,n,1,{'n'},1,{'NNS'},False,friend
friendship,2,2.083420142505938e-05,15.550686671837498,10,NN,n,1,{'n'},1,{'NN'},False,friendship
frighten,2,2.083420142505938e-05,15.550686671837498,8,VB,v,1,{'v'},2,"{'VB', 'VBP'}",False,frighten
frightened,6,6.250260427517813e-05,13.965724171116342,10,VBN,v,2,"{'j', 'v'}",2,"{'JJ', 'VBN'}",False,frighten
frightening,4,4.166840285011876e-05,14.550686671837498,11,VBG,v,2,"{'j', 'v'}",2,"{'VBG', 'JJ'}",False,frighten
frightens,1,1.041710071252969e-05,16.5506866718375,9,NNS,n,1,{'n'},1,{'NNS'},False,frighten
frog,6,6.250260427517813e-05,13.965724171116342,4,NN,n,2,"{'n', 'j'}",2,"{'JJ', 'NN'}",False,frog
frogs,1,1.041710071252969e-05,16.5506866718375,5,NNS,n,1,{'n'},1,{'NNS'},False,frog
frolic,1,1.041710071252969e-05,16.5506866718375,6,JJ,j,1,{'j'},1,{'JJ'},False,frolic
from,264,0.0027501145881078377,8.506292552479046,4,IN,x,1,{'x'},1,{'IN'},True,from
front,18,0.0001875078128255344,12.380761670395186,5,NN,n,3,"{'n', 'j', 'r'}",3,"{'JJ', 'RB', 'NN'}",False,front
frost,1,1.041710071252969e-05,16.5506866718375,5,NN,n,1,{'n'},1,{'NN'},False,frost
fruit,9,9.37539064127672e-05,13.380761670395186,5,NN,n,1,{'n'},1,{'NN'},False,fruit
fruits,2,2.083420142505938e-05,15.550686671837498,6,NNS,n,1,{'n'},1,{'NNS'},False,fruit
frustration,1,1.041710071252969e-05,16.5506866718375,11,NN,n,1,{'n'},1,{'NN'},False,frustrat
fry,1,1.041710071252969e-05,16.5506866718375,3,VB,v,1,{'v'},1,{'VB'},False,fri
fudge,1,1.041710071252969e-05,16.5506866718375,5,NN,n,1,{'n'},1,{'NN'},False,fudg
fuel,3,3.1251302137589066e-05,14.965724171116342,4,NN,n,1,{'n'},1,{'NN'},False,fuel
fufu,1,1.041710071252969e-05,16.5506866718375,4,NNP,n,1,{'n'},1,{'NNP'},False,fufu
fufufu,1,1.041710071252969e-05,16.5506866718375,6,NNP,n,1,{'n'},1,{'NNP'},False,fufufu
fufufufu,1,1.041710071252969e-05,16.5506866718375,8,NN,n,1,{'n'},1,{'NN'},False,fufufufu
fujimoto,2,2.083420142505938e-05,15.550686671837498,8,NN,n,1,{'n'},1,{'NN'},False,fujimoto
fujimotosan,1,1.041710071252969e-05,16.5506866718375,11,NNP,n,1,{'n'},1,{'NNP'},False,fujimotosan
fujino,5,5.208550356264844e-05,14.228758576950137,6,NNP,n,1,{'n'},1,{'NNP'},False,fujino
fulfill,1,1.041710071252969e-05,16.5506866718375,7,VBP,v,1,{'v'},1,{'VBP'},False,fulfil
full,21,0.00021875911496312345,12.158369249058739,4,JJ,j,2,"{'n', 'j'}",2,"{'JJ', 'NNP'}",False,full
fullgrown,1,1.041710071252969e-05,16.5506866718375,9,JJ,j,1,{'j'},1,{'JJ'},False,fullgrown
fullspeed,1,1.041710071252969e-05,16.5506866718375,9,JJ,j,1,{'j'},1,{'JJ'},False,fullspe
fulltime,1,1.041710071252969e-05,16.5506866718375,8,NN,n,1,{'n'},1,{'NN'},False,fulltim
fully,2,2.083420142505938e-05,15.550686671837498,5,RB,r,1,{'r'},1,{'RB'},False,fulli
fun,17,0.0001770907121130047,12.46322383058716,3,NN,n,3,"{'n', 'j', 'v'}",3,"{'JJ', 'VBN', 'NN'}",False,fun
fundamental,1,1.041710071252969e-05,16.5506866718375,11,JJ,j,1,{'j'},1,{'JJ'},False,fundament
funeral,1,1.041710071252969e-05,16.5506866718375,7,JJ,j,1,{'j'},1,{'JJ'},False,funer
funny,14,0.00014583940997541563,12.743331749779895,5,JJ,j,3,"{'n', 'j', 'v'}",3,"{'JJ', 'VB', 'NNP'}",False,funni
fur,8,8.333680570023751e-05,13.550686671837498,3,NN,n,2,"{'n', 'r'}",2,"{'RB', 'NN'}",False,fur
furious,1,1.041710071252969e-05,16.5506866718375,7,JJ,j,1,{'j'},1,{'JJ'},False,furiou
furless,1,1.041710071252969e-05,16.5506866718375,7,JJ,j,1,{'j'},1,{'JJ'},False,furless
further,10,0.00010417100712529688,13.228758576950137,7,JJ,j,2,"{'j', 'r'}",2,"{'RBR', 'JJ'}",True,further
furthermore,3,3.1251302137589066e-05,14.965724171116342,11,RB,r,1,{'r'},1,{'RB'},False,furthermor
fuselage,4,4.166840285011876e-05,14.550686671837498,8,NN,n,1,{'n'},1,{'NN'},False,fuselag
fuses,1,1.041710071252969e-05,16.5506866718375,5,NNS,n,1,{'n'},1,{'NNS'},False,fuse
fuss,3,3.1251302137589066e-05,14.965724171116342,4,NN,n,1,{'n'},1,{'NN'},False,fuss
futile,2,2.083420142505938e-05,15.550686671837498,6,JJ,j,1,{'j'},1,{'JJ'},False,futil
futons,1,1.041710071252969e-05,16.5506866718375,6,NNS,n,1,{'n'},1,{'NNS'},False,futon
future,10,0.00010417100712529688,13.228758576950137,6,NN,n,2,"{'n', 'j'}",2,"{'JJ', 'NN'}",False,futur
futures,1,1.041710071252969e-05,16.5506866718375,7,NNS,n,1,{'n'},1,{'NNS'},False,futur
g38,1,1.041710071252969e-05,16.5506866718375,3,NNP,n,1,{'n'},1,{'NNP'},False,g38
gain,2,2.083420142505938e-05,15.550686671837498,4,NN,n,2,"{'n', 'v'}",2,"{'VB', 'NN'}",False,gain
gained,1,1.041710071252969e-05,16.5506866718375,6,VBD,v,1,{'v'},1,{'VBD'},False,gain
gaining,3,3.1251302137589066e-05,14.965724171116342,7,VBG,v,2,"{'n', 'v'}",2,"{'VBG', 'NN'}",False,gain
gale,2,2.083420142505938e-05,15.550686671837498,4,NN,n,1,{'n'},1,{'NN'},False,gale
game,6,6.250260427517813e-05,13.965724171116342,4,NN,n,1,{'n'},2,"{'NN', 'NNP'}",False,game
games,2,2.083420142505938e-05,15.550686671837498,5,NNS,n,1,{'n'},1,{'NNS'},False,game
gang,4,4.166840285011876e-05,14.550686671837498,4,NN,n,1,{'n'},1,{'NN'},False,gang
gangsters,1,1.041710071252969e-05,16.5506866718375,9,NNP,n,1,{'n'},1,{'NNP'},False,gangster
gangway,1,1.041710071252969e-05,16.5506866718375,7,RB,r,1,{'r'},1,{'RB'},False,gangway
gap,2,2.083420142505938e-05,15.550686671837498,3,NN,n,1,{'n'},1,{'NN'},False,gap
garbage,2,2.083420142505938e-05,15.550686671837498,7,NN,n,1,{'n'},1,{'NN'},False,garbag
garde,1,1.041710071252969e-05,16.5506866718375,5,NN,n,1,{'n'},1,{'NN'},False,gard
garden,15,0.00015625651068794532,12.64379607622898,6,NN,n,1,{'n'},1,{'NN'},False,garden
gardening,1,1.041710071252969e-05,16.5506866718375,9,NN,n,1,{'n'},1,{'NN'},False,garden
gardens,1,1.041710071252969e-05,16.5506866718375,7,NNS,n,1,{'n'},1,{'NNS'},False,garden
gas,10,0.00010417100712529688,13.228758576950137,3,NN,n,1,{'n'},1,{'NN'},False,ga
gasoline,1,1.041710071252969e-05,16.5506866718375,8,NN,n,1,{'n'},1,{'NN'},False,gasolin
gate,2,2.083420142505938e-05,15.550686671837498,4,NN,n,1,{'n'},1,{'NN'},False,gate
gates,2,2.083420142505938e-05,15.550686671837498,5,NNS,n,1,{'n'},1,{'NNS'},False,gate
gather,7,7.291970498770782e-05,13.743331749779895,6,NNP,n,2,"{'n', 'x'}",3,"{'CC', 'NN', 'NNP'}",False,gather
gathered,7,7.291970498770782e-05,13.743331749779895,8,VBD,v,1,{'v'},2,"{'VBD', 'VBN'}",False,gather
gathering,3,3.1251302137589066e-05,14.965724171116342,9,VBG,v,1,{'v'},1,{'VBG'},False,gather
gave,24,0.00025001041710071253,11.965724171116342,4,VBD,v,2,"{'n', 'v'}",2,"{'VBD', 'NNP'}",False,gave
gaze,3,3.1251302137589066e-05,14.965724171116342,4,VB,v,2,"{'n', 'v'}",2,"{'VB', 'NN'}",False,gaze
gazing,1,1.041710071252969e-05,16.5506866718375,6,VBG,v,1,{'v'},1,{'VBG'},False,gaze
gee,2,2.083420142505938e-05,15.550686671837498,3,NN,n,1,{'n'},2,"{'NN', 'NNP'}",False,gee
geese,1,1.041710071252969e-05,16.5506866718375,5,JJ,j,1,{'j'},1,{'JJ'},False,gees
geez,1,1.041710071252969e-05,16.5506866718375,4,NNP,n,1,{'n'},1,{'NNP'},False,geez
geezers,1,1.041710071252969e-05,16.5506866718375,7,NNS,n,1,{'n'},1,{'NNS'},False,geezer
gem,1,1.041710071252969e-05,16.5506866718375,3,NN,n,1,{'n'},1,{'NN'},False,gem
gems,1,1.041710071252969e-05,16.5506866718375,4,NNS,n,1,{'n'},1,{'NNS'},False,gem
general,2,2.083420142505938e-05,15.550686671837498,7,JJ,j,2,"{'n', 'j'}",2,"{'JJ', 'NNP'}",False,gener
generally,4,4.166840285011876e-05,14.550686671837498,9,RB,r,1,{'r'},1,{'RB'},False,gener
generated,1,1.041710071252969e-05,16.5506866718375,9,VBD,v,1,{'v'},1,{'VBD'},False,gener
generation,1,1.041710071252969e-05,16.5506866718375,10,NN,n,1,{'n'},1,{'NN'},False,gener
generations,1,1.041710071252969e-05,16.5506866718375,11,NNS,n,1,{'n'},1,{'NNS'},False,gener
generator,1,1.041710071252969e-05,16.5506866718375,9,NN,n,1,{'n'},1,{'NN'},False,gener
generously,1,1.041710071252969e-05,16.5506866718375,10,RB,r,1,{'r'},1,{'RB'},False,gener
genius,2,2.083420142505938e-05,15.550686671837498,6,NN,n,1,{'n'},1,{'NN'},False,geniu
gentle,2,2.083420142505938e-05,15.550686671837498,6,JJ,j,2,"{'n', 'j'}",2,"{'JJ', 'NNP'}",False,gentl
gentleman,8,8.333680570023751e-05,13.550686671837498,9,NN,n,1,{'n'},1,{'NN'},False,gentleman
gentlemen,6,6.250260427517813e-05,13.965724171116342,9,NNS,n,2,"{'n', 'v'}",3,"{'VBP', 'NNS', 'NNP'}",False,gentlemen
gently,1,1.041710071252969e-05,16.5506866718375,6,RB,r,1,{'r'},1,{'RB'},False,gentli
genuine,1,1.041710071252969e-05,16.5506866718375,7,JJ,j,1,{'j'},1,{'JJ'},False,genuin
germ,2,2.083420142505938e-05,15.550686671837498,4,NN,n,1,{'n'},1,{'NN'},False,germ
german,3,3.1251302137589066e-05,14.965724171116342,6,JJ,j,1,{'j'},1,{'JJ'},False,german
germans,5,5.208550356264844e-05,14.228758576950137,7,NNPS,n,1,{'n'},1,{'NNPS'},False,german
germany,6,6.250260427517813e-05,13.965724171116342,7,NNP,n,1,{'n'},1,{'NNP'},False,germani
germs,3,3.1251302137589066e-05,14.965724171116342,5,NNS,n,1,{'n'},1,{'NNS'},False,germ
get,341,0.0035522313429726237,8.137058742813327,3,VB,v,2,"{'n', 'v'}",4,"{'VB', 'VBP', 'NN', 'NNP'}",False,get
gets,11,0.00011458810783782658,13.091255053200202,4,VBZ,v,1,{'v'},1,{'VBZ'},False,get
getting,29,0.000302095920663361,11.692705676709927,7,VBG,v,1,{'v'},1,{'VBG'},False,get
ggg,1,1.041710071252969e-05,16.5506866718375,3,NN,n,1,{'n'},1,{'NN'},False,ggg
ghastly,1,1.041710071252969e-05,16.5506866718375,7,RB,r,1,{'r'},1,{'RB'},False,ghastli
ghost,10,0.00010417100712529688,13.228758576950137,5,NN,n,2,"{'n', 'v'}",2,"{'VBN', 'NN'}",False,ghost
ghosts,4,4.166840285011876e-05,14.550686671837498,6,NNS,n,1,{'n'},2,"{'NNS', 'NNP'}",False,ghost
giant,18,0.0001875078128255344,12.380761670395186,5,NNP,n,2,"{'n', 'j'}",2,"{'JJ', 'NNP'}",False,giant
giddy,1,1.041710071252969e-05,16.5506866718375,5,NNS,n,1,{'n'},1,{'NNS'},False,giddi
gift,10,0.00010417100712529688,13.228758576950137,4,NN,n,1,{'n'},1,{'NN'},False,gift
gifted,2,2.083420142505938e-05,15.550686671837498,6,JJ,j,2,"{'j', 'v'}",2,"{'JJ', 'VBN'}",False,gift
gifts,1,1.041710071252969e-05,16.5506866718375,5,NNS,n,1,{'n'},1,{'NNS'},False,gift
gigantic,2,2.083420142505938e-05,15.550686671837498,8,JJ,j,1,{'j'},1,{'JJ'},False,gigant
gikkuri,1,1.041710071252969e-05,16.5506866718375,7,NNP,n,1,{'n'},1,{'NNP'},False,gikkuri
giliora,1,1.041710071252969e-05,16.5506866718375,7,NNP,n,1,{'n'},1,{'NNP'},False,giliora
gim,5,5.208550356264844e-05,14.228758576950137,3,NNP,n,2,"{'n', 'v'}",2,"{'VB', 'NNP'}",False,gim
gina,16,0.00016667361140047503,12.550686671837498,4,NNP,n,1,{'n'},1,{'NNP'},False,gina
ginger,1,1.041710071252969e-05,16.5506866718375,6,JJR,j,1,{'j'},1,{'JJR'},False,ginger
ginza,1,1.041710071252969e-05,16.5506866718375,5,NNP,n,1,{'n'},1,{'NNP'},False,ginza
girl,131,0.0013646401933413892,9.517263670300048,4,NN,n,3,"{'n', 'x', 'j'}",3,"{'JJ', 'NN', '$'}",False,girl
girls,15,0.00015625651068794532,12.64379607622898,5,NNS,n,2,"{'n', 'j'}",2,"{'JJ', 'NNS'}",False,girl
give,131,0.0013646401933413892,9.517263670300048,4,VB,v,2,"{'n', 'v'}",4,"{'VB', 'VBP', 'NN', 'NNP'}",False,give
given,6,6.250260427517813e-05,13.965724171116342,5,VBN,v,1,{'v'},1,{'VBN'},False,given
gives,3,3.1251302137589066e-05,14.965724171116342,5,VBZ,v,1,{'v'},1,{'VBZ'},False,give
giving,12,0.00012500520855035626,12.965724171116342,6,VBG,v,1,{'v'},1,{'VBG'},False,give
glad,21,0.00021875911496312345,12.158369249058739,4,JJ,j,2,"{'n', 'j'}",3,"{'JJ', 'NN', 'NNP'}",False,glad
gladly,1,1.041710071252969e-05,16.5506866718375,6,RB,r,1,{'r'},1,{'RB'},False,gladli
glance,1,1.041710071252969e-05,16.5506866718375,6,NN,n,1,{'n'},1,{'NN'},False,glanc
glass,1,1.041710071252969e-05,16.5506866718375,5,NN,n,1,{'n'},1,{'NN'},False,glass
glasses,4,4.166840285011876e-05,14.550686671837498,7,NNP,n,1,{'n'},2,"{'NNS', 'NNP'}",False,glass
glimmering,2,2.083420142505938e-05,15.550686671837498,10,VBG,v,1,{'v'},1,{'VBG'},False,glimmer
glimpse,3,3.1251302137589066e-05,14.965724171116342,7,NN,n,1,{'n'},1,{'NN'},False,glimps
glisten,1,1.041710071252969e-05,16.5506866718375,7,VBP,v,1,{'v'},1,{'VBP'},False,glisten
glistens,3,3.1251302137589066e-05,14.965724171116342,8,VBZ,v,2,"{'n', 'v'}",2,"{'VBZ', 'NNS'}",False,glisten
globe,1,1.041710071252969e-05,16.5506866718375,5,NN,n,1,{'n'},1,{'NN'},False,globe
gloomy,1,1.041710071252969e-05,16.5506866718375,6,JJ,j,1,{'j'},1,{'JJ'},False,gloomi
glorious,2,2.083420142505938e-05,15.550686671837498,8,JJ,j,1,{'j'},1,{'JJ'},False,gloriou
glowing,2,2.083420142505938e-05,15.550686671837498,7,NN,n,2,"{'n', 'v'}",2,"{'VBG', 'NN'}",False,glow
go,473,0.004927288637026543,7.664990298498103,2,VB,v,2,"{'n', 'v'}",4,"{'VB', 'VBP', 'NN', 'NNP'}",False,go
goal,2,2.083420142505938e-05,15.550686671837498,4,NN,n,1,{'n'},1,{'NN'},False,goal
gobbled,1,1.041710071252969e-05,16.5506866718375,7,VBD,v,1,{'v'},1,{'VBD'},False,gobbl
goblins,1,1.041710071252969e-05,16.5506866718375,7,NNS,n,1,{'n'},1,{'NNS'},False,goblin
gochiso,1,1.041710071252969e-05,16.5506866718375,7,NNP,n,1,{'n'},1,{'NNP'},False,gochiso
gochisosama,1,1.041710071252969e-05,16.5506866718375,11,NNP,n,1,{'n'},1,{'NNP'},False,gochisosama
god,16,0.00016667361140047503,12.550686671837498,3,NN,n,1,{'n'},2,"{'NN', 'NNP'}",False,god
goddess,1,1.041710071252969e-05,16.5506866718375,7,NN,n,1,{'n'},1,{'NN'},False,goddess
godfather,1,1.041710071252969e-05,16.5506866718375,9,NN,n,1,{'n'},1,{'NN'},False,godfath
godforsaken,1,1.041710071252969e-05,16.5506866718375,11,JJ,j,1,{'j'},1,{'JJ'},False,godforsaken
gods,10,0.00010417100712529688,13.228758576950137,4,NNS,n,1,{'n'},2,"{'NNS', 'NNP'}",False,god
goes,13,0.00013542230926288595,12.850246953696406,4,VBZ,v,1,{'v'},1,{'VBZ'},False,goe
going,259,0.0026980290845451892,8.533878384150945,5,VBG,v,1,{'v'},1,{'VBG'},False,go
gokurohsama,1,1.041710071252969e-05,16.5506866718375,11,NN,n,1,{'n'},1,{'NN'},False,gokurohsama
gold,34,0.0003541814242260094,11.46322383058716,4,NN,n,1,{'n'},1,{'NN'},False,gold
golden,6,6.250260427517813e-05,13.965724171116342,6,JJ,j,1,{'j'},1,{'JJ'},False,golden
goldencolored,1,1.041710071252969e-05,16.5506866718375,13,JJ,j,1,{'j'},1,{'JJ'},False,goldencolor
goldfish,9,9.37539064127672e-05,13.380761670395186,8,NN,n,2,"{'n', 'j'}",2,"{'JJ', 'NN'}",False,goldfish
goldsmith,1,1.041710071252969e-05,16.5506866718375,9,NNP,n,1,{'n'},1,{'NNP'},False,goldsmith
golf,1,1.041710071252969e-05,16.5506866718375,4,NN,n,1,{'n'},1,{'NN'},False,golf
goliath,8,8.333680570023751e-05,13.550686671837498,7,NNP,n,1,{'n'},1,{'NNP'},False,goliath
goll,3,3.1251302137589066e-05,14.965724171116342,4,NNP,n,1,{'n'},2,"{'NN', 'NNP'}",False,goll
gomorrah,1,1.041710071252969e-05,16.5506866718375,8,NNP,n,1,{'n'},1,{'NNP'},False,gomorrah
gon,38,0.00039584982707612816,11.302759158393913,3,NN,n,3,"{'n', 'j', 'v'}",4,"{'VBG', 'VB', 'JJ', 'NN'}",False,gon
gondoa,3,3.1251302137589066e-05,14.965724171116342,6,NNP,n,1,{'n'},1,{'NNP'},False,gondoa
gone,39,0.0004062669277886579,11.26528445297525,4,VBN,v,2,"{'n', 'v'}",2,"{'VBN', 'NN'}",False,gone
gong,3,3.1251302137589066e-05,14.965724171116342,4,NN,n,1,{'n'},1,{'NN'},False,gong
gonta,39,0.0004062669277886579,11.26528445297525,5,NNP,n,2,"{'n', 'v'}",3,"{'VB', 'NN', 'NNP'}",False,gonta
gonza,5,5.208550356264844e-05,14.228758576950137,5,NNP,n,1,{'n'},2,"{'NN', 'NNP'}",False,gonza
good,261,0.002718863285970249,8.522780675267613,4,JJ,j,2,"{'n', 'j'}",2,"{'JJ', 'NN'}",False,good
goodbye,19,0.00019792491353806408,12.302759158393913,7,NNP,n,2,"{'n', 'j'}",3,"{'JJ', 'NN', 'NNP'}",False,goodby
goodfornothing,1,1.041710071252969e-05,16.5506866718375,14,NN,n,1,{'n'},1,{'NN'},False,goodfornoth
goodlooking,5,5.208550356264844e-05,14.228758576950137,11,JJ,j,1,{'j'},1,{'JJ'},False,goodlook
goodluck,1,1.041710071252969e-05,16.5506866718375,8,JJ,j,1,{'j'},1,{'JJ'},False,goodluck
goodnatured,1,1.041710071252969e-05,16.5506866718375,11,JJ,j,1,{'j'},1,{'JJ'},False,goodnatur
goodness,7,7.291970498770782e-05,13.743331749779895,8,NN,n,1,{'n'},1,{'NN'},False,good
goodnight,1,1.041710071252969e-05,16.5506866718375,9,JJ,j,1,{'j'},1,{'JJ'},False,goodnight
goody,1,1.041710071252969e-05,16.5506866718375,5,NN,n,1,{'n'},1,{'NN'},False,goodi
goofing,1,1.041710071252969e-05,16.5506866718375,7,VBG,v,1,{'v'},1,{'VBG'},False,goof
gopher,1,1.041710071252969e-05,16.5506866718375,6,NN,n,1,{'n'},1,{'NN'},False,gopher
gordon,1,1.041710071252969e-05,16.5506866718375,6,NNP,n,1,{'n'},1,{'NNP'},False,gordon
gorgeous,3,3.1251302137589066e-05,14.965724171116342,8,JJ,j,1,{'j'},1,{'JJ'},False,gorgeou
gorilla,1,1.041710071252969e-05,16.5506866718375,7,NN,n,1,{'n'},1,{'NN'},False,gorilla
gossip,1,1.041710071252969e-05,16.5506866718375,6,NN,n,1,{'n'},1,{'NN'},False,gossip
gossosan,1,1.041710071252969e-05,16.5506866718375,8,JJ,j,1,{'j'},1,{'JJ'},False,gossosan
got,162,0.0016875703154298097,9.210836668952874,3,VBD,v,2,"{'n', 'v'}",4,"{'VB', 'VBD', 'VBN', 'NNP'}",False,got
gotcha,2,2.083420142505938e-05,15.550686671837498,6,NN,n,1,{'n'},1,{'NN'},False,gotcha
gotten,13,0.00013542230926288595,12.850246953696406,6,VBN,v,3,"{'n', 'j', 'v'}",6,"{'JJ', 'VBD', 'NN', 'NNS', 'VB', 'VBN'}",False,gotten
govern,1,1.041710071252969e-05,16.5506866718375,6,VB,v,1,{'v'},1,{'VB'},False,govern
government,7,7.291970498770782e-05,13.743331749779895,10,NN,n,1,{'n'},1,{'NN'},False,govern
grab,4,4.166840285011876e-05,14.550686671837498,4,NNP,n,2,"{'n', 'v'}",2,"{'VB', 'NNP'}",False,grab
grabbed,1,1.041710071252969e-05,16.5506866718375,7,VBD,v,1,{'v'},1,{'VBD'},False,grab
graceful,3,3.1251302137589066e-05,14.965724171116342,8,JJ,j,2,"{'j', 'v'}",2,"{'JJ', 'VBN'}",False,grace
gracefully,1,1.041710071252969e-05,16.5506866718375,10,RB,r,1,{'r'},1,{'RB'},False,grace
graces,1,1.041710071252969e-05,16.5506866718375,6,NNS,n,1,{'n'},1,{'NNS'},False,grace
grade,12,0.00012500520855035626,12.965724171116342,5,NN,n,2,"{'n', 'j'}",2,"{'JJ', 'NN'}",False,grade
grader,1,1.041710071252969e-05,16.5506866718375,6,NN,n,1,{'n'},1,{'NN'},False,grader
grades,1,1.041710071252969e-05,16.5506866718375,6,NNS,n,1,{'n'},1,{'NNS'},False,grade
gradually,1,1.041710071252969e-05,16.5506866718375,9,RB,r,1,{'r'},1,{'RB'},False,gradual
graduate,1,1.041710071252969e-05,16.5506866718375,8,VBP,v,1,{'v'},1,{'VBP'},False,graduat
gran,1,1.041710071252969e-05,16.5506866718375,4,NNP,n,1,{'n'},1,{'NNP'},False,gran
grand,4,4.166840285011876e-05,14.550686671837498,5,JJ,j,2,"{'n', 'j'}",2,"{'JJ', 'NNP'}",False,grand
granddaughter,6,6.250260427517813e-05,13.965724171116342,13,NN,n,1,{'n'},2,"{'NN', 'NNP'}",False,granddaught
grandfather,3,3.1251302137589066e-05,14.965724171116342,11,NN,n,1,{'n'},1,{'NN'},False,grandfath
grandma,23,0.00023959331638818285,12.027124715780486,7,NNP,n,1,{'n'},2,"{'NN', 'NNP'}",False,grandma
grandmother,9,9.37539064127672e-05,13.380761670395186,11,NNP,n,1,{'n'},2,"{'NN', 'NNP'}",False,grandmoth
grandpa,14,0.00014583940997541563,12.743331749779895,7,NNP,n,2,"{'n', 'v'}",3,"{'VB', 'NN', 'NNP'}",False,grandpa
granny,35,0.0003645985249385391,11.421403654892533,6,NNP,n,1,{'n'},2,"{'NN', 'NNP'}",False,granni
grant,1,1.041710071252969e-05,16.5506866718375,5,NN,n,1,{'n'},1,{'NN'},False,grant
grapes,3,3.1251302137589066e-05,14.965724171116342,6,NNS,n,1,{'n'},2,"{'NNS', 'NNP'}",False,grape
grass,13,0.00013542230926288595,12.850246953696406,5,NN,n,1,{'n'},2,"{'NN', 'NNP'}",False,grass
grasshopper,2,2.083420142505938e-05,15.550686671837498,11,NN,n,1,{'n'},1,{'NN'},False,grasshopp
grateful,3,3.1251302137589066e-05,14.965724171116342,8,JJ,j,1,{'j'},1,{'JJ'},False,grate
gratefully,1,1.041710071252969e-05,16.5506866718375,10,RB,r,1,{'r'},1,{'RB'},False,grate
gratefulness,1,1.041710071252969e-05,16.5506866718375,12,NN,n,1,{'n'},1,{'NN'},False,grate
gratitude,1,1.041710071252969e-05,16.5506866718375,9,NN,n,1,{'n'},1,{'NN'},False,gratitud
grave,8,8.333680570023751e-05,13.550686671837498,5,NN,n,2,"{'n', 'j'}",3,"{'JJ', 'NN', 'NNP'}",False,grave
gravely,2,2.083420142505938e-05,15.550686671837498,7,RB,r,1,{'r'},1,{'RB'},False,grave
graveyard,2,2.083420142505938e-05,15.550686671837498,9,NN,n,1,{'n'},1,{'NN'},False,graveyard
gravitational,1,1.041710071252969e-05,16.5506866718375,13,JJ,j,1,{'j'},1,{'JJ'},False,gravit
great,57,0.0005937747406141923,10.717796657672757,5,JJ,j,2,"{'n', 'j'}",3,"{'JJ', 'NN', 'NNP'}",False,great
greater,3,3.1251302137589066e-05,14.965724171116342,7,JJR,j,1,{'j'},1,{'JJR'},False,greater
greatest,2,2.083420142505938e-05,15.550686671837498,8,JJS,j,1,{'j'},1,{'JJS'},False,greatest
greatgrandmother,1,1.041710071252969e-05,16.5506866718375,16,JJ,j,1,{'j'},1,{'JJ'},False,greatgrandmoth
greatness,3,3.1251302137589066e-05,14.965724171116342,9,NN,n,1,{'n'},1,{'NN'},False,great
greed,1,1.041710071252969e-05,16.5506866718375,5,NN,n,1,{'n'},1,{'NN'},False,greed
greedy,5,5.208550356264844e-05,14.228758576950137,6,NN,n,2,"{'n', 'j'}",2,"{'JJ', 'NN'}",False,greedi
green,4,4.166840285011876e-05,14.550686671837498,5,JJ,j,1,{'j'},1,{'JJ'},False,green
greenhorn,1,1.041710071252969e-05,16.5506866718375,9,NN,n,1,{'n'},1,{'NN'},False,greenhorn
greet,3,3.1251302137589066e-05,14.965724171116342,5,VB,v,1,{'v'},2,"{'VB', 'VBD'}",False,greet
greeting,2,2.083420142505938e-05,15.550686671837498,8,NN,n,2,"{'n', 'v'}",2,"{'VBG', 'NN'}",False,greet
greetings,1,1.041710071252969e-05,16.5506866718375,9,NNS,n,1,{'n'},1,{'NNS'},False,greet
grenade,1,1.041710071252969e-05,16.5506866718375,7,NN,n,1,{'n'},1,{'NN'},False,grenad
grew,4,4.166840285011876e-05,14.550686671837498,4,VBD,v,1,{'v'},1,{'VBD'},False,grew
grief,4,4.166840285011876e-05,14.550686671837498,5,NN,n,1,{'n'},1,{'NN'},False,grief
grim,1,1.041710071252969e-05,16.5506866718375,4,JJ,j,1,{'j'},1,{'JJ'},False,grim
grimm,1,1.041710071252969e-05,16.5506866718375,5,NNP,n,1,{'n'},1,{'NNP'},False,grimm
grip,1,1.041710071252969e-05,16.5506866718375,4,NN,n,1,{'n'},1,{'NN'},False,grip
gross,1,1.041710071252969e-05,16.5506866718375,5,JJ,j,1,{'j'},1,{'JJ'},False,gross
ground,11,0.00011458810783782658,13.091255053200202,6,NN,n,1,{'n'},1,{'NN'},False,ground
grounds,1,1.041710071252969e-05,16.5506866718375,7,NNS,n,1,{'n'},1,{'NNS'},False,ground
group,8,8.333680570023751e-05,13.550686671837498,5,NN,n,1,{'n'},1,{'NN'},False,group
grove,4,4.166840285011876e-05,14.550686671837498,5,NN,n,1,{'n'},1,{'NN'},False,grove
grow,17,0.0001770907121130047,12.46322383058716,4,VB,v,2,"{'n', 'v'}",3,"{'VB', 'VBP', 'NN'}",False,grow
growing,6,6.250260427517813e-05,13.965724171116342,7,VBG,v,1,{'v'},1,{'VBG'},False,grow
grown,5,5.208550356264844e-05,14.228758576950137,5,VBN,v,2,"{'j', 'v'}",2,"{'JJ', 'VBN'}",False,grown
grownup,1,1.041710071252969e-05,16.5506866718375,7,NN,n,1,{'n'},1,{'NN'},False,grownup
growth,1,1.041710071252969e-05,16.5506866718375,6,NN,n,1,{'n'},1,{'NN'},False,growth
grr,1,1.041710071252969e-05,16.5506866718375,3,NN,n,1,{'n'},1,{'NN'},False,grr
grrrrr,1,1.041710071252969e-05,16.5506866718375,6,NN,n,1,{'n'},1,{'NN'},False,grrrrr
grudge,1,1.041710071252969e-05,16.5506866718375,6,NN,n,1,{'n'},1,{'NN'},False,grudg
guarantee,2,2.083420142505938e-05,15.550686671837498,9,VB,v,1,{'v'},2,"{'VB', 'VBP'}",False,guarante
guard,10,0.00010417100712529688,13.228758576950137,5,$,n,3,"{'n', 'x', 'v'}",5,"{'NN', 'NNP', 'VB', '$', 'VBN'}",False,guard
guardian,17,0.0001770907121130047,12.46322383058716,8,NNP,n,2,"{'n', 'j'}",3,"{'JJ', 'NN', 'NNP'}",False,guardian
guardians,1,1.041710071252969e-05,16.5506866718375,9,NNPS,n,1,{'n'},1,{'NNPS'},False,guardian
guarding,1,1.041710071252969e-05,16.5506866718375,8,VBG,v,1,{'v'},1,{'VBG'},False,guard
guards,1,1.041710071252969e-05,16.5506866718375,6,NNS,n,1,{'n'},1,{'NNS'},False,guard
guerrilla,1,1.041710071252969e-05,16.5506866718375,9,NN,n,1,{'n'},1,{'NN'},False,guerrilla
guess,24,0.00025001041710071253,11.965724171116342,5,VBP,v,2,"{'n', 'v'}",4,"{'VB', 'VBP', 'NN', 'NNP'}",False,guess
guest,11,0.00011458810783782658,13.091255053200202,5,NN,n,2,"{'n', 'j'}",2,"{'JJS', 'NN'}",False,guest
guests,5,5.208550356264844e-05,14.228758576950137,6,NNS,n,1,{'n'},1,{'NNS'},False,guest
guide,4,4.166840285011876e-05,14.550686671837498,5,VB,v,1,{'v'},1,{'VB'},False,guid
guiding,2,2.083420142505938e-05,15.550686671837498,7,VBG,v,1,{'v'},1,{'VBG'},False,guid
guild,1,1.041710071252969e-05,16.5506866718375,5,NNP,n,1,{'n'},1,{'NNP'},False,guild
guilty,2,2.083420142505938e-05,15.550686671837498,6,JJ,j,1,{'j'},1,{'JJ'},False,guilti
gullible,1,1.041710071252969e-05,16.5506866718375,8,JJ,j,1,{'j'},1,{'JJ'},False,gullibl
gulliver,1,1.041710071252969e-05,16.5506866718375,8,NNP,n,1,{'n'},1,{'NNP'},False,gulliv
gun,10,0.00010417100712529688,13.228758576950137,3,NN,n,1,{'n'},1,{'NN'},False,gun
gunpowder,1,1.041710071252969e-05,16.5506866718375,9,NN,n,1,{'n'},1,{'NN'},False,gunpowd
guns,8,8.333680570023751e-05,13.550686671837498,4,NNS,n,1,{'n'},2,"{'NN', 'NNS'}",False,gun
gunship,13,0.00013542230926288595,12.850246953696406,7,NN,n,1,{'n'},1,{'NN'},False,gunship
gunwale,1,1.041710071252969e-05,16.5506866718375,7,NN,n,1,{'n'},1,{'NN'},False,gunwal
gust,2,2.083420142505938e-05,15.550686671837498,4,NN,n,1,{'n'},1,{'NN'},False,gust
guten,1,1.041710071252969e-05,16.5506866718375,5,NNP,n,1,{'n'},1,{'NNP'},False,guten
gutiokipanja,2,2.083420142505938e-05,15.550686671837498,12,NNP,n,1,{'n'},1,{'NNP'},False,gutiokipanja
guts,7,7.291970498770782e-05,13.743331749779895,4,NNS,n,1,{'n'},1,{'NNS'},False,gut
guy,22,0.00022917621567565316,12.091255053200202,3,NN,n,2,"{'n', 'v'}",2,"{'VBP', 'NN'}",False,guy
guys,26,0.0002708446185257719,11.850246953696406,4,NNS,n,2,"{'n', 'v'}",3,"{'NN', 'VBP', 'NNS'}",False,guy
gymnasium,1,1.041710071252969e-05,16.5506866718375,9,NN,n,1,{'n'},1,{'NN'},False,gymnasium
gyobu,8,8.333680570023751e-05,13.550686671837498,5,NNP,n,1,{'n'},1,{'NNP'},False,gyobu
h,1,1.041710071252969e-05,16.5506866718375,1,NNP,n,1,{'n'},1,{'NNP'},False,h
ha,127,0.0013229717904912706,9.562001985065333,2,NN,n,3,"{'n', 'j', 'v'}",4,"{'JJ', 'VBD', 'NN', 'NNP'}",False,ha
haa,9,9.37539064127672e-05,13.380761670395186,3,NNP,n,1,{'n'},2,"{'NN', 'NNP'}",False,haa
habit,1,1.041710071252969e-05,16.5506866718375,5,NN,n,1,{'n'},1,{'NN'},False,habit
habits,1,1.041710071252969e-05,16.5506866718375,6,NNS,n,1,{'n'},1,{'NNS'},False,habit
hack,1,1.041710071252969e-05,16.5506866718375,4,NN,n,1,{'n'},1,{'NN'},False,hack
had,93,0.000968790366265261,10.011527860729467,3,VBD,v,1,{'v'},2,"{'VBD', 'VBN'}",True,had
hage,13,0.00013542230926288595,12.850246953696406,4,NNP,n,1,{'n'},2,"{'NN', 'NNP'}",False,hage
hah,6,6.250260427517813e-05,13.965724171116342,3,NN,n,1,{'n'},1,{'NN'},False,hah
haha,3,3.1251302137589066e-05,14.965724171116342,4,NN,n,1,{'n'},1,{'NN'},False,haha
hahaha,8,8.333680570023751e-05,13.550686671837498,6,NN,n,1,{'n'},2,"{'NN', 'NNP'}",False,hahaha
hahahaha,12,0.00012500520855035626,12.965724171116342,8,NN,n,1,{'n'},2,"{'NN', 'NNP'}",False,hahahaha
hahahahaha,1,1.041710071252969e-05,16.5506866718375,10,NNP,n,1,{'n'},1,{'NNP'},False,hahahahaha
hahahahahaha,1,1.041710071252969e-05,16.5506866718375,12,NN,n,1,{'n'},1,{'NN'},False,hahahahahaha
haiku,1,1.041710071252969e-05,16.5506866718375,5,NN,n,1,{'n'},1,{'NN'},False,haiku
hail,1,1.041710071252969e-05,16.5506866718375,4,NNP,n,1,{'n'},1,{'NNP'},False,hail
hair,13,0.00013542230926288595,12.850246953696406,4,NN,n,1,{'n'},1,{'NN'},False,hair
haircut,1,1.041710071252969e-05,16.5506866718375,7,NN,n,1,{'n'},1,{'NN'},False,haircut
haka,1,1.041710071252969e-05,16.5506866718375,4,NNP,n,1,{'n'},1,{'NNP'},False,haka
haku,61,0.000635443143464311,10.619949334274612,4,NNP,n,1,{'n'},2,"{'NN', 'NNP'}",False,haku
hakus,1,1.041710071252969e-05,16.5506866718375,5,NNP,n,1,{'n'},1,{'NNP'},False,haku
half,8,8.333680570023751e-05,13.550686671837498,4,PDT,x,2,"{'n', 'x'}",2,"{'NN', 'PDT'}",False,half
halfstarving,1,1.041710071252969e-05,16.5506866718375,12,NNP,n,1,{'n'},1,{'NNP'},False,halfstarv
halfway,1,1.041710071252969e-05,16.5506866718375,7,NN,n,1,{'n'},1,{'NN'},False,halfway
hall,7,7.291970498770782e-05,13.743331749779895,4,NN,n,1,{'n'},1,{'NN'},False,hall
halls,1,1.041710071252969e-05,16.5506866718375,5,NNS,n,1,{'n'},1,{'NNS'},False,hall
hallucination,1,1.041710071252969e-05,16.5506866718375,13,NN,n,1,{'n'},1,{'NN'},False,hallucin
halt,2,2.083420142505938e-05,15.550686671837498,4,NN,n,1,{'n'},1,{'NN'},False,halt
ham,10,0.00010417100712529688,13.228758576950137,3,NN,n,2,"{'n', 'x'}",2,"{'NN', 'PRP$'}",False,ham
hama,1,1.041710071252969e-05,16.5506866718375,4,NNP,n,1,{'n'},1,{'NNP'},False,hama
hamburgers,3,3.1251302137589066e-05,14.965724171116342,10,NNS,n,1,{'n'},1,{'NNS'},False,hamburg
hamhock,1,1.041710071252969e-05,16.5506866718375,7,NN,n,1,{'n'},1,{'NN'},False,hamhock
hanako,1,1.041710071252969e-05,16.5506866718375,6,NN,n,1,{'n'},1,{'NN'},False,hanako
hand,39,0.0004062669277886579,11.26528445297525,4,NN,n,1,{'n'},2,"{'NN', 'NNP'}",False,hand
handbag,2,2.083420142505938e-05,15.550686671837498,7,NN,n,1,{'n'},1,{'NN'},False,handbag
handed,1,1.041710071252969e-05,16.5506866718375,6,VBN,v,1,{'v'},1,{'VBN'},False,hand
handfuls,1,1.041710071252969e-05,16.5506866718375,8,NN,n,1,{'n'},1,{'NN'},False,hand
handhooks,1,1.041710071252969e-05,16.5506866718375,9,JJ,j,1,{'j'},1,{'JJ'},False,handhook
handing,1,1.041710071252969e-05,16.5506866718375,7,VBG,v,1,{'v'},1,{'VBG'},False,hand
handle,8,8.333680570023751e-05,13.550686671837498,6,VB,v,3,"{'n', 'j', 'v'}",3,"{'JJ', 'VB', 'NN'}",False,handl
handled,1,1.041710071252969e-05,16.5506866718375,7,VBN,v,1,{'v'},1,{'VBN'},False,handl
handmedowns,2,2.083420142505938e-05,15.550686671837498,11,JJ,j,1,{'j'},1,{'JJ'},False,handmedown
hands,34,0.0003541814242260094,11.46322383058716,5,NNS,n,2,"{'n', 'v'}",2,"{'VBZ', 'NNS'}",False,hand
handsome,2,2.083420142505938e-05,15.550686671837498,8,JJ,j,2,"{'n', 'j'}",2,"{'JJ', 'NN'}",False,handsom
handweeding,1,1.041710071252969e-05,16.5506866718375,11,NN,n,1,{'n'},1,{'NN'},False,handweed
handwriting,1,1.041710071252969e-05,16.5506866718375,11,NN,n,1,{'n'},1,{'NN'},False,handwrit
handy,1,1.041710071252969e-05,16.5506866718375,5,JJ,j,1,{'j'},1,{'JJ'},False,handi
hang,19,0.00019792491353806408,12.302759158393913,4,NNP,n,2,"{'n', 'v'}",5,"{'VBD', 'NN', 'NNP', 'VBP', 'VB'}",False,hang
hangar,1,1.041710071252969e-05,16.5506866718375,6,NN,n,1,{'n'},1,{'NN'},False,hangar
hanging,1,1.041710071252969e-05,16.5506866718375,7,VBG,v,1,{'v'},1,{'VBG'},False,hang
hangs,1,1.041710071252969e-05,16.5506866718375,5,VB,v,1,{'v'},1,{'VB'},False,hang
happen,17,0.0001770907121130047,12.46322383058716,6,VB,v,1,{'v'},1,{'VB'},False,happen
happened,41,0.00042710112921371724,11.193134667219415,8,VBD,v,1,{'v'},2,"{'VBD', 'VBN'}",False,happen
happening,6,6.250260427517813e-05,13.965724171116342,9,VBG,v,2,"{'n', 'v'}",2,"{'VBG', 'NN'}",False,happen
happens,10,0.00010417100712529688,13.228758576950137,7,VBZ,v,2,"{'n', 'v'}",2,"{'VBZ', 'NNS'}",False,happen
happiest,1,1.041710071252969e-05,16.5506866718375,8,NN,n,1,{'n'},1,{'NN'},False,happiest
happily,2,2.083420142505938e-05,15.550686671837498,7,RB,r,1,{'r'},1,{'RB'},False,happili
happiness,7,7.291970498770782e-05,13.743331749779895,9,NN,n,2,"{'n', 'j'}",2,"{'JJ', 'NN'}",False,happi
happy,21,0.00021875911496312345,12.158369249058739,5,JJ,j,1,{'j'},1,{'JJ'},False,happi
harassment,1,1.041710071252969e-05,16.5506866718375,10,JJ,j,1,{'j'},1,{'JJ'},False,harass
harbor,3,3.1251302137589066e-05,14.965724171116342,6,NN,n,1,{'n'},1,{'NN'},False,harbor
hard,45,0.000468769532063836,11.058833575507824,4,JJ,j,3,"{'n', 'j', 'r'}",3,"{'JJ', 'RB', 'NNP'}",False,hard
harden,1,1.041710071252969e-05,16.5506866718375,6,NN,n,1,{'n'},1,{'NN'},False,harden
hardened,1,1.041710071252969e-05,16.5506866718375,8,VBN,v,1,{'v'},1,{'VBN'},False,harden
harder,3,3.1251302137589066e-05,14.965724171116342,6,JJR,j,1,{'j'},1,{'JJR'},False,harder
hardheaded,1,1.041710071252969e-05,16.5506866718375,10,JJ,j,1,{'j'},1,{'JJ'},False,hardhead
hardly,4,4.166840285011876e-05,14.550686671837498,6,RB,r,1,{'r'},1,{'RB'},False,hardli
hardworking,1,1.041710071252969e-05,16.5506866718375,11,JJ,j,1,{'j'},1,{'JJ'},False,hardwork
harm,5,5.208550356264844e-05,14.228758576950137,4,NN,n,1,{'n'},1,{'NN'},False,harm
harming,1,1.041710071252969e-05,16.5506866718375,7,VBG,v,1,{'v'},1,{'VBG'},False,harm
harmony,1,1.041710071252969e-05,16.5506866718375,7,NN,n,1,{'n'},1,{'NN'},False,harmoni
harsh,1,1.041710071252969e-05,16.5506866718375,5,NN,n,1,{'n'},1,{'NN'},False,harsh
harvest,2,2.083420142505938e-05,15.550686671837498,7,NN,n,1,{'n'},2,"{'NN', 'NNP'}",False,harvest
harvesting,2,2.083420142505938e-05,15.550686671837498,10,VBG,v,1,{'v'},1,{'VBG'},False,harvest
has,122,0.001270886286928622,9.619949334274612,3,VBZ,v,2,"{'n', 'v'}",2,"{'VBZ', 'NNP'}",True,ha
hasn,2,2.083420142505938e-05,15.550686671837498,4,NN,n,1,{'n'},1,{'NN'},True,hasn
haste,1,1.041710071252969e-05,16.5506866718375,5,NN,n,1,{'n'},1,{'NN'},False,hast
hasty,1,1.041710071252969e-05,16.5506866718375,5,JJ,j,1,{'j'},1,{'JJ'},False,hasti
hat,13,0.00013542230926288595,12.850246953696406,3,NN,n,2,"{'n', 'r'}",2,"{'RB', 'NN'}",False,hat
hatch,1,1.041710071252969e-05,16.5506866718375,5,NN,n,1,{'n'},1,{'NN'},False,hatch
hatches,2,2.083420142505938e-05,15.550686671837498,7,NNS,n,1,{'n'},1,{'NNS'},False,hatch
hate,16,0.00016667361140047503,12.550686671837498,4,VBP,v,1,{'v'},2,"{'VB', 'VBP'}",False,hate
hated,2,2.083420142505938e-05,15.550686671837498,5,VBD,v,1,{'v'},2,"{'VBD', 'VBN'}",False,hate
hatred,6,6.250260427517813e-05,13.965724171116342,6,NN,v,3,"{'n', 'j', 'v'}",4,"{'VBD', 'JJ', 'VBN', 'NN'}",False,hatr
hats,1,1.041710071252969e-05,16.5506866718375,4,NNS,n,1,{'n'},1,{'NNS'},False,hat
hattori,2,2.083420142505938e-05,15.550686671837498,7,NNP,n,1,{'n'},1,{'NNP'},False,hattori
haul,1,1.041710071252969e-05,16.5506866718375,4,VBP,v,1,{'v'},1,{'VBP'},False,haul
hauled,1,1.041710071252969e-05,16.5506866718375,6,VBN,v,1,{'v'},1,{'VBN'},False,haul
haunted,5,5.208550356264844e-05,14.228758576950137,7,VBN,v,2,"{'n', 'v'}",2,"{'VBN', 'NNP'}",False,haunt
haunting,3,3.1251302137589066e-05,14.965724171116342,8,VBG,v,1,{'v'},1,{'VBG'},False,haunt
haunts,1,1.041710071252969e-05,16.5506866718375,6,NNS,n,1,{'n'},1,{'NNS'},False,haunt
have,516,0.0053752239676653196,7.539459416414244,4,VBP,v,3,"{'n', 'j', 'v'}",4,"{'JJ', 'VB', 'VBP', 'NNP'}",True,have
haven,4,4.166840285011876e-05,14.550686671837498,5,NNP,v,3,"{'n', 'r', 'v'}",4,"{'VB', 'VBP', 'RB', 'NNP'}",True,haven
having,17,0.0001770907121130047,12.46322383058716,6,VBG,v,1,{'v'},1,{'VBG'},True,have
havoc,1,1.041710071252969e-05,16.5506866718375,5,NN,n,1,{'n'},1,{'NN'},False,havoc
hay,1,1.041710071252969e-05,16.5506866718375,3,NNS,n,1,{'n'},1,{'NNS'},False,hay
haze,1,1.041710071252969e-05,16.5506866718375,4,NN,n,1,{'n'},1,{'NN'},False,haze
hazing,2,2.083420142505938e-05,15.550686671837498,6,VBG,v,1,{'v'},1,{'VBG'},False,haze
he,365,0.0038022417600733363,8.038934018070119,2,PRP,x,1,{'x'},1,{'PRP'},True,he
head,44,0.0004583524313513063,11.091255053200202,4,NN,n,2,"{'n', 'v'}",4,"{'VB', 'VBP', 'NN', 'NNP'}",False,head
headache,1,1.041710071252969e-05,16.5506866718375,8,NN,n,1,{'n'},1,{'NN'},False,headach
headed,4,4.166840285011876e-05,14.550686671837498,6,VBN,v,1,{'v'},2,"{'VBD', 'VBN'}",False,head
heading,7,7.291970498770782e-05,13.743331749779895,7,VBG,v,1,{'v'},1,{'VBG'},False,head
headquarters,4,4.166840285011876e-05,14.550686671837498,12,NN,n,1,{'n'},2,"{'NN', 'NNS'}",False,headquart
heads,4,4.166840285011876e-05,14.550686671837498,5,NNS,n,1,{'n'},1,{'NNS'},False,head
heal,2,2.083420142505938e-05,15.550686671837498,4,VB,v,1,{'v'},1,{'VB'},False,heal
healed,5,5.208550356264844e-05,14.228758576950137,6,VBD,v,1,{'v'},2,"{'VBD', 'VBN'}",False,heal
health,3,3.1251302137589066e-05,14.965724171116342,6,NN,n,1,{'n'},1,{'NN'},False,health
healthy,2,2.083420142505938e-05,15.550686671837498,7,JJ,j,1,{'j'},1,{'JJ'},False,healthi
hear,44,0.0004583524313513063,11.091255053200202,4,VB,v,3,"{'n', 'x', 'v'}",4,"{'VB', 'VBP', 'NN', 'IN'}",False,hear
heard,37,0.0003854327263635985,11.341233306208549,5,VBN,v,2,"{'n', 'v'}",5,"{'VBD', 'NN', 'NNP', 'VBP', 'VBN'}",False,heard
hearing,3,3.1251302137589066e-05,14.965724171116342,7,VBG,v,2,"{'j', 'v'}",2,"{'VBG', 'JJ'}",False,hear
hears,1,1.041710071252969e-05,16.5506866718375,5,VBZ,v,1,{'v'},1,{'VBZ'},False,hear
heart,43,0.0004479353306387766,11.1244219171354,5,NN,n,1,{'n'},1,{'NN'},False,heart
hearted,1,1.041710071252969e-05,16.5506866718375,7,VBD,v,1,{'v'},1,{'VBD'},False,heart
heartfelt,1,1.041710071252969e-05,16.5506866718375,9,NN,n,1,{'n'},1,{'NN'},False,heartfelt
hearth,1,1.041710071252969e-05,16.5506866718375,6,NN,n,1,{'n'},1,{'NN'},False,hearth
heartily,1,1.041710071252969e-05,16.5506866718375,8,NN,n,1,{'n'},1,{'NN'},False,heartili
heartless,3,3.1251302137589066e-05,14.965724171116342,9,NN,n,2,"{'n', 'j'}",2,"{'JJ', 'NN'}",False,heartless
hearts,6,6.250260427517813e-05,13.965724171116342,6,NNS,n,1,{'n'},1,{'NNS'},False,heart
hearttoheart,1,1.041710071252969e-05,16.5506866718375,12,JJ,j,1,{'j'},1,{'JJ'},False,hearttoheart
heat,1,1.041710071252969e-05,16.5506866718375,4,NN,n,1,{'n'},1,{'NN'},False,heat
heatrashes,1,1.041710071252969e-05,16.5506866718375,10,NNS,n,1,{'n'},1,{'NNS'},False,heatrash
heats,2,2.083420142505938e-05,15.550686671837498,5,VBZ,v,1,{'v'},1,{'VBZ'},False,heat
heave,6,6.250260427517813e-05,13.965724171116342,5,VBP,n,2,"{'n', 'v'}",3,"{'VBP', 'NN', 'NNP'}",False,heav
heaveho,1,1.041710071252969e-05,16.5506866718375,7,NN,n,1,{'n'},1,{'NN'},False,heaveho
heaven,24,0.00025001041710071253,11.965724171116342,6,NNP,n,4,"{'n', 'j', 'r', 'v'}",6,"{'JJ', 'NN', 'NNP', 'VBZ', 'RB', 'VB'}",False,heaven
heavenly,2,2.083420142505938e-05,15.550686671837498,8,JJ,j,1,{'j'},1,{'JJ'},False,heavenli
heavens,4,4.166840285011876e-05,14.550686671837498,7,NNS,n,1,{'n'},1,{'NNS'},False,heaven
heavier,3,3.1251302137589066e-05,14.965724171116342,7,JJR,j,1,{'j'},1,{'JJR'},False,heavier
heavy,9,9.37539064127672e-05,13.380761670395186,5,JJ,j,1,{'j'},1,{'JJ'},False,heavi
heck,2,2.083420142505938e-05,15.550686671837498,4,NN,n,1,{'n'},1,{'NN'},False,heck
hee,12,0.00012500520855035626,12.965724171116342,3,NN,n,1,{'n'},2,"{'NN', 'NNP'}",False,hee
heehee,1,1.041710071252969e-05,16.5506866718375,6,NNP,n,1,{'n'},1,{'NNP'},False,heehe
heen,5,5.208550356264844e-05,14.228758576950137,4,NNP,n,1,{'n'},1,{'NNP'},False,heen
heh,17,0.0001770907121130047,12.46322383058716,3,NNP,n,1,{'n'},2,"{'NN', 'NNP'}",False,heh
hehe,1,1.041710071252969e-05,16.5506866718375,4,NN,n,1,{'n'},1,{'NN'},False,hehe
hehehe,3,3.1251302137589066e-05,14.965724171116342,6,NNP,n,1,{'n'},1,{'NNP'},False,heheh
heigh,1,1.041710071252969e-05,16.5506866718375,5,NNP,n,1,{'n'},1,{'NNP'},False,heigh
held,4,4.166840285011876e-05,14.550686671837498,4,VBD,v,1,{'v'},2,"{'VBD', 'VBN'}",False,held
helium,2,2.083420142505938e-05,15.550686671837498,6,NN,n,1,{'n'},1,{'NN'},False,helium
hell,8,8.333680570023751e-05,13.550686671837498,4,NN,n,1,{'n'},2,"{'NN', 'NNP'}",False,hell
hello,38,0.00039584982707612816,11.302759158393913,5,NNP,n,2,"{'n', 'x'}",3,"{'NN', 'NNP', 'UH'}",False,hello
helmeted,1,1.041710071252969e-05,16.5506866718375,8,JJ,j,1,{'j'},1,{'JJ'},False,helmet
help,119,0.0012396349847910329,9.655868908529555,4,VB,v,2,"{'n', 'v'}",4,"{'VB', 'VBP', 'NN', 'NNP'}",False,help
helped,11,0.00011458810783782658,13.091255053200202,6,VBN,v,1,{'v'},2,"{'VBD', 'VBN'}",False,help
helper,1,1.041710071252969e-05,16.5506866718375,6,NN,n,1,{'n'},1,{'NN'},False,helper
helping,5,5.208550356264844e-05,14.228758576950137,7,VBG,v,1,{'v'},1,{'VBG'},False,help
helps,1,1.041710071252969e-05,16.5506866718375,5,VBZ,v,1,{'v'},1,{'VBZ'},False,help
hem,1,1.041710071252969e-05,16.5506866718375,3,NN,n,1,{'n'},1,{'NN'},False,hem
hemorrhage,1,1.041710071252969e-05,16.5506866718375,10,NN,n,1,{'n'},1,{'NN'},False,hemorrhag
hemp,1,1.041710071252969e-05,16.5506866718375,4,NN,n,1,{'n'},1,{'NN'},False,hemp
henchman,1,1.041710071252969e-05,16.5506866718375,8,NN,n,1,{'n'},1,{'NN'},False,henchman
henchmen,6,6.250260427517813e-05,13.965724171116342,8,NNS,n,1,{'n'},1,{'NNS'},False,henchmen
her,277,0.002885536897370724,8.43694450578831,3,PRP$,x,2,"{'n', 'x'}",4,"{'NNP', 'PRP', 'NN', 'PRP$'}",True,her
herbal,4,4.166840285011876e-05,14.550686671837498,6,JJ,j,1,{'j'},1,{'JJ'},False,herbal
herbicides,1,1.041710071252969e-05,16.5506866718375,10,NNS,n,1,{'n'},1,{'NNS'},False,herbicid
herd,6,6.250260427517813e-05,13.965724171116342,4,NN,n,1,{'n'},1,{'NN'},False,herd
herdsman,2,2.083420142505938e-05,15.550686671837498,8,NN,n,1,{'n'},1,{'NN'},False,herdsman
herdsmen,2,2.083420142505938e-05,15.550686671837498,8,NNS,n,1,{'n'},1,{'NNS'},False,herdsmen
here,468,0.004875203133463894,7.680321952254094,4,RB,r,2,"{'j', 'r'}",2,"{'JJ', 'RB'}",True,here
heritage,1,1.041710071252969e-05,16.5506866718375,8,NN,n,1,{'n'},1,{'NN'},False,heritag
hero,6,6.250260427517813e-05,13.965724171116342,4,NN,n,1,{'n'},1,{'NN'},False,hero
heroic,1,1.041710071252969e-05,16.5506866718375,6,NN,n,1,{'n'},1,{'NN'},False,heroic
herring,2,2.083420142505938e-05,15.550686671837498,7,NN,n,1,{'n'},1,{'NN'},False,her
herself,7,7.291970498770782e-05,13.743331749779895,7,PRP,x,2,"{'n', 'x'}",2,"{'PRP', 'NN'}",True,herself
hesitant,1,1.041710071252969e-05,16.5506866718375,8,JJ,j,1,{'j'},1,{'JJ'},False,hesit
hesitate,5,5.208550356264844e-05,14.228758576950137,8,VB,v,1,{'v'},2,"{'VB', 'VBP'}",False,hesit
hey,191,0.0019896662360931704,8.97325784380175,3,NNP,n,2,"{'n', 'r'}",3,"{'RB', 'NN', 'NNP'}",False,hey
hham,1,1.041710071252969e-05,16.5506866718375,4,NNP,n,1,{'n'},1,{'NNP'},False,hham
hhurry,1,1.041710071252969e-05,16.5506866718375,6,NNP,n,1,{'n'},1,{'NNP'},False,hhurri
hi,9,9.37539064127672e-05,13.380761670395186,2,NNP,n,2,"{'n', 'j'}",3,"{'JJ', 'NN', 'NNP'}",False,hi
hick,1,1.041710071252969e-05,16.5506866718375,4,VBP,v,1,{'v'},1,{'VBP'},False,hick
hid,1,1.041710071252969e-05,16.5506866718375,3,VBD,v,1,{'v'},1,{'VBD'},False,hid
hidden,7,7.291970498770782e-05,13.743331749779895,6,VBN,v,3,"{'x', 'j', 'v'}",3,"{'JJ', 'VBN', 'PRP'}",False,hidden
hide,8,8.333680570023751e-05,13.550686671837498,4,NNP,n,2,"{'n', 'v'}",3,"{'VB', 'NN', 'NNP'}",False,hide
hideaway,2,2.083420142505938e-05,15.550686671837498,8,NN,n,1,{'n'},1,{'NN'},False,hideaway
hideous,1,1.041710071252969e-05,16.5506866718375,7,JJ,j,1,{'j'},1,{'JJ'},False,hideou
hideout,2,2.083420142505938e-05,15.550686671837498,7,NN,n,1,{'n'},1,{'NN'},False,hideout
hides,1,1.041710071252969e-05,16.5506866718375,5,VBZ,v,1,{'v'},1,{'VBZ'},False,hide
hiding,9,9.37539064127672e-05,13.380761670395186,6,VBG,v,1,{'v'},1,{'VBG'},False,hide
hier,1,1.041710071252969e-05,16.5506866718375,4,NNP,n,1,{'n'},1,{'NNP'},False,hier
high,12,0.00012500520855035626,12.965724171116342,4,JJ,j,1,{'j'},1,{'JJ'},False,high
highclass,1,1.041710071252969e-05,16.5506866718375,9,JJ,j,1,{'j'},1,{'JJ'},False,highclass
higher,7,7.291970498770782e-05,13.743331749779895,6,JJR,j,2,"{'j', 'r'}",2,"{'RBR', 'JJR'}",False,higher
highest,4,4.166840285011876e-05,14.550686671837498,7,JJS,j,2,"{'n', 'j'}",2,"{'JJS', 'NNP'}",False,highest
highestborn,1,1.041710071252969e-05,16.5506866718375,11,JJ,j,1,{'j'},1,{'JJ'},False,highestborn
highhigh,1,1.041710071252969e-05,16.5506866718375,8,JJ,j,1,{'j'},1,{'JJ'},False,highhigh
highlands,1,1.041710071252969e-05,16.5506866718375,9,NNS,n,1,{'n'},1,{'NNS'},False,highland
highly,3,3.1251302137589066e-05,14.965724171116342,6,RB,r,1,{'r'},1,{'RB'},False,highli
highness,28,0.00029167881995083127,11.743331749779895,8,NN,n,1,{'n'},2,"{'NN', 'NNP'}",False,high
highspirited,1,1.041710071252969e-05,16.5506866718375,12,JJ,j,1,{'j'},1,{'JJ'},False,highspirit
higo,2,2.083420142505938e-05,15.550686671837498,4,NNP,n,1,{'n'},1,{'NNP'},False,higo
hiii,1,1.041710071252969e-05,16.5506866718375,4,NN,n,1,{'n'},1,{'NN'},False,hiii
hiisama,7,7.291970498770782e-05,13.743331749779895,7,NNP,n,1,{'n'},2,"{'NN', 'NNP'}",False,hiisama
hill,4,4.166840285011876e-05,14.550686671837498,4,NN,n,1,{'n'},1,{'NN'},False,hill
hills,34,0.0003541814242260094,11.46322383058716,5,NNP,n,1,{'n'},2,"{'NNS', 'NNP'}",False,hill
hilt,1,1.041710071252969e-05,16.5506866718375,4,NN,n,1,{'n'},1,{'NN'},False,hilt
him,176,0.0018334097254052253,9.091255053200202,3,PRP,x,2,"{'n', 'x'}",2,"{'PRP', 'NNP'}",True,him
hime,1,1.041710071252969e-05,16.5506866718375,4,NNP,n,1,{'n'},1,{'NNP'},False,hime
himself,13,0.00013542230926288595,12.850246953696406,7,PRP,x,1,{'x'},1,{'PRP'},True,himself
hinder,1,1.041710071252969e-05,16.5506866718375,6,VB,v,1,{'v'},1,{'VB'},False,hinder
hindering,1,1.041710071252969e-05,16.5506866718375,9,VBG,v,1,{'v'},1,{'VBG'},False,hinder
hindrance,1,1.041710071252969e-05,16.5506866718375,9,NN,n,1,{'n'},1,{'NN'},False,hindranc
hinge,1,1.041710071252969e-05,16.5506866718375,5,NN,n,1,{'n'},1,{'NN'},False,hing
hint,1,1.041710071252969e-05,16.5506866718375,4,NN,n,1,{'n'},1,{'NN'},False,hint
hip,1,1.041710071252969e-05,16.5506866718375,3,NN,n,1,{'n'},1,{'NN'},False,hip
hirayama,2,2.083420142505938e-05,15.550686671837498,8,NNP,n,1,{'n'},1,{'NNP'},False,hirayama
hire,1,1.041710071252969e-05,16.5506866718375,4,VB,v,1,{'v'},1,{'VB'},False,hire
hired,1,1.041710071252969e-05,16.5506866718375,5,VBD,v,1,{'v'},1,{'VBD'},False,hire
hiring,1,1.041710071252969e-05,16.5506866718375,6,VBG,v,1,{'v'},1,{'VBG'},False,hire
hiro,5,5.208550356264844e-05,14.228758576950137,4,NNP,n,1,{'n'},1,{'NNP'},False,hiro
hirota,7,7.291970498770782e-05,13.743331749779895,6,NNP,n,2,"{'n', 'v'}",2,"{'VBP', 'NNP'}",False,hirota
hirotakun,4,4.166840285011876e-05,14.550686671837498,9,NNP,n,1,{'n'},1,{'NNP'},False,hirotakun
his,120,0.0012500520855035625,9.64379607622898,3,PRP$,x,1,{'x'},1,{'PRP$'},True,hi
history,1,1.041710071252969e-05,16.5506866718375,7,NN,n,1,{'n'},1,{'NN'},False,histori
hit,16,0.00016667361140047503,12.550686671837498,3,VB,v,3,"{'n', 'j', 'v'}",6,"{'JJ', 'VBD', 'NN', 'VBP', 'VB', 'VBN'}",False,hit
hitaki,2,2.083420142505938e-05,15.550686671837498,6,NNP,n,1,{'n'},1,{'NNP'},False,hitaki
hitler,1,1.041710071252969e-05,16.5506866718375,6,NNP,n,1,{'n'},1,{'NNP'},False,hitler
hits,1,1.041710071252969e-05,16.5506866718375,4,VBZ,v,1,{'v'},1,{'VBZ'},False,hit
hitting,1,1.041710071252969e-05,16.5506866718375,7,VBG,v,1,{'v'},1,{'VBG'},False,hit
hm,31,0.00032293012208842035,11.596490361450623,2,NNP,n,2,"{'n', 'v'}",3,"{'VB', 'NN', 'NNP'}",False,hm
hmm,39,0.0004062669277886579,11.26528445297525,3,NNP,n,1,{'n'},3,"{'NNS', 'NN', 'NNP'}",False,hmm
hmmm,3,3.1251302137589066e-05,14.965724171116342,4,NNP,n,1,{'n'},1,{'NNP'},False,hmmm
hmmmm,2,2.083420142505938e-05,15.550686671837498,5,NNP,n,1,{'n'},1,{'NNP'},False,hmmmm
hmmmmm,2,2.083420142505938e-05,15.550686671837498,6,NNP,n,1,{'n'},1,{'NNP'},False,hmmmmm
hmpf,1,1.041710071252969e-05,16.5506866718375,4,NN,n,1,{'n'},1,{'NN'},False,hmpf
hmph,10,0.00010417100712529688,13.228758576950137,4,NN,n,1,{'n'},2,"{'NN', 'NNP'}",False,hmph
ho,10,0.00010417100712529688,13.228758576950137,2,NN,n,1,{'n'},2,"{'NN', 'NNP'}",False,ho
hoax,1,1.041710071252969e-05,16.5506866718375,4,NN,n,1,{'n'},1,{'NN'},False,hoax
hoho,1,1.041710071252969e-05,16.5506866718375,4,NN,n,1,{'n'},1,{'NN'},False,hoho
hold,58,0.000604191841326722,10.692705676709927,4,VB,v,2,"{'n', 'v'}",5,"{'VBD', 'NN', 'NNP', 'VBP', 'VB'}",False,hold
holder,1,1.041710071252969e-05,16.5506866718375,6,NN,n,1,{'n'},1,{'NN'},False,holder
holding,10,0.00010417100712529688,13.228758576950137,7,VBG,v,1,{'v'},1,{'VBG'},False,hold
holds,2,2.083420142505938e-05,15.550686671837498,5,VBZ,v,1,{'v'},1,{'VBZ'},False,hold
hole,5,5.208550356264844e-05,14.228758576950137,4,NN,n,1,{'n'},2,"{'NN', 'NNP'}",False,hole
holed,1,1.041710071252969e-05,16.5506866718375,5,VBN,v,1,{'v'},1,{'VBN'},False,hole
holes,1,1.041710071252969e-05,16.5506866718375,5,NNS,n,1,{'n'},1,{'NNS'},False,hole
holiday,2,2.083420142505938e-05,15.550686671837498,7,NN,n,1,{'n'},2,"{'NN', 'NNP'}",False,holiday
holidays,1,1.041710071252969e-05,16.5506866718375,8,NNS,n,1,{'n'},1,{'NNS'},False,holiday
holler,1,1.041710071252969e-05,16.5506866718375,6,NN,n,1,{'n'},1,{'NN'},False,holler
hollywood,4,4.166840285011876e-05,14.550686671837498,9,NNP,n,1,{'n'},1,{'NNP'},False,hollywood
holmes,1,1.041710071252969e-05,16.5506866718375,6,NNP,n,1,{'n'},1,{'NNP'},False,holm
holy,4,4.166840285011876e-05,14.550686671837498,4,NN,n,2,"{'n', 'j'}",3,"{'JJ', 'NN', 'NNP'}",False,holi
home,103,0.001072961373390558,9.86418614465428,4,NN,n,3,"{'n', 'r', 'v'}",3,"{'RB', 'VBN', 'NN'}",False,home
homeland,2,2.083420142505938e-05,15.550686671837498,8,NN,n,1,{'n'},1,{'NN'},False,homeland
homes,4,4.166840285011876e-05,14.550686671837498,5,NNS,n,1,{'n'},1,{'NNS'},False,home
hometown,3,3.1251302137589066e-05,14.965724171116342,8,NN,n,1,{'n'},1,{'NN'},False,hometown
hometowns,1,1.041710071252969e-05,16.5506866718375,9,NNS,n,1,{'n'},1,{'NNS'},False,hometown
homework,3,3.1251302137589066e-05,14.965724171116342,8,NN,n,1,{'n'},1,{'NN'},False,homework
honcho,1,1.041710071252969e-05,16.5506866718375,6,NN,n,1,{'n'},1,{'NN'},False,honcho
honest,4,4.166840285011876e-05,14.550686671837498,6,JJS,j,1,{'j'},1,{'JJS'},False,honest
honestly,3,3.1251302137589066e-05,14.965724171116342,8,RB,r,1,{'r'},1,{'RB'},False,honestli
honey,12,0.00012500520855035626,12.965724171116342,5,NN,n,1,{'n'},2,"{'NN', 'NNP'}",False,honey
honjo,9,9.37539064127672e-05,13.380761670395186,5,NNP,n,1,{'n'},2,"{'NN', 'NNP'}",False,honjo
honor,8,8.333680570023751e-05,13.550686671837498,5,NN,n,1,{'n'},1,{'NN'},False,honor
honored,3,3.1251302137589066e-05,14.965724171116342,7,JJ,j,3,"{'n', 'j', 'v'}",3,"{'JJ', 'VBN', 'NNP'}",False,honor
honors,1,1.041710071252969e-05,16.5506866718375,6,NNS,n,1,{'n'},1,{'NNS'},False,honor
hooded,1,1.041710071252969e-05,16.5506866718375,6,VBD,v,1,{'v'},1,{'VBD'},False,hood
hoodlums,1,1.041710071252969e-05,16.5506866718375,8,NNS,n,1,{'n'},1,{'NNS'},False,hoodlum
hoof,1,1.041710071252969e-05,16.5506866718375,4,NN,n,1,{'n'},1,{'NN'},False,hoof
hook,4,4.166840285011876e-05,14.550686671837498,4,NN,n,2,"{'n', 'v'}",2,"{'VB', 'NN'}",False,hook
hooray,4,4.166840285011876e-05,14.550686671837498,6,NN,n,1,{'n'},1,{'NN'},False,hooray
hop,1,1.041710071252969e-05,16.5506866718375,3,NNP,n,1,{'n'},1,{'NNP'},False,hop
hope,30,0.00031251302137589064,11.64379607622898,4,VBP,v,3,"{'n', 'j', 'v'}",4,"{'JJ', 'VB', 'VBP', 'NN'}",False,hope
hoped,1,1.041710071252969e-05,16.5506866718375,5,VBN,v,1,{'v'},1,{'VBN'},False,hope
hopeless,2,2.083420142505938e-05,15.550686671837498,8,JJ,j,2,"{'n', 'j'}",2,"{'JJ', 'NN'}",False,hopeless
hopelessness,1,1.041710071252969e-05,16.5506866718375,12,NN,n,1,{'n'},1,{'NN'},False,hopeless
hoping,3,3.1251302137589066e-05,14.965724171116342,6,VBG,v,1,{'v'},1,{'VBG'},False,hope
hoppers,1,1.041710071252969e-05,16.5506866718375,7,NNS,n,1,{'n'},1,{'NNS'},False,hopper
horikoshi,6,6.250260427517813e-05,13.965724171116342,9,NNP,n,1,{'n'},1,{'NNP'},False,horikoshi
horrible,1,1.041710071252969e-05,16.5506866718375,8,JJ,j,1,{'j'},1,{'JJ'},False,horribl
horse,2,2.083420142505938e-05,15.550686671837498,5,NN,n,1,{'n'},1,{'NN'},False,hors
horsepower,1,1.041710071252969e-05,16.5506866718375,10,NN,n,1,{'n'},1,{'NN'},False,horsepow
hospitably,1,1.041710071252969e-05,16.5506866718375,10,RB,r,1,{'r'},1,{'RB'},False,hospit
hospital,22,0.00022917621567565316,12.091255053200202,8,NN,n,1,{'n'},2,"{'NN', 'NNP'}",False,hospit
hostage,1,1.041710071252969e-05,16.5506866718375,7,NN,n,1,{'n'},1,{'NN'},False,hostag
hostages,5,5.208550356264844e-05,14.228758576950137,8,NNS,n,1,{'n'},1,{'NNS'},False,hostag
hot,31,0.00032293012208842035,11.596490361450623,3,JJ,j,3,"{'n', 'j', 'v'}",4,"{'JJ', 'VBN', 'NN', 'NNP'}",False,hot
hotaru,1,1.041710071252969e-05,16.5506866718375,6,NNP,n,1,{'n'},1,{'NNP'},False,hotaru
hotcake,1,1.041710071252969e-05,16.5506866718375,7,NN,n,1,{'n'},1,{'NN'},False,hotcak
hotcakes,2,2.083420142505938e-05,15.550686671837498,8,NNS,n,1,{'n'},1,{'NNS'},False,hotcak
hotel,7,7.291970498770782e-05,13.743331749779895,5,NN,n,1,{'n'},2,"{'NN', 'NNP'}",False,hotel
hotheaded,1,1.041710071252969e-05,16.5506866718375,9,VBD,v,1,{'v'},1,{'VBD'},False,hothead
hour,7,7.291970498770782e-05,13.743331749779895,4,NN,n,1,{'n'},1,{'NN'},False,hour
hours,4,4.166840285011876e-05,14.550686671837498,5,NNS,n,1,{'n'},1,{'NNS'},False,hour
house,49,0.0005104379349139547,10.93597682772229,5,NN,n,1,{'n'},2,"{'NN', 'NNP'}",False,hous
houses,3,3.1251302137589066e-05,14.965724171116342,6,NNS,n,1,{'n'},1,{'NNS'},False,hous
housing,2,2.083420142505938e-05,15.550686671837498,7,NN,n,1,{'n'},1,{'NN'},False,hous
how,226,0.0023542647610317094,8.73050770942231,3,WRB,x,2,"{'n', 'x'}",2,"{'WRB', 'NNP'}",True,how
however,16,0.00016667361140047503,12.550686671837498,7,RB,r,1,{'r'},1,{'RB'},False,howev
howl,107,0.0011146297762406768,9.809219685436352,4,NNP,n,1,{'n'},2,"{'NN', 'NNP'}",False,howl
howls,1,1.041710071252969e-05,16.5506866718375,5,NNP,n,1,{'n'},1,{'NNP'},False,howl
huff,81,0.0008437851577149048,10.210836668952874,4,NN,n,1,{'n'},2,"{'NN', 'NNP'}",False,huff
huge,13,0.00013542230926288595,12.850246953696406,4,JJ,j,1,{'j'},1,{'JJ'},False,huge
huh,101,0.0010521271719654986,9.892475189085705,3,NNP,n,3,"{'n', 'x', 'v'}",4,"{'VB', 'PRP', 'NN', 'NNP'}",False,huh
hum,4,4.166840285011876e-05,14.550686671837498,3,NNP,n,2,"{'n', 'j'}",2,"{'JJ', 'NNP'}",False,hum
human,88,0.0009167048627026126,10.091255053200202,5,JJ,j,3,"{'n', 'x', 'j'}",4,"{'JJ', 'PRP', 'NN', 'NNP'}",False,human
humanity,1,1.041710071252969e-05,16.5506866718375,8,NNP,n,1,{'n'},1,{'NNP'},False,human
humans,114,0.0011875494812283846,9.717796657672757,6,NNS,n,2,"{'n', 'v'}",5,"{'NNPS', 'VBZ', 'VBP', 'NNS', 'VB'}",False,human
humble,1,1.041710071252969e-05,16.5506866718375,6,JJ,j,1,{'j'},1,{'JJ'},False,humbl
humbled,1,1.041710071252969e-05,16.5506866718375,7,VBN,v,1,{'v'},1,{'VBN'},False,humbl
humbly,3,3.1251302137589066e-05,14.965724171116342,6,RB,r,1,{'r'},1,{'RB'},False,humbl
humidified,1,1.041710071252969e-05,16.5506866718375,10,VBD,v,1,{'v'},1,{'VBD'},False,humidifi
humidity,1,1.041710071252969e-05,16.5506866718375,8,NNP,n,1,{'n'},1,{'NNP'},False,humid
humiliated,1,1.041710071252969e-05,16.5506866718375,10,VBN,v,1,{'v'},1,{'VBN'},False,humili
hundred,5,5.208550356264844e-05,14.228758576950137,7,CD,x,2,"{'x', 'j'}",2,"{'JJ', 'CD'}",False,hundr
hundreds,2,2.083420142505938e-05,15.550686671837498,8,NNS,n,1,{'n'},1,{'NNS'},False,hundr
hung,1,1.041710071252969e-05,16.5506866718375,4,VBN,v,1,{'v'},1,{'VBN'},False,hung
hungarian,1,1.041710071252969e-05,16.5506866718375,9,JJ,j,1,{'j'},1,{'JJ'},False,hungarian
hungarians,1,1.041710071252969e-05,16.5506866718375,10,NNS,n,1,{'n'},1,{'NNS'},False,hungarian
hunger,2,2.083420142505938e-05,15.550686671837498,6,NN,n,1,{'n'},1,{'NN'},False,hunger
hungry,21,0.00021875911496312345,12.158369249058739,6,JJ,j,2,"{'n', 'j'}",2,"{'JJ', 'NN'}",False,hungri
hunh,3,3.1251302137589066e-05,14.965724171116342,4,NN,n,1,{'n'},2,"{'NN', 'NNP'}",False,hunh
hunt,4,4.166840285011876e-05,14.550686671837498,4,VB,n,2,"{'n', 'v'}",3,"{'VB', 'NN', 'NNP'}",False,hunt
hunted,2,2.083420142505938e-05,15.550686671837498,6,VBN,v,1,{'v'},1,{'VBN'},False,hunt
hunter,8,8.333680570023751e-05,13.550686671837498,6,NN,n,1,{'n'},1,{'NN'},False,hunter
hunters,3,3.1251302137589066e-05,14.965724171116342,7,NNS,n,1,{'n'},1,{'NNS'},False,hunter
hunting,4,4.166840285011876e-05,14.550686671837498,7,NN,n,2,"{'n', 'v'}",2,"{'VBG', 'NN'}",False,hunt
hup,1,1.041710071252969e-05,16.5506866718375,3,NNP,n,1,{'n'},1,{'NNP'},False,hup
hurrah,2,2.083420142505938e-05,15.550686671837498,6,NN,n,1,{'n'},1,{'NN'},False,hurrah
hurray,1,1.041710071252969e-05,16.5506866718375,6,NN,n,1,{'n'},1,{'NN'},False,hurray
hurried,1,1.041710071252969e-05,16.5506866718375,7,VBD,v,1,{'v'},1,{'VBD'},False,hurri
hurry,162,0.0016875703154298097,9.210836668952874,5,NN,n,2,"{'n', 'v'}",5,"{'NN', 'NNP', 'VBZ', 'VBP', 'VB'}",False,hurri
hurt,32,0.00033334722280095006,11.550686671837498,4,VB,v,2,"{'n', 'v'}",5,"{'VBD', 'NN', 'VBP', 'VB', 'VBN'}",False,hurt
hurting,1,1.041710071252969e-05,16.5506866718375,7,VBG,v,1,{'v'},1,{'VBG'},False,hurt
hurts,4,4.166840285011876e-05,14.550686671837498,5,VBZ,v,1,{'v'},1,{'VBZ'},False,hurt
husband,7,7.291970498770782e-05,13.743331749779895,7,NN,n,1,{'n'},2,"{'NN', 'NNP'}",False,husband
husbands,1,1.041710071252969e-05,16.5506866718375,8,NNS,n,1,{'n'},1,{'NNS'},False,husband
husky,1,1.041710071252969e-05,16.5506866718375,5,NN,n,1,{'n'},1,{'NN'},False,huski
hut,1,1.041710071252969e-05,16.5506866718375,3,NN,n,1,{'n'},1,{'NN'},False,hut
hydra,1,1.041710071252969e-05,16.5506866718375,5,NNP,n,1,{'n'},1,{'NNP'},False,hydra
hysterically,2,2.083420142505938e-05,15.550686671837498,12,RB,r,1,{'r'},1,{'RB'},False,hyster
i,2801,0.029178299095795657,5.098960403762992,1,PRP,x,2,"{'n', 'x'}",2,"{'PRP', 'NNP'}",True,i
ice,4,4.166840285011876e-05,14.550686671837498,3,NN,n,1,{'n'},2,"{'NN', 'NNP'}",False,ice
idea,22,0.00022917621567565316,12.091255053200202,4,NN,n,1,{'n'},1,{'NN'},False,idea
ideal,2,2.083420142505938e-05,15.550686671837498,5,JJ,j,1,{'j'},1,{'JJ'},False,ideal
identical,1,1.041710071252969e-05,16.5506866718375,9,JJ,j,1,{'j'},1,{'JJ'},False,ident
identification,1,1.041710071252969e-05,16.5506866718375,14,NN,n,1,{'n'},1,{'NN'},False,identif
idiot,10,0.00010417100712529688,13.228758576950137,5,NN,n,2,"{'n', 'v'}",5,"{'NN', 'NNP', 'VBZ', 'VBP', 'VB'}",False,idiot
idiotic,1,1.041710071252969e-05,16.5506866718375,7,JJ,j,1,{'j'},1,{'JJ'},False,idiot
idiots,9,9.37539064127672e-05,13.380761670395186,6,NNS,n,3,"{'n', 'j', 'v'}",3,"{'JJ', 'VBP', 'NNS'}",False,idiot
idol,1,1.041710071252969e-05,16.5506866718375,4,NN,n,1,{'n'},1,{'NN'},False,idol
if,408,0.004250177090712113,7.878261329866003,2,IN,x,2,"{'n', 'x'}",2,"{'IN', 'NNP'}",True,if
ignite,1,1.041710071252969e-05,16.5506866718375,6,NNP,n,1,{'n'},1,{'NNP'},False,ignit
ignore,2,2.083420142505938e-05,15.550686671837498,6,IN,v,2,"{'x', 'v'}",2,"{'VB', 'IN'}",False,ignor
ignoring,1,1.041710071252969e-05,16.5506866718375,8,VBG,v,1,{'v'},1,{'VBG'},False,ignor
ii,2,2.083420142505938e-05,15.550686671837498,2,NNP,n,1,{'n'},1,{'NNP'},False,ii
iii,2,2.083420142505938e-05,15.550686671837498,3,JJ,j,2,"{'n', 'j'}",2,"{'JJ', 'NNP'}",False,iii
iit,2,2.083420142505938e-05,15.550686671837498,3,JJ,j,1,{'j'},1,{'JJ'},False,iit
il,2,2.083420142505938e-05,15.550686671837498,2,NNP,n,1,{'n'},1,{'NNP'},False,il
ill,3,3.1251302137589066e-05,14.965724171116342,3,NN,n,2,"{'n', 'j'}",2,"{'JJ', 'NN'}",False,ill
illegal,2,2.083420142505938e-05,15.550686671837498,7,JJ,j,1,{'j'},1,{'JJ'},False,illeg
illness,4,4.166840285011876e-05,14.550686671837498,7,NN,n,1,{'n'},1,{'NN'},False,ill
ima,1,1.041710071252969e-05,16.5506866718375,3,VBP,v,1,{'v'},1,{'VBP'},False,ima
imagination,3,3.1251302137589066e-05,14.965724171116342,11,NN,n,1,{'n'},1,{'NN'},False,imagin
imagine,3,3.1251302137589066e-05,14.965724171116342,7,VB,v,2,"{'n', 'v'}",2,"{'VB', 'NNP'}",False,imagin
imagining,1,1.041710071252969e-05,16.5506866718375,9,NN,n,1,{'n'},1,{'NN'},False,imagin
immediate,1,1.041710071252969e-05,16.5506866718375,9,JJ,j,1,{'j'},1,{'JJ'},False,immedi
immediately,13,0.00013542230926288595,12.850246953696406,11,RB,r,1,{'r'},1,{'RB'},False,immedi
immigration,1,1.041710071252969e-05,16.5506866718375,11,NN,n,1,{'n'},1,{'NN'},False,immigr
immortal,1,1.041710071252969e-05,16.5506866718375,8,JJ,j,1,{'j'},1,{'JJ'},False,immort
imp,2,2.083420142505938e-05,15.550686671837498,3,NN,n,1,{'n'},1,{'NN'},False,imp
impart,1,1.041710071252969e-05,16.5506866718375,6,VB,v,1,{'v'},1,{'VB'},False,impart
imperial,1,1.041710071252969e-05,16.5506866718375,8,JJ,j,1,{'j'},1,{'JJ'},False,imperi
impersonating,1,1.041710071252969e-05,16.5506866718375,13,VBG,v,1,{'v'},1,{'VBG'},False,imperson
impertinently,1,1.041710071252969e-05,16.5506866718375,13,RB,r,1,{'r'},1,{'RB'},False,impertin
implied,1,1.041710071252969e-05,16.5506866718375,7,JJ,j,1,{'j'},1,{'JJ'},False,impli
important,18,0.0001875078128255344,12.380761670395186,9,JJ,j,1,{'j'},1,{'JJ'},False,import
imported,1,1.041710071252969e-05,16.5506866718375,8,VBN,v,1,{'v'},1,{'VBN'},False,import
impose,1,1.041710071252969e-05,16.5506866718375,6,VB,v,1,{'v'},1,{'VB'},False,impos
impossible,19,0.00019792491353806408,12.302759158393913,10,JJ,j,1,{'j'},1,{'JJ'},False,imposs
impressed,4,4.166840285011876e-05,14.550686671837498,9,JJ,j,2,"{'j', 'v'}",2,"{'JJ', 'VBD'}",False,impress
impression,1,1.041710071252969e-05,16.5506866718375,10,NN,n,1,{'n'},1,{'NN'},False,impress
impressive,3,3.1251302137589066e-05,14.965724171116342,10,JJ,j,1,{'j'},1,{'JJ'},False,impress
improve,2,2.083420142505938e-05,15.550686671837498,7,VB,v,1,{'v'},1,{'VB'},False,improv
improved,1,1.041710071252969e-05,16.5506866718375,8,VBN,v,1,{'v'},1,{'VBN'},False,improv
imps,2,2.083420142505938e-05,15.550686671837498,4,NNS,n,1,{'n'},1,{'NNS'},False,imp
impulsive,1,1.041710071252969e-05,16.5506866718375,9,JJ,j,1,{'j'},1,{'JJ'},False,impuls
impurities,1,1.041710071252969e-05,16.5506866718375,10,NNS,n,1,{'n'},1,{'NNS'},False,impur
impurity,2,2.083420142505938e-05,15.550686671837498,8,NN,n,1,{'n'},1,{'NN'},False,impur
in,740,0.00770865452727197,7.0193052113211865,2,IN,x,1,{'x'},1,{'IN'},True,in
inactive,1,1.041710071252969e-05,16.5506866718375,8,JJ,j,1,{'j'},1,{'JJ'},False,inact
inbe,1,1.041710071252969e-05,16.5506866718375,4,NNP,n,1,{'n'},1,{'NNP'},False,inb
incantation,3,3.1251302137589066e-05,14.965724171116342,11,NN,n,1,{'n'},1,{'NN'},False,incant
incantations,1,1.041710071252969e-05,16.5506866718375,12,NNS,n,1,{'n'},1,{'NNS'},False,incant
incensed,1,1.041710071252969e-05,16.5506866718375,8,VBN,v,1,{'v'},1,{'VBN'},False,incens
inch,1,1.041710071252969e-05,16.5506866718375,4,NN,n,1,{'n'},1,{'NN'},False,inch
incidence,2,2.083420142505938e-05,15.550686671837498,9,NN,n,1,{'n'},1,{'NN'},False,incid
incident,2,2.083420142505938e-05,15.550686671837498,8,NN,n,1,{'n'},1,{'NN'},False,incid
incidents,2,2.083420142505938e-05,15.550686671837498,9,NNS,n,1,{'n'},1,{'NNS'},False,incid
included,1,1.041710071252969e-05,16.5506866718375,8,VBD,v,1,{'v'},1,{'VBD'},False,includ
incompetent,1,1.041710071252969e-05,16.5506866718375,11,JJ,j,1,{'j'},1,{'JJ'},False,incompet
inconvenience,1,1.041710071252969e-05,16.5506866718375,13,NN,n,1,{'n'},1,{'NN'},False,inconveni
increase,1,1.041710071252969e-05,16.5506866718375,8,VB,v,1,{'v'},1,{'VB'},False,increas
increased,2,2.083420142505938e-05,15.550686671837498,9,VBN,v,1,{'v'},1,{'VBN'},False,increas
increasing,1,1.041710071252969e-05,16.5506866718375,10,VBG,v,1,{'v'},1,{'VBG'},False,increas
incredible,8,8.333680570023751e-05,13.550686671837498,10,JJ,j,2,"{'n', 'j'}",2,"{'JJ', 'NN'}",False,incred
incredibly,2,2.083420142505938e-05,15.550686671837498,10,RB,r,1,{'r'},1,{'RB'},False,incred
incurable,1,1.041710071252969e-05,16.5506866718375,9,JJ,j,1,{'j'},1,{'JJ'},False,incur
indecent,1,1.041710071252969e-05,16.5506866718375,8,JJ,j,1,{'j'},1,{'JJ'},False,indec
indeed,10,0.00010417100712529688,13.228758576950137,6,RB,r,1,{'r'},1,{'RB'},False,inde
independence,1,1.041710071252969e-05,16.5506866718375,12,NN,n,1,{'n'},1,{'NN'},False,independ
independent,1,1.041710071252969e-05,16.5506866718375,11,JJ,j,1,{'j'},1,{'JJ'},False,independ
india,1,1.041710071252969e-05,16.5506866718375,5,NNP,n,1,{'n'},1,{'NNP'},False,india
indicate,1,1.041710071252969e-05,16.5506866718375,8,VB,v,1,{'v'},1,{'VB'},False,indic
indicates,1,1.041710071252969e-05,16.5506866718375,9,VBZ,v,1,{'v'},1,{'VBZ'},False,indic
indicating,2,2.083420142505938e-05,15.550686671837498,10,VBG,v,1,{'v'},1,{'VBG'},False,indic
indora,1,1.041710071252969e-05,16.5506866718375,6,NNP,n,1,{'n'},1,{'NNP'},False,indora
industrial,1,1.041710071252969e-05,16.5506866718375,10,JJ,j,1,{'j'},1,{'JJ'},False,industri
inevitably,1,1.041710071252969e-05,16.5506866718375,10,RB,r,1,{'r'},1,{'RB'},False,inevit
infamous,1,1.041710071252969e-05,16.5506866718375,8,JJ,j,1,{'j'},1,{'JJ'},False,infam
infernal,1,1.041710071252969e-05,16.5506866718375,8,JJ,j,1,{'j'},1,{'JJ'},False,infern
infirmary,1,1.041710071252969e-05,16.5506866718375,9,NN,n,1,{'n'},1,{'NN'},False,infirmari
inflict,1,1.041710071252969e-05,16.5506866718375,7,NNP,n,1,{'n'},1,{'NNP'},False,inflict
inflicted,1,1.041710071252969e-05,16.5506866718375,9,VBD,v,1,{'v'},1,{'VBD'},False,inflict
influence,2,2.083420142505938e-05,15.550686671837498,9,NN,n,1,{'n'},1,{'NN'},False,influenc
inform,3,3.1251302137589066e-05,14.965724171116342,6,VB,v,2,"{'n', 'v'}",2,"{'VB', 'NNP'}",False,inform
information,1,1.041710071252969e-05,16.5506866718375,11,NN,n,1,{'n'},1,{'NN'},False,inform
infuriating,1,1.041710071252969e-05,16.5506866718375,11,NN,n,1,{'n'},1,{'NN'},False,infuri
inhabit,2,2.083420142505938e-05,15.550686671837498,7,VBP,v,1,{'v'},1,{'VBP'},False,inhabit
inhale,1,1.041710071252969e-05,16.5506866718375,6,VB,v,1,{'v'},1,{'VB'},False,inhal
inherited,3,3.1251302137589066e-05,14.965724171116342,9,VBD,v,2,"{'j', 'v'}",2,"{'JJ', 'VBD'}",False,inherit
inhuman,1,1.041710071252969e-05,16.5506866718375,7,NNP,n,1,{'n'},1,{'NNP'},False,inhuman
injuries,1,1.041710071252969e-05,16.5506866718375,8,NNS,n,1,{'n'},1,{'NNS'},False,injuri
injury,1,1.041710071252969e-05,16.5506866718375,6,NN,n,1,{'n'},1,{'NN'},False,injuri
injustice,1,1.041710071252969e-05,16.5506866718375,9,NN,n,1,{'n'},1,{'NN'},False,injustic
inner,2,2.083420142505938e-05,15.550686671837498,5,JJ,j,2,"{'n', 'j'}",2,"{'JJ', 'NNP'}",False,inner
innocent,2,2.083420142505938e-05,15.550686671837498,8,JJ,j,1,{'j'},1,{'JJ'},False,innoc
inofuki,1,1.041710071252969e-05,16.5506866718375,7,NNP,n,1,{'n'},1,{'NNP'},False,inofuki
insane,1,1.041710071252969e-05,16.5506866718375,6,JJ,j,1,{'j'},1,{'JJ'},False,insan
insanity,1,1.041710071252969e-05,16.5506866718375,8,NN,n,1,{'n'},1,{'NN'},False,insan
insect,4,4.166840285011876e-05,14.550686671837498,6,NN,n,2,"{'n', 'j'}",2,"{'JJ', 'NN'}",False,insect
insects,17,0.0001770907121130047,12.46322383058716,7,NNS,n,1,{'n'},1,{'NNS'},False,insect
insectwhistle,1,1.041710071252969e-05,16.5506866718375,13,JJ,j,1,{'j'},1,{'JJ'},False,insectwhistl
insectwhistles,1,1.041710071252969e-05,16.5506866718375,14,NNS,n,1,{'n'},1,{'NNS'},False,insectwhistl
insensitive,2,2.083420142505938e-05,15.550686671837498,11,JJ,j,1,{'j'},1,{'JJ'},False,insensit
inside,26,0.0002708446185257719,11.850246953696406,6,IN,x,4,"{'n', 'x', 'r', 'v'}",4,"{'RB', 'IN', 'VB', 'NN'}",False,insid
insinuating,1,1.041710071252969e-05,16.5506866718375,11,VBG,v,1,{'v'},1,{'VBG'},False,insinu
insist,2,2.083420142505938e-05,15.550686671837498,6,VB,v,1,{'v'},2,"{'VB', 'VBP'}",False,insist
insistent,1,1.041710071252969e-05,16.5506866718375,9,JJ,j,1,{'j'},1,{'JJ'},False,insist
insists,1,1.041710071252969e-05,16.5506866718375,7,VBZ,v,1,{'v'},1,{'VBZ'},False,insist
insolence,2,2.083420142505938e-05,15.550686671837498,9,NN,n,1,{'n'},1,{'NN'},False,insol
insolent,3,3.1251302137589066e-05,14.965724171116342,8,JJ,j,1,{'j'},1,{'JJ'},False,insol
inspect,1,1.041710071252969e-05,16.5506866718375,7,VB,v,1,{'v'},1,{'VB'},False,inspect
inspiration,4,4.166840285011876e-05,14.550686671837498,11,NN,n,1,{'n'},1,{'NN'},False,inspir
inspired,2,2.083420142505938e-05,15.550686671837498,8,VBN,v,1,{'v'},1,{'VBN'},False,inspir
inspiring,1,1.041710071252969e-05,16.5506866718375,9,VBG,v,1,{'v'},1,{'VBG'},False,inspir
install,1,1.041710071252969e-05,16.5506866718375,7,VB,v,1,{'v'},1,{'VB'},False,instal
installed,1,1.041710071252969e-05,16.5506866718375,9,VBN,v,1,{'v'},1,{'VBN'},False,instal
instant,1,1.041710071252969e-05,16.5506866718375,7,NN,n,1,{'n'},1,{'NN'},False,instant
instantly,1,1.041710071252969e-05,16.5506866718375,9,RB,r,1,{'r'},1,{'RB'},False,instantli
instead,13,0.00013542230926288595,12.850246953696406,7,RB,r,1,{'r'},1,{'RB'},False,instead
instigating,1,1.041710071252969e-05,16.5506866718375,11,VBG,v,1,{'v'},1,{'VBG'},False,instig
instruction,1,1.041710071252969e-05,16.5506866718375,11,NN,n,1,{'n'},1,{'NN'},False,instruct
instructor,2,2.083420142505938e-05,15.550686671837498,10,NN,n,1,{'n'},1,{'NN'},False,instructor
instructors,2,2.083420142505938e-05,15.550686671837498,11,NNS,n,1,{'n'},1,{'NNS'},False,instructor
insufficient,1,1.041710071252969e-05,16.5506866718375,12,JJ,j,1,{'j'},1,{'JJ'},False,insuffici
insult,1,1.041710071252969e-05,16.5506866718375,6,NN,n,1,{'n'},1,{'NN'},False,insult
intend,9,9.37539064127672e-05,13.380761670395186,6,VBP,v,1,{'v'},2,"{'VB', 'VBP'}",False,intend
intends,1,1.041710071252969e-05,16.5506866718375,7,VBZ,v,1,{'v'},1,{'VBZ'},False,intend
intense,1,1.041710071252969e-05,16.5506866718375,7,JJ,j,1,{'j'},1,{'JJ'},False,intens
intention,3,3.1251302137589066e-05,14.965724171116342,9,NN,n,1,{'n'},1,{'NN'},False,intent
intentions,1,1.041710071252969e-05,16.5506866718375,10,NNS,n,1,{'n'},1,{'NNS'},False,intent
interest,1,1.041710071252969e-05,16.5506866718375,8,NN,n,1,{'n'},1,{'NN'},False,interest
interested,1,1.041710071252969e-05,16.5506866718375,10,JJ,j,1,{'j'},1,{'JJ'},False,interest
interesting,6,6.250260427517813e-05,13.965724171116342,11,JJ,j,3,"{'n', 'j', 'v'}",3,"{'JJ', 'VBG', 'NNP'}",False,interest
interfere,3,3.1251302137589066e-05,14.965724171116342,9,VB,v,1,{'v'},1,{'VB'},False,interfer
interference,1,1.041710071252969e-05,16.5506866718375,12,NN,n,1,{'n'},1,{'NN'},False,interfer
intern,1,1.041710071252969e-05,16.5506866718375,6,NN,n,1,{'n'},1,{'NN'},False,intern
internal,3,3.1251302137589066e-05,14.965724171116342,8,JJ,j,2,"{'n', 'j'}",2,"{'JJ', 'NNP'}",False,intern
intervention,1,1.041710071252969e-05,16.5506866718375,12,NN,n,1,{'n'},1,{'NN'},False,intervent
interview,2,2.083420142505938e-05,15.550686671837498,9,NN,n,1,{'n'},1,{'NN'},False,interview
into,100,0.001041710071252969,9.906830482062773,4,IN,x,1,{'x'},1,{'IN'},True,into
intolerable,1,1.041710071252969e-05,16.5506866718375,11,JJ,j,1,{'j'},1,{'JJ'},False,intoler
intown,1,1.041710071252969e-05,16.5506866718375,6,JJ,j,1,{'j'},1,{'JJ'},False,intown
intrepid,1,1.041710071252969e-05,16.5506866718375,8,JJ,j,1,{'j'},1,{'JJ'},False,intrepid
introduce,4,4.166840285011876e-05,14.550686671837498,9,VB,v,2,"{'n', 'v'}",2,"{'VB', 'NNP'}",False,introduc
introduced,1,1.041710071252969e-05,16.5506866718375,10,VBN,v,1,{'v'},1,{'VBN'},False,introduc
introductions,1,1.041710071252969e-05,16.5506866718375,13,NNS,n,1,{'n'},1,{'NNS'},False,introduct
intruder,1,1.041710071252969e-05,16.5506866718375,8,NN,n,1,{'n'},1,{'NN'},False,intrud
intruders,1,1.041710071252969e-05,16.5506866718375,9,NNS,n,1,{'n'},1,{'NNS'},False,intrud
intruding,1,1.041710071252969e-05,16.5506866718375,9,VBG,v,1,{'v'},1,{'VBG'},False,intrud
invalid,1,1.041710071252969e-05,16.5506866718375,7,JJ,j,1,{'j'},1,{'JJ'},False,invalid
investigate,3,3.1251302137589066e-05,14.965724171116342,11,VB,v,2,"{'j', 'v'}",2,"{'JJ', 'VB'}",False,investig
investigating,1,1.041710071252969e-05,16.5506866718375,13,VBG,v,1,{'v'},1,{'VBG'},False,investig
investigation,3,3.1251302137589066e-05,14.965724171116342,13,NN,n,1,{'n'},1,{'NN'},False,investig
investment,1,1.041710071252969e-05,16.5506866718375,10,NN,n,1,{'n'},1,{'NN'},False,invest
invisibility,1,1.041710071252969e-05,16.5506866718375,12,NN,n,1,{'n'},1,{'NN'},False,invis
invitation,8,8.333680570023751e-05,13.550686671837498,10,NN,n,1,{'n'},1,{'NN'},False,invit
invite,4,4.166840285011876e-05,14.550686671837498,6,VB,v,1,{'v'},2,"{'VB', 'VBP'}",False,invit
invited,3,3.1251302137589066e-05,14.965724171116342,7,VBN,v,1,{'v'},2,"{'VBD', 'VBN'}",False,invit
invoke,1,1.041710071252969e-05,16.5506866718375,6,VB,v,1,{'v'},1,{'VB'},False,invok
involved,2,2.083420142505938e-05,15.550686671837498,8,VBN,v,1,{'v'},1,{'VBN'},False,involv
iodine,1,1.041710071252969e-05,16.5506866718375,6,NN,n,1,{'n'},1,{'NN'},False,iodin
iq,1,1.041710071252969e-05,16.5506866718375,2,NNP,n,1,{'n'},1,{'NNP'},False,iq
iron,8,8.333680570023751e-05,13.550686671837498,4,NN,n,1,{'n'},1,{'NN'},False,iron
ironclad,1,1.041710071252969e-05,16.5506866718375,8,JJ,j,1,{'j'},1,{'JJ'},False,ironclad
ironic,2,2.083420142505938e-05,15.550686671837498,6,JJ,j,1,{'j'},1,{'JJ'},False,iron
irony,1,1.041710071252969e-05,16.5506866718375,5,NN,n,1,{'n'},1,{'NN'},False,ironi
irrational,1,1.041710071252969e-05,16.5506866718375,10,JJ,j,1,{'j'},1,{'JJ'},False,irrat
irrefutable,1,1.041710071252969e-05,16.5506866718375,11,JJ,j,1,{'j'},1,{'JJ'},False,irrefut
is,1220,0.01270886286928622,6.29802123938725,2,VBZ,v,2,"{'n', 'v'}",3,"{'VBZ', 'NN', 'NNP'}",True,is
ishibiya,16,0.00016667361140047503,12.550686671837498,8,NNP,n,1,{'n'},2,"{'NN', 'NNP'}",False,ishibiya
island,34,0.0003541814242260094,11.46322383058716,6,NN,n,1,{'n'},2,"{'NN', 'NNP'}",False,island
islands,3,3.1251302137589066e-05,14.965724171116342,7,NNS,n,1,{'n'},2,"{'NNS', 'NNP'}",False,island
isn,11,0.00011458810783782658,13.091255053200202,3,JJ,n,3,"{'n', 'j', 'v'}",4,"{'VBZ', 'JJ', 'NN', 'NNP'}",True,isn
issued,1,1.041710071252969e-05,16.5506866718375,6,VBN,v,1,{'v'},1,{'VBN'},False,issu
ist,1,1.041710071252969e-05,16.5506866718375,3,NN,n,1,{'n'},1,{'NN'},False,ist
istria,1,1.041710071252969e-05,16.5506866718375,6,NNP,n,1,{'n'},1,{'NNP'},False,istria
it,2154,0.02243843493478895,5.477884137293291,2,PRP,x,3,"{'n', 'x', 'j'}",3,"{'JJ', 'PRP', 'NN'}",True,it
itadakimasu,3,3.1251302137589066e-05,14.965724171116342,11,NNP,n,1,{'n'},1,{'NNP'},False,itadakimasu
italian,7,7.291970498770782e-05,13.743331749779895,7,NNP,n,2,"{'n', 'j'}",2,"{'JJ', 'NNP'}",False,italian
italians,1,1.041710071252969e-05,16.5506866718375,8,NNPS,n,1,{'n'},1,{'NNPS'},False,italian
italy,1,1.041710071252969e-05,16.5506866718375,5,NNP,n,1,{'n'},1,{'NNP'},False,itali
itashimasu,3,3.1251302137589066e-05,14.965724171116342,10,NN,n,1,{'n'},2,"{'NN', 'NNP'}",False,itashimasu
itches,1,1.041710071252969e-05,16.5506866718375,6,NNS,n,1,{'n'},1,{'NNS'},False,itch
itemitem,1,1.041710071252969e-05,16.5506866718375,8,JJ,j,1,{'j'},1,{'JJ'},False,itemitem
items,4,4.166840285011876e-05,14.550686671837498,5,NNS,n,1,{'n'},1,{'NNS'},False,item
its,28,0.00029167881995083127,11.743331749779895,3,PRP$,x,1,{'x'},1,{'PRP$'},True,it
itself,8,8.333680570023751e-05,13.550686671837498,6,PRP,x,1,{'x'},1,{'PRP'},True,itself
iv,2,2.083420142505938e-05,15.550686671837498,2,NNP,n,1,{'n'},1,{'NNP'},False,iv
ja4ll,2,2.083420142505938e-05,15.550686671837498,5,NNP,n,1,{'n'},1,{'NNP'},False,ja4ll
jackpot,1,1.041710071252969e-05,16.5506866718375,7,NN,n,1,{'n'},1,{'NN'},False,jackpot
jacks,1,1.041710071252969e-05,16.5506866718375,5,NNS,n,1,{'n'},1,{'NNS'},False,jack
jail,1,1.041710071252969e-05,16.5506866718375,4,VB,v,1,{'v'},1,{'VB'},False,jail
jammed,3,3.1251302137589066e-05,14.965724171116342,6,NNP,v,2,"{'n', 'v'}",3,"{'VBD', 'VBN', 'NNP'}",False,jam
jamming,1,1.041710071252969e-05,16.5506866718375,7,VBG,v,1,{'v'},1,{'VBG'},False,jam
janin,1,1.041710071252969e-05,16.5506866718375,5,NNP,n,1,{'n'},1,{'NNP'},False,janin
japan,11,0.00011458810783782658,13.091255053200202,5,NNP,n,1,{'n'},1,{'NNP'},False,japan
japanese,17,0.0001770907121130047,12.46322383058716,8,JJ,j,1,{'j'},1,{'JJ'},False,japanes
jasfa,1,1.041710071252969e-05,16.5506866718375,5,NNP,n,1,{'n'},1,{'NNP'},False,jasfa
jaunt,1,1.041710071252969e-05,16.5506866718375,5,NN,n,1,{'n'},1,{'NN'},False,jaunt
jealous,1,1.041710071252969e-05,16.5506866718375,7,JJ,j,1,{'j'},1,{'JJ'},False,jealou
jeez,1,1.041710071252969e-05,16.5506866718375,4,NN,n,1,{'n'},1,{'NN'},False,jeez
jeff,6,6.250260427517813e-05,13.965724171116342,4,NNP,n,1,{'n'},1,{'NNP'},False,jeff
jelly,2,2.083420142505938e-05,15.550686671837498,5,RB,r,1,{'r'},1,{'RB'},False,jelli
jenkins,4,4.166840285011876e-05,14.550686671837498,7,NNP,n,1,{'n'},2,"{'NNS', 'NNP'}",False,jenkin
jerk,14,0.00014583940997541563,12.743331749779895,4,NN,n,1,{'n'},2,"{'NN', 'NNP'}",False,jerk
jerks,1,1.041710071252969e-05,16.5506866718375,5,NNS,n,1,{'n'},1,{'NNS'},False,jerk
jerky,1,1.041710071252969e-05,16.5506866718375,5,NN,n,1,{'n'},1,{'NN'},False,jerki
jerseys,1,1.041710071252969e-05,16.5506866718375,7,NNS,n,1,{'n'},1,{'NNS'},False,jersey
jewel,4,4.166840285011876e-05,14.550686671837498,5,NN,n,1,{'n'},1,{'NN'},False,jewel
jeweled,9,9.37539064127672e-05,13.380761670395186,7,JJ,j,1,{'j'},1,{'JJ'},False,jewel
jibashiri,4,4.166840285011876e-05,14.550686671837498,9,NNP,n,1,{'n'},1,{'NNP'},False,jibashiri
jiiji,4,4.166840285011876e-05,14.550686671837498,5,NNP,n,1,{'n'},1,{'NNP'},False,jiiji
jiisan,1,1.041710071252969e-05,16.5506866718375,6,NNP,n,1,{'n'},1,{'NNP'},False,jiisan
jiji,35,0.0003645985249385391,11.421403654892533,4,NNP,n,1,{'n'},2,"{'NN', 'NNP'}",False,jiji
jiko,1,1.041710071252969e-05,16.5506866718375,4,NNP,n,1,{'n'},1,{'NNP'},False,jiko
jikobou,2,2.083420142505938e-05,15.550686671837498,7,NNP,n,1,{'n'},1,{'NNP'},False,jikob
jikobousama,3,3.1251302137589066e-05,14.965724171116342,11,NNP,n,1,{'n'},2,"{'NN', 'NNP'}",False,jikobousama
jiro,47,0.0004896037334888954,10.99609782015986,4,NNP,n,1,{'n'},3,"{'NNS', 'NN', 'NNP'}",False,jiro
jiru,5,5.208550356264844e-05,14.228758576950137,4,NNP,n,1,{'n'},2,"{'NN', 'NNP'}",False,jiru
jiya,1,1.041710071252969e-05,16.5506866718375,4,NN,n,1,{'n'},1,{'NN'},False,jiya
job,36,0.0003750156256510688,11.380761670395186,3,NN,n,1,{'n'},2,"{'NN', 'NNP'}",False,job
jobs,6,6.250260427517813e-05,13.965724171116342,4,NNS,n,1,{'n'},1,{'NNS'},False,job
join,8,8.333680570023751e-05,13.550686671837498,4,VB,v,1,{'v'},1,{'VB'},False,join
joined,1,1.041710071252969e-05,16.5506866718375,6,VBD,v,1,{'v'},1,{'VBD'},False,join
joining,2,2.083420142505938e-05,15.550686671837498,7,VBG,v,1,{'v'},1,{'VBG'},False,join
joke,4,4.166840285011876e-05,14.550686671837498,4,NN,n,1,{'n'},1,{'NN'},False,joke
joking,1,1.041710071252969e-05,16.5506866718375,6,NN,n,1,{'n'},1,{'NN'},False,joke
journey,13,0.00013542230926288595,12.850246953696406,7,NN,n,2,"{'n', 'v'}",3,"{'VBP', 'NN', 'NNP'}",False,journey
journeys,1,1.041710071252969e-05,16.5506866718375,8,NNS,n,1,{'n'},1,{'NNS'},False,journey
joy,4,4.166840285011876e-05,14.550686671837498,3,NN,n,1,{'n'},1,{'NN'},False,joy
joyous,1,1.041710071252969e-05,16.5506866718375,6,JJ,j,1,{'j'},1,{'JJ'},False,joyou
judgment,3,3.1251302137589066e-05,14.965724171116342,8,NN,n,1,{'n'},1,{'NN'},False,judgment
julie,1,1.041710071252969e-05,16.5506866718375,5,NNP,n,1,{'n'},1,{'NNP'},False,juli
july,2,2.083420142505938e-05,15.550686671837498,4,NNP,n,1,{'n'},1,{'NNP'},False,juli
jump,12,0.00012500520855035626,12.965724171116342,4,NN,n,2,"{'n', 'v'}",4,"{'VB', 'VBP', 'NN', 'NNP'}",False,jump
jumped,1,1.041710071252969e-05,16.5506866718375,6,VBD,v,1,{'v'},1,{'VBD'},False,jump
jumping,1,1.041710071252969e-05,16.5506866718375,7,NN,n,1,{'n'},1,{'NN'},False,jump
junior,1,1.041710071252969e-05,16.5506866718375,6,VB,v,1,{'v'},1,{'VB'},False,junior
junkers,7,7.291970498770782e-05,13.743331749779895,7,NNP,n,1,{'n'},2,"{'NNS', 'NNP'}",False,junker
just,365,0.0038022417600733363,8.038934018070119,4,RB,r,2,"{'n', 'r'}",2,"{'RB', 'NNP'}",True,just
justice,1,1.041710071252969e-05,16.5506866718375,7,NN,n,1,{'n'},1,{'NN'},False,justic
justified,1,1.041710071252969e-05,16.5506866718375,9,VBN,v,1,{'v'},1,{'VBN'},False,justifi
juvenile,2,2.083420142505938e-05,15.550686671837498,8,JJ,j,1,{'j'},1,{'JJ'},False,juvenil
kaguya,24,0.00025001041710071253,11.965724171116342,6,NNP,n,1,{'n'},1,{'NNP'},False,kaguya
kaisei,2,2.083420142505938e-05,15.550686671837498,6,NNP,n,1,{'n'},1,{'NNP'},False,kaisei
kako,1,1.041710071252969e-05,16.5506866718375,4,NNP,n,1,{'n'},1,{'NNP'},False,kako
kakochan,1,1.041710071252969e-05,16.5506866718375,8,NNP,n,1,{'n'},1,{'NNP'},False,kakochan
kamaji,10,0.00010417100712529688,13.228758576950137,6,NNP,n,1,{'n'},1,{'NNP'},False,kamaji
kamikaze,3,3.1251302137589066e-05,14.965724171116342,8,NN,n,1,{'n'},2,"{'NN', 'NNP'}",False,kamikaz
kanchan,1,1.041710071252969e-05,16.5506866718375,7,CD,x,1,{'x'},1,{'CD'},False,kanchan
kanta,9,9.37539064127672e-05,13.380761670395186,5,NNP,n,1,{'n'},2,"{'NN', 'NNP'}",False,kanta
karikiya,2,2.083420142505938e-05,15.550686671837498,8,NNP,n,1,{'n'},1,{'NNP'},False,karikiya
kaya,3,3.1251302137589066e-05,14.965724171116342,4,NNP,n,1,{'n'},1,{'NNP'},False,kaya
kayo,5,5.208550356264844e-05,14.228758576950137,4,NNP,n,1,{'n'},1,{'NNP'},False,kayo
kayosan,1,1.041710071252969e-05,16.5506866718375,7,NNP,n,1,{'n'},1,{'NNP'},False,kayosan
kazuo,3,3.1251302137589066e-05,14.965724171116342,5,NNP,n,1,{'n'},1,{'NNP'},False,kazuo
keep,78,0.0008125338555773157,10.26528445297525,4,VB,v,3,"{'n', 'j', 'v'}",5,"{'JJ', 'NN', 'NNP', 'VBP', 'VB'}",False,keep
keeper,1,1.041710071252969e-05,16.5506866718375,6,NN,n,1,{'n'},1,{'NN'},False,keeper
keeping,1,1.041710071252969e-05,16.5506866718375,7,VBG,v,1,{'v'},1,{'VBG'},False,keep
keeps,11,0.00011458810783782658,13.091255053200202,5,VBZ,v,1,{'v'},2,"{'VBZ', 'VB'}",False,keep
keepsake,2,2.083420142505938e-05,15.550686671837498,8,NN,n,1,{'n'},1,{'NN'},False,keepsak
kenchan,1,1.041710071252969e-05,16.5506866718375,7,NNP,n,1,{'n'},1,{'NNP'},False,kenchan
kept,7,7.291970498770782e-05,13.743331749779895,4,VBD,v,2,"{'n', 'v'}",2,"{'VBD', 'NNS'}",False,kept
kerpow,1,1.041710071252969e-05,16.5506866718375,6,JJ,j,1,{'j'},1,{'JJ'},False,kerpow
kettle,2,2.083420142505938e-05,15.550686671837498,6,NN,n,1,{'n'},1,{'NN'},False,kettl
ketto,5,5.208550356264844e-05,14.228758576950137,5,NNP,n,1,{'n'},2,"{'NN', 'NNP'}",False,ketto
key,1,1.041710071252969e-05,16.5506866718375,3,NN,n,1,{'n'},1,{'NN'},False,key
keys,1,1.041710071252969e-05,16.5506866718375,4,NNS,n,1,{'n'},1,{'NNS'},False,key
khindall,1,1.041710071252969e-05,16.5506866718375,8,NNP,n,1,{'n'},1,{'NNP'},False,khindal
kick,5,5.208550356264844e-05,14.228758576950137,4,NNP,n,2,"{'n', 'v'}",2,"{'VB', 'NNP'}",False,kick
kicking,1,1.041710071252969e-05,16.5506866718375,7,VBG,v,1,{'v'},1,{'VBG'},False,kick
kickoff,1,1.041710071252969e-05,16.5506866718375,7,NN,n,1,{'n'},1,{'NN'},False,kickoff
kid,13,0.00013542230926288595,12.850246953696406,3,NN,n,1,{'n'},2,"{'NN', 'NNP'}",False,kid
kidding,5,5.208550356264844e-05,14.228758576950137,7,VBG,v,1,{'v'},1,{'VBG'},False,kid
kidnap,1,1.041710071252969e-05,16.5506866718375,6,VB,v,1,{'v'},1,{'VB'},False,kidnap
kidnapped,4,4.166840285011876e-05,14.550686671837498,9,VBN,v,1,{'v'},1,{'VBN'},False,kidnap
kidnapping,1,1.041710071252969e-05,16.5506866718375,10,VBG,v,1,{'v'},1,{'VBG'},False,kidnap
kids,14,0.00014583940997541563,12.743331749779895,4,NNS,n,1,{'n'},1,{'NNS'},False,kid
kiki,53,0.0005521063377640735,10.8227662172743,4,NNP,n,1,{'n'},2,"{'NN', 'NNP'}",False,kiki
kill,43,0.0004479353306387766,11.1244219171354,4,VB,v,2,"{'n', 'v'}",3,"{'VB', 'VBP', 'NNP'}",False,kill
killed,15,0.00015625651068794532,12.64379607622898,6,VBD,v,1,{'v'},3,"{'VB', 'VBD', 'VBN'}",False,kill
killer,2,2.083420142505938e-05,15.550686671837498,6,NN,n,1,{'n'},1,{'NN'},False,killer
killing,6,6.250260427517813e-05,13.965724171116342,7,VBG,v,1,{'v'},1,{'VBG'},False,kill
kilo,1,1.041710071252969e-05,16.5506866718375,4,NN,n,1,{'n'},1,{'NN'},False,kilo
kilometers,2,2.083420142505938e-05,15.550686671837498,10,NNS,n,1,{'n'},1,{'NNS'},False,kilomet
kilos,1,1.041710071252969e-05,16.5506866718375,5,NN,n,1,{'n'},1,{'NN'},False,kilo
kimono,6,6.250260427517813e-05,13.965724171116342,6,NN,n,1,{'n'},1,{'NN'},False,kimono
kimonos,1,1.041710071252969e-05,16.5506866718375,7,NNS,n,1,{'n'},1,{'NNS'},False,kimono
kinchô,14,0.00014583940997541563,12.743331749779895,6,NNP,n,2,"{'n', 'v'}",2,"{'VB', 'NNP'}",False,kinchô
kind,32,0.00033334722280095006,11.550686671837498,4,NN,n,1,{'n'},1,{'NN'},False,kind
kinda,3,3.1251302137589066e-05,14.965724171116342,5,VBP,v,2,"{'j', 'v'}",2,"{'JJ', 'VBP'}",False,kinda
kindness,1,1.041710071252969e-05,16.5506866718375,8,NN,n,1,{'n'},1,{'NN'},False,kind
kinds,2,2.083420142505938e-05,15.550686671837498,5,NNS,n,1,{'n'},1,{'NNS'},False,kind
king,23,0.00023959331638818285,12.027124715780486,4,NN,n,2,"{'n', 'v'}",3,"{'VBG', 'NN', 'NNP'}",False,king
kingdom,5,5.208550356264844e-05,14.228758576950137,7,NN,n,1,{'n'},1,{'NN'},False,kingdom
kingsbury,2,2.083420142505938e-05,15.550686671837498,9,NNP,n,1,{'n'},1,{'NNP'},False,kingsburi
kinu,6,6.250260427517813e-05,13.965724171116342,4,NNP,n,1,{'n'},1,{'NNP'},False,kinu
kiss,5,5.208550356264844e-05,14.228758576950137,4,VB,v,2,"{'n', 'v'}",2,"{'VB', 'NN'}",False,kiss
kisses,1,1.041710071252969e-05,16.5506866718375,6,NNP,n,1,{'n'},1,{'NNP'},False,kiss
kissing,1,1.041710071252969e-05,16.5506866718375,7,VBG,v,1,{'v'},1,{'VBG'},False,kiss
kitchen,3,3.1251302137589066e-05,14.965724171116342,7,NN,n,1,{'n'},1,{'NN'},False,kitchen
kite,2,2.083420142505938e-05,15.550686671837498,4,NN,n,1,{'n'},1,{'NN'},False,kite
kiyo,2,2.083420142505938e-05,15.550686671837498,4,NNP,n,1,{'n'},1,{'NNP'},False,kiyo
klutz,1,1.041710071252969e-05,16.5506866718375,5,NN,n,1,{'n'},1,{'NN'},False,klutz
knees,5,5.208550356264844e-05,14.228758576950137,5,NNS,n,1,{'n'},1,{'NNS'},False,knee
knew,19,0.00019792491353806408,12.302759158393913,4,VBD,v,2,"{'n', 'v'}",4,"{'VB', 'VBD', 'VBP', 'NNP'}",False,knew
knife,4,4.166840285011876e-05,14.550686671837498,5,NN,n,1,{'n'},1,{'NN'},False,knife
knight,3,3.1251302137589066e-05,14.965724171116342,6,NN,n,1,{'n'},1,{'NN'},False,knight
knit,3,3.1251302137589066e-05,14.965724171116342,4,NNP,n,2,"{'n', 'x'}",2,"{'FW', 'NNP'}",False,knit
knock,5,5.208550356264844e-05,14.228758576950137,5,VB,v,2,"{'n', 'v'}",2,"{'VB', 'NN'}",False,knock
knocked,1,1.041710071252969e-05,16.5506866718375,7,VBN,v,1,{'v'},1,{'VBN'},False,knock
knots,8,8.333680570023751e-05,13.550686671837498,5,NNS,n,1,{'n'},1,{'NNS'},False,knot
knotted,1,1.041710071252969e-05,16.5506866718375,7,VBN,v,1,{'v'},1,{'VBN'},False,knot
know,200,0.002083420142505938,8.906830482062773,4,VBP,v,2,"{'n', 'v'}",3,"{'VB', 'VBP', 'NN'}",False,know
knowing,5,5.208550356264844e-05,14.228758576950137,7,VBG,v,1,{'v'},1,{'VBG'},False,know
knowledge,1,1.041710071252969e-05,16.5506866718375,9,NN,n,1,{'n'},1,{'NN'},False,knowledg
known,11,0.00011458810783782658,13.091255053200202,5,VBN,v,2,"{'j', 'v'}",3,"{'JJ', 'VB', 'VBN'}",False,known
knows,8,8.333680570023751e-05,13.550686671837498,5,VBZ,v,1,{'v'},1,{'VBZ'},False,know
kobayashisan,1,1.041710071252969e-05,16.5506866718375,12,NNP,n,1,{'n'},1,{'NNP'},False,kobayashisan
kobutori,1,1.041710071252969e-05,16.5506866718375,8,NNP,n,1,{'n'},1,{'NNP'},False,kobutori
kodama,2,2.083420142505938e-05,15.550686671837498,6,NNP,n,1,{'n'},1,{'NNP'},False,kodama
koganei,1,1.041710071252969e-05,16.5506866718375,7,NNP,n,1,{'n'},1,{'NNP'},False,koganei
kohaku,4,4.166840285011876e-05,14.550686671837498,6,NNP,n,1,{'n'},1,{'NNP'},False,kohaku
koharu,2,2.083420142505938e-05,15.550686671837498,6,NNP,n,1,{'n'},1,{'NNP'},False,koharu
kohkaido,1,1.041710071252969e-05,16.5506866718375,8,NNP,n,1,{'n'},1,{'NNP'},False,kohkaido
koi,1,1.041710071252969e-05,16.5506866718375,3,NN,n,1,{'n'},1,{'NN'},False,koi
koichi,11,0.00011458810783782658,13.091255053200202,6,NNP,n,1,{'n'},1,{'NNP'},False,koichi
koinobori,1,1.041710071252969e-05,16.5506866718375,9,NNP,n,1,{'n'},1,{'NNP'},False,koinobori
koisan,3,3.1251302137589066e-05,14.965724171116342,6,NNP,n,1,{'n'},1,{'NNP'},False,koisan
kokiri,1,1.041710071252969e-05,16.5506866718375,6,NNP,n,1,{'n'},1,{'NNP'},False,kokiri
kopori,2,2.083420142505938e-05,15.550686671837498,6,NNP,n,2,"{'n', 'v'}",2,"{'VBN', 'NNP'}",False,kopori
koto,3,3.1251302137589066e-05,14.965724171116342,4,NN,n,1,{'n'},1,{'NN'},False,koto
kouroku,8,8.333680570023751e-05,13.550686671837498,7,NNP,n,1,{'n'},1,{'NNP'},False,kouroku
kuh,1,1.041710071252969e-05,16.5506866718375,3,NN,n,1,{'n'},1,{'NN'},False,kuh
kumamoto,2,2.083420142505938e-05,15.550686671837498,8,NNP,n,1,{'n'},1,{'NNP'},False,kumamoto
kumikochan,4,4.166840285011876e-05,14.550686671837498,10,NNP,n,1,{'n'},1,{'NNP'},False,kumikochan
kuramochi,4,4.166840285011876e-05,14.550686671837498,9,NNP,n,1,{'n'},1,{'NNP'},False,kuramochi
kuro,1,1.041710071252969e-05,16.5506866718375,4,NN,n,1,{'n'},1,{'NN'},False,kuro
kurokawa,11,0.00011458810783782658,13.091255053200202,8,NNP,n,1,{'n'},1,{'NNP'},False,kurokawa
kurokawas,1,1.041710071252969e-05,16.5506866718375,9,NNP,n,1,{'n'},1,{'NNP'},False,kurokawa
kurosuke,9,9.37539064127672e-05,13.380761670395186,8,NNP,n,1,{'n'},1,{'NNP'},False,kurosuk
kurotawa,3,3.1251302137589066e-05,14.965724171116342,8,NNP,n,1,{'n'},1,{'NNP'},False,kurotawa
kusakabe,5,5.208550356264844e-05,14.228758576950137,8,NNP,n,1,{'n'},1,{'NNP'},False,kusakab
kushana,3,3.1251302137589066e-05,14.965724171116342,7,NNP,n,1,{'n'},1,{'NNP'},False,kushana
l,27,0.0002812617192383016,11.79579916967403,1,NN,n,2,"{'n', 'j'}",2,"{'JJ', 'NN'}",False,l
la,2,2.083420142505938e-05,15.550686671837498,2,NNP,n,1,{'n'},1,{'NNP'},False,la
labelle,1,1.041710071252969e-05,16.5506866718375,7,NNP,n,1,{'n'},1,{'NNP'},False,label
labor,3,3.1251302137589066e-05,14.965724171116342,5,NN,n,1,{'n'},1,{'NN'},False,labor
lack,3,3.1251302137589066e-05,14.965724171116342,4,NN,v,2,"{'n', 'v'}",3,"{'VB', 'VBP', 'NN'}",False,lack
lacquer,2,2.083420142505938e-05,15.550686671837498,7,NN,n,1,{'n'},2,"{'NN', 'NNP'}",False,lacquer
lad,1,1.041710071252969e-05,16.5506866718375,3,NN,n,1,{'n'},1,{'NN'},False,lad
ladies,4,4.166840285011876e-05,14.550686671837498,6,NNS,n,2,"{'n', 'v'}",2,"{'VBZ', 'NNS'}",False,ladi
lady,54,0.0005625234384766032,10.79579916967403,4,NN,n,3,"{'n', 'j', 'v'}",4,"{'JJ', 'VBP', 'NN', 'NNP'}",False,ladi
lag,1,1.041710071252969e-05,16.5506866718375,3,VB,v,1,{'v'},1,{'VB'},False,lag
lake,8,8.333680570023751e-05,13.550686671837498,4,NN,n,1,{'n'},2,"{'NN', 'NNP'}",False,lake
lalalala,1,1.041710071252969e-05,16.5506866718375,8,NN,n,1,{'n'},1,{'NN'},False,lalalala
lamps,1,1.041710071252969e-05,16.5506866718375,5,NNS,n,1,{'n'},1,{'NNS'},False,lamp
lan,3,3.1251302137589066e-05,14.965724171116342,3,NNP,n,1,{'n'},1,{'NNP'},False,lan
land,27,0.0002812617192383016,11.79579916967403,4,NN,n,2,"{'n', 'v'}",2,"{'VB', 'NN'}",False,land
landed,3,3.1251302137589066e-05,14.965724171116342,6,VBD,v,1,{'v'},2,"{'VBD', 'VBN'}",False,land
landing,2,2.083420142505938e-05,15.550686671837498,7,NN,n,1,{'n'},1,{'NN'},False,land
landings,1,1.041710071252969e-05,16.5506866718375,8,NNS,n,1,{'n'},1,{'NNS'},False,land
landlady,1,1.041710071252969e-05,16.5506866718375,8,NN,n,1,{'n'},1,{'NN'},False,landladi
landlord,1,1.041710071252969e-05,16.5506866718375,8,NN,n,1,{'n'},1,{'NN'},False,landlord
landowner,1,1.041710071252969e-05,16.5506866718375,9,NN,n,1,{'n'},1,{'NN'},False,landown
lands,5,5.208550356264844e-05,14.228758576950137,5,NNS,n,2,"{'n', 'v'}",2,"{'VBZ', 'NNS'}",False,land
landslides,1,1.041710071252969e-05,16.5506866718375,10,NNS,n,1,{'n'},1,{'NNS'},False,landslid
lapis,1,1.041710071252969e-05,16.5506866718375,5,JJ,j,1,{'j'},1,{'JJ'},False,lapi
laputa,52,0.0005416892370515438,10.850246953696406,6,NNP,n,3,"{'n', 'j', 'v'}",4,"{'JJ', 'VB', 'NN', 'NNP'}",False,laputa
laputan,2,2.083420142505938e-05,15.550686671837498,7,NNP,n,1,{'n'},1,{'NNP'},False,laputan
large,9,9.37539064127672e-05,13.380761670395186,5,JJ,j,1,{'j'},1,{'JJ'},False,larg
largest,1,1.041710071252969e-05,16.5506866718375,7,JJS,j,1,{'j'},1,{'JJS'},False,largest
larva,2,2.083420142505938e-05,15.550686671837498,5,NN,n,1,{'n'},1,{'NN'},False,larva
last,55,0.0005729405391891329,10.769326958312838,4,JJ,j,1,{'j'},1,{'JJ'},False,last
lastelle,4,4.166840285011876e-05,14.550686671837498,8,NNP,n,1,{'n'},1,{'NNP'},False,lastel
late,41,0.00042710112921371724,11.193134667219415,4,JJ,j,2,"{'j', 'r'}",2,"{'JJ', 'RB'}",False,late
lately,3,3.1251302137589066e-05,14.965724171116342,6,RB,r,1,{'r'},1,{'RB'},False,late
later,34,0.0003541814242260094,11.46322383058716,5,RB,r,2,"{'j', 'r'}",3,"{'RBR', 'RB', 'JJR'}",False,later
latest,2,2.083420142505938e-05,15.550686671837498,6,JJS,j,1,{'j'},1,{'JJS'},False,latest
lathe,1,1.041710071252969e-05,16.5506866718375,5,NN,n,1,{'n'},1,{'NN'},False,lath
latobarita,5,5.208550356264844e-05,14.228758576950137,10,NNP,n,1,{'n'},1,{'NNP'},False,latobarita
laugh,6,6.250260427517813e-05,13.965724171116342,5,NN,n,3,"{'n', 'r', 'v'}",3,"{'RB', 'VB', 'NN'}",False,laugh
laughable,1,1.041710071252969e-05,16.5506866718375,9,JJ,j,1,{'j'},1,{'JJ'},False,laughabl
laughed,2,2.083420142505938e-05,15.550686671837498,7,VBD,v,1,{'v'},1,{'VBD'},False,laugh
laughing,4,4.166840285011876e-05,14.550686671837498,8,NN,n,2,"{'n', 'v'}",2,"{'VBG', 'NN'}",False,laugh
laughingly,1,1.041710071252969e-05,16.5506866718375,10,RB,r,1,{'r'},1,{'RB'},False,laughingli
laughs,13,0.00013542230926288595,12.850246953696406,6,NNS,n,3,"{'n', 'x', 'v'}",4,"{'VBZ', 'VB', 'PRP', 'NNS'}",False,laugh
laughter,3,3.1251302137589066e-05,14.965724171116342,8,NN,n,1,{'n'},1,{'NN'},False,laughter
launch,2,2.083420142505938e-05,15.550686671837498,6,JJ,j,2,"{'j', 'v'}",2,"{'JJ', 'VB'}",False,launch
launches,1,1.041710071252969e-05,16.5506866718375,8,NNS,n,1,{'n'},1,{'NNS'},False,launch
laundry,4,4.166840285011876e-05,14.550686671837498,7,NN,n,1,{'n'},1,{'NN'},False,laundri
laura,1,1.041710071252969e-05,16.5506866718375,5,NNP,n,1,{'n'},1,{'NNP'},False,laura
law,1,1.041710071252969e-05,16.5506866718375,3,NN,n,1,{'n'},1,{'NN'},False,law
laws,3,3.1251302137589066e-05,14.965724171116342,4,NNS,n,1,{'n'},1,{'NNS'},False,law
lay,2,2.083420142505938e-05,15.550686671837498,3,NNP,n,2,"{'n', 'v'}",2,"{'VB', 'NNP'}",False,lay
lazuli,1,1.041710071252969e-05,16.5506866718375,6,NN,n,1,{'n'},1,{'NN'},False,lazuli
lazy,7,7.291970498770782e-05,13.743331749779895,4,JJ,j,2,"{'n', 'j'}",2,"{'JJ', 'NN'}",False,lazi
ld,1,1.041710071252969e-05,16.5506866718375,2,NN,n,1,{'n'},1,{'NN'},False,ld
le,3,3.1251302137589066e-05,14.965724171116342,2,NNP,n,1,{'n'},1,{'NNP'},False,le
lead,9,9.37539064127672e-05,13.380761670395186,4,VB,v,2,"{'n', 'v'}",2,"{'VB', 'NN'}",False,lead
leader,2,2.083420142505938e-05,15.550686671837498,6,NN,n,1,{'n'},1,{'NN'},False,leader
leading,4,4.166840285011876e-05,14.550686671837498,7,VBG,v,1,{'v'},1,{'VBG'},False,lead
leads,1,1.041710071252969e-05,16.5506866718375,5,VBZ,v,1,{'v'},1,{'VBZ'},False,lead
leaf,2,2.083420142505938e-05,15.550686671837498,4,NN,n,1,{'n'},1,{'NN'},False,leaf
leafs,1,1.041710071252969e-05,16.5506866718375,5,NN,n,1,{'n'},1,{'NN'},False,leaf
league,1,1.041710071252969e-05,16.5506866718375,6,NNP,n,1,{'n'},1,{'NNP'},False,leagu
leagues,2,2.083420142505938e-05,15.550686671837498,7,NNS,n,1,{'n'},1,{'NNS'},False,leagu
leak,1,1.041710071252969e-05,16.5506866718375,4,VB,v,1,{'v'},1,{'VB'},False,leak
leaks,2,2.083420142505938e-05,15.550686671837498,5,NN,n,1,{'n'},2,"{'NN', 'NNS'}",False,leak
lean,1,1.041710071252969e-05,16.5506866718375,4,VBZ,v,1,{'v'},1,{'VBZ'},False,lean
leaning,1,1.041710071252969e-05,16.5506866718375,7,VBG,v,1,{'v'},1,{'VBG'},False,lean
leaping,1,1.041710071252969e-05,16.5506866718375,7,VBG,v,1,{'v'},1,{'VBG'},False,leap
learn,10,0.00010417100712529688,13.228758576950137,5,VB,v,2,"{'n', 'v'}",2,"{'VB', 'NN'}",False,learn
learned,3,3.1251302137589066e-05,14.965724171116342,7,VBD,v,1,{'v'},2,"{'VBD', 'VBN'}",False,learn
learning,2,2.083420142505938e-05,15.550686671837498,8,VBG,v,1,{'v'},1,{'VBG'},False,learn
least,19,0.00019792491353806408,12.302759158393913,5,JJS,j,1,{'j'},1,{'JJS'},False,least
leave,106,0.001104212675528147,9.8227662172743,5,VB,v,2,"{'n', 'v'}",5,"{'NN', 'NNP', 'VBP', 'VB', 'VBN'}",False,leav
leaves,8,8.333680570023751e-05,13.550686671837498,6,NNS,n,2,"{'n', 'v'}",2,"{'VBZ', 'NNS'}",False,leav
leaving,26,0.0002708446185257719,11.850246953696406,7,VBG,v,1,{'v'},1,{'VBG'},False,leav
lecture,3,3.1251302137589066e-05,14.965724171116342,7,NN,n,2,"{'n', 'v'}",2,"{'VB', 'NN'}",False,lectur
lectures,1,1.041710071252969e-05,16.5506866718375,8,NNS,n,1,{'n'},1,{'NNS'},False,lectur
led,6,6.250260427517813e-05,13.965724171116342,3,VBD,v,1,{'v'},2,"{'VBD', 'VBN'}",False,led
lee,1,1.041710071252969e-05,16.5506866718375,3,NNP,n,1,{'n'},1,{'NNP'},False,lee
leete,7,7.291970498770782e-05,13.743331749779895,5,NNP,n,1,{'n'},1,{'NNP'},False,leet
leeward,1,1.041710071252969e-05,16.5506866718375,7,JJ,j,1,{'j'},1,{'JJ'},False,leeward
left,34,0.0003541814242260094,11.46322383058716,4,VBD,v,3,"{'n', 'j', 'v'}",4,"{'NN', 'VBD', 'VBN', 'JJ'}",False,left
leftovers,1,1.041710071252969e-05,16.5506866718375,9,NNS,n,1,{'n'},1,{'NNS'},False,leftov
leg,4,4.166840285011876e-05,14.550686671837498,3,NN,n,1,{'n'},1,{'NN'},False,leg
legend,3,3.1251302137589066e-05,14.965724171116342,6,NN,n,1,{'n'},1,{'NN'},False,legend
legs,9,9.37539064127672e-05,13.380761670395186,4,NNS,n,1,{'n'},1,{'NNS'},False,leg
lem,2,2.083420142505938e-05,15.550686671837498,3,FW,v,2,"{'x', 'v'}",2,"{'VBD', 'FW'}",False,lem
lemon,1,1.041710071252969e-05,16.5506866718375,5,NNP,n,1,{'n'},1,{'NNP'},False,lemon
lend,7,7.291970498770782e-05,13.743331749779895,4,VB,v,1,{'v'},2,"{'VB', 'VBP'}",False,lend
lending,1,1.041710071252969e-05,16.5506866718375,7,VBG,v,1,{'v'},1,{'VBG'},False,lend
lenient,2,2.083420142505938e-05,15.550686671837498,7,JJ,j,1,{'j'},1,{'JJ'},False,lenient
lent,3,3.1251302137589066e-05,14.965724171116342,4,VBD,v,1,{'v'},2,"{'VBD', 'VBN'}",False,lent
less,2,2.083420142505938e-05,15.550686671837498,4,JJR,j,2,"{'j', 'r'}",2,"{'RBR', 'JJR'}",False,less
lesser,1,1.041710071252969e-05,16.5506866718375,6,JJR,j,1,{'j'},1,{'JJR'},False,lesser
lesson,4,4.166840285011876e-05,14.550686671837498,6,NN,n,1,{'n'},1,{'NN'},False,lesson
lest,1,1.041710071252969e-05,16.5506866718375,4,NNP,n,1,{'n'},1,{'NNP'},False,lest
let,313,0.0032605525230217924,8.26066782490488,3,VB,v,3,"{'n', 'x', 'v'}",6,"{'VBD', 'NN', 'NNP', 'VBP', 'PRP', 'VB'}",False,let
lets,1,1.041710071252969e-05,16.5506866718375,4,VBZ,v,1,{'v'},1,{'VBZ'},False,let
letter,17,0.0001770907121130047,12.46322383058716,6,NN,n,1,{'n'},1,{'NN'},False,letter
letters,3,3.1251302137589066e-05,14.965724171116342,7,NNS,n,1,{'n'},1,{'NNS'},False,letter
lettie,5,5.208550356264844e-05,14.228758576950137,6,NNP,n,1,{'n'},1,{'NNP'},False,letti
lettieshaped,1,1.041710071252969e-05,16.5506866718375,12,JJ,j,1,{'j'},1,{'JJ'},False,lettieshap
letting,5,5.208550356264844e-05,14.228758576950137,7,VBG,v,1,{'v'},1,{'VBG'},False,let
level,3,3.1251302137589066e-05,14.965724171116342,5,NN,n,2,"{'n', 'v'}",2,"{'VBP', 'NN'}",False,level
leveled,1,1.041710071252969e-05,16.5506866718375,7,VBN,v,1,{'v'},1,{'VBN'},False,level
leveling,1,1.041710071252969e-05,16.5506866718375,8,VBG,v,1,{'v'},1,{'VBG'},False,level
lever,3,3.1251302137589066e-05,14.965724171116342,5,NN,n,1,{'n'},1,{'NN'},False,lever
levistone,20,0.00020834201425059377,12.228758576950137,9,NNP,n,1,{'n'},2,"{'NN', 'NNP'}",False,leviston
li,27,0.0002812617192383016,11.79579916967403,2,NNP,n,1,{'n'},2,"{'NN', 'NNP'}",False,li
liar,7,7.291970498770782e-05,13.743331749779895,4,NN,n,2,"{'n', 'v'}",3,"{'VBP', 'NN', 'NNP'}",False,liar
liars,1,1.041710071252969e-05,16.5506866718375,5,NNS,n,1,{'n'},1,{'NNS'},False,liar
license,1,1.041710071252969e-05,16.5506866718375,7,NN,n,1,{'n'},1,{'NN'},False,licens
lick,2,2.083420142505938e-05,15.550686671837498,4,NN,n,1,{'n'},2,"{'NN', 'NNP'}",False,lick
licked,2,2.083420142505938e-05,15.550686671837498,6,VBD,v,1,{'v'},1,{'VBD'},False,lick
licking,1,1.041710071252969e-05,16.5506866718375,7,VBG,v,1,{'v'},1,{'VBG'},False,lick
lid,1,1.041710071252969e-05,16.5506866718375,3,RB,r,1,{'r'},1,{'RB'},False,lid
lie,9,9.37539064127672e-05,13.380761670395186,3,NN,n,3,"{'n', 'r', 'v'}",4,"{'VBD', 'VBP', 'NN', 'RBR'}",False,lie
lies,4,4.166840285011876e-05,14.550686671837498,4,VBZ,v,2,"{'n', 'v'}",2,"{'VBZ', 'NNS'}",False,lie
life,51,0.0005312721363390141,10.878261329866003,4,NN,n,1,{'n'},2,"{'NN', 'NNP'}",False,life
lifesaver,1,1.041710071252969e-05,16.5506866718375,9,JJ,j,1,{'j'},1,{'JJ'},False,lifesav
lifestyle,2,2.083420142505938e-05,15.550686671837498,9,JJ,j,2,"{'n', 'j'}",2,"{'JJ', 'NN'}",False,lifestyl
lifetimes,1,1.041710071252969e-05,16.5506866718375,9,NNP,n,1,{'n'},1,{'NNP'},False,lifetim
lift,3,3.1251302137589066e-05,14.965724171116342,4,NN,n,1,{'n'},1,{'NN'},False,lift
lifting,1,1.041710071252969e-05,16.5506866718375,7,VBG,v,1,{'v'},1,{'VBG'},False,lift
lifts,3,3.1251302137589066e-05,14.965724171116342,5,VBZ,v,1,{'v'},2,"{'VBZ', 'VB'}",False,lift
light,33,0.0003437643235134797,11.506292552479046,5,NN,n,3,"{'n', 'j', 'v'}",4,"{'JJ', 'VBP', 'NN', 'NNP'}",False,light
lighter,3,3.1251302137589066e-05,14.965724171116342,7,NN,n,1,{'n'},1,{'NN'},False,lighter
lighthouse,1,1.041710071252969e-05,16.5506866718375,10,NN,n,1,{'n'},1,{'NN'},False,lighthous
lighting,1,1.041710071252969e-05,16.5506866718375,8,VBG,v,1,{'v'},1,{'VBG'},False,light
lights,7,7.291970498770782e-05,13.743331749779895,6,NNS,n,1,{'n'},1,{'NNS'},False,light
like,412,0.004291845493562232,7.864186144654281,4,IN,x,3,"{'x', 'j', 'v'}",4,"{'JJ', 'VB', 'IN', 'VBP'}",False,like
liked,6,6.250260427517813e-05,13.965724171116342,5,VBD,v,1,{'v'},1,{'VBD'},False,like
likes,15,0.00015625651068794532,12.64379607622898,5,VBZ,v,2,"{'n', 'v'}",2,"{'VBZ', 'NNS'}",False,like
liking,3,3.1251302137589066e-05,14.965724171116342,6,NN,n,2,"{'n', 'v'}",2,"{'VBG', 'NN'}",False,like
lily,2,2.083420142505938e-05,15.550686671837498,4,NNP,n,2,"{'n', 'r'}",2,"{'RB', 'NNP'}",False,lili
limit,1,1.041710071252969e-05,16.5506866718375,5,NN,n,1,{'n'},1,{'NN'},False,limit
limits,1,1.041710071252969e-05,16.5506866718375,6,NNS,n,1,{'n'},1,{'NNS'},False,limit
lin,16,0.00016667361140047503,12.550686671837498,3,NNP,n,1,{'n'},2,"{'NN', 'NNP'}",False,lin
line,6,6.250260427517813e-05,13.965724171116342,4,NN,n,1,{'n'},2,"{'NN', 'NNP'}",False,line
lines,5,5.208550356264844e-05,14.228758576950137,5,NNS,n,1,{'n'},1,{'NNS'},False,line
lipstick,1,1.041710071252969e-05,16.5506866718375,8,NN,n,1,{'n'},1,{'NN'},False,lipstick
lisa,32,0.00033334722280095006,11.550686671837498,4,NNP,n,2,"{'n', 'j'}",3,"{'JJ', 'NN', 'NNP'}",False,lisa
lisasan,10,0.00010417100712529688,13.228758576950137,7,JJ,j,2,"{'n', 'j'}",2,"{'JJ', 'NNP'}",False,lisasan
listen,40,0.00041668402850118753,11.228758576950137,6,VB,v,2,"{'n', 'v'}",6,"{'NN', 'NNP', 'VBZ', 'VBP', 'VB', 'VBN'}",False,listen
listening,5,5.208550356264844e-05,14.228758576950137,9,VBG,v,1,{'v'},1,{'VBG'},False,listen
lit,1,1.041710071252969e-05,16.5506866718375,3,VBD,v,1,{'v'},1,{'VBD'},False,lit
literally,1,1.041710071252969e-05,16.5506866718375,9,RB,r,1,{'r'},1,{'RB'},False,liter
litter,1,1.041710071252969e-05,16.5506866718375,6,JJ,j,1,{'j'},1,{'JJ'},False,litter
little,144,0.0015000625026042752,9.380761670395186,6,JJ,j,2,"{'j', 'r'}",2,"{'JJ', 'RB'}",False,littl
littlemisswitch,1,1.041710071252969e-05,16.5506866718375,15,NN,n,1,{'n'},1,{'NN'},False,littlemisswitch
live,65,0.0006771115463144298,10.528318858809044,4,VB,v,3,"{'n', 'j', 'v'}",4,"{'JJ', 'VB', 'VBP', 'NN'}",False,live
lived,3,3.1251302137589066e-05,14.965724171116342,5,VBD,v,1,{'v'},2,"{'VBD', 'VBN'}",False,live
livein,1,1.041710071252969e-05,16.5506866718375,6,JJ,j,1,{'j'},1,{'JJ'},False,livein
livelihood,1,1.041710071252969e-05,16.5506866718375,10,NN,n,1,{'n'},1,{'NN'},False,livelihood
lives,11,0.00011458810783782658,13.091255053200202,5,VBZ,v,2,"{'n', 'v'}",2,"{'VBZ', 'NNS'}",False,live
livestock,2,2.083420142505938e-05,15.550686671837498,9,NN,n,1,{'n'},1,{'NN'},False,livestock
living,27,0.0002812617192383016,11.79579916967403,6,NN,n,3,"{'n', 'j', 'v'}",3,"{'VBG', 'JJ', 'NN'}",False,live
ll,590,0.006146089420392516,7.346115527588295,2,MD,x,5,"{'j', 'v', 'n', 'x', 'r'}",7,"{'JJ', 'NN', 'POS', 'MD', 'NNS', 'RB', 'VB'}",True,ll
lo,1,1.041710071252969e-05,16.5506866718375,2,NN,n,1,{'n'},1,{'NN'},False,lo
load,1,1.041710071252969e-05,16.5506866718375,4,NN,n,1,{'n'},1,{'NN'},False,load
loaded,2,2.083420142505938e-05,15.550686671837498,6,VBD,v,1,{'v'},2,"{'VBD', 'VBN'}",False,load
loading,1,1.041710071252969e-05,16.5506866718375,7,NN,n,1,{'n'},1,{'NN'},False,load
loan,2,2.083420142505938e-05,15.550686671837498,4,NN,n,1,{'n'},1,{'NN'},False,loan
local,2,2.083420142505938e-05,15.550686671837498,5,JJ,j,1,{'j'},1,{'JJ'},False,local
locate,1,1.041710071252969e-05,16.5506866718375,6,VB,v,1,{'v'},1,{'VB'},False,locat
located,1,1.041710071252969e-05,16.5506866718375,7,VBN,v,1,{'v'},1,{'VBN'},False,locat
location,2,2.083420142505938e-05,15.550686671837498,8,NN,n,1,{'n'},1,{'NN'},False,locat
lock,1,1.041710071252969e-05,16.5506866718375,4,VBP,v,1,{'v'},1,{'VBP'},False,lock
locked,1,1.041710071252969e-05,16.5506866718375,6,VBD,v,1,{'v'},1,{'VBD'},False,lock
lodged,1,1.041710071252969e-05,16.5506866718375,6,VBN,v,1,{'v'},1,{'VBN'},False,lodg
loft,1,1.041710071252969e-05,16.5506866718375,4,NN,n,1,{'n'},1,{'NN'},False,loft
logical,1,1.041710071252969e-05,16.5506866718375,7,JJ,j,1,{'j'},1,{'JJ'},False,logic
logs,1,1.041710071252969e-05,16.5506866718375,4,NNS,n,1,{'n'},1,{'NNS'},False,log
loiter,1,1.041710071252969e-05,16.5506866718375,6,VB,v,1,{'v'},1,{'VB'},False,loiter
loitering,1,1.041710071252969e-05,16.5506866718375,9,VBG,v,1,{'v'},1,{'VBG'},False,loiter
lone,1,1.041710071252969e-05,16.5506866718375,4,NN,n,1,{'n'},1,{'NN'},False,lone
lonely,4,4.166840285011876e-05,14.550686671837498,6,RB,r,1,{'r'},1,{'RB'},False,lone
long,67,0.0006979457477394892,10.484597481379726,4,JJ,j,2,"{'j', 'r'}",2,"{'JJ', 'RB'}",False,long
longer,15,0.00015625651068794532,12.64379607622898,6,JJR,j,2,"{'j', 'r'}",3,"{'RBR', 'RB', 'JJR'}",False,longer
longest,1,1.041710071252969e-05,16.5506866718375,7,JJS,j,1,{'j'},1,{'JJS'},False,longest
longsleeved,2,2.083420142505938e-05,15.550686671837498,11,JJ,j,1,{'j'},1,{'JJ'},False,longsleev
look,210,0.0021875911496312345,8.836441154171377,4,NN,n,3,"{'n', 'r', 'v'}",5,"{'NN', 'NNP', 'VBP', 'RB', 'VB'}",False,look
looked,12,0.00012500520855035626,12.965724171116342,6,VBD,v,1,{'v'},2,"{'VBD', 'VBN'}",False,look
looking,34,0.0003541814242260094,11.46322383058716,7,VBG,v,1,{'v'},1,{'VBG'},False,look
lookout,5,5.208550356264844e-05,14.228758576950137,7,NN,n,2,"{'n', 'v'}",2,"{'VBZ', 'NN'}",False,lookout
looks,62,0.0006458602441768407,10.596490361450623,5,VBZ,v,2,"{'n', 'v'}",3,"{'VBZ', 'NNS', 'NNP'}",False,look
looong,1,1.041710071252969e-05,16.5506866718375,6,JJ,j,1,{'j'},1,{'JJ'},False,looong
looping,2,2.083420142505938e-05,15.550686671837498,7,NN,n,2,"{'n', 'v'}",2,"{'VBG', 'NN'}",False,loop
loose,2,2.083420142505938e-05,15.550686671837498,5,JJ,j,1,{'j'},1,{'JJ'},False,loos
loosely,2,2.083420142505938e-05,15.550686671837498,7,RB,r,1,{'r'},1,{'RB'},False,loos
lop,1,1.041710071252969e-05,16.5506866718375,3,VB,v,1,{'v'},1,{'VB'},False,lop
lord,39,0.0004062669277886579,11.26528445297525,4,NNP,n,2,"{'n', 'v'}",4,"{'VB', 'VBN', 'NN', 'NNP'}",False,lord
lose,23,0.00023959331638818285,12.027124715780486,4,VB,v,1,{'v'},2,"{'VB', 'VBP'}",False,lose
loser,1,1.041710071252969e-05,16.5506866718375,5,NN,n,1,{'n'},1,{'NN'},False,loser
losers,1,1.041710071252969e-05,16.5506866718375,6,NNS,n,1,{'n'},1,{'NNS'},False,loser
losing,3,3.1251302137589066e-05,14.965724171116342,6,VBG,v,2,"{'n', 'v'}",2,"{'VBG', 'NN'}",False,lose
lost,35,0.0003645985249385391,11.421403654892533,4,VBN,v,2,"{'n', 'v'}",4,"{'VBD', 'VB', 'VBN', 'NN'}",False,lost
lot,23,0.00023959331638818285,12.027124715780486,3,NN,n,1,{'n'},1,{'NN'},False,lot
lots,6,6.250260427517813e-05,13.965724171116342,4,NNS,n,1,{'n'},1,{'NNS'},False,lot
loud,4,4.166840285011876e-05,14.550686671837498,4,JJ,j,1,{'j'},1,{'JJ'},False,loud
loudly,1,1.041710071252969e-05,16.5506866718375,6,RB,r,1,{'r'},1,{'RB'},False,loudli
louie,1,1.041710071252969e-05,16.5506866718375,5,NNP,n,1,{'n'},1,{'NNP'},False,louie
love,55,0.0005729405391891329,10.769326958312838,4,NN,n,3,"{'n', 'j', 'v'}",5,"{'JJ', 'NN', 'NNP', 'VBP', 'VB'}",False,love
loved,6,6.250260427517813e-05,13.965724171116342,5,VBN,v,1,{'v'},1,{'VBN'},False,love
lovefortunes,1,1.041710071252969e-05,16.5506866718375,12,NNS,n,1,{'n'},1,{'NNS'},False,lovefortun
lovely,6,6.250260427517813e-05,13.965724171116342,6,JJ,j,2,"{'j', 'r'}",2,"{'JJ', 'RB'}",False,love
lovers,1,1.041710071252969e-05,16.5506866718375,6,NNS,n,1,{'n'},1,{'NNS'},False,lover
loves,8,8.333680570023751e-05,13.550686671837498,5,VBZ,v,2,"{'n', 'v'}",2,"{'VBZ', 'NNS'}",False,love
low,5,5.208550356264844e-05,14.228758576950137,3,JJ,j,1,{'j'},1,{'JJ'},False,low
lower,4,4.166840285011876e-05,14.550686671837498,5,JJR,j,1,{'j'},1,{'JJR'},False,lower
lowest,1,1.041710071252969e-05,16.5506866718375,6,JJS,j,1,{'j'},1,{'JJS'},False,lowest
lshitsukuri,5,5.208550356264844e-05,14.228758576950137,11,NN,n,1,{'n'},1,{'NN'},False,lshitsukuri
lsonokami,2,2.083420142505938e-05,15.550686671837498,9,NN,n,1,{'n'},1,{'NN'},False,lsonokami
lt,2,2.083420142505938e-05,15.550686671837498,2,NN,n,1,{'n'},2,"{'NN', 'NNP'}",False,lt
lucid,1,1.041710071252969e-05,16.5506866718375,5,NNP,n,1,{'n'},1,{'NNP'},False,lucid
luck,17,0.0001770907121130047,12.46322383058716,4,NN,n,2,"{'n', 'x'}",2,"{'FW', 'NN'}",False,luck
luckily,1,1.041710071252969e-05,16.5506866718375,7,RB,r,1,{'r'},1,{'RB'},False,luckili
lucky,4,4.166840285011876e-05,14.550686671837498,5,JJ,j,1,{'j'},1,{'JJ'},False,lucki
lucrative,1,1.041710071252969e-05,16.5506866718375,9,JJ,j,1,{'j'},1,{'JJ'},False,lucr
luggage,1,1.041710071252969e-05,16.5506866718375,7,NN,n,1,{'n'},1,{'NN'},False,luggag
luh,2,2.083420142505938e-05,15.550686671837498,3,NN,n,1,{'n'},1,{'NN'},False,luh
lump,2,2.083420142505938e-05,15.550686671837498,4,NN,n,1,{'n'},1,{'NN'},False,lump
lunatics,1,1.041710071252969e-05,16.5506866718375,8,NNS,n,1,{'n'},1,{'NNS'},False,lunat
lunch,16,0.00016667361140047503,12.550686671837498,5,NN,n,2,"{'n', 'v'}",2,"{'VBN', 'NN'}",False,lunch
lunchtime,1,1.041710071252969e-05,16.5506866718375,9,NN,n,1,{'n'},1,{'NN'},False,lunchtim
lung,1,1.041710071252969e-05,16.5506866718375,4,NN,n,1,{'n'},1,{'NN'},False,lung
lungs,2,2.083420142505938e-05,15.550686671837498,5,NNS,n,1,{'n'},1,{'NNS'},False,lung
lure,2,2.083420142505938e-05,15.550686671837498,4,NN,n,1,{'n'},1,{'NN'},False,lure
lusheeta,5,5.208550356264844e-05,14.228758576950137,8,NNP,n,1,{'n'},1,{'NNP'},False,lusheeta
luxurious,1,1.041710071252969e-05,16.5506866718375,9,JJ,j,1,{'j'},1,{'JJ'},False,luxuri
luxury,2,2.083420142505938e-05,15.550686671837498,6,NN,n,1,{'n'},1,{'NN'},False,luxuri
lying,3,3.1251302137589066e-05,14.965724171116342,5,VBG,v,1,{'v'},1,{'VBG'},False,lie
lève,3,3.1251302137589066e-05,14.965724171116342,4,NN,n,1,{'n'},1,{'NN'},False,lève
m,514,0.00535438976624026,7.54506212264362,1,VBP,v,5,"{'j', 'v', 'n', 'x', 'r'}",10,"{'RBR', 'JJ', 'NNP', 'VBP', 'MD', 'NNS', 'PRP', 'RB', 'VB', 'PDT'}",True,m
ma,18,0.0001875078128255344,12.380761670395186,2,JJ,j,3,"{'n', 'x', 'j'}",4,"{'JJ', 'PRP', 'FW', 'NN'}",True,ma
maam,12,0.00012500520855035626,12.965724171116342,4,NN,n,1,{'n'},2,"{'NN', 'NNP'}",False,maam
machine,5,5.208550356264844e-05,14.228758576950137,7,NN,n,1,{'n'},1,{'NN'},False,machin
machinegun,1,1.041710071252969e-05,16.5506866718375,10,JJ,j,1,{'j'},1,{'JJ'},False,machinegun
machines,3,3.1251302137589066e-05,14.965724171116342,8,NNS,n,1,{'n'},1,{'NNS'},False,machin
mackerel,6,6.250260427517813e-05,13.965724171116342,8,NN,n,2,"{'n', 'v'}",4,"{'VB', 'NNS', 'NN', 'NNP'}",False,mackerel
mad,9,9.37539064127672e-05,13.380761670395186,3,JJ,j,3,"{'n', 'j', 'v'}",4,"{'JJ', 'VBP', 'NNS', 'NN'}",False,mad
madam,27,0.0002812617192383016,11.79579916967403,5,NNP,n,1,{'n'},2,"{'NN', 'NNP'}",False,madam
madame,1,1.041710071252969e-05,16.5506866718375,6,NNP,n,1,{'n'},1,{'NNP'},False,madam
maddened,1,1.041710071252969e-05,16.5506866718375,8,VBN,v,1,{'v'},1,{'VBN'},False,madden
made,56,0.0005833576399016625,10.743331749779895,4,VBD,v,1,{'v'},2,"{'VBD', 'VBN'}",False,made
madge,1,1.041710071252969e-05,16.5506866718375,5,NN,n,1,{'n'},1,{'NN'},False,madg
madness,1,1.041710071252969e-05,16.5506866718375,7,JJ,j,1,{'j'},1,{'JJ'},False,mad
magazine,2,2.083420142505938e-05,15.550686671837498,8,NN,n,1,{'n'},1,{'NN'},False,magazin
magazines,2,2.083420142505938e-05,15.550686671837498,9,NNS,n,1,{'n'},1,{'NNS'},False,magazin
magic,30,0.00031251302137589064,11.64379607622898,5,NN,n,4,"{'n', 'x', 'j', 'v'}",6,"{'JJ', 'NN', 'NNP', 'NNS', 'VB', 'FW'}",False,magic
magnificent,4,4.166840285011876e-05,14.550686671837498,11,JJ,j,2,"{'n', 'j'}",2,"{'JJ', 'NNP'}",False,magnific
maiden,3,3.1251302137589066e-05,14.965724171116342,6,NN,n,1,{'n'},1,{'NN'},False,maiden
mail,2,2.083420142505938e-05,15.550686671837498,4,NN,n,1,{'n'},1,{'NN'},False,mail
main,2,2.083420142505938e-05,15.550686671837498,4,JJ,j,1,{'j'},1,{'JJ'},False,main
mainland,1,1.041710071252969e-05,16.5506866718375,8,NN,n,1,{'n'},1,{'NN'},False,mainland
mainly,1,1.041710071252969e-05,16.5506866718375,6,RB,r,1,{'r'},1,{'RB'},False,mainli
maintain,1,1.041710071252969e-05,16.5506866718375,8,VB,v,1,{'v'},1,{'VB'},False,maintain
maintenance,1,1.041710071252969e-05,16.5506866718375,11,NN,n,1,{'n'},1,{'NN'},False,mainten
majesty,23,0.00023959331638818285,12.027124715780486,7,NNP,n,1,{'n'},2,"{'NN', 'NNP'}",False,majesti
major,1,1.041710071252969e-05,16.5506866718375,5,JJ,j,1,{'j'},1,{'JJ'},False,major
make,132,0.0013750572940539189,9.506292552479046,4,VB,v,2,"{'n', 'v'}",4,"{'VB', 'VBP', 'NN', 'NNP'}",False,make
makebelieve,1,1.041710071252969e-05,16.5506866718375,11,JJ,j,1,{'j'},1,{'JJ'},False,makebeliev
makes,25,0.00026042751781324224,11.906830482062773,5,VBZ,v,2,"{'x', 'v'}",2,"{'VBZ', 'PDT'}",False,make
makeup,1,1.041710071252969e-05,16.5506866718375,6,NN,n,1,{'n'},1,{'NN'},False,makeup
maki,2,2.083420142505938e-05,15.550686671837498,4,NNP,n,1,{'n'},1,{'NNP'},False,maki
making,19,0.00019792491353806408,12.302759158393913,6,VBG,v,1,{'v'},1,{'VBG'},False,make
makkuro,9,9.37539064127672e-05,13.380761670395186,7,NNP,n,2,"{'n', 'j'}",2,"{'JJ', 'NNP'}",False,makkuro
male,4,4.166840285011876e-05,14.550686671837498,4,NN,n,2,"{'n', 'j'}",2,"{'JJ', 'NN'}",False,male
males,1,1.041710071252969e-05,16.5506866718375,5,NNS,n,1,{'n'},1,{'NNS'},False,male
malnutrition,1,1.041710071252969e-05,16.5506866718375,12,NN,n,1,{'n'},1,{'NN'},False,malnutrit
mama,26,0.0002708446185257719,11.850246953696406,4,NNP,n,2,"{'n', 'x'}",3,"{'CD', 'NN', 'NNP'}",False,mama
mamare,1,1.041710071252969e-05,16.5506866718375,6,NNP,n,1,{'n'},1,{'NNP'},False,mamar
mamma,6,6.250260427517813e-05,13.965724171116342,5,JJ,j,2,"{'n', 'j'}",2,"{'JJ', 'NNP'}",False,mamma
man,77,0.000802116754864786,10.283900131142598,3,NN,n,2,"{'n', 'r'}",3,"{'RB', 'NN', 'NNP'}",False,man
man1,2,2.083420142505938e-05,15.550686671837498,4,NNP,n,1,{'n'},1,{'NNP'},False,man1
man2,3,3.1251302137589066e-05,14.965724171116342,4,NNP,n,1,{'n'},1,{'NNP'},False,man2
man3,1,1.041710071252969e-05,16.5506866718375,4,NNP,n,1,{'n'},1,{'NNP'},False,man3
manage,4,4.166840285011876e-05,14.550686671837498,6,VB,v,1,{'v'},2,"{'VB', 'VBP'}",False,manag
managed,3,3.1251302137589066e-05,14.965724171116342,7,VBD,v,1,{'v'},2,"{'VBD', 'VBN'}",False,manag
manages,1,1.041710071252969e-05,16.5506866718375,7,VBZ,v,1,{'v'},1,{'VBZ'},False,manag
manchuria,1,1.041710071252969e-05,16.5506866718375,9,NNP,n,1,{'n'},1,{'NNP'},False,manchuria
maneuver,1,1.041710071252969e-05,16.5506866718375,8,NN,n,1,{'n'},1,{'NN'},False,maneuv
maniac,2,2.083420142505938e-05,15.550686671837498,6,NN,n,1,{'n'},1,{'NN'},False,maniac
manifestation,1,1.041710071252969e-05,16.5506866718375,13,NN,n,1,{'n'},1,{'NN'},False,manifest
mann,1,1.041710071252969e-05,16.5506866718375,4,NNP,n,1,{'n'},1,{'NNP'},False,mann
manner,3,3.1251302137589066e-05,14.965724171116342,6,NN,n,1,{'n'},1,{'NN'},False,manner
manners,3,3.1251302137589066e-05,14.965724171116342,7,NNS,n,1,{'n'},1,{'NNS'},False,manner
manpooko,3,3.1251302137589066e-05,14.965724171116342,8,NNP,n,1,{'n'},1,{'NNP'},False,manpooko
mansion,7,7.291970498770782e-05,13.743331749779895,7,NN,n,1,{'n'},1,{'NN'},False,mansion
manufacturers,1,1.041710071252969e-05,16.5506866718375,13,NNS,n,1,{'n'},1,{'NNS'},False,manufactur
manuscript,1,1.041710071252969e-05,16.5506866718375,10,NN,n,1,{'n'},1,{'NN'},False,manuscript
many,45,0.000468769532063836,11.058833575507824,4,JJ,j,1,{'j'},1,{'JJ'},False,mani
map,1,1.041710071252969e-05,16.5506866718375,3,NNS,n,1,{'n'},1,{'NNS'},False,map
marble,1,1.041710071252969e-05,16.5506866718375,6,JJ,j,1,{'j'},1,{'JJ'},False,marbl
march,2,2.083420142505938e-05,15.550686671837498,5,NN,n,1,{'n'},2,"{'NN', 'NNP'}",False,march
marco,7,7.291970498770782e-05,13.743331749779895,5,NNP,n,1,{'n'},1,{'NNP'},False,marco
maria,1,1.041710071252969e-05,16.5506866718375,5,NNP,n,1,{'n'},1,{'NNP'},False,maria
marietta,1,1.041710071252969e-05,16.5506866718375,8,NNP,n,1,{'n'},1,{'NNP'},False,marietta
marine,1,1.041710071252969e-05,16.5506866718375,6,NN,n,1,{'n'},1,{'NN'},False,marin
marines,1,1.041710071252969e-05,16.5506866718375,7,NNS,n,1,{'n'},1,{'NNS'},False,marin
mark,7,7.291970498770782e-05,13.743331749779895,4,NN,n,2,"{'n', 'v'}",3,"{'VB', 'NN', 'NNP'}",False,mark
market,1,1.041710071252969e-05,16.5506866718375,6,NNP,n,1,{'n'},1,{'NNP'},False,market
markets,2,2.083420142505938e-05,15.550686671837498,7,NNS,n,1,{'n'},1,{'NNS'},False,market
markl,17,0.0001770907121130047,12.46322383058716,5,NNP,n,1,{'n'},2,"{'NN', 'NNP'}",False,markl
marks,2,2.083420142505938e-05,15.550686671837498,5,NNS,n,2,"{'n', 'v'}",2,"{'VBZ', 'NNS'}",False,mark
marriage,2,2.083420142505938e-05,15.550686671837498,8,NN,n,1,{'n'},1,{'NN'},False,marriag
married,13,0.00013542230926288595,12.850246953696406,7,JJ,v,2,"{'j', 'v'}",3,"{'VBD', 'JJ', 'VBN'}",False,marri
marry,7,7.291970498770782e-05,13.743331749779895,5,VB,v,1,{'v'},2,"{'VB', 'VBP'}",False,marri
martha,1,1.041710071252969e-05,16.5506866718375,6,NNP,n,1,{'n'},1,{'NNP'},False,martha
maru,1,1.041710071252969e-05,16.5506866718375,4,NNP,n,1,{'n'},1,{'NNP'},False,maru
marvelous,1,1.041710071252969e-05,16.5506866718375,9,JJ,j,1,{'j'},1,{'JJ'},False,marvel
mask,6,6.250260427517813e-05,13.965724171116342,4,NN,n,1,{'n'},1,{'NN'},False,mask
masks,3,3.1251302137589066e-05,14.965724171116342,5,NNS,n,1,{'n'},1,{'NNS'},False,mask
massacre,2,2.083420142505938e-05,15.550686671837498,8,NN,n,1,{'n'},2,"{'NN', 'NNP'}",False,massacr
massive,2,2.083420142505938e-05,15.550686671837498,7,JJ,j,1,{'j'},1,{'JJ'},False,massiv
master,46,0.0004791866327763657,11.027124715780486,6,NNP,n,3,"{'n', 'r', 'v'}",4,"{'RB', 'VBP', 'NN', 'NNP'}",False,master
mastered,3,3.1251302137589066e-05,14.965724171116342,8,VBN,v,1,{'v'},1,{'VBN'},False,master
masterful,1,1.041710071252969e-05,16.5506866718375,9,JJ,j,1,{'j'},1,{'JJ'},False,master
mastermind,1,1.041710071252969e-05,16.5506866718375,10,NN,n,1,{'n'},1,{'NN'},False,mastermind
masterpiece,1,1.041710071252969e-05,16.5506866718375,11,NN,n,1,{'n'},1,{'NN'},False,masterpiec
masters,17,0.0001770907121130047,12.46322383058716,7,NNS,n,1,{'n'},3,"{'NNPS', 'NNS', 'NNP'}",False,master
mastery,1,1.041710071252969e-05,16.5506866718375,7,NN,n,1,{'n'},1,{'NN'},False,masteri
match,4,4.166840285011876e-05,14.550686671837498,5,NN,n,2,"{'n', 'v'}",2,"{'VB', 'NN'}",False,match
matched,1,1.041710071252969e-05,16.5506866718375,7,VBN,v,1,{'v'},1,{'VBN'},False,match
matches,1,1.041710071252969e-05,16.5506866718375,7,NNS,n,1,{'n'},1,{'NNS'},False,match
materials,3,3.1251302137589066e-05,14.965724171116342,9,NNS,n,1,{'n'},1,{'NNS'},False,materi
math,2,2.083420142505938e-05,15.550686671837498,4,JJ,j,2,"{'n', 'j'}",2,"{'JJ', 'NN'}",False,math
matsu,1,1.041710071252969e-05,16.5506866718375,5,NNP,n,1,{'n'},1,{'NNP'},False,matsu
matsugo,2,2.083420142505938e-05,15.550686671837498,7,NNP,n,1,{'n'},1,{'NNP'},False,matsugo
matter,52,0.0005416892370515438,10.850246953696406,6,NN,n,2,"{'n', 'v'}",2,"{'VB', 'NN'}",False,matter
matters,1,1.041710071252969e-05,16.5506866718375,7,NNS,n,1,{'n'},1,{'NNS'},False,matter
maudlin,1,1.041710071252969e-05,16.5506866718375,7,VBN,v,1,{'v'},1,{'VBN'},False,maudlin
may,52,0.0005416892370515438,10.850246953696406,3,MD,x,2,"{'n', 'x'}",2,"{'MD', 'NNP'}",False,may
maybe,40,0.00041668402850118753,11.228758576950137,5,RB,r,2,"{'n', 'r'}",2,"{'RB', 'NN'}",False,mayb
mayor,1,1.041710071252969e-05,16.5506866718375,5,NNP,n,1,{'n'},1,{'NNP'},False,mayor
maze,1,1.041710071252969e-05,16.5506866718375,4,NN,n,1,{'n'},1,{'NN'},False,maze
me,661,0.006885703570982124,7.182180210329807,2,PRP,x,2,"{'n', 'x'}",3,"{'PRP', 'NN', 'NNP'}",True,me
meadow,2,2.083420142505938e-05,15.550686671837498,6,NN,n,1,{'n'},1,{'NN'},False,meadow
meadows,1,1.041710071252969e-05,16.5506866718375,7,NNS,n,1,{'n'},1,{'NNS'},False,meadow
meal,8,8.333680570023751e-05,13.550686671837498,4,NN,n,2,"{'n', 'j'}",2,"{'JJ', 'NN'}",False,meal
meals,5,5.208550356264844e-05,14.228758576950137,5,NNS,n,1,{'n'},1,{'NNS'},False,meal
mean,51,0.0005312721363390141,10.878261329866003,4,VBP,v,3,"{'n', 'j', 'v'}",4,"{'JJ', 'VB', 'VBP', 'NN'}",False,mean
meaning,1,1.041710071252969e-05,16.5506866718375,7,NN,n,1,{'n'},1,{'NN'},False,mean
means,15,0.00015625651068794532,12.64379607622898,5,VBZ,v,2,"{'n', 'v'}",2,"{'VBZ', 'NNS'}",False,mean
meant,5,5.208550356264844e-05,14.228758576950137,5,VBP,v,1,{'v'},1,{'VBP'},False,meant
meantime,1,1.041710071252969e-05,16.5506866718375,8,NN,n,1,{'n'},1,{'NN'},False,meantim
meanwhile,6,6.250260427517813e-05,13.965724171116342,9,RB,r,1,{'r'},1,{'RB'},False,meanwhil
measly,1,1.041710071252969e-05,16.5506866718375,6,NN,n,1,{'n'},1,{'NN'},False,measli
meat,1,1.041710071252969e-05,16.5506866718375,4,NN,n,1,{'n'},1,{'NN'},False,meat
meatballs,1,1.041710071252969e-05,16.5506866718375,9,NNS,n,1,{'n'},1,{'NNS'},False,meatbal
mebbe,1,1.041710071252969e-05,16.5506866718375,5,NNP,n,1,{'n'},1,{'NNP'},False,mebb
mechanic,2,2.083420142505938e-05,15.550686671837498,8,NN,n,1,{'n'},1,{'NN'},False,mechan
media,1,1.041710071252969e-05,16.5506866718375,5,NNS,n,1,{'n'},1,{'NNS'},False,media
medicine,7,7.291970498770782e-05,13.743331749779895,8,NN,n,1,{'n'},1,{'NN'},False,medicin
medicinemaking,1,1.041710071252969e-05,16.5506866718375,14,NN,n,1,{'n'},1,{'NN'},False,medicinemak
medicines,1,1.041710071252969e-05,16.5506866718375,9,NNS,n,1,{'n'},1,{'NNS'},False,medicin
mediterranean,2,2.083420142505938e-05,15.550686671837498,13,NNP,n,1,{'n'},1,{'NNP'},False,mediterranean
meet,32,0.00033334722280095006,11.550686671837498,4,VB,v,2,"{'n', 'v'}",4,"{'VB', 'VBP', 'NN', 'NNP'}",False,meet
meeting,12,0.00012500520855035626,12.965724171116342,7,NN,n,2,"{'n', 'v'}",2,"{'VBG', 'NN'}",False,meet
meets,1,1.041710071252969e-05,16.5506866718375,5,NNS,n,1,{'n'},1,{'NNS'},False,meet
meg,1,1.041710071252969e-05,16.5506866718375,3,NNP,n,1,{'n'},1,{'NNP'},False,meg
meguchan,1,1.041710071252969e-05,16.5506866718375,8,NNP,n,1,{'n'},1,{'NNP'},False,meguchan
mehve,4,4.166840285011876e-05,14.550686671837498,5,NNP,n,1,{'n'},1,{'NNP'},False,mehv
mei,93,0.000968790366265261,10.011527860729467,3,NNP,n,2,"{'n', 'v'}",4,"{'VB', 'NNS', 'NN', 'NNP'}",False,mei
meichan,3,3.1251302137589066e-05,14.965724171116342,7,NN,n,1,{'n'},2,"{'NN', 'NNP'}",False,meichan
melody,2,2.083420142505938e-05,15.550686671837498,6,NN,n,1,{'n'},1,{'NN'},False,melodi
melons,1,1.041710071252969e-05,16.5506866718375,6,NNS,n,1,{'n'},1,{'NNS'},False,melon
melted,1,1.041710071252969e-05,16.5506866718375,6,VBN,v,1,{'v'},1,{'VBN'},False,melt
melting,1,1.041710071252969e-05,16.5506866718375,7,VBG,v,1,{'v'},1,{'VBG'},False,melt
melts,1,1.041710071252969e-05,16.5506866718375,5,NNS,n,1,{'n'},1,{'NNS'},False,melt
member,1,1.041710071252969e-05,16.5506866718375,6,NN,n,1,{'n'},1,{'NN'},False,member
memorable,2,2.083420142505938e-05,15.550686671837498,9,JJ,j,1,{'j'},1,{'JJ'},False,memor
memories,4,4.166840285011876e-05,14.550686671837498,8,NNS,n,1,{'n'},1,{'NNS'},False,memori
memory,2,2.083420142505938e-05,15.550686671837498,6,NN,n,1,{'n'},1,{'NN'},False,memori
men,23,0.00023959331638818285,12.027124715780486,3,NNS,n,1,{'n'},1,{'NNS'},False,men
menstruation,1,1.041710071252969e-05,16.5506866718375,12,NN,n,1,{'n'},1,{'NN'},False,menstruat
mental,3,3.1251302137589066e-05,14.965724171116342,6,JJ,j,1,{'j'},1,{'JJ'},False,mental
mentally,1,1.041710071252969e-05,16.5506866718375,8,RB,r,1,{'r'},1,{'RB'},False,mental
mentioned,1,1.041710071252969e-05,16.5506866718375,9,VBD,v,1,{'v'},1,{'VBD'},False,mention
meow,2,2.083420142505938e-05,15.550686671837498,4,NNS,n,1,{'n'},1,{'NNS'},False,meow
merchants,1,1.041710071252969e-05,16.5506866718375,9,NNS,n,1,{'n'},1,{'NNS'},False,merchant
mere,3,3.1251302137589066e-05,14.965724171116342,4,JJ,j,1,{'j'},1,{'JJ'},False,mere
merely,2,2.083420142505938e-05,15.550686671837498,6,RB,r,1,{'r'},1,{'RB'},False,mere
mermaid,1,1.041710071252969e-05,16.5506866718375,7,NNP,n,1,{'n'},1,{'NNP'},False,mermaid
merrier,1,1.041710071252969e-05,16.5506866718375,7,NN,n,1,{'n'},1,{'NN'},False,merrier
mess,12,0.00012500520855035626,12.965724171116342,4,NN,n,2,"{'n', 'v'}",2,"{'VB', 'NN'}",False,mess
message,4,4.166840285011876e-05,14.550686671837498,7,NN,n,1,{'n'},1,{'NN'},False,messag
messed,1,1.041710071252969e-05,16.5506866718375,6,VBN,v,1,{'v'},1,{'VBN'},False,mess
messenger,4,4.166840285011876e-05,14.550686671837498,9,NN,n,1,{'n'},1,{'NN'},False,messeng
messengers,2,2.083420142505938e-05,15.550686671837498,10,NNS,n,1,{'n'},1,{'NNS'},False,messeng
met,18,0.0001875078128255344,12.380761670395186,3,VBD,v,1,{'v'},2,"{'VBD', 'VBN'}",False,met
metal,3,3.1251302137589066e-05,14.965724171116342,5,NN,n,2,"{'n', 'j'}",2,"{'JJ', 'NN'}",False,metal
metallic,1,1.041710071252969e-05,16.5506866718375,8,JJ,j,1,{'j'},1,{'JJ'},False,metal
meter,1,1.041710071252969e-05,16.5506866718375,5,NN,n,1,{'n'},1,{'NN'},False,meter
meters,1,1.041710071252969e-05,16.5506866718375,6,NNS,n,1,{'n'},1,{'NNS'},False,meter
metropolitan,1,1.041710071252969e-05,16.5506866718375,12,JJ,j,1,{'j'},1,{'JJ'},False,metropolitan
mhm,1,1.041710071252969e-05,16.5506866718375,3,NN,n,1,{'n'},1,{'NN'},False,mhm
mice,3,3.1251302137589066e-05,14.965724171116342,4,NN,n,2,"{'n', 'j'}",2,"{'JJ', 'NN'}",False,mice
michelle,1,1.041710071252969e-05,16.5506866718375,8,NNP,n,1,{'n'},1,{'NNP'},False,michel
micro,1,1.041710071252969e-05,16.5506866718375,5,NNP,n,1,{'n'},1,{'NNP'},False,micro
midair,1,1.041710071252969e-05,16.5506866718375,6,NN,n,1,{'n'},1,{'NN'},False,midair
middle,8,8.333680570023751e-05,13.550686671837498,6,NN,n,1,{'n'},2,"{'NN', 'NNP'}",False,middl
midnight,1,1.041710071252969e-05,16.5506866718375,8,NN,n,1,{'n'},1,{'NN'},False,midnight
midst,1,1.041710071252969e-05,16.5506866718375,5,NN,n,1,{'n'},1,{'NN'},False,midst
might,31,0.00032293012208842035,11.596490361450623,5,MD,x,1,{'x'},1,{'MD'},False,might
mighty,1,1.041710071252969e-05,16.5506866718375,6,NN,n,1,{'n'},1,{'NN'},False,mighti
mikado,2,2.083420142505938e-05,15.550686671837498,6,NNP,n,1,{'n'},2,"{'NNS', 'NNP'}",False,mikado
milady,1,1.041710071252969e-05,16.5506866718375,6,NNP,n,1,{'n'},1,{'NNP'},False,miladi
milan,3,3.1251302137589066e-05,14.965724171116342,5,NNP,n,1,{'n'},1,{'NNP'},False,milan
miles,4,4.166840285011876e-05,14.550686671837498,5,NNS,n,1,{'n'},1,{'NNS'},False,mile
military,2,2.083420142505938e-05,15.550686671837498,8,JJ,j,1,{'j'},1,{'JJ'},False,militari
milk,12,0.00012500520855035626,12.965724171116342,4,NN,n,2,"{'n', 'v'}",2,"{'VBN', 'NN'}",False,milk
milkbased,1,1.041710071252969e-05,16.5506866718375,9,JJ,j,1,{'j'},1,{'JJ'},False,milkbas
milkgruel,1,1.041710071252969e-05,16.5506866718375,9,NN,n,1,{'n'},1,{'NN'},False,milkgruel
mincemeat,1,1.041710071252969e-05,16.5506866718375,9,JJ,j,1,{'j'},1,{'JJ'},False,mincemeat
mind,26,0.0002708446185257719,11.850246953696406,4,NN,n,2,"{'n', 'v'}",3,"{'VB', 'VBP', 'NN'}",False,mind
minds,1,1.041710071252969e-05,16.5506866718375,5,NNS,n,1,{'n'},1,{'NNS'},False,mind
mine,25,0.00026042751781324224,11.906830482062773,4,NN,n,2,"{'n', 'j'}",3,"{'JJ', 'NN', 'NNP'}",False,mine
miners,1,1.041710071252969e-05,16.5506866718375,6,NNS,n,1,{'n'},1,{'NNS'},False,miner
mines,1,1.041710071252969e-05,16.5506866718375,5,NNS,n,1,{'n'},1,{'NNS'},False,mine
minimize,2,2.083420142505938e-05,15.550686671837498,8,VB,v,1,{'v'},1,{'VB'},False,minim
mining,1,1.041710071252969e-05,16.5506866718375,6,NN,n,1,{'n'},1,{'NN'},False,mine
miniskirt,1,1.041710071252969e-05,16.5506866718375,9,NN,n,1,{'n'},1,{'NN'},False,miniskirt
minister,7,7.291970498770782e-05,13.743331749779895,8,NNP,n,1,{'n'},2,"{'NN', 'NNP'}",False,minist
minor,2,2.083420142505938e-05,15.550686671837498,5,JJ,j,1,{'j'},1,{'JJ'},False,minor
mints,1,1.041710071252969e-05,16.5506866718375,5,NNS,n,1,{'n'},1,{'NNS'},False,mint
minute,28,0.00029167881995083127,11.743331749779895,6,NN,n,1,{'n'},1,{'NN'},False,minut
minutes,15,0.00015625651068794532,12.64379607622898,7,NNS,n,1,{'n'},1,{'NNS'},False,minut
miracle,2,2.083420142505938e-05,15.550686671837498,7,NN,n,1,{'n'},1,{'NN'},False,miracl
miraculous,2,2.083420142505938e-05,15.550686671837498,10,JJ,j,1,{'j'},1,{'JJ'},False,miracul
miraculously,1,1.041710071252969e-05,16.5506866718375,12,RB,r,1,{'r'},1,{'RB'},False,miracul
mirald,1,1.041710071252969e-05,16.5506866718375,6,NNP,n,1,{'n'},1,{'NNP'},False,mirald
miserable,1,1.041710071252969e-05,16.5506866718375,9,JJ,j,1,{'j'},1,{'JJ'},False,miser
misfortune,2,2.083420142505938e-05,15.550686671837498,10,NN,n,1,{'n'},1,{'NN'},False,misfortun
mispronounces,1,1.041710071252969e-05,16.5506866718375,13,VBZ,v,1,{'v'},1,{'VBZ'},False,mispronounc
miss,29,0.000302095920663361,11.692705676709927,4,NNP,n,2,"{'n', 'v'}",4,"{'VB', 'VBP', 'NN', 'NNP'}",False,miss
missed,11,0.00011458810783782658,13.091255053200202,6,VBD,v,1,{'v'},2,"{'VBD', 'VBN'}",False,miss
missing,5,5.208550356264844e-05,14.228758576950137,7,VBG,v,1,{'v'},1,{'VBG'},False,miss
mission,3,3.1251302137589066e-05,14.965724171116342,7,NN,n,1,{'n'},1,{'NN'},False,mission
mist,1,1.041710071252969e-05,16.5506866718375,4,NN,n,1,{'n'},1,{'NN'},False,mist
mistake,10,0.00010417100712529688,13.228758576950137,7,NN,n,1,{'n'},1,{'NN'},False,mistak
mistaken,2,2.083420142505938e-05,15.550686671837498,8,JJ,j,2,"{'j', 'v'}",2,"{'JJ', 'VBN'}",False,mistaken
mistakes,2,2.083420142505938e-05,15.550686671837498,8,NNS,n,1,{'n'},1,{'NNS'},False,mistak
mister,9,9.37539064127672e-05,13.380761670395186,6,NNP,n,1,{'n'},2,"{'NN', 'NNP'}",False,mister
mistress,1,1.041710071252969e-05,16.5506866718375,8,NN,n,1,{'n'},1,{'NN'},False,mistress
misunderstand,1,1.041710071252969e-05,16.5506866718375,13,VB,v,1,{'v'},1,{'VB'},False,misunderstand
mitchan,3,3.1251302137589066e-05,14.965724171116342,7,NNP,n,1,{'n'},1,{'NNP'},False,mitchan
mito,17,0.0001770907121130047,12.46322383058716,4,NNP,n,1,{'n'},3,"{'NNS', 'NN', 'NNP'}",False,mito
mitsubishi,2,2.083420142505938e-05,15.550686671837498,10,NNP,n,1,{'n'},1,{'NNP'},False,mitsubishi
mitsuo,2,2.083420142505938e-05,15.550686671837498,6,NNP,n,1,{'n'},1,{'NNP'},False,mitsuo
mix,1,1.041710071252969e-05,16.5506866718375,3,VB,v,1,{'v'},1,{'VB'},False,mix
mixed,2,2.083420142505938e-05,15.550686671837498,5,JJ,j,2,"{'j', 'v'}",2,"{'JJ', 'VBP'}",False,mix
miyatsuko,5,5.208550356264844e-05,14.228758576950137,9,NNP,n,1,{'n'},1,{'NNP'},False,miyatsuko
mizukusai,1,1.041710071252969e-05,16.5506866718375,9,NNP,n,1,{'n'},1,{'NNP'},False,mizukusai
mm,35,0.0003645985249385391,11.421403654892533,2,NNP,n,2,"{'n', 'x'}",3,"{'FW', 'NN', 'NNP'}",False,mm
mmarkl,1,1.041710071252969e-05,16.5506866718375,6,NNP,n,1,{'n'},1,{'NNP'},False,mmarkl
mmhm,4,4.166840285011876e-05,14.550686671837498,4,NNP,n,1,{'n'},1,{'NNP'},False,mmhm
mmhmm,2,2.083420142505938e-05,15.550686671837498,5,NNP,n,1,{'n'},1,{'NNP'},False,mmhmm
mmm,41,0.00042710112921371724,11.193134667219415,3,NNP,n,1,{'n'},3,"{'NNS', 'NN', 'NNP'}",False,mmm
mmmhmmm,1,1.041710071252969e-05,16.5506866718375,7,NNP,n,1,{'n'},1,{'NNP'},False,mmmhmmm
mmmm,2,2.083420142505938e-05,15.550686671837498,4,NN,n,1,{'n'},1,{'NN'},False,mmmm
mmmmm,3,3.1251302137589066e-05,14.965724171116342,5,NN,n,1,{'n'},1,{'NN'},False,mmmmm
moaning,1,1.041710071252969e-05,16.5506866718375,7,VBG,v,1,{'v'},1,{'VBG'},False,moan
mob,1,1.041710071252969e-05,16.5506866718375,3,NN,n,1,{'n'},1,{'NN'},False,mob
mobilized,1,1.041710071252969e-05,16.5506866718375,9,VBN,v,1,{'v'},1,{'VBN'},False,mobil
mockery,1,1.041710071252969e-05,16.5506866718375,7,NN,n,1,{'n'},1,{'NN'},False,mockeri
model,2,2.083420142505938e-05,15.550686671837498,5,NN,n,1,{'n'},1,{'NN'},False,model
modern,2,2.083420142505938e-05,15.550686671837498,6,JJ,j,1,{'j'},1,{'JJ'},False,modern
modest,1,1.041710071252969e-05,16.5506866718375,6,JJ,j,1,{'j'},1,{'JJ'},False,modest
modify,1,1.041710071252969e-05,16.5506866718375,6,VB,v,1,{'v'},1,{'VB'},False,modifi
moles,2,2.083420142505938e-05,15.550686671837498,5,NNS,n,1,{'n'},1,{'NNS'},False,mole
molten,1,1.041710071252969e-05,16.5506866718375,6,JJ,j,1,{'j'},1,{'JJ'},False,molten
mom,55,0.0005729405391891329,10.769326958312838,3,NN,n,2,"{'n', 'v'}",3,"{'VB', 'NN', 'NNP'}",False,mom
moment,19,0.00019792491353806408,12.302759158393913,6,NN,n,2,"{'n', 'j'}",2,"{'JJ', 'NN'}",False,moment
moments,1,1.041710071252969e-05,16.5506866718375,7,NNS,n,1,{'n'},1,{'NNS'},False,moment
mommm,1,1.041710071252969e-05,16.5506866718375,5,NNP,n,1,{'n'},1,{'NNP'},False,mommm
mommy,17,0.0001770907121130047,12.46322383058716,5,NNP,n,1,{'n'},2,"{'NN', 'NNP'}",False,mommi
monarchy,1,1.041710071252969e-05,16.5506866718375,8,NN,n,1,{'n'},1,{'NN'},False,monarchi
monday,2,2.083420142505938e-05,15.550686671837498,6,NNP,n,1,{'n'},1,{'NNP'},False,monday
money,39,0.0004062669277886579,11.26528445297525,5,NN,n,1,{'n'},1,{'NN'},False,money
monica,1,1.041710071252969e-05,16.5506866718375,6,NNP,n,1,{'n'},1,{'NNP'},False,monica
monitor,5,5.208550356264844e-05,14.228758576950137,7,NN,n,1,{'n'},1,{'NN'},False,monitor
monitored,1,1.041710071252969e-05,16.5506866718375,9,VBD,v,1,{'v'},1,{'VBD'},False,monitor
monitors,2,2.083420142505938e-05,15.550686671837498,8,NNS,n,1,{'n'},1,{'NNS'},False,monitor
monk,2,2.083420142505938e-05,15.550686671837498,4,JJ,j,2,"{'n', 'j'}",2,"{'JJ', 'NN'}",False,monk
monkey,1,1.041710071252969e-05,16.5506866718375,6,NN,n,1,{'n'},1,{'NN'},False,monkey
monkeycrab,1,1.041710071252969e-05,16.5506866718375,10,JJ,j,1,{'j'},1,{'JJ'},False,monkeycrab
monks,1,1.041710071252969e-05,16.5506866718375,5,NNS,n,1,{'n'},1,{'NNS'},False,monk
monocoque,1,1.041710071252969e-05,16.5506866718375,9,NN,n,1,{'n'},1,{'NN'},False,monocoqu
monogrammed,1,1.041710071252969e-05,16.5506866718375,11,VBD,v,1,{'v'},1,{'VBD'},False,monogram
mononoke,9,9.37539064127672e-05,13.380761670395186,8,NNP,n,1,{'n'},1,{'NNP'},False,mononok
mononokehime,4,4.166840285011876e-05,14.550686671837498,12,JJ,j,2,"{'n', 'j'}",2,"{'JJ', 'NNP'}",False,mononokehim
monopolize,1,1.041710071252969e-05,16.5506866718375,10,VB,v,1,{'v'},1,{'VB'},False,monopol
monopolizing,1,1.041710071252969e-05,16.5506866718375,12,VBG,v,1,{'v'},1,{'VBG'},False,monopol
monster,11,0.00011458810783782658,13.091255053200202,7,NN,n,3,"{'n', 'j', 'v'}",3,"{'JJR', 'VBP', 'NN'}",False,monster
monsters,6,6.250260427517813e-05,13.965724171116342,8,NNS,n,1,{'n'},1,{'NNS'},False,monster
month,5,5.208550356264844e-05,14.228758576950137,5,NN,n,1,{'n'},1,{'NN'},False,month
monthly,1,1.041710071252969e-05,16.5506866718375,7,JJ,j,1,{'j'},1,{'JJ'},False,monthli
months,7,7.291970498770782e-05,13.743331749779895,6,NNS,n,1,{'n'},1,{'NNS'},False,month
moon,23,0.00023959331638818285,12.027124715780486,4,NN,n,1,{'n'},2,"{'NN', 'NNP'}",False,moon
moonlight,1,1.041710071252969e-05,16.5506866718375,9,NN,n,1,{'n'},1,{'NN'},False,moonlight
moonlit,1,1.041710071252969e-05,16.5506866718375,7,NN,n,1,{'n'},1,{'NN'},False,moonlit
mooska,14,0.00014583940997541563,12.743331749779895,6,NNP,n,1,{'n'},2,"{'NN', 'NNP'}",False,mooska
mop,1,1.041710071252969e-05,16.5506866718375,3,VB,v,1,{'v'},1,{'VB'},False,mop
more,137,0.0014271427976165674,9.452654588876971,4,JJR,j,2,"{'j', 'r'}",2,"{'RBR', 'JJR'}",True,more
morning,32,0.00033334722280095006,11.550686671837498,7,NN,n,2,"{'n', 'v'}",2,"{'VBG', 'NN'}",False,morn
mornings,1,1.041710071252969e-05,16.5506866718375,8,NNS,n,1,{'n'},1,{'NNS'},False,morn
moro,15,0.00015625651068794532,12.64379607622898,4,NNP,n,1,{'n'},1,{'NNP'},False,moro
morons,2,2.083420142505938e-05,15.550686671837498,6,NNS,n,1,{'n'},1,{'NNS'},False,moron
mortal,1,1.041710071252969e-05,16.5506866718375,6,JJ,j,1,{'j'},1,{'JJ'},False,mortal
mosquitoes,1,1.041710071252969e-05,16.5506866718375,10,NNS,n,1,{'n'},1,{'NNS'},False,mosquito
mosquitos,1,1.041710071252969e-05,16.5506866718375,9,NN,n,1,{'n'},1,{'NN'},False,mosquito
most,22,0.00022917621567565316,12.091255053200202,4,RBS,r,2,"{'j', 'r'}",2,"{'RBS', 'JJS'}",True,most
mostly,1,1.041710071252969e-05,16.5506866718375,6,RB,r,1,{'r'},1,{'RB'},False,mostli
moth,1,1.041710071252969e-05,16.5506866718375,4,NNP,n,1,{'n'},1,{'NNP'},False,moth
mother,98,0.0010208758698279094,9.93597682772229,6,NN,n,3,"{'n', 'j', 'r'}",4,"{'RB', 'JJR', 'NN', 'NNP'}",False,mother
mothers,1,1.041710071252969e-05,16.5506866718375,7,NNS,n,1,{'n'},1,{'NNS'},False,mother
motion,4,4.166840285011876e-05,14.550686671837498,6,NN,n,1,{'n'},1,{'NN'},False,motion
motto,1,1.041710071252969e-05,16.5506866718375,5,NN,n,1,{'n'},1,{'NN'},False,motto
mound,1,1.041710071252969e-05,16.5506866718375,5,NN,n,1,{'n'},1,{'NN'},False,mound
mount,5,5.208550356264844e-05,14.228758576950137,5,NNP,n,2,"{'n', 'v'}",2,"{'VB', 'NNP'}",False,mount
mountain,55,0.0005729405391891329,10.769326958312838,8,NN,n,2,"{'n', 'v'}",4,"{'VB', 'VBP', 'NN', 'NNP'}",False,mountain
mountainbred,1,1.041710071252969e-05,16.5506866718375,12,JJ,j,1,{'j'},1,{'JJ'},False,mountainbr
mountains,17,0.0001770907121130047,12.46322383058716,9,NNS,n,1,{'n'},1,{'NNS'},False,mountain
mouse,9,9.37539064127672e-05,13.380761670395186,5,NN,n,1,{'n'},1,{'NN'},False,mous
moustache,1,1.041710071252969e-05,16.5506866718375,9,NN,n,1,{'n'},1,{'NN'},False,moustach
mouth,15,0.00015625651068794532,12.64379607622898,5,NN,n,2,"{'n', 'j'}",2,"{'JJ', 'NN'}",False,mouth
mouthpiece,1,1.041710071252969e-05,16.5506866718375,10,NN,n,1,{'n'},1,{'NN'},False,mouthpiec
mouths,2,2.083420142505938e-05,15.550686671837498,6,NNS,n,1,{'n'},1,{'NNS'},False,mouth
move,53,0.0005521063377640735,10.8227662172743,4,VB,v,2,"{'n', 'v'}",4,"{'VB', 'VBP', 'NN', 'NNP'}",False,move
moved,12,0.00012500520855035626,12.965724171116342,5,VBD,v,1,{'v'},2,"{'VBD', 'VBN'}",False,move
movers,2,2.083420142505938e-05,15.550686671837498,6,NNS,n,1,{'n'},1,{'NNS'},False,mover
moves,1,1.041710071252969e-05,16.5506866718375,5,VBZ,v,1,{'v'},1,{'VBZ'},False,move
movie,2,2.083420142505938e-05,15.550686671837498,5,NN,n,1,{'n'},1,{'NN'},False,movi
moving,18,0.0001875078128255344,12.380761670395186,6,VBG,v,2,"{'n', 'v'}",2,"{'VBG', 'NN'}",False,move
mowing,1,1.041710071252969e-05,16.5506866718375,6,NN,n,1,{'n'},1,{'NN'},False,mow
mr,50,0.0005208550356264845,10.906830482062773,2,NNP,n,1,{'n'},1,{'NNP'},False,mr
mrs,13,0.00013542230926288595,12.850246953696406,3,NNP,n,1,{'n'},1,{'NNP'},False,mr
much,81,0.0008437851577149048,10.210836668952874,4,JJ,j,2,"{'j', 'r'}",2,"{'JJ', 'RB'}",False,much
muchanticipated,1,1.041710071252969e-05,16.5506866718375,15,JJ,j,1,{'j'},1,{'JJ'},False,muchanticip
mud,1,1.041710071252969e-05,16.5506866718375,3,NN,n,1,{'n'},1,{'NN'},False,mud
mudslides,1,1.041710071252969e-05,16.5506866718375,9,NNS,n,1,{'n'},1,{'NNS'},False,mudslid
mugwort,1,1.041710071252969e-05,16.5506866718375,7,NN,n,1,{'n'},1,{'NN'},False,mugwort
mugworth,1,1.041710071252969e-05,16.5506866718375,8,NNP,n,1,{'n'},1,{'NNP'},False,mugworth
multiple,1,1.041710071252969e-05,16.5506866718375,8,NN,n,1,{'n'},1,{'NN'},False,multipl
multiply,3,3.1251302137589066e-05,14.965724171116342,8,VB,v,1,{'v'},2,"{'VB', 'VBP'}",False,multipli
multiplying,2,2.083420142505938e-05,15.550686671837498,11,NNP,n,2,"{'n', 'v'}",2,"{'VBG', 'NNP'}",False,multipli
murder,1,1.041710071252969e-05,16.5506866718375,6,NN,n,1,{'n'},1,{'NN'},False,murder
murdered,1,1.041710071252969e-05,16.5506866718375,8,VBD,v,1,{'v'},1,{'VBD'},False,murder
murderer,1,1.041710071252969e-05,16.5506866718375,8,NN,n,1,{'n'},1,{'NN'},False,murder
murderers,2,2.083420142505938e-05,15.550686671837498,9,NN,n,1,{'n'},2,"{'NN', 'NNS'}",False,murder
murky,1,1.041710071252969e-05,16.5506866718375,5,NN,n,1,{'n'},1,{'NN'},False,murki
mushrooms,3,3.1251302137589066e-05,14.965724171116342,9,NNS,n,1,{'n'},1,{'NNS'},False,mushroom
music,4,4.166840285011876e-05,14.550686671837498,5,NN,n,1,{'n'},1,{'NN'},False,music
must,154,0.001604233509729572,9.283900131142598,4,MD,x,3,"{'n', 'x', 'r'}",4,"{'RB', 'MD', 'NN', 'NNP'}",False,must
mustard,1,1.041710071252969e-05,16.5506866718375,7,NNP,n,1,{'n'},1,{'NNP'},False,mustard
muttering,1,1.041710071252969e-05,16.5506866718375,9,NN,n,1,{'n'},1,{'NN'},False,mutter
muzsikas,1,1.041710071252969e-05,16.5506866718375,8,NNP,n,1,{'n'},1,{'NNP'},False,muzsika
my,522,0.005437726571940498,7.522780675267614,2,PRP$,x,2,"{'n', 'x'}",2,"{'NNP', 'PRP$'}",True,my
myself,20,0.00020834201425059377,12.228758576950137,6,PRP,x,2,"{'n', 'x'}",3,"{'PRP', 'NN', 'NNP'}",True,myself
mysterious,4,4.166840285011876e-05,14.550686671837498,10,JJ,j,1,{'j'},1,{'JJ'},False,mysteri
mystery,1,1.041710071252969e-05,16.5506866718375,7,NN,n,1,{'n'},1,{'NN'},False,mysteri
n,4,4.166840285011876e-05,14.550686671837498,1,CC,x,3,"{'n', 'x', 'j'}",4,"{'CC', 'JJ', 'MD', 'NN'}",False,n
na,64,0.0006666944456019001,10.550686671837498,2,TO,x,4,"{'n', 'x', 'j', 'r'}",5,"{'JJ', 'MD', 'NNS', 'RB', 'TO'}",False,na
naca,1,1.041710071252969e-05,16.5506866718375,4,NNP,n,1,{'n'},1,{'NNP'},False,naca
nagano,1,1.041710071252969e-05,16.5506866718375,6,NNP,n,1,{'n'},1,{'NNP'},False,nagano
nago,3,3.1251302137589066e-05,14.965724171116342,4,NNP,n,2,"{'n', 'r'}",2,"{'RB', 'NNP'}",False,nago
nagonokami,5,5.208550356264844e-05,14.228758576950137,10,NNP,n,1,{'n'},2,"{'NN', 'NNP'}",False,nagonokami
nagoya,1,1.041710071252969e-05,16.5506866718375,6,NNP,n,1,{'n'},1,{'NNP'},False,nagoya
nah,4,4.166840285011876e-05,14.550686671837498,3,NNP,n,2,"{'n', 'x'}",3,"{'NN', 'NNP', 'UH'}",False,nah
nahnaughty,1,1.041710071252969e-05,16.5506866718375,10,JJ,j,1,{'j'},1,{'JJ'},False,nahnaughti
nahoko,14,0.00014583940997541563,12.743331749779895,6,NNP,n,1,{'n'},2,"{'NN', 'NNP'}",False,nahoko
nails,1,1.041710071252969e-05,16.5506866718375,5,NNS,n,1,{'n'},1,{'NNS'},False,nail
nakayama,4,4.166840285011876e-05,14.550686671837498,8,NNP,n,1,{'n'},1,{'NNP'},False,nakayama
nakayamakun,5,5.208550356264844e-05,14.228758576950137,11,NNP,n,1,{'n'},1,{'NNP'},False,nakayamakun
naked,1,1.041710071252969e-05,16.5506866718375,5,JJ,j,1,{'j'},1,{'JJ'},False,nake
namasu,2,2.083420142505938e-05,15.550686671837498,6,NN,n,1,{'n'},2,"{'NN', 'NNS'}",False,namasu
name,67,0.0006979457477394892,10.484597481379726,4,NN,n,1,{'n'},1,{'NN'},False,name
named,8,8.333680570023751e-05,13.550686671837498,5,VBN,v,1,{'v'},2,"{'VBD', 'VBN'}",False,name
nameless,1,1.041710071252969e-05,16.5506866718375,8,JJ,j,1,{'j'},1,{'JJ'},False,nameless
nami,2,2.083420142505938e-05,15.550686671837498,4,NNP,n,1,{'n'},1,{'NNP'},False,nami
naming,2,2.083420142505938e-05,15.550686671837498,6,NN,n,1,{'n'},1,{'NN'},False,name
nanako,8,8.333680570023751e-05,13.550686671837498,6,NNP,n,1,{'n'},1,{'NNP'},False,nanako
naoko,2,2.083420142505938e-05,15.550686671837498,5,NNP,n,1,{'n'},1,{'NNP'},False,naoko
naokochan,3,3.1251302137589066e-05,14.965724171116342,9,NNP,n,1,{'n'},1,{'NNP'},False,naokochan
naps,1,1.041710071252969e-05,16.5506866718375,4,NNS,n,1,{'n'},1,{'NNS'},False,nap
nasty,1,1.041710071252969e-05,16.5506866718375,5,JJ,j,1,{'j'},1,{'JJ'},False,nasti
nation,2,2.083420142505938e-05,15.550686671837498,6,NN,n,1,{'n'},1,{'NN'},False,nation
nations,2,2.083420142505938e-05,15.550686671837498,7,NNP,n,1,{'n'},2,"{'NNS', 'NNP'}",False,nation
nationwide,1,1.041710071252969e-05,16.5506866718375,10,JJ,j,1,{'j'},1,{'JJ'},False,nationwid
native,1,1.041710071252969e-05,16.5506866718375,6,JJ,j,1,{'j'},1,{'JJ'},False,nativ
natural,4,4.166840285011876e-05,14.550686671837498,7,JJ,j,1,{'j'},1,{'JJ'},False,natur
nature,5,5.208550356264844e-05,14.228758576950137,6,NN,n,1,{'n'},2,"{'NN', 'NNP'}",False,natur
naughty,3,3.1251302137589066e-05,14.965724171116342,7,JJ,n,2,"{'n', 'j'}",3,"{'JJ', 'NN', 'NNP'}",False,naughti
nausicaa,19,0.00019792491353806408,12.302759158393913,8,NNP,n,2,"{'n', 'j'}",3,"{'JJ', 'NN', 'NNP'}",False,nausicaa
navigate,1,1.041710071252969e-05,16.5506866718375,8,VB,v,1,{'v'},1,{'VB'},False,navig
navy,5,5.208550356264844e-05,14.228758576950137,4,NNP,n,1,{'n'},1,{'NNP'},False,navi
nay,1,1.041710071252969e-05,16.5506866718375,3,NN,n,1,{'n'},1,{'NN'},False,nay
nazis,1,1.041710071252969e-05,16.5506866718375,5,NNPS,n,1,{'n'},1,{'NNPS'},False,nazi
near,11,0.00011458810783782658,13.091255053200202,4,IN,x,1,{'x'},1,{'IN'},False,near
nearby,4,4.166840285011876e-05,14.550686671837498,6,JJ,j,2,"{'j', 'r'}",2,"{'JJ', 'RB'}",False,nearbi
nearing,1,1.041710071252969e-05,16.5506866718375,7,NN,n,1,{'n'},1,{'NN'},False,near
nearly,4,4.166840285011876e-05,14.550686671837498,6,RB,r,1,{'r'},1,{'RB'},False,nearli
nearsighted,1,1.041710071252969e-05,16.5506866718375,11,VBN,v,1,{'v'},1,{'VBN'},False,nearsight
neat,3,3.1251302137589066e-05,14.965724171116342,4,NN,n,2,"{'n', 'v'}",2,"{'VB', 'NN'}",False,neat
necessary,3,3.1251302137589066e-05,14.965724171116342,9,JJ,j,1,{'j'},1,{'JJ'},False,necessari
necessity,1,1.041710071252969e-05,16.5506866718375,9,NN,n,1,{'n'},1,{'NN'},False,necess
nechan,8,8.333680570023751e-05,13.550686671837498,6,CD,x,2,"{'x', 'r'}",2,"{'CD', 'RB'}",False,nechan
neck,10,0.00010417100712529688,13.228758576950137,4,NN,n,1,{'n'},1,{'NN'},False,neck
necklace,1,1.041710071252969e-05,16.5506866718375,8,NN,n,1,{'n'},1,{'NN'},False,necklac
need,83,0.0008646193591399641,10.175647240490575,4,VBP,v,2,"{'n', 'v'}",3,"{'VB', 'VBP', 'NN'}",False,need
needed,5,5.208550356264844e-05,14.228758576950137,6,VBD,v,1,{'v'},2,"{'VBD', 'VBN'}",False,need
needles,1,1.041710071252969e-05,16.5506866718375,7,NNS,n,1,{'n'},1,{'NNS'},False,needl
needless,1,1.041710071252969e-05,16.5506866718375,8,JJ,j,1,{'j'},1,{'JJ'},False,needless
needs,8,8.333680570023751e-05,13.550686671837498,5,VBZ,v,2,"{'n', 'v'}",2,"{'VBZ', 'NNS'}",False,need
negative,1,1.041710071252969e-05,16.5506866718375,8,JJ,j,1,{'j'},1,{'JJ'},False,neg
negotiated,1,1.041710071252969e-05,16.5506866718375,10,VBD,v,1,{'v'},1,{'VBD'},False,negoti
neighborhood,1,1.041710071252969e-05,16.5506866718375,12,NN,n,1,{'n'},1,{'NN'},False,neighborhood
neighboring,1,1.041710071252969e-05,16.5506866718375,11,JJ,j,1,{'j'},1,{'JJ'},False,neighbor
neighborlady,1,1.041710071252969e-05,16.5506866718375,12,JJ,j,1,{'j'},1,{'JJ'},False,neighborladi
neither,12,0.00012500520855035626,12.965724171116342,7,DT,x,2,"{'x', 'r'}",3,"{'CC', 'RB', 'DT'}",False,neither
nephew,2,2.083420142505938e-05,15.550686671837498,6,NN,n,1,{'n'},1,{'NN'},False,nephew
neptune,1,1.041710071252969e-05,16.5506866718375,7,NNP,n,1,{'n'},1,{'NNP'},False,neptun
nerve,1,1.041710071252969e-05,16.5506866718375,5,NN,n,1,{'n'},1,{'NN'},False,nerv
nervous,4,4.166840285011876e-05,14.550686671837498,7,JJ,j,1,{'j'},1,{'JJ'},False,nervou
nervousness,1,1.041710071252969e-05,16.5506866718375,11,NN,n,1,{'n'},1,{'NN'},False,nervous
nesan,1,1.041710071252969e-05,16.5506866718375,5,JJ,j,1,{'j'},1,{'JJ'},False,nesan
nest,8,8.333680570023751e-05,13.550686671837498,4,JJS,j,2,"{'n', 'j'}",2,"{'JJS', 'NN'}",False,nest
nests,1,1.041710071252969e-05,16.5506866718375,5,NNS,n,1,{'n'},1,{'NNS'},False,nest
net,2,2.083420142505938e-05,15.550686671837498,3,JJ,j,2,"{'n', 'j'}",2,"{'JJ', 'NN'}",False,net
netherlands,1,1.041710071252969e-05,16.5506866718375,11,NNP,n,1,{'n'},1,{'NNP'},False,netherland
netoreel,5,5.208550356264844e-05,14.228758576950137,8,NNP,n,1,{'n'},1,{'NNP'},False,netoreel
never,84,0.0008750364598524938,10.158369249058739,5,RB,r,1,{'r'},1,{'RB'},False,never
nevertheless,2,2.083420142505938e-05,15.550686671837498,12,RB,r,1,{'r'},1,{'RB'},False,nevertheless
new,59,0.0006146089420392516,10.668043622475658,3,JJ,j,2,"{'n', 'j'}",2,"{'JJ', 'NNP'}",False,new
newcomer,1,1.041710071252969e-05,16.5506866718375,8,JJR,j,1,{'j'},1,{'JJR'},False,newcom
news,11,0.00011458810783782658,13.091255053200202,4,NN,n,1,{'n'},2,"{'NN', 'NNP'}",False,news
newspaper,1,1.041710071252969e-05,16.5506866718375,9,NN,n,1,{'n'},1,{'NN'},False,newspap
newspapers,2,2.083420142505938e-05,15.550686671837498,10,NNS,n,1,{'n'},1,{'NNS'},False,newspap
newt,2,2.083420142505938e-05,15.550686671837498,4,NN,n,1,{'n'},1,{'NN'},False,newt
next,48,0.0005000208342014251,10.965724171116342,4,JJ,j,3,"{'x', 'j', 'r'}",3,"{'JJ', 'RB', 'IN'}",False,next
ngh,26,0.0002708446185257719,11.850246953696406,3,NNP,n,1,{'n'},2,"{'NN', 'NNP'}",False,ngh
nice,76,0.0007916996541522563,10.302759158393913,4,JJ,j,3,"{'n', 'j', 'r'}",4,"{'JJ', 'RB', 'NN', 'NNP'}",False,nice
nicely,2,2.083420142505938e-05,15.550686671837498,6,RB,r,1,{'r'},1,{'RB'},False,nice
nicer,2,2.083420142505938e-05,15.550686671837498,5,NN,n,2,"{'n', 'r'}",2,"{'RB', 'NN'}",False,nicer
nichidai,2,2.083420142505938e-05,15.550686671837498,8,NNP,n,1,{'n'},1,{'NNP'},False,nichidai
niece,1,1.041710071252969e-05,16.5506866718375,5,JJ,j,1,{'j'},1,{'JJ'},False,niec
night,41,0.00042710112921371724,11.193134667219415,5,NN,n,1,{'n'},2,"{'NN', 'NNP'}",False,night
nightgown,1,1.041710071252969e-05,16.5506866718375,9,JJ,j,1,{'j'},1,{'JJ'},False,nightgown
nights,3,3.1251302137589066e-05,14.965724171116342,6,NNS,n,1,{'n'},1,{'NNS'},False,night
nighttime,2,2.083420142505938e-05,15.550686671837498,9,JJ,j,2,"{'n', 'j'}",2,"{'JJ', 'NN'}",False,nighttim
nihon,1,1.041710071252969e-05,16.5506866718375,5,NNP,n,1,{'n'},1,{'NNP'},False,nihon
niichan,28,0.00029167881995083127,11.743331749779895,7,NN,n,2,"{'n', 'j'}",3,"{'JJ', 'NN', 'NNP'}",False,niichan
niisan,2,2.083420142505938e-05,15.550686671837498,6,NNP,n,1,{'n'},1,{'NNP'},False,niisan
ninetyyearold,1,1.041710071252969e-05,16.5506866718375,13,JJ,j,1,{'j'},1,{'JJ'},False,ninetyyearold
nirvana,2,2.083420142505938e-05,15.550686671837498,7,NNP,n,1,{'n'},1,{'NNP'},False,nirvana
nisan,2,2.083420142505938e-05,15.550686671837498,5,JJ,j,1,{'j'},1,{'JJ'},False,nisan
nishinomiya,5,5.208550356264844e-05,14.228758576950137,11,NNP,n,1,{'n'},2,"{'NN', 'NNP'}",False,nishinomiya
nnno,2,2.083420142505938e-05,15.550686671837498,4,JJ,j,2,"{'n', 'j'}",2,"{'JJ', 'NN'}",False,nnno
no,429,0.004468936205675236,7.805852834337953,2,DT,x,4,"{'n', 'x', 'j', 'r'}",6,"{'JJ', 'NN', 'NNP', 'RB', 'UH', 'DT'}",True,no
no2,1,1.041710071252969e-05,16.5506866718375,3,NNP,n,1,{'n'},1,{'NNP'},False,no2
nobility,1,1.041710071252969e-05,16.5506866718375,8,NN,n,1,{'n'},1,{'NN'},False,nobil
noble,16,0.00016667361140047503,12.550686671837498,5,JJ,j,1,{'j'},1,{'JJ'},False,nobl
nobles,4,4.166840285011876e-05,14.550686671837498,6,NNS,n,1,{'n'},1,{'NNS'},False,nobl
nobody,11,0.00011458810783782658,13.091255053200202,6,NN,n,1,{'n'},1,{'NN'},False,nobodi
nods,1,1.041710071252969e-05,16.5506866718375,4,NNP,n,1,{'n'},1,{'NNP'},False,nod
noface,8,8.333680570023751e-05,13.550686671837498,6,NN,n,1,{'n'},2,"{'NN', 'NNP'}",False,nofac
noise,6,6.250260427517813e-05,13.965724171116342,5,NN,n,1,{'n'},2,"{'NN', 'NNP'}",False,nois
noisy,1,1.041710071252969e-05,16.5506866718375,5,RB,r,1,{'r'},1,{'RB'},False,noisi
non,1,1.041710071252969e-05,16.5506866718375,3,NNP,n,1,{'n'},1,{'NNP'},False,non
nonchan,1,1.041710071252969e-05,16.5506866718375,7,NNP,n,1,{'n'},1,{'NNP'},False,nonchan
nonchemical,1,1.041710071252969e-05,16.5506866718375,11,JJ,j,1,{'j'},1,{'JJ'},False,nonchem
none,5,5.208550356264844e-05,14.228758576950137,4,NN,n,1,{'n'},1,{'NN'},False,none
nonplussed,1,1.041710071252969e-05,16.5506866718375,10,VBN,v,1,{'v'},1,{'VBN'},False,nonpluss
nonsense,6,6.250260427517813e-05,13.965724171116342,8,NN,n,1,{'n'},1,{'NN'},False,nonsens
noo,1,1.041710071252969e-05,16.5506866718375,3,NN,n,1,{'n'},1,{'NN'},False,noo
noon,1,1.041710071252969e-05,16.5506866718375,4,NN,n,1,{'n'},1,{'NN'},False,noon
nooo,1,1.041710071252969e-05,16.5506866718375,4,NN,n,1,{'n'},1,{'NN'},False,nooo
nope,4,4.166840285011876e-05,14.550686671837498,4,NN,n,1,{'n'},1,{'NN'},False,nope
nor,9,9.37539064127672e-05,13.380761670395186,3,CC,x,1,{'x'},1,{'CC'},True,nor
norikosan,2,2.083420142505938e-05,15.550686671837498,9,NNP,n,1,{'n'},1,{'NNP'},False,norikosan
normal,6,6.250260427517813e-05,13.965724171116342,6,JJ,j,1,{'j'},1,{'JJ'},False,normal
normally,1,1.041710071252969e-05,16.5506866718375,8,RB,r,1,{'r'},1,{'RB'},False,normal
north,7,7.291970498770782e-05,13.743331749779895,5,RB,r,3,"{'n', 'j', 'r'}",3,"{'JJ', 'RB', 'NNP'}",False,north
northern,3,3.1251302137589066e-05,14.965724171116342,8,JJ,j,1,{'j'},1,{'JJ'},False,northern
northwest,2,2.083420142505938e-05,15.550686671837498,9,JJS,j,2,"{'n', 'j'}",2,"{'JJS', 'NNP'}",False,northwest
nose,2,2.083420142505938e-05,15.550686671837498,4,NN,n,1,{'n'},1,{'NN'},False,nose
noses,1,1.041710071252969e-05,16.5506866718375,5,NNS,n,1,{'n'},1,{'NNS'},False,nose
nostalgic,1,1.041710071252969e-05,16.5506866718375,9,JJ,j,1,{'j'},1,{'JJ'},False,nostalg
not,442,0.004604358514938123,7.762784112446067,3,RB,r,1,{'r'},1,{'RB'},True,not
note,2,2.083420142505938e-05,15.550686671837498,4,NN,n,1,{'n'},1,{'NN'},False,note
nothing,54,0.0005625234384766032,10.79579916967403,7,NN,n,2,"{'n', 'v'}",2,"{'VBG', 'NN'}",False,noth
nothingness,1,1.041710071252969e-05,16.5506866718375,11,NN,n,1,{'n'},1,{'NN'},False,nothing
nothings,1,1.041710071252969e-05,16.5506866718375,8,NNS,n,1,{'n'},1,{'NNS'},False,noth
notice,5,5.208550356264844e-05,14.228758576950137,6,NN,v,2,"{'n', 'v'}",3,"{'VB', 'VBP', 'NN'}",False,notic
noticed,5,5.208550356264844e-05,14.228758576950137,7,VBD,v,1,{'v'},2,"{'VBD', 'VBN'}",False,notic
notices,1,1.041710071252969e-05,16.5506866718375,7,NNS,n,1,{'n'},1,{'NNS'},False,notic
notified,1,1.041710071252969e-05,16.5506866718375,8,VBN,v,1,{'v'},1,{'VBN'},False,notifi
notify,3,3.1251302137589066e-05,14.965724171116342,6,VB,v,1,{'v'},1,{'VB'},False,notifi
notnot,1,1.041710071252969e-05,16.5506866718375,6,JJ,j,1,{'j'},1,{'JJ'},False,notnot
notoriously,1,1.041710071252969e-05,16.5506866718375,11,RB,r,1,{'r'},1,{'RB'},False,notori
nourishment,3,3.1251302137589066e-05,14.965724171116342,11,JJ,j,2,"{'n', 'j'}",2,"{'JJ', 'NN'}",False,nourish
nourishments,1,1.041710071252969e-05,16.5506866718375,12,NNS,n,1,{'n'},1,{'NNS'},False,nourish
novice,1,1.041710071252969e-05,16.5506866718375,6,NNP,n,1,{'n'},1,{'NNP'},False,novic
now,305,0.003177215717321555,8.29802123938725,3,RB,r,2,"{'r', 'v'}",2,"{'RB', 'VBP'}",True,now
nowadays,1,1.041710071252969e-05,16.5506866718375,8,RB,r,1,{'r'},1,{'RB'},False,nowaday
nowhere,4,4.166840285011876e-05,14.550686671837498,7,RB,r,1,{'r'},1,{'RB'},False,nowher
nt,1173,0.012219259135797324,6.35469937380899,2,RB,r,2,"{'n', 'r'}",2,"{'RB', 'NNP'}",False,nt
nude,1,1.041710071252969e-05,16.5506866718375,4,NNP,n,1,{'n'},1,{'NNP'},False,nude
nugget,2,2.083420142505938e-05,15.550686671837498,6,NN,n,1,{'n'},1,{'NN'},False,nugget
nuisance,1,1.041710071252969e-05,16.5506866718375,8,NN,n,1,{'n'},1,{'NN'},False,nuisanc
numb,1,1.041710071252969e-05,16.5506866718375,4,JJ,j,1,{'j'},1,{'JJ'},False,numb
number,11,0.00011458810783782658,13.091255053200202,6,NN,n,1,{'n'},2,"{'NN', 'NNP'}",False,number
numbers,5,5.208550356264844e-05,14.228758576950137,7,NNS,n,1,{'n'},1,{'NNS'},False,number
numerator,3,3.1251302137589066e-05,14.965724171116342,9,NN,n,1,{'n'},1,{'NN'},False,numer
numerous,1,1.041710071252969e-05,16.5506866718375,8,JJ,j,1,{'j'},1,{'JJ'},False,numer
numnums,1,1.041710071252969e-05,16.5506866718375,7,NN,n,1,{'n'},1,{'NN'},False,numnum
nuns,1,1.041710071252969e-05,16.5506866718375,4,NNS,n,1,{'n'},1,{'NNS'},False,nun
nurse,5,5.208550356264844e-05,14.228758576950137,5,NN,n,2,"{'n', 'v'}",2,"{'VB', 'NN'}",False,nurs
nursed,1,1.041710071252969e-05,16.5506866718375,6,VBD,v,1,{'v'},1,{'VBD'},False,nurs
nursery,1,1.041710071252969e-05,16.5506866718375,7,NN,n,1,{'n'},1,{'NN'},False,nurseri
nurtured,1,1.041710071252969e-05,16.5506866718375,8,VBN,v,1,{'v'},1,{'VBN'},False,nurtur
nutrients,1,1.041710071252969e-05,16.5506866718375,9,NNS,n,1,{'n'},1,{'NNS'},False,nutrient
nutritious,1,1.041710071252969e-05,16.5506866718375,10,JJ,j,1,{'j'},1,{'JJ'},False,nutriti
nuts,6,6.250260427517813e-05,13.965724171116342,4,NNS,n,1,{'n'},1,{'NNS'},False,nut
nyah,3,3.1251302137589066e-05,14.965724171116342,4,NN,n,1,{'n'},2,"{'NN', 'NNP'}",False,nyah
o,7,7.291970498770782e-05,13.743331749779895,1,NNP,n,2,"{'n', 'j'}",2,"{'JJ', 'NNP'}",True,o
oath,3,3.1251302137589066e-05,14.965724171116342,4,NN,n,1,{'n'},1,{'NN'},False,oath
obedient,1,1.041710071252969e-05,16.5506866718375,8,JJ,j,1,{'j'},1,{'JJ'},False,obedi
obey,6,6.250260427517813e-05,13.965724171116342,4,NNP,v,3,"{'n', 'j', 'v'}",4,"{'JJ', 'VB', 'VBP', 'NNP'}",False,obey
obeys,1,1.041710071252969e-05,16.5506866718375,5,VBZ,v,1,{'v'},1,{'VBZ'},False,obey
objections,1,1.041710071252969e-05,16.5506866718375,10,NNS,n,1,{'n'},1,{'NNS'},False,object
objective,1,1.041710071252969e-05,16.5506866718375,9,NN,n,1,{'n'},1,{'NN'},False,object
objectives,1,1.041710071252969e-05,16.5506866718375,10,NNS,n,1,{'n'},1,{'NNS'},False,object
objects,2,2.083420142505938e-05,15.550686671837498,7,NNS,n,1,{'n'},1,{'NNS'},False,object
obliged,1,1.041710071252969e-05,16.5506866718375,7,VBN,v,1,{'v'},1,{'VBN'},False,oblig
obnoxious,1,1.041710071252969e-05,16.5506866718375,9,JJ,j,1,{'j'},1,{'JJ'},False,obnoxi
observation,1,1.041710071252969e-05,16.5506866718375,11,NN,n,1,{'n'},1,{'NN'},False,observ
observe,2,2.083420142505938e-05,15.550686671837498,7,VB,v,1,{'v'},1,{'VB'},False,observ
obsessed,1,1.041710071252969e-05,16.5506866718375,8,JJ,j,1,{'j'},1,{'JJ'},False,obsess
obtain,2,2.083420142505938e-05,15.550686671837498,6,VB,v,1,{'v'},1,{'VB'},False,obtain
obtained,1,1.041710071252969e-05,16.5506866718375,8,VBD,v,1,{'v'},1,{'VBD'},False,obtain
obvious,1,1.041710071252969e-05,16.5506866718375,7,JJ,j,1,{'j'},1,{'JJ'},False,obviou
obviously,1,1.041710071252969e-05,16.5506866718375,9,RB,r,1,{'r'},1,{'RB'},False,obvious
occasionally,1,1.041710071252969e-05,16.5506866718375,12,RB,r,1,{'r'},1,{'RB'},False,occasion
occasions,2,2.083420142505938e-05,15.550686671837498,9,NNS,n,1,{'n'},1,{'NNS'},False,occas
occupied,1,1.041710071252969e-05,16.5506866718375,8,VBN,v,1,{'v'},1,{'VBN'},False,occupi
occur,2,2.083420142505938e-05,15.550686671837498,5,VBP,v,1,{'v'},1,{'VBP'},False,occur
occurring,1,1.041710071252969e-05,16.5506866718375,9,VBG,v,1,{'v'},1,{'VBG'},False,occur
ocean,12,0.00012500520855035626,12.965724171116342,5,NN,n,2,"{'n', 'j'}",3,"{'JJ', 'NN', 'NNP'}",False,ocean
oceans,1,1.041710071252969e-05,16.5506866718375,6,NNS,n,1,{'n'},1,{'NNS'},False,ocean
oclock,3,3.1251302137589066e-05,14.965724171116342,6,NN,n,1,{'n'},1,{'NN'},False,oclock
odd,2,2.083420142505938e-05,15.550686671837498,3,JJ,j,1,{'j'},1,{'JJ'},False,odd
oddly,1,1.041710071252969e-05,16.5506866718375,5,RB,r,1,{'r'},1,{'RB'},False,oddli
of,1071,0.011156714863119296,6.485943907087242,2,IN,x,2,"{'n', 'x'}",2,"{'IN', 'NN'}",True,of
off,98,0.0010208758698279094,9.93597682772229,3,RP,x,3,"{'n', 'x', 'r'}",4,"{'RB', 'IN', 'NNP', 'RP'}",True,off
offender,1,1.041710071252969e-05,16.5506866718375,8,NN,n,1,{'n'},1,{'NN'},False,offend
offense,1,1.041710071252969e-05,16.5506866718375,7,NN,n,1,{'n'},1,{'NN'},False,offens
offer,5,5.208550356264844e-05,14.228758576950137,5,VB,v,1,{'v'},2,"{'VB', 'VBP'}",False,offer
offered,1,1.041710071252969e-05,16.5506866718375,7,VBN,v,1,{'v'},1,{'VBN'},False,offer
offering,1,1.041710071252969e-05,16.5506866718375,8,NN,n,1,{'n'},1,{'NN'},False,offer
offerings,1,1.041710071252969e-05,16.5506866718375,9,NNS,n,1,{'n'},1,{'NNS'},False,offer
offguard,1,1.041710071252969e-05,16.5506866718375,8,NN,n,1,{'n'},1,{'NN'},False,offguard
office,2,2.083420142505938e-05,15.550686671837498,6,NN,n,1,{'n'},1,{'NN'},False,offic
officers,1,1.041710071252969e-05,16.5506866718375,8,NNS,n,1,{'n'},1,{'NNS'},False,offic
official,1,1.041710071252969e-05,16.5506866718375,8,JJ,j,1,{'j'},1,{'JJ'},False,offici
offs,1,1.041710071252969e-05,16.5506866718375,4,NNS,n,1,{'n'},1,{'NNS'},False,off
offscreen,1,1.041710071252969e-05,16.5506866718375,9,JJ,j,1,{'j'},1,{'JJ'},False,offscreen
offshore,1,1.041710071252969e-05,16.5506866718375,8,RB,r,1,{'r'},1,{'RB'},False,offshor
offspring,1,1.041710071252969e-05,16.5506866718375,9,VBG,v,1,{'v'},1,{'VBG'},False,offspr
offtrack,1,1.041710071252969e-05,16.5506866718375,8,JJ,j,1,{'j'},1,{'JJ'},False,offtrack
often,7,7.291970498770782e-05,13.743331749779895,5,RB,r,1,{'r'},1,{'RB'},False,often
oh,375,0.003906412767198633,7.999939886454255,2,UH,x,3,"{'n', 'x', 'j'}",5,"{'JJ', 'NN', 'NNP', 'PRP', 'UH'}",False,oh
ohagi,1,1.041710071252969e-05,16.5506866718375,5,NN,n,1,{'n'},1,{'NN'},False,ohagi
ohh,50,0.0005208550356264845,10.906830482062773,3,NN,n,1,{'n'},2,"{'NN', 'NNP'}",False,ohh
ohhh,6,6.250260427517813e-05,13.965724171116342,4,NN,n,1,{'n'},2,"{'NN', 'NNP'}",False,ohhh
ohmiai,1,1.041710071252969e-05,16.5506866718375,6,NNP,n,1,{'n'},1,{'NNP'},False,ohmiai
ohmu,41,0.00042710112921371724,11.193134667219415,4,NNP,n,2,"{'n', 'j'}",3,"{'JJ', 'NN', 'NNP'}",False,ohmu
ohnohya,5,5.208550356264844e-05,14.228758576950137,7,NNP,n,1,{'n'},1,{'NNP'},False,ohnohya
oho,2,2.083420142505938e-05,15.550686671837498,3,NN,n,1,{'n'},1,{'NN'},False,oho
ohohoho,1,1.041710071252969e-05,16.5506866718375,7,NN,n,1,{'n'},1,{'NN'},False,ohohoho
oi,2,2.083420142505938e-05,15.550686671837498,2,NN,n,1,{'n'},1,{'NN'},False,oi
oil,1,1.041710071252969e-05,16.5506866718375,3,NN,n,1,{'n'},1,{'NN'},False,oil
ojiisan,1,1.041710071252969e-05,16.5506866718375,7,JJ,j,1,{'j'},1,{'JJ'},False,ojiisan
ok,46,0.0004791866327763657,11.027124715780486,2,NNP,n,4,"{'n', 'x', 'j', 'r'}",6,"{'JJ', 'NN', 'NNP', 'IN', 'RB', 'UH'}",False,ok
okajima,8,8.333680570023751e-05,13.550686671837498,7,NNP,n,1,{'n'},1,{'NNP'},False,okajima
okajimasan,5,5.208550356264844e-05,14.228758576950137,10,NNP,n,2,"{'n', 'j'}",2,"{'JJ', 'NNP'}",False,okajimasan
okami,2,2.083420142505938e-05,15.550686671837498,5,NN,n,1,{'n'},1,{'NN'},False,okami
okara,1,1.041710071252969e-05,16.5506866718375,5,NN,n,1,{'n'},1,{'NN'},False,okara
okay,123,0.0012813033876411517,9.608172166498258,4,NNP,n,5,"{'j', 'v', 'n', 'x', 'r'}",13,"{'JJ', 'NN', 'NNP', 'RP', 'VBZ', 'IN', 'PRP', 'VBP', 'NNS', 'RB', 'JJR', 'FW', 'VBN'}",False,okay
oke,9,9.37539064127672e-05,13.380761670395186,3,VBD,n,4,"{'n', 'j', 'r', 'v'}",5,"{'JJ', 'VBD', 'NN', 'NNP', 'RB'}",False,oke
okino,1,1.041710071252969e-05,16.5506866718375,5,NNP,n,1,{'n'},1,{'NNP'},False,okino
okiyo,3,3.1251302137589066e-05,14.965724171116342,5,NNP,n,1,{'n'},1,{'NNP'},False,okiyo
okkotonushi,12,0.00012500520855035626,12.965724171116342,11,NNP,n,1,{'n'},2,"{'NN', 'NNP'}",False,okkotonushi
okkotonushisama,6,6.250260427517813e-05,13.965724171116342,15,NNP,n,1,{'n'},2,"{'NN', 'NNP'}",False,okkotonushisama
old,72,0.0007500312513021376,10.380761670395186,3,JJ,j,2,"{'n', 'j'}",3,"{'JJ', 'NN', 'NNP'}",False,old
older,3,3.1251302137589066e-05,14.965724171116342,5,JJR,j,1,{'j'},1,{'JJR'},False,older
oldfashioned,2,2.083420142505938e-05,15.550686671837498,12,JJ,j,1,{'j'},1,{'JJ'},False,oldfashion
omigosh,1,1.041710071252969e-05,16.5506866718375,7,NNP,n,1,{'n'},1,{'NNP'},False,omigosh
ominous,2,2.083420142505938e-05,15.550686671837498,7,JJ,j,1,{'j'},1,{'JJ'},False,omin
on,499,0.005198133255552314,7.587790666500238,2,IN,x,2,"{'n', 'x'}",2,"{'IN', 'NNP'}",True,on
once,51,0.0005312721363390141,10.878261329866003,4,RB,r,2,"{'x', 'r'}",2,"{'RB', 'IN'}",True,onc
oncoming,1,1.041710071252969e-05,16.5506866718375,8,VBG,v,1,{'v'},1,{'VBG'},False,oncom
one,267,0.002781365890245427,8.489990740149945,3,CD,x,4,"{'n', 'x', 'j', 'v'}",4,"{'JJ', 'CD', 'VBP', 'NN'}",False,one
onegai,3,3.1251302137589066e-05,14.965724171116342,6,NNP,n,2,"{'n', 'x'}",2,"{""''"", 'NNP'}",False,onegai
onehanded,1,1.041710071252969e-05,16.5506866718375,9,JJ,j,1,{'j'},1,{'JJ'},False,onehand
onenight,1,1.041710071252969e-05,16.5506866718375,8,JJ,j,1,{'j'},1,{'JJ'},False,onenight
oneonone,1,1.041710071252969e-05,16.5506866718375,8,JJ,j,1,{'j'},1,{'JJ'},False,oneonon
ones,27,0.0002812617192383016,11.79579916967403,4,NNS,n,1,{'n'},2,"{'NNS', 'NNP'}",False,one
oneway,1,1.041710071252969e-05,16.5506866718375,6,JJ,j,1,{'j'},1,{'JJ'},False,oneway
ongaeshi,1,1.041710071252969e-05,16.5506866718375,8,NNP,n,1,{'n'},1,{'NNP'},False,ongaeshi
oni,1,1.041710071252969e-05,16.5506866718375,3,NNP,n,1,{'n'},1,{'NNP'},False,oni
onion,2,2.083420142505938e-05,15.550686671837498,5,NN,n,1,{'n'},1,{'NN'},False,onion
onions,1,1.041710071252969e-05,16.5506866718375,6,NNS,n,1,{'n'},1,{'NNS'},False,onion
only,115,0.0011979665819409143,9.705196620893123,4,RB,r,3,"{'n', 'j', 'r'}",3,"{'JJ', 'RB', 'NN'}",True,onli
onobu,1,1.041710071252969e-05,16.5506866718375,5,NNP,n,1,{'n'},1,{'NNP'},False,onobu
onto,6,6.250260427517813e-05,13.965724171116342,4,IN,x,1,{'x'},1,{'IN'},False,onto
oodles,1,1.041710071252969e-05,16.5506866718375,6,NNS,n,1,{'n'},1,{'NNS'},False,oodl
oof,18,0.0001875078128255344,12.380761670395186,3,NN,n,1,{'n'},2,"{'NN', 'NNP'}",False,oof
ooh,6,6.250260427517813e-05,13.965724171116342,3,NNP,n,1,{'n'},2,"{'NN', 'NNP'}",False,ooh
ooo,1,1.041710071252969e-05,16.5506866718375,3,NNP,n,1,{'n'},1,{'NNP'},False,ooo
ooops,1,1.041710071252969e-05,16.5506866718375,5,UH,x,1,{'x'},1,{'UH'},False,ooop
oop,1,1.041710071252969e-05,16.5506866718375,3,NN,n,1,{'n'},1,{'NN'},False,oop
oops,2,2.083420142505938e-05,15.550686671837498,4,NNS,n,1,{'n'},1,{'NNS'},False,oop
ooze,1,1.041710071252969e-05,16.5506866718375,4,NN,n,1,{'n'},1,{'NN'},False,ooz
open,43,0.0004479353306387766,11.1244219171354,4,VB,v,2,"{'j', 'v'}",2,"{'JJ', 'VB'}",False,open
opened,5,5.208550356264844e-05,14.228758576950137,6,VBN,v,1,{'v'},2,"{'VBD', 'VBN'}",False,open
opening,4,4.166840285011876e-05,14.550686671837498,7,VBG,v,1,{'v'},1,{'VBG'},False,open
openly,1,1.041710071252969e-05,16.5506866718375,6,RB,r,1,{'r'},1,{'RB'},False,openli
opera,1,1.041710071252969e-05,16.5506866718375,5,NN,n,1,{'n'},1,{'NN'},False,opera
operation,21,0.00021875911496312345,12.158369249058739,9,NNP,n,1,{'n'},2,"{'NN', 'NNP'}",False,oper
operational,1,1.041710071252969e-05,16.5506866718375,11,JJ,j,1,{'j'},1,{'JJ'},False,oper
operations,1,1.041710071252969e-05,16.5506866718375,10,NNS,n,1,{'n'},1,{'NNS'},False,oper
opinion,3,3.1251302137589066e-05,14.965724171116342,7,NN,n,1,{'n'},1,{'NN'},False,opinion
opponent,2,2.083420142505938e-05,15.550686671837498,8,NN,n,1,{'n'},1,{'NN'},False,oppon
opportunity,2,2.083420142505938e-05,15.550686671837498,11,NN,n,1,{'n'},1,{'NN'},False,opportun
oppose,1,1.041710071252969e-05,16.5506866718375,6,VB,v,1,{'v'},1,{'VB'},False,oppos
opposed,2,2.083420142505938e-05,15.550686671837498,7,VBN,v,1,{'v'},1,{'VBN'},False,oppos
opposing,2,2.083420142505938e-05,15.550686671837498,8,VBG,v,1,{'v'},1,{'VBG'},False,oppos
opposite,3,3.1251302137589066e-05,14.965724171116342,8,NN,n,2,"{'n', 'j'}",2,"{'JJ', 'NN'}",False,opposit
opposites,1,1.041710071252969e-05,16.5506866718375,9,NNS,n,1,{'n'},1,{'NNS'},False,opposit
or,126,0.0013125546897787407,9.573406748337582,2,CC,x,2,"{'x', 'v'}",2,"{'CC', 'VB'}",True,or
order,15,0.00015625651068794532,12.64379607622898,5,NN,n,1,{'n'},1,{'NN'},False,order
ordered,2,2.083420142505938e-05,15.550686671837498,7,VBD,v,1,{'v'},2,"{'VBD', 'VBN'}",False,order
orders,11,0.00011458810783782658,13.091255053200202,6,NNS,n,1,{'n'},1,{'NNS'},False,order
ordinary,7,7.291970498770782e-05,13.743331749779895,8,JJ,j,1,{'j'},1,{'JJ'},False,ordinari
organic,4,4.166840285011876e-05,14.550686671837498,7,JJ,j,1,{'j'},1,{'JJ'},False,organ
organically,1,1.041710071252969e-05,16.5506866718375,11,RB,r,1,{'r'},1,{'RB'},False,organ
organize,1,1.041710071252969e-05,16.5506866718375,8,VB,v,1,{'v'},1,{'VB'},False,organ
organized,1,1.041710071252969e-05,16.5506866718375,9,VBN,v,1,{'v'},1,{'VBN'},False,organ
oriental,1,1.041710071252969e-05,16.5506866718375,8,JJ,j,1,{'j'},1,{'JJ'},False,orient
original,3,3.1251302137589066e-05,14.965724171116342,8,JJ,j,1,{'j'},1,{'JJ'},False,origin
originally,1,1.041710071252969e-05,16.5506866718375,10,RB,r,1,{'r'},1,{'RB'},False,origin
ornament,1,1.041710071252969e-05,16.5506866718375,8,NN,n,1,{'n'},1,{'NN'},False,ornament
oroku,8,8.333680570023751e-05,13.550686671837498,5,NNP,n,2,"{'n', 'v'}",3,"{'VB', 'NN', 'NNP'}",False,oroku
orphans,1,1.041710071252969e-05,16.5506866718375,7,NNS,n,1,{'n'},1,{'NNS'},False,orphan
osho,12,0.00012500520855035626,12.965724171116342,4,NNP,n,1,{'n'},2,"{'NN', 'NNP'}",False,osho
osono,6,6.250260427517813e-05,13.965724171116342,5,NNP,n,2,"{'n', 'x'}",2,"{'CD', 'NNP'}",False,osono
other,47,0.0004896037334888954,10.99609782015986,5,JJ,j,1,{'j'},1,{'JJ'},True,other
others,19,0.00019792491353806408,12.302759158393913,6,NNS,n,1,{'n'},1,{'NNS'},False,other
otherwise,3,3.1251302137589066e-05,14.965724171116342,9,RB,r,2,"{'x', 'r'}",2,"{'RB', 'IN'}",False,otherwis
otomo,2,2.083420142505938e-05,15.550686671837498,5,NNP,n,1,{'n'},1,{'NNP'},False,otomo
otsukuri,1,1.041710071252969e-05,16.5506866718375,8,NNP,n,1,{'n'},1,{'NNP'},False,otsukuri
ouch,9,9.37539064127672e-05,13.380761670395186,4,JJ,j,2,"{'j', 'r'}",2,"{'JJ', 'RB'}",False,ouch
ouchouchouch,1,1.041710071252969e-05,16.5506866718375,12,JJ,j,1,{'j'},1,{'JJ'},False,ouchouchouch
ouchouchouchouch,1,1.041710071252969e-05,16.5506866718375,16,JJ,j,1,{'j'},1,{'JJ'},False,ouchouchouchouch
ought,2,2.083420142505938e-05,15.550686671837498,5,MD,x,1,{'x'},1,{'MD'},False,ought
ounce,1,1.041710071252969e-05,16.5506866718375,5,NN,n,1,{'n'},1,{'NN'},False,ounc
our,215,0.002239676653193883,8.802493822248039,3,PRP$,x,1,{'x'},1,{'PRP$'},True,our
ours,4,4.166840285011876e-05,14.550686671837498,4,NNS,n,2,"{'n', 'v'}",3,"{'VBZ', 'NN', 'NNS'}",True,our
ourselves,1,1.041710071252969e-05,16.5506866718375,9,PRP,x,1,{'x'},1,{'PRP'},True,ourselv
out,289,0.0030105421059210802,8.37576098933682,3,RP,x,3,"{'n', 'x', 'r'}",5,"{'NN', 'NNP', 'RP', 'IN', 'RB'}",True,out
outbursts,1,1.041710071252969e-05,16.5506866718375,9,NNS,n,1,{'n'},1,{'NNS'},False,outburst
outcome,1,1.041710071252969e-05,16.5506866718375,7,NN,n,1,{'n'},1,{'NN'},False,outcom
outdo,1,1.041710071252969e-05,16.5506866718375,5,VB,v,1,{'v'},1,{'VB'},False,outdo
outlaws,1,1.041710071252969e-05,16.5506866718375,7,NNS,n,1,{'n'},1,{'NNS'},False,outlaw
outoftown,1,1.041710071252969e-05,16.5506866718375,9,JJ,j,1,{'j'},1,{'JJ'},False,outoftown
outrageous,1,1.041710071252969e-05,16.5506866718375,10,JJ,j,1,{'j'},1,{'JJ'},False,outrag
outside,16,0.00016667361140047503,12.550686671837498,7,IN,x,3,"{'n', 'x', 'j'}",3,"{'JJ', 'IN', 'NN'}",False,outsid
outta,1,1.041710071252969e-05,16.5506866718375,5,RB,r,1,{'r'},1,{'RB'},False,outta
outwit,1,1.041710071252969e-05,16.5506866718375,6,VB,v,1,{'v'},1,{'VB'},False,outwit
oven,5,5.208550356264844e-05,14.228758576950137,4,NN,n,3,"{'n', 'j', 'r'}",3,"{'JJ', 'RB', 'NN'}",False,oven
ovens,1,1.041710071252969e-05,16.5506866718375,5,NNS,n,1,{'n'},1,{'NNS'},False,oven
over,130,0.0013542230926288595,9.528318858809044,4,IN,x,2,"{'x', 'r'}",3,"{'RB', 'IN', 'RP'}",True,over
overall,1,1.041710071252969e-05,16.5506866718375,7,NN,n,1,{'n'},1,{'NN'},False,overal
overdo,1,1.041710071252969e-05,16.5506866718375,6,VB,v,1,{'v'},1,{'VB'},False,overdo
overhaul,1,1.041710071252969e-05,16.5506866718375,8,NN,n,1,{'n'},1,{'NN'},False,overhaul
overhead,1,1.041710071252969e-05,16.5506866718375,8,NN,n,1,{'n'},1,{'NN'},False,overhead
overlooking,1,1.041710071252969e-05,16.5506866718375,11,VBG,v,1,{'v'},1,{'VBG'},False,overlook
overly,1,1.041710071252969e-05,16.5506866718375,6,RB,r,1,{'r'},1,{'RB'},False,overli
overslept,2,2.083420142505938e-05,15.550686671837498,9,VBP,v,1,{'v'},1,{'VBP'},False,overslept
overstayed,1,1.041710071252969e-05,16.5506866718375,10,VBN,v,1,{'v'},1,{'VBN'},False,overstay
overtake,1,1.041710071252969e-05,16.5506866718375,8,VB,v,1,{'v'},1,{'VB'},False,overtak
overtaxed,1,1.041710071252969e-05,16.5506866718375,9,VBP,v,1,{'v'},1,{'VBP'},False,overtax
overthrow,1,1.041710071252969e-05,16.5506866718375,9,VB,v,1,{'v'},1,{'VB'},False,overthrow
overtime,3,3.1251302137589066e-05,14.965724171116342,8,NN,n,2,"{'n', 'j'}",2,"{'JJ', 'NN'}",False,overtim
overweight,1,1.041710071252969e-05,16.5506866718375,10,JJ,j,1,{'j'},1,{'JJ'},False,overweight
overwhelmed,2,2.083420142505938e-05,15.550686671837498,11,VBD,v,1,{'v'},1,{'VBD'},False,overwhelm
overwhelmingly,1,1.041710071252969e-05,16.5506866718375,14,RB,r,1,{'r'},1,{'RB'},False,overwhelmingli
ow,14,0.00014583940997541563,12.743331749779895,2,NN,n,2,"{'n', 'j'}",3,"{'JJ', 'NN', 'NNP'}",False,ow
owe,2,2.083420142505938e-05,15.550686671837498,3,VBP,v,1,{'v'},1,{'VBP'},False,owe
own,41,0.00042710112921371724,11.193134667219415,3,JJ,j,2,"{'j', 'v'}",2,"{'JJ', 'VB'}",True,own
owner,1,1.041710071252969e-05,16.5506866718375,5,NN,n,1,{'n'},1,{'NN'},False,owner
oww,1,1.041710071252969e-05,16.5506866718375,3,NN,n,1,{'n'},1,{'NN'},False,oww
oxen,3,3.1251302137589066e-05,14.965724171116342,4,NN,n,1,{'n'},1,{'NN'},False,oxen
p,3,3.1251302137589066e-05,14.965724171116342,1,NNP,n,2,"{'n', 'j'}",2,"{'JJ', 'NNP'}",False,p
pachinko,1,1.041710071252969e-05,16.5506866718375,8,NNP,n,1,{'n'},1,{'NNP'},False,pachinko
pacifier,1,1.041710071252969e-05,16.5506866718375,8,NN,n,1,{'n'},1,{'NN'},False,pacifi
pack,1,1.041710071252969e-05,16.5506866718375,4,VB,v,1,{'v'},1,{'VB'},False,pack
package,4,4.166840285011876e-05,14.550686671837498,7,NN,n,1,{'n'},1,{'NN'},False,packag
packing,1,1.041710071252969e-05,16.5506866718375,7,NN,n,1,{'n'},1,{'NN'},False,pack
padded,1,1.041710071252969e-05,16.5506866718375,6,VBN,v,1,{'v'},1,{'VBN'},False,pad
paggot,2,2.083420142505938e-05,15.550686671837498,6,NNP,n,1,{'n'},1,{'NNP'},False,paggot
paid,2,2.083420142505938e-05,15.550686671837498,4,VBD,v,1,{'v'},2,"{'VBD', 'VBN'}",False,paid
pain,6,6.250260427517813e-05,13.965724171116342,4,NN,n,1,{'n'},1,{'NN'},False,pain
painful,1,1.041710071252969e-05,16.5506866718375,7,JJ,j,1,{'j'},1,{'JJ'},False,pain
pains,1,1.041710071252969e-05,16.5506866718375,5,NNS,n,1,{'n'},1,{'NNS'},False,pain
paint,6,6.250260427517813e-05,13.965724171116342,5,NN,n,2,"{'n', 'v'}",2,"{'VB', 'NN'}",False,paint
painting,2,2.083420142505938e-05,15.550686671837498,8,NN,n,1,{'n'},1,{'NN'},False,paint
pair,3,3.1251302137589066e-05,14.965724171116342,4,NN,n,1,{'n'},1,{'NN'},False,pair
palace,13,0.00013542230926288595,12.850246953696406,6,NN,n,1,{'n'},1,{'NN'},False,palac
palanquin,1,1.041710071252969e-05,16.5506866718375,9,NN,n,1,{'n'},1,{'NN'},False,palanquin
pale,1,1.041710071252969e-05,16.5506866718375,4,JJ,j,1,{'j'},1,{'JJ'},False,pale
pampers,1,1.041710071252969e-05,16.5506866718375,7,NNS,n,1,{'n'},1,{'NNS'},False,pamper
pancakes,1,1.041710071252969e-05,16.5506866718375,8,NNS,n,1,{'n'},1,{'NNS'},False,pancak
panic,4,4.166840285011876e-05,14.550686671837498,5,NN,n,2,"{'n', 'v'}",2,"{'VB', 'NN'}",False,panic
panicking,2,2.083420142505938e-05,15.550686671837498,9,NN,n,2,"{'n', 'v'}",2,"{'VBG', 'NN'}",False,panick
pansy,5,5.208550356264844e-05,14.228758576950137,5,NNP,n,1,{'n'},1,{'NNP'},False,pansi
pants,1,1.041710071252969e-05,16.5506866718375,5,NNS,n,1,{'n'},1,{'NNS'},False,pant
paper,10,0.00010417100712529688,13.228758576950137,5,NN,n,1,{'n'},1,{'NN'},False,paper
parachute,2,2.083420142505938e-05,15.550686671837498,9,NN,n,1,{'n'},1,{'NN'},False,parachut
parade,14,0.00014583940997541563,12.743331749779895,6,NN,n,1,{'n'},2,"{'NN', 'NNP'}",False,parad
parades,1,1.041710071252969e-05,16.5506866718375,7,NNS,n,1,{'n'},1,{'NNS'},False,parad
paradise,1,1.041710071252969e-05,16.5506866718375,8,VB,v,1,{'v'},1,{'VB'},False,paradis
paragraph,1,1.041710071252969e-05,16.5506866718375,9,NN,n,1,{'n'},1,{'NN'},False,paragraph
parasol,1,1.041710071252969e-05,16.5506866718375,7,NN,n,1,{'n'},1,{'NN'},False,parasol
pardon,1,1.041710071252969e-05,16.5506866718375,6,VB,v,1,{'v'},1,{'VB'},False,pardon
parents,16,0.00016667361140047503,12.550686671837498,7,NNS,n,1,{'n'},1,{'NNS'},False,parent
park,11,0.00011458810783782658,13.091255053200202,4,NN,n,1,{'n'},2,"{'NN', 'NNP'}",False,park
parks,1,1.041710071252969e-05,16.5506866718375,5,NNS,n,1,{'n'},1,{'NNS'},False,park
parlor,1,1.041710071252969e-05,16.5506866718375,6,NNP,n,1,{'n'},1,{'NNP'},False,parlor
paro,1,1.041710071252969e-05,16.5506866718375,4,NNP,n,1,{'n'},1,{'NNP'},False,paro
part,18,0.0001875078128255344,12.380761670395186,4,NN,n,1,{'n'},2,"{'NN', 'NNP'}",False,part
partaking,1,1.041710071252969e-05,16.5506866718375,9,VBG,v,1,{'v'},1,{'VBG'},False,partak
partially,1,1.041710071252969e-05,16.5506866718375,9,RB,r,1,{'r'},1,{'RB'},False,partial
participants,1,1.041710071252969e-05,16.5506866718375,12,NNS,n,1,{'n'},1,{'NNS'},False,particip
participate,1,1.041710071252969e-05,16.5506866718375,11,VB,v,1,{'v'},1,{'VB'},False,particip
participated,1,1.041710071252969e-05,16.5506866718375,12,VBD,v,1,{'v'},1,{'VBD'},False,particip
participating,1,1.041710071252969e-05,16.5506866718375,13,VBG,v,1,{'v'},1,{'VBG'},False,particip
partied,1,1.041710071252969e-05,16.5506866718375,7,VBP,v,1,{'v'},1,{'VBP'},False,parti
parties,3,3.1251302137589066e-05,14.965724171116342,7,NNS,n,1,{'n'},1,{'NNS'},False,parti
partner,2,2.083420142505938e-05,15.550686671837498,7,NN,n,1,{'n'},1,{'NN'},False,partner
partners,1,1.041710071252969e-05,16.5506866718375,8,NNS,n,1,{'n'},1,{'NNS'},False,partner
partnership,1,1.041710071252969e-05,16.5506866718375,11,NN,n,1,{'n'},1,{'NN'},False,partnership
parts,4,4.166840285011876e-05,14.550686671837498,5,NNS,n,1,{'n'},1,{'NNS'},False,part
party,16,0.00016667361140047503,12.550686671837498,5,NN,n,1,{'n'},1,{'NN'},False,parti
pascal,1,1.041710071252969e-05,16.5506866718375,6,JJ,j,1,{'j'},1,{'JJ'},False,pascal
pass,10,0.00010417100712529688,13.228758576950137,4,VB,v,2,"{'n', 'v'}",3,"{'VB', 'VBP', 'NN'}",False,pass
passed,6,6.250260427517813e-05,13.965724171116342,6,VBD,v,1,{'v'},2,"{'VBD', 'VBN'}",False,pass
passengers,2,2.083420142505938e-05,15.550686671837498,10,NNS,n,1,{'n'},1,{'NNS'},False,passeng
passes,2,2.083420142505938e-05,15.550686671837498,6,NNS,n,2,"{'n', 'v'}",2,"{'VBZ', 'NNS'}",False,pass
passing,1,1.041710071252969e-05,16.5506866718375,7,VBG,v,1,{'v'},1,{'VBG'},False,pass
password,1,1.041710071252969e-05,16.5506866718375,8,NN,n,1,{'n'},1,{'NN'},False,password
past,4,4.166840285011876e-05,14.550686671837498,4,JJ,j,3,"{'n', 'x', 'j'}",3,"{'JJ', 'IN', 'NN'}",False,past
path,4,4.166840285011876e-05,14.550686671837498,4,NN,n,1,{'n'},1,{'NN'},False,path
pathetic,2,2.083420142505938e-05,15.550686671837498,8,JJ,j,1,{'j'},1,{'JJ'},False,pathet
pathway,1,1.041710071252969e-05,16.5506866718375,7,NN,n,1,{'n'},1,{'NN'},False,pathway
patient,2,2.083420142505938e-05,15.550686671837498,7,JJ,j,2,"{'n', 'j'}",2,"{'JJ', 'NN'}",False,patient
patiently,1,1.041710071252969e-05,16.5506866718375,9,RB,r,1,{'r'},1,{'RB'},False,patient
patriotic,1,1.041710071252969e-05,16.5506866718375,9,JJ,j,1,{'j'},1,{'JJ'},False,patriot
patrol,5,5.208550356264844e-05,14.228758576950137,6,NN,n,1,{'n'},1,{'NN'},False,patrol
patterns,1,1.041710071252969e-05,16.5506866718375,8,NNS,n,1,{'n'},1,{'NNS'},False,pattern
pause,4,4.166840285011876e-05,14.550686671837498,5,NN,n,1,{'n'},1,{'NN'},False,paus
pay,25,0.00026042751781324224,11.906830482062773,3,VB,v,2,"{'n', 'v'}",4,"{'VB', 'VBP', 'NN', 'NNP'}",False,pay
payed,1,1.041710071252969e-05,16.5506866718375,5,VBN,v,1,{'v'},1,{'VBN'},False,pay
paying,2,2.083420142505938e-05,15.550686671837498,6,VBG,v,1,{'v'},1,{'VBG'},False,pay
payload,1,1.041710071252969e-05,16.5506866718375,7,NN,n,1,{'n'},1,{'NN'},False,payload
payment,2,2.083420142505938e-05,15.550686671837498,7,NN,n,1,{'n'},1,{'NN'},False,payment
payroll,1,1.041710071252969e-05,16.5506866718375,7,NN,n,1,{'n'},1,{'NN'},False,payrol
pazu,51,0.0005312721363390141,10.878261329866003,4,NNP,n,1,{'n'},2,"{'NN', 'NNP'}",False,pazu
pe,9,9.37539064127672e-05,13.380761670395186,2,NNP,n,1,{'n'},1,{'NNP'},False,pe
peabrain,1,1.041710071252969e-05,16.5506866718375,8,VBP,v,1,{'v'},1,{'VBP'},False,peabrain
peace,7,7.291970498770782e-05,13.743331749779895,5,NN,n,2,"{'n', 'v'}",2,"{'VB', 'NN'}",False,peac
peaceful,3,3.1251302137589066e-05,14.965724171116342,8,JJ,j,1,{'j'},1,{'JJ'},False,peac
peak,3,3.1251302137589066e-05,14.965724171116342,4,NN,n,2,"{'n', 'j'}",2,"{'JJ', 'NN'}",False,peak
peaks,1,1.041710071252969e-05,16.5506866718375,5,NNS,n,1,{'n'},1,{'NNS'},False,peak
pearl,2,2.083420142505938e-05,15.550686671837498,5,VBZ,v,1,{'v'},1,{'VBZ'},False,pearl
pearls,3,3.1251302137589066e-05,14.965724171116342,6,NN,n,1,{'n'},3,"{'NN', 'NNS', 'NNP'}",False,pearl
peasants,2,2.083420142505938e-05,15.550686671837498,8,NNS,n,1,{'n'},1,{'NNS'},False,peasant
pedal,1,1.041710071252969e-05,16.5506866718375,5,VBP,v,1,{'v'},1,{'VBP'},False,pedal
pedaling,1,1.041710071252969e-05,16.5506866718375,8,VBG,v,1,{'v'},1,{'VBG'},False,pedal
peeking,1,1.041710071252969e-05,16.5506866718375,7,NN,n,1,{'n'},1,{'NN'},False,peek
peeler,1,1.041710071252969e-05,16.5506866718375,6,NN,n,1,{'n'},1,{'NN'},False,peeler
peepee,1,1.041710071252969e-05,16.5506866718375,6,NNP,n,1,{'n'},1,{'NNP'},False,peepe
peeping,1,1.041710071252969e-05,16.5506866718375,7,NN,n,1,{'n'},1,{'NN'},False,peep
pejite,23,0.00023959331638818285,12.027124715780486,6,NNP,n,2,"{'n', 'v'}",3,"{'VB', 'NN', 'NNP'}",False,pejit
pelt,2,2.083420142505938e-05,15.550686671837498,4,NN,n,1,{'n'},1,{'NN'},False,pelt
pelts,2,2.083420142505938e-05,15.550686671837498,5,NNS,n,1,{'n'},1,{'NNS'},False,pelt
pen,1,1.041710071252969e-05,16.5506866718375,3,NN,n,1,{'n'},1,{'NN'},False,pen
pendragon,11,0.00011458810783782658,13.091255053200202,9,NNP,n,1,{'n'},1,{'NNP'},False,pendragon
penglai,8,8.333680570023751e-05,13.550686671837498,7,NNP,n,1,{'n'},1,{'NNP'},False,penglai
penguins,1,1.041710071252969e-05,16.5506866718375,8,NNS,n,1,{'n'},1,{'NNS'},False,penguin
pennies,1,1.041710071252969e-05,16.5506866718375,7,NNS,n,1,{'n'},1,{'NNS'},False,penni
penniless,2,2.083420142505938e-05,15.550686671837498,9,NN,n,1,{'n'},1,{'NN'},False,penniless
penny,2,2.083420142505938e-05,15.550686671837498,5,NN,n,1,{'n'},1,{'NN'},False,penni
pensive,1,1.041710071252969e-05,16.5506866718375,7,JJ,j,1,{'j'},1,{'JJ'},False,pensiv
people,89,0.0009271219634151423,10.074953240871102,6,NNS,n,1,{'n'},1,{'NNS'},False,peopl
pepperoni,1,1.041710071252969e-05,16.5506866718375,9,NN,n,1,{'n'},1,{'NN'},False,pepperoni
per,2,2.083420142505938e-05,15.550686671837498,3,IN,x,1,{'x'},1,{'IN'},False,per
perfect,9,9.37539064127672e-05,13.380761670395186,7,JJ,j,2,"{'n', 'j'}",3,"{'JJ', 'NN', 'NNP'}",False,perfect
perfectly,3,3.1251302137589066e-05,14.965724171116342,9,RB,r,1,{'r'},1,{'RB'},False,perfectli
perform,4,4.166840285011876e-05,14.550686671837498,7,VB,v,1,{'v'},1,{'VB'},False,perform
performances,1,1.041710071252969e-05,16.5506866718375,12,NNS,n,1,{'n'},1,{'NNS'},False,perform
performed,1,1.041710071252969e-05,16.5506866718375,9,VBN,v,1,{'v'},1,{'VBN'},False,perform
performing,1,1.041710071252969e-05,16.5506866718375,10,VBG,v,1,{'v'},1,{'VBG'},False,perform
perhaps,1,1.041710071252969e-05,16.5506866718375,7,RB,r,1,{'r'},1,{'RB'},False,perhap
perimeter,1,1.041710071252969e-05,16.5506866718375,9,NN,n,1,{'n'},1,{'NN'},False,perimet
period,10,0.00010417100712529688,13.228758576950137,6,NN,n,1,{'n'},1,{'NN'},False,period
periodical,1,1.041710071252969e-05,16.5506866718375,10,JJ,j,1,{'j'},1,{'JJ'},False,period
periods,2,2.083420142505938e-05,15.550686671837498,7,NNS,n,1,{'n'},1,{'NNS'},False,period
perk,1,1.041710071252969e-05,16.5506866718375,4,JJ,j,1,{'j'},1,{'JJ'},False,perk
permission,4,4.166840285011876e-05,14.550686671837498,10,NN,n,1,{'n'},1,{'NN'},False,permiss
permit,1,1.041710071252969e-05,16.5506866718375,6,NN,n,1,{'n'},1,{'NN'},False,permit
persimmon,1,1.041710071252969e-05,16.5506866718375,9,NN,n,1,{'n'},1,{'NN'},False,persimmon
person,29,0.000302095920663361,11.692705676709927,6,NN,n,2,"{'n', 'x'}",2,"{'NN', '$'}",False,person
persons,1,1.041710071252969e-05,16.5506866718375,7,NNS,n,1,{'n'},1,{'NNS'},False,person
pervert,1,1.041710071252969e-05,16.5506866718375,7,NN,n,1,{'n'},1,{'NN'},False,pervert
petered,1,1.041710071252969e-05,16.5506866718375,7,VBN,v,1,{'v'},1,{'VBN'},False,peter
pft,1,1.041710071252969e-05,16.5506866718375,3,NNP,n,1,{'n'},1,{'NNP'},False,pft
pheasant,6,6.250260427517813e-05,13.965724171116342,8,JJ,j,2,"{'n', 'j'}",2,"{'JJ', 'NN'}",False,pheasant
phenomenal,2,2.083420142505938e-05,15.550686671837498,10,JJ,j,1,{'j'},1,{'JJ'},False,phenomen
phew,5,5.208550356264844e-05,14.228758576950137,4,NNP,n,1,{'n'},2,"{'NN', 'NNP'}",False,phew
phhht,1,1.041710071252969e-05,16.5506866718375,5,NN,n,1,{'n'},1,{'NN'},False,phhht
phone,10,0.00010417100712529688,13.228758576950137,5,NN,n,1,{'n'},1,{'NN'},False,phone
phones,1,1.041710071252969e-05,16.5506866718375,6,NNS,n,1,{'n'},1,{'NNS'},False,phone
phoooo,3,3.1251302137589066e-05,14.965724171116342,6,NN,n,1,{'n'},1,{'NN'},False,phoooo
phooooo,1,1.041710071252969e-05,16.5506866718375,7,NN,n,1,{'n'},1,{'NN'},False,phooooo
photograph,3,3.1251302137589066e-05,14.965724171116342,10,NN,n,1,{'n'},1,{'NN'},False,photograph
physical,1,1.041710071252969e-05,16.5506866718375,8,JJ,j,1,{'j'},1,{'JJ'},False,physic
physically,1,1.041710071252969e-05,16.5506866718375,10,RB,r,1,{'r'},1,{'RB'},False,physic
piccolo,2,2.083420142505938e-05,15.550686671837498,7,NNP,n,1,{'n'},1,{'NNP'},False,piccolo
pick,11,0.00011458810783782658,13.091255053200202,4,VB,v,3,"{'n', 'j', 'v'}",3,"{'JJ', 'VB', 'NNP'}",False,pick
picked,7,7.291970498770782e-05,13.743331749779895,6,VBD,v,1,{'v'},2,"{'VBD', 'VBN'}",False,pick
picking,7,7.291970498770782e-05,13.743331749779895,7,VBG,v,1,{'v'},1,{'VBG'},False,pick
pickled,3,3.1251302137589066e-05,14.965724171116342,7,VBD,v,2,"{'j', 'v'}",2,"{'JJ', 'VBD'}",False,pickl
pickmeup,1,1.041710071252969e-05,16.5506866718375,8,NN,n,1,{'n'},1,{'NN'},False,pickmeup
pickmeups,1,1.041710071252969e-05,16.5506866718375,9,NNS,n,1,{'n'},1,{'NNS'},False,pickmeup
pickup,1,1.041710071252969e-05,16.5506866718375,6,NN,n,1,{'n'},1,{'NN'},False,pickup
picky,3,3.1251302137589066e-05,14.965724171116342,5,JJ,j,1,{'j'},1,{'JJ'},False,picki
picnic,1,1.041710071252969e-05,16.5506866718375,6,NN,n,1,{'n'},1,{'NN'},False,picnic
picture,9,9.37539064127672e-05,13.380761670395186,7,NN,n,2,"{'n', 'v'}",2,"{'VBP', 'NN'}",False,pictur
pictures,3,3.1251302137589066e-05,14.965724171116342,8,NNS,n,1,{'n'},1,{'NNS'},False,pictur
pie,4,4.166840285011876e-05,14.550686671837498,3,NN,n,1,{'n'},1,{'NN'},False,pie
piece,8,8.333680570023751e-05,13.550686671837498,5,NN,n,1,{'n'},1,{'NN'},False,piec
pieces,5,5.208550356264844e-05,14.228758576950137,6,NNS,n,1,{'n'},1,{'NNS'},False,piec
pier,1,1.041710071252969e-05,16.5506866718375,4,NN,n,1,{'n'},1,{'NN'},False,pier
pierce,1,1.041710071252969e-05,16.5506866718375,6,VB,v,1,{'v'},1,{'VB'},False,pierc
piercing,1,1.041710071252969e-05,16.5506866718375,8,VBG,v,1,{'v'},1,{'VBG'},False,pierc
pig,49,0.0005104379349139547,10.93597682772229,3,NN,n,2,"{'n', 'j'}",3,"{'JJ', 'NN', 'NNP'}",False,pig
pigeon,1,1.041710071252969e-05,16.5506866718375,6,NN,n,1,{'n'},1,{'NN'},False,pigeon
piggyback,1,1.041710071252969e-05,16.5506866718375,9,NN,n,1,{'n'},1,{'NN'},False,piggyback
piglet,1,1.041710071252969e-05,16.5506866718375,6,NN,n,1,{'n'},1,{'NN'},False,piglet
pigpen,2,2.083420142505938e-05,15.550686671837498,6,JJ,j,2,"{'n', 'j'}",2,"{'JJ', 'NN'}",False,pigpen
pigs,7,7.291970498770782e-05,13.743331749779895,4,NNS,n,1,{'n'},1,{'NNS'},False,pig
piiiig,1,1.041710071252969e-05,16.5506866718375,6,NNP,n,1,{'n'},1,{'NNP'},False,piiiig
pile,3,3.1251302137589066e-05,14.965724171116342,4,NN,n,1,{'n'},1,{'NN'},False,pile
piled,1,1.041710071252969e-05,16.5506866718375,5,VBN,v,1,{'v'},1,{'VBN'},False,pile
piling,1,1.041710071252969e-05,16.5506866718375,6,VBG,v,1,{'v'},1,{'VBG'},False,pile
pilot,9,9.37539064127672e-05,13.380761670395186,5,NN,n,1,{'n'},1,{'NN'},False,pilot
pilots,14,0.00014583940997541563,12.743331749779895,6,NNS,n,1,{'n'},1,{'NNS'},False,pilot
pine,5,5.208550356264844e-05,14.228758576950137,4,VBP,v,2,"{'n', 'v'}",2,"{'VBP', 'NN'}",False,pine
pineapple,1,1.041710071252969e-05,16.5506866718375,9,NN,n,1,{'n'},1,{'NN'},False,pineappl
pink,1,1.041710071252969e-05,16.5506866718375,4,JJ,j,1,{'j'},1,{'JJ'},False,pink
pirate,6,6.250260427517813e-05,13.965724171116342,6,NN,n,1,{'n'},2,"{'NN', 'NNP'}",False,pirat
pirates,23,0.00023959331638818285,12.027124715780486,7,NNS,n,2,"{'n', 'v'}",2,"{'VBZ', 'NNS'}",False,pirat
pitch,1,1.041710071252969e-05,16.5506866718375,5,JJ,j,1,{'j'},1,{'JJ'},False,pitch
pitchblack,1,1.041710071252969e-05,16.5506866718375,10,NN,n,1,{'n'},1,{'NN'},False,pitchblack
pitcher,1,1.041710071252969e-05,16.5506866718375,7,NN,n,1,{'n'},1,{'NN'},False,pitcher
pitches,1,1.041710071252969e-05,16.5506866718375,7,NNS,n,1,{'n'},1,{'NNS'},False,pitch
pitchi,1,1.041710071252969e-05,16.5506866718375,6,NNP,n,1,{'n'},1,{'NNP'},False,pitchi
pitiful,2,2.083420142505938e-05,15.550686671837498,7,JJ,j,2,"{'j', 'v'}",2,"{'JJ', 'VB'}",False,piti
pittchi,2,2.083420142505938e-05,15.550686671837498,7,JJ,j,1,{'j'},1,{'JJ'},False,pittchi
pity,4,4.166840285011876e-05,14.550686671837498,4,NN,n,1,{'n'},1,{'NN'},False,piti
pizza,1,1.041710071252969e-05,16.5506866718375,5,NN,n,1,{'n'},1,{'NN'},False,pizza
place,82,0.0008542022584274345,10.193134667219415,5,NN,n,2,"{'n', 'v'}",2,"{'VBP', 'NN'}",False,place
placed,3,3.1251302137589066e-05,14.965724171116342,6,VBN,v,1,{'v'},2,"{'VBD', 'VBN'}",False,place
places,3,3.1251302137589066e-05,14.965724171116342,6,NNS,n,1,{'n'},1,{'NNS'},False,place
plan,18,0.0001875078128255344,12.380761670395186,4,NN,n,2,"{'n', 'v'}",3,"{'VB', 'VBP', 'NN'}",False,plan
plane,35,0.0003645985249385391,11.421403654892533,5,NN,n,1,{'n'},2,"{'NN', 'NNP'}",False,plane
planes,3,3.1251302137589066e-05,14.965724171116342,6,NNS,n,1,{'n'},1,{'NNS'},False,plane
planet,5,5.208550356264844e-05,14.228758576950137,6,NN,n,1,{'n'},1,{'NN'},False,planet
planned,4,4.166840285011876e-05,14.550686671837498,7,VBN,v,1,{'v'},2,"{'VBD', 'VBN'}",False,plan
planning,5,5.208550356264844e-05,14.228758576950137,8,VBG,v,2,"{'n', 'v'}",2,"{'VBG', 'NN'}",False,plan
plans,4,4.166840285011876e-05,14.550686671837498,5,NNS,n,1,{'n'},1,{'NNS'},False,plan
plant,6,6.250260427517813e-05,13.965724171116342,5,NN,n,1,{'n'},1,{'NN'},False,plant
planted,4,4.166840285011876e-05,14.550686671837498,7,VBD,v,1,{'v'},2,"{'VBD', 'VBN'}",False,plant
planting,2,2.083420142505938e-05,15.550686671837498,8,VBG,v,1,{'v'},1,{'VBG'},False,plant
plants,3,3.1251302137589066e-05,14.965724171116342,6,NNS,n,1,{'n'},1,{'NNS'},False,plant
plaster,1,1.041710071252969e-05,16.5506866718375,7,NN,n,1,{'n'},1,{'NN'},False,plaster
plate,1,1.041710071252969e-05,16.5506866718375,5,NN,n,1,{'n'},1,{'NN'},False,plate
plates,2,2.083420142505938e-05,15.550686671837498,6,NNS,n,1,{'n'},1,{'NNS'},False,plate
play,23,0.00023959331638818285,12.027124715780486,4,NN,n,2,"{'n', 'v'}",3,"{'VB', 'VBP', 'NN'}",False,play
played,2,2.083420142505938e-05,15.550686671837498,6,VBD,v,1,{'v'},1,{'VBD'},False,play
player,1,1.041710071252969e-05,16.5506866718375,6,NN,n,1,{'n'},1,{'NN'},False,player
playful,1,1.041710071252969e-05,16.5506866718375,7,JJ,j,1,{'j'},1,{'JJ'},False,play
playing,10,0.00010417100712529688,13.228758576950137,7,VBG,v,2,"{'n', 'v'}",2,"{'VBG', 'NN'}",False,play
plays,3,3.1251302137589066e-05,14.965724171116342,5,VBZ,v,2,"{'n', 'v'}",2,"{'VBZ', 'NNS'}",False,play
plea,1,1.041710071252969e-05,16.5506866718375,4,NN,n,1,{'n'},1,{'NN'},False,plea
pleasant,1,1.041710071252969e-05,16.5506866718375,8,JJ,j,1,{'j'},1,{'JJ'},False,pleasant
please,204,0.0021250885453560566,8.878261329866003,6,NNP,n,3,"{'n', 'j', 'v'}",5,"{'JJ', 'NN', 'NNP', 'VBP', 'VB'}",False,pleas
pleased,4,4.166840285011876e-05,14.550686671837498,7,JJ,j,2,"{'j', 'v'}",2,"{'JJ', 'VBN'}",False,pleas
pleasure,2,2.083420142505938e-05,15.550686671837498,8,NN,n,1,{'n'},1,{'NN'},False,pleasur
pleasures,1,1.041710071252969e-05,16.5506866718375,9,NNS,n,1,{'n'},1,{'NNS'},False,pleasur
plentiful,1,1.041710071252969e-05,16.5506866718375,9,JJ,j,1,{'j'},1,{'JJ'},False,plenti
plenty,7,7.291970498770782e-05,13.743331749779895,6,NN,n,2,"{'n', 'r'}",2,"{'RB', 'NN'}",False,plenti
plpl,1,1.041710071252969e-05,16.5506866718375,4,NNP,n,1,{'n'},1,{'NNP'},False,plpl
pluck,1,1.041710071252969e-05,16.5506866718375,5,VBP,v,1,{'v'},1,{'VBP'},False,pluck
plucked,1,1.041710071252969e-05,16.5506866718375,7,VBN,v,1,{'v'},1,{'VBN'},False,pluck
plucky,1,1.041710071252969e-05,16.5506866718375,6,NN,n,1,{'n'},1,{'NN'},False,plucki
plum,2,2.083420142505938e-05,15.550686671837498,4,JJ,j,2,"{'n', 'j'}",2,"{'JJ', 'NNP'}",False,plum
plums,4,4.166840285011876e-05,14.550686671837498,5,NNS,n,1,{'n'},1,{'NNS'},False,plum
plunder,2,2.083420142505938e-05,15.550686671837498,7,NN,n,2,"{'n', 'v'}",2,"{'VB', 'NN'}",False,plunder
plundered,1,1.041710071252969e-05,16.5506866718375,9,VBD,v,1,{'v'},1,{'VBD'},False,plunder
plundering,1,1.041710071252969e-05,16.5506866718375,10,VBG,v,1,{'v'},1,{'VBG'},False,plunder
plunged,1,1.041710071252969e-05,16.5506866718375,7,VBD,v,1,{'v'},1,{'VBD'},False,plung
plus,1,1.041710071252969e-05,16.5506866718375,4,CC,x,1,{'x'},1,{'CC'},False,plu
po,1,1.041710071252969e-05,16.5506866718375,2,NNP,n,1,{'n'},1,{'NNP'},False,po
pocket,2,2.083420142505938e-05,15.550686671837498,6,NN,n,1,{'n'},1,{'NN'},False,pocket
point,8,8.333680570023751e-05,13.550686671837498,5,NN,n,2,"{'n', 'v'}",2,"{'VB', 'NN'}",False,point
pointed,1,1.041710071252969e-05,16.5506866718375,7,VBD,v,1,{'v'},1,{'VBD'},False,point
pointing,4,4.166840285011876e-05,14.550686671837498,8,VBG,v,1,{'v'},1,{'VBG'},False,point
pointless,1,1.041710071252969e-05,16.5506866718375,9,JJ,j,1,{'j'},1,{'JJ'},False,pointless
points,1,1.041710071252969e-05,16.5506866718375,6,NNS,n,1,{'n'},1,{'NNS'},False,point
poison,9,9.37539064127672e-05,13.380761670395186,6,NN,n,1,{'n'},1,{'NN'},False,poison
poisons,5,5.208550356264844e-05,14.228758576950137,7,NNS,n,1,{'n'},1,{'NNS'},False,poison
poko,7,7.291970498770782e-05,13.743331749779895,4,NNP,n,1,{'n'},1,{'NNP'},False,poko
pole,4,4.166840285011876e-05,14.550686671837498,4,NN,n,1,{'n'},2,"{'NN', 'NNP'}",False,pole
police,18,0.0001875078128255344,12.380761670395186,6,NN,n,1,{'n'},3,"{'NNS', 'NN', 'NNP'}",False,polic
policeman,2,2.083420142505938e-05,15.550686671837498,9,NN,n,1,{'n'},1,{'NN'},False,policeman
policies,1,1.041710071252969e-05,16.5506866718375,8,NNS,n,1,{'n'},1,{'NNS'},False,polici
polite,2,2.083420142505938e-05,15.550686671837498,6,JJ,j,1,{'j'},1,{'JJ'},False,polit
politely,2,2.083420142505938e-05,15.550686671837498,8,RB,r,1,{'r'},1,{'RB'},False,polit
politeness,1,1.041710071252969e-05,16.5506866718375,10,JJ,j,1,{'j'},1,{'JJ'},False,polit
political,1,1.041710071252969e-05,16.5506866718375,9,JJ,j,1,{'j'},1,{'JJ'},False,polit
politician,1,1.041710071252969e-05,16.5506866718375,10,NN,n,1,{'n'},1,{'NN'},False,politician
polluted,6,6.250260427517813e-05,13.965724171116342,8,VBD,v,1,{'v'},2,"{'VBD', 'VBN'}",False,pollut
pom,26,0.0002708446185257719,11.850246953696406,3,NN,n,1,{'n'},2,"{'NN', 'NNP'}",False,pom
pompom,1,1.041710071252969e-05,16.5506866718375,6,JJ,j,1,{'j'},1,{'JJ'},False,pompom
pompompom,1,1.041710071252969e-05,16.5506866718375,9,NN,n,1,{'n'},1,{'NN'},False,pompompom
pond,4,4.166840285011876e-05,14.550686671837498,4,NN,n,1,{'n'},1,{'NN'},False,pond
ponkichi,7,7.291970498770782e-05,13.743331749779895,8,NN,n,1,{'n'},2,"{'NN', 'NNP'}",False,ponkichi
ponyo,89,0.0009271219634151423,10.074953240871102,5,NNP,n,1,{'n'},2,"{'NN', 'NNP'}",False,ponyo
poof,1,1.041710071252969e-05,16.5506866718375,4,NN,n,1,{'n'},1,{'NN'},False,poof
poor,16,0.00016667361140047503,12.550686671837498,4,JJ,j,2,"{'n', 'j'}",2,"{'JJ', 'NNP'}",False,poor
poorly,1,1.041710071252969e-05,16.5506866718375,6,RB,r,1,{'r'},1,{'RB'},False,poorli
popcorn,1,1.041710071252969e-05,16.5506866718375,7,NN,n,1,{'n'},1,{'NN'},False,popcorn
pops,1,1.041710071252969e-05,16.5506866718375,4,PDT,x,1,{'x'},1,{'PDT'},False,pop
popular,2,2.083420142505938e-05,15.550686671837498,7,JJ,j,1,{'j'},1,{'JJ'},False,popular
popularity,1,1.041710071252969e-05,16.5506866718375,10,NN,n,1,{'n'},1,{'NN'},False,popular
population,2,2.083420142505938e-05,15.550686671837498,10,NN,n,1,{'n'},1,{'NN'},False,popul
porco,27,0.0002812617192383016,11.79579916967403,5,NNP,n,1,{'n'},2,"{'NN', 'NNP'}",False,porco
pork,3,3.1251302137589066e-05,14.965724171116342,4,NN,n,1,{'n'},1,{'NN'},False,pork
porker,1,1.041710071252969e-05,16.5506866718375,6,NN,n,1,{'n'},1,{'NN'},False,porker
porridge,1,1.041710071252969e-05,16.5506866718375,8,NN,n,1,{'n'},1,{'NN'},False,porridg
portal,1,1.041710071252969e-05,16.5506866718375,6,NN,n,1,{'n'},1,{'NN'},False,portal
portals,1,1.041710071252969e-05,16.5506866718375,7,NNS,n,1,{'n'},1,{'NNS'},False,portal
porthaven,2,2.083420142505938e-05,15.550686671837498,9,NNP,n,1,{'n'},1,{'NNP'},False,porthaven
portion,2,2.083420142505938e-05,15.550686671837498,7,NN,n,1,{'n'},1,{'NN'},False,portion
posed,1,1.041710071252969e-05,16.5506866718375,5,VBD,v,1,{'v'},1,{'VBD'},False,pose
posing,1,1.041710071252969e-05,16.5506866718375,6,VBG,v,1,{'v'},1,{'VBG'},False,pose
positive,5,5.208550356264844e-05,14.228758576950137,8,JJ,j,1,{'j'},1,{'JJ'},False,posit
possessed,1,1.041710071252969e-05,16.5506866718375,9,VBD,v,1,{'v'},1,{'VBD'},False,possess
possession,1,1.041710071252969e-05,16.5506866718375,10,NN,n,1,{'n'},1,{'NN'},False,possess
possible,12,0.00012500520855035626,12.965724171116342,8,JJ,j,1,{'j'},1,{'JJ'},False,possibl
possibly,4,4.166840285011876e-05,14.550686671837498,8,RB,r,1,{'r'},1,{'RB'},False,possibl
post,3,3.1251302137589066e-05,14.965724171116342,4,NN,n,1,{'n'},2,"{'NN', 'NNP'}",False,post
postpone,1,1.041710071252969e-05,16.5506866718375,8,VB,v,1,{'v'},1,{'VB'},False,postpon
postponed,1,1.041710071252969e-05,16.5506866718375,9,VBD,v,1,{'v'},1,{'VBD'},False,postpon
postponement,1,1.041710071252969e-05,16.5506866718375,12,NN,n,1,{'n'},1,{'NN'},False,postpon
posts,2,2.083420142505938e-05,15.550686671837498,5,NNS,n,1,{'n'},1,{'NNS'},False,post
pot,1,1.041710071252969e-05,16.5506866718375,3,NN,n,1,{'n'},1,{'NN'},False,pot
potato,4,4.166840285011876e-05,14.550686671837498,6,NN,n,2,"{'n', 'j'}",2,"{'JJ', 'NN'}",False,potato
potatoes,4,4.166840285011876e-05,14.550686671837498,8,NNS,n,1,{'n'},1,{'NNS'},False,potato
potion,1,1.041710071252969e-05,16.5506866718375,6,NN,n,1,{'n'},1,{'NN'},False,potion
potions,1,1.041710071252969e-05,16.5506866718375,7,NNS,n,1,{'n'},1,{'NNS'},False,potion
pototoes,1,1.041710071252969e-05,16.5506866718375,8,NNS,n,1,{'n'},1,{'NNS'},False,pototo
pouch,2,2.083420142505938e-05,15.550686671837498,5,JJ,j,2,"{'n', 'j'}",2,"{'JJ', 'NN'}",False,pouch
pound,3,3.1251302137589066e-05,14.965724171116342,5,NN,n,1,{'n'},1,{'NN'},False,pound
pounding,4,4.166840285011876e-05,14.550686671837498,8,VBG,v,1,{'v'},1,{'VBG'},False,pound
pour,4,4.166840285011876e-05,14.550686671837498,4,VB,v,1,{'v'},2,"{'VB', 'VBP'}",False,pour
poured,1,1.041710071252969e-05,16.5506866718375,6,VBD,v,1,{'v'},1,{'VBD'},False,pour
poverty,1,1.041710071252969e-05,16.5506866718375,7,NN,n,1,{'n'},1,{'NN'},False,poverti
powder,3,3.1251302137589066e-05,14.965724171116342,6,NN,n,1,{'n'},1,{'NN'},False,powder
power,32,0.00033334722280095006,11.550686671837498,5,NN,n,1,{'n'},2,"{'NN', 'NNP'}",False,power
powerful,11,0.00011458810783782658,13.091255053200202,8,JJ,j,1,{'j'},1,{'JJ'},False,power
powers,11,0.00011458810783782658,13.091255053200202,6,NNS,n,1,{'n'},2,"{'NNS', 'NNPS'}",False,power
practically,2,2.083420142505938e-05,15.550686671837498,11,RB,r,1,{'r'},1,{'RB'},False,practic
practice,7,7.291970498770782e-05,13.743331749779895,8,NN,n,1,{'n'},1,{'NN'},False,practic
practicing,3,3.1251302137589066e-05,14.965724171116342,10,VBG,v,1,{'v'},1,{'VBG'},False,practic
praise,5,5.208550356264844e-05,14.228758576950137,6,NN,n,1,{'n'},1,{'NN'},False,prais
praised,1,1.041710071252969e-05,16.5506866718375,7,VBD,v,1,{'v'},1,{'VBD'},False,prais
prank,1,1.041710071252969e-05,16.5506866718375,5,NN,n,1,{'n'},1,{'NN'},False,prank
pranks,3,3.1251302137589066e-05,14.965724171116342,6,NNS,n,2,"{'n', 'v'}",2,"{'VBP', 'NNS'}",False,prank
pray,3,3.1251302137589066e-05,14.965724171116342,4,NN,n,2,"{'n', 'v'}",2,"{'VBP', 'NN'}",False,pray
prayed,1,1.041710071252969e-05,16.5506866718375,6,VBP,v,1,{'v'},1,{'VBP'},False,pray
prayer,1,1.041710071252969e-05,16.5506866718375,6,NN,n,1,{'n'},1,{'NN'},False,prayer
preaching,1,1.041710071252969e-05,16.5506866718375,9,VBG,v,1,{'v'},1,{'VBG'},False,preach
precedence,2,2.083420142505938e-05,15.550686671837498,10,NN,n,1,{'n'},1,{'NN'},False,preced
precious,4,4.166840285011876e-05,14.550686671837498,8,JJ,j,1,{'j'},1,{'JJ'},False,preciou
predicament,1,1.041710071252969e-05,16.5506866718375,11,NN,n,1,{'n'},1,{'NN'},False,predica
predicted,2,2.083420142505938e-05,15.550686671837498,9,VBD,v,1,{'v'},1,{'VBD'},False,predict
preevacuation,2,2.083420142505938e-05,15.550686671837498,13,NN,n,1,{'n'},1,{'NN'},False,preevacu
prefer,4,4.166840285011876e-05,14.550686671837498,6,VBP,v,1,{'v'},2,"{'VB', 'VBP'}",False,prefer
preferred,1,1.041710071252969e-05,16.5506866718375,9,VBD,v,1,{'v'},1,{'VBD'},False,prefer
preliminary,1,1.041710071252969e-05,16.5506866718375,11,JJ,j,1,{'j'},1,{'JJ'},False,preliminari
preparation,1,1.041710071252969e-05,16.5506866718375,11,NN,n,1,{'n'},1,{'NN'},False,prepar
preparations,1,1.041710071252969e-05,16.5506866718375,12,NNS,n,1,{'n'},1,{'NNS'},False,prepar
prepare,7,7.291970498770782e-05,13.743331749779895,7,VB,v,2,"{'n', 'v'}",3,"{'VB', 'VBP', 'NNP'}",False,prepar
prepared,4,4.166840285011876e-05,14.550686671837498,8,JJ,j,2,"{'j', 'v'}",3,"{'VBD', 'JJ', 'VBN'}",False,prepar
preparing,3,3.1251302137589066e-05,14.965724171116342,9,VBG,v,1,{'v'},1,{'VBG'},False,prepar
presence,1,1.041710071252969e-05,16.5506866718375,8,NN,n,1,{'n'},1,{'NN'},False,presenc
present,5,5.208550356264844e-05,14.228758576950137,7,JJ,j,2,"{'n', 'j'}",2,"{'JJ', 'NN'}",False,present
presented,1,1.041710071252969e-05,16.5506866718375,9,VBD,v,1,{'v'},1,{'VBD'},False,present
presents,1,1.041710071252969e-05,16.5506866718375,8,NNS,n,1,{'n'},1,{'NNS'},False,present
preserve,1,1.041710071252969e-05,16.5506866718375,8,VB,v,1,{'v'},1,{'VB'},False,preserv
preserves,1,1.041710071252969e-05,16.5506866718375,9,NNS,n,1,{'n'},1,{'NNS'},False,preserv
preserving,1,1.041710071252969e-05,16.5506866718375,10,VBG,v,1,{'v'},1,{'VBG'},False,preserv
president,7,7.291970498770782e-05,13.743331749779895,9,NN,n,1,{'n'},2,"{'NN', 'NNP'}",False,presid
pressed,1,1.041710071252969e-05,16.5506866718375,7,VBD,v,1,{'v'},1,{'VBD'},False,press
pressure,4,4.166840285011876e-05,14.550686671837498,8,NN,n,1,{'n'},1,{'NN'},False,pressur
presto,2,2.083420142505938e-05,15.550686671837498,6,NN,n,1,{'n'},1,{'NN'},False,presto
presumptuous,2,2.083420142505938e-05,15.550686671837498,12,JJ,j,1,{'j'},1,{'JJ'},False,presumptu
pretend,2,2.083420142505938e-05,15.550686671837498,7,VB,v,1,{'v'},1,{'VB'},False,pretend
pretended,1,1.041710071252969e-05,16.5506866718375,9,VBD,v,1,{'v'},1,{'VBD'},False,pretend
pretending,1,1.041710071252969e-05,16.5506866718375,10,VBG,v,1,{'v'},1,{'VBG'},False,pretend
pretentious,1,1.041710071252969e-05,16.5506866718375,11,JJ,j,1,{'j'},1,{'JJ'},False,pretenti
pretty,50,0.0005208550356264845,10.906830482062773,6,RB,r,4,"{'n', 'j', 'r', 'v'}",5,"{'JJ', 'NN', 'NNP', 'RB', 'VB'}",False,pretti
prevail,2,2.083420142505938e-05,15.550686671837498,7,VB,v,1,{'v'},1,{'VB'},False,prevail
prevent,2,2.083420142505938e-05,15.550686671837498,7,VB,v,1,{'v'},1,{'VB'},False,prevent
previous,1,1.041710071252969e-05,16.5506866718375,8,JJ,j,1,{'j'},1,{'JJ'},False,previou
prey,2,2.083420142505938e-05,15.550686671837498,4,NN,n,2,"{'n', 'r'}",2,"{'RB', 'NN'}",False,prey
preys,1,1.041710071252969e-05,16.5506866718375,5,VBZ,v,1,{'v'},1,{'VBZ'},False,prey
price,2,2.083420142505938e-05,15.550686671837498,5,NN,n,1,{'n'},1,{'NN'},False,price
prices,1,1.041710071252969e-05,16.5506866718375,6,NNS,n,1,{'n'},1,{'NNS'},False,price
pride,3,3.1251302137589066e-05,14.965724171116342,5,NN,n,1,{'n'},1,{'NN'},False,pride
priest,1,1.041710071252969e-05,16.5506866718375,6,NN,n,1,{'n'},1,{'NN'},False,priest
prime,2,2.083420142505938e-05,15.550686671837498,5,JJ,j,1,{'j'},1,{'JJ'},False,prime
primed,1,1.041710071252969e-05,16.5506866718375,6,VBN,v,1,{'v'},1,{'VBN'},False,prime
primitive,1,1.041710071252969e-05,16.5506866718375,9,JJ,j,1,{'j'},1,{'JJ'},False,primit
prince,15,0.00015625651068794532,12.64379607622898,6,NNP,n,1,{'n'},2,"{'NN', 'NNP'}",False,princ
princes,1,1.041710071252969e-05,16.5506866718375,7,NNS,n,1,{'n'},1,{'NNS'},False,princ
princess,179,0.0018646610275428143,9.066870894573242,8,NN,n,2,"{'n', 'j'}",3,"{'JJ', 'NN', 'NNP'}",False,princess
prisoner,1,1.041710071252969e-05,16.5506866718375,8,NN,n,1,{'n'},1,{'NN'},False,prison
prisoners,1,1.041710071252969e-05,16.5506866718375,9,NNS,n,1,{'n'},1,{'NNS'},False,prison
private,4,4.166840285011876e-05,14.550686671837498,7,JJ,j,1,{'j'},1,{'JJ'},False,privat
prize,1,1.041710071252969e-05,16.5506866718375,5,NN,n,1,{'n'},1,{'NN'},False,prize
probably,25,0.00026042751781324224,11.906830482062773,8,RB,r,1,{'r'},1,{'RB'},False,probabl
problem,22,0.00022917621567565316,12.091255053200202,7,NN,n,1,{'n'},1,{'NN'},False,problem
problems,9,9.37539064127672e-05,13.380761670395186,8,NNS,n,1,{'n'},1,{'NNS'},False,problem
proceed,1,1.041710071252969e-05,16.5506866718375,7,VB,v,1,{'v'},1,{'VB'},False,proceed
proceedings,1,1.041710071252969e-05,16.5506866718375,11,NNS,n,1,{'n'},1,{'NNS'},False,proceed
proceeds,2,2.083420142505938e-05,15.550686671837498,8,NNS,n,1,{'n'},1,{'NNS'},False,proce
process,1,1.041710071252969e-05,16.5506866718375,7,NN,n,1,{'n'},1,{'NN'},False,process
processed,1,1.041710071252969e-05,16.5506866718375,9,VBN,v,1,{'v'},1,{'VBN'},False,process
produce,1,1.041710071252969e-05,16.5506866718375,7,NNP,n,1,{'n'},1,{'NNP'},False,produc
produces,1,1.041710071252969e-05,16.5506866718375,8,VBZ,v,1,{'v'},1,{'VBZ'},False,produc
product,1,1.041710071252969e-05,16.5506866718375,7,NN,n,1,{'n'},1,{'NN'},False,product
production,4,4.166840285011876e-05,14.550686671837498,10,NN,n,1,{'n'},1,{'NN'},False,product
products,1,1.041710071252969e-05,16.5506866718375,8,NNS,n,1,{'n'},1,{'NNS'},False,product
professional,2,2.083420142505938e-05,15.550686671837498,12,JJ,j,1,{'j'},1,{'JJ'},False,profession
professor,1,1.041710071252969e-05,16.5506866718375,9,NN,n,1,{'n'},1,{'NN'},False,professor
profitable,1,1.041710071252969e-05,16.5506866718375,10,JJ,j,1,{'j'},1,{'JJ'},False,profit
profoundly,1,1.041710071252969e-05,16.5506866718375,10,RB,r,1,{'r'},1,{'RB'},False,profoundli
program,4,4.166840285011876e-05,14.550686671837498,7,NN,n,1,{'n'},1,{'NN'},False,program
progress,2,2.083420142505938e-05,15.550686671837498,8,NN,n,1,{'n'},1,{'NN'},False,progress
prohibited,1,1.041710071252969e-05,16.5506866718375,10,VBN,v,1,{'v'},1,{'VBN'},False,prohibit
project,8,8.333680570023751e-05,13.550686671837498,7,NN,n,1,{'n'},2,"{'NN', 'NNP'}",False,project
prolonging,1,1.041710071252969e-05,16.5506866718375,10,VBG,v,1,{'v'},1,{'VBG'},False,prolong
promise,26,0.0002708446185257719,11.850246953696406,7,NN,n,2,"{'n', 'v'}",4,"{'VB', 'VBP', 'NN', 'NNP'}",False,promis
promised,11,0.00011458810783782658,13.091255053200202,8,VBD,v,2,"{'j', 'v'}",3,"{'JJ', 'VBD', 'VBN'}",False,promis
promises,1,1.041710071252969e-05,16.5506866718375,8,NNS,n,1,{'n'},1,{'NNS'},False,promis
promoted,1,1.041710071252969e-05,16.5506866718375,8,VBN,v,1,{'v'},1,{'VBN'},False,promot
promotional,1,1.041710071252969e-05,16.5506866718375,11,JJ,j,1,{'j'},1,{'JJ'},False,promot
prone,2,2.083420142505938e-05,15.550686671837498,5,NN,n,1,{'n'},1,{'NN'},False,prone
proof,5,5.208550356264844e-05,14.228758576950137,5,NN,n,1,{'n'},1,{'NN'},False,proof
propaganda,1,1.041710071252969e-05,16.5506866718375,10,NN,n,1,{'n'},1,{'NN'},False,propaganda
propane,1,1.041710071252969e-05,16.5506866718375,7,NN,n,1,{'n'},1,{'NN'},False,propan
propeller,2,2.083420142505938e-05,15.550686671837498,9,NN,n,1,{'n'},1,{'NN'},False,propel
proper,3,3.1251302137589066e-05,14.965724171116342,6,JJ,j,1,{'j'},1,{'JJ'},False,proper
properly,3,3.1251302137589066e-05,14.965724171116342,8,RB,r,2,"{'j', 'r'}",2,"{'JJ', 'RB'}",False,properli
property,2,2.083420142505938e-05,15.550686671837498,8,NN,n,1,{'n'},1,{'NN'},False,properti
proposal,3,3.1251302137589066e-05,14.965724171116342,8,NN,n,1,{'n'},1,{'NN'},False,propos
propose,2,2.083420142505938e-05,15.550686671837498,7,VB,v,1,{'v'},2,"{'VB', 'VBP'}",False,propos
proposing,1,1.041710071252969e-05,16.5506866718375,9,VBG,v,1,{'v'},1,{'VBG'},False,propos
proposition,2,2.083420142505938e-05,15.550686671837498,11,NN,n,1,{'n'},1,{'NN'},False,proposit
prosciutto,1,1.041710071252969e-05,16.5506866718375,10,NN,n,1,{'n'},1,{'NN'},False,prosciutto
prosecution,1,1.041710071252969e-05,16.5506866718375,11,NN,n,1,{'n'},1,{'NN'},False,prosecut
prospered,1,1.041710071252969e-05,16.5506866718375,9,VBD,v,1,{'v'},1,{'VBD'},False,prosper
prosperity,1,1.041710071252969e-05,16.5506866718375,10,NN,n,1,{'n'},1,{'NN'},False,prosper
prostration,1,1.041710071252969e-05,16.5506866718375,11,NN,n,1,{'n'},1,{'NN'},False,prostrat
protect,23,0.00023959331638818285,12.027124715780486,7,VB,v,2,"{'n', 'v'}",3,"{'VB', 'VBP', 'NNP'}",False,protect
protected,6,6.250260427517813e-05,13.965724171116342,9,VBD,v,1,{'v'},2,"{'VBD', 'VBN'}",False,protect
protecting,3,3.1251302137589066e-05,14.965724171116342,10,VBG,v,1,{'v'},1,{'VBG'},False,protect
protective,1,1.041710071252969e-05,16.5506866718375,10,JJ,j,1,{'j'},1,{'JJ'},False,protect
prototype,1,1.041710071252969e-05,16.5506866718375,9,NN,n,1,{'n'},1,{'NN'},False,prototyp
prototypes,1,1.041710071252969e-05,16.5506866718375,10,NNS,n,1,{'n'},1,{'NNS'},False,prototyp
proud,2,2.083420142505938e-05,15.550686671837498,5,JJ,j,1,{'j'},1,{'JJ'},False,proud
prouder,1,1.041710071252969e-05,16.5506866718375,7,JJR,j,1,{'j'},1,{'JJR'},False,prouder
prove,3,3.1251302137589066e-05,14.965724171116342,5,VB,v,2,"{'n', 'v'}",2,"{'VB', 'NN'}",False,prove
provided,1,1.041710071252969e-05,16.5506866718375,8,VBN,v,1,{'v'},1,{'VBN'},False,provid
prowl,1,1.041710071252969e-05,16.5506866718375,5,NN,n,1,{'n'},1,{'NN'},False,prowl
pu,1,1.041710071252969e-05,16.5506866718375,2,NNP,n,1,{'n'},1,{'NNP'},False,pu
public,3,3.1251302137589066e-05,14.965724171116342,6,NN,n,1,{'n'},1,{'NN'},False,public
publicity,2,2.083420142505938e-05,15.550686671837498,9,NN,n,1,{'n'},1,{'NN'},False,public
published,1,1.041710071252969e-05,16.5506866718375,9,VBN,v,1,{'v'},1,{'VBN'},False,publish
pudding,1,1.041710071252969e-05,16.5506866718375,7,VBG,v,1,{'v'},1,{'VBG'},False,pud
puffed,1,1.041710071252969e-05,16.5506866718375,6,VBN,v,1,{'v'},1,{'VBN'},False,puf
pull,7,7.291970498770782e-05,13.743331749779895,4,VB,v,2,"{'n', 'v'}",3,"{'VB', 'VBP', 'NNP'}",False,pull
pulled,4,4.166840285011876e-05,14.550686671837498,6,VBD,v,1,{'v'},2,"{'VBD', 'VBN'}",False,pull
pulling,2,2.083420142505938e-05,15.550686671837498,7,VBG,v,1,{'v'},1,{'VBG'},False,pull
pulp,1,1.041710071252969e-05,16.5506866718375,4,NN,n,1,{'n'},1,{'NN'},False,pulp
pulverize,1,1.041710071252969e-05,16.5506866718375,9,NN,n,1,{'n'},1,{'NN'},False,pulver
puma,1,1.041710071252969e-05,16.5506866718375,4,NNP,n,1,{'n'},1,{'NNP'},False,puma
pumas,2,2.083420142505938e-05,15.550686671837498,5,NNP,n,1,{'n'},1,{'NNP'},False,puma
pummeled,1,1.041710071252969e-05,16.5506866718375,8,VBD,v,1,{'v'},1,{'VBD'},False,pummel
pumping,1,1.041710071252969e-05,16.5506866718375,7,NN,n,1,{'n'},1,{'NN'},False,pump
pumpkin,1,1.041710071252969e-05,16.5506866718375,7,NN,n,1,{'n'},1,{'NN'},False,pumpkin
punch,1,1.041710071252969e-05,16.5506866718375,5,NN,n,1,{'n'},1,{'NN'},False,punch
punished,2,2.083420142505938e-05,15.550686671837498,8,VBN,v,1,{'v'},1,{'VBN'},False,punish
punishment,2,2.083420142505938e-05,15.550686671837498,10,NN,n,1,{'n'},1,{'NN'},False,punish
punk,1,1.041710071252969e-05,16.5506866718375,4,NN,n,1,{'n'},1,{'NN'},False,punk
puny,1,1.041710071252969e-05,16.5506866718375,4,JJ,j,1,{'j'},1,{'JJ'},False,puni
pupa,1,1.041710071252969e-05,16.5506866718375,4,NN,n,1,{'n'},1,{'NN'},False,pupa
puppet,1,1.041710071252969e-05,16.5506866718375,6,NN,n,1,{'n'},1,{'NN'},False,puppet
puppy,1,1.041710071252969e-05,16.5506866718375,5,JJ,j,1,{'j'},1,{'JJ'},False,puppi
pups,1,1.041710071252969e-05,16.5506866718375,4,NNS,n,1,{'n'},1,{'NNS'},False,pup
purchased,1,1.041710071252969e-05,16.5506866718375,9,VBN,v,1,{'v'},1,{'VBN'},False,purchas
pure,7,7.291970498770782e-05,13.743331749779895,4,JJ,j,2,"{'n', 'j'}",3,"{'JJ', 'NN', 'NNP'}",False,pure
pureblack,1,1.041710071252969e-05,16.5506866718375,9,NN,n,1,{'n'},1,{'NN'},False,pureblack
purifies,1,1.041710071252969e-05,16.5506866718375,8,NNS,n,1,{'n'},1,{'NNS'},False,purifi
purify,2,2.083420142505938e-05,15.550686671837498,6,VB,v,1,{'v'},1,{'VB'},False,purifi
purifying,1,1.041710071252969e-05,16.5506866718375,9,VBG,v,1,{'v'},1,{'VBG'},False,purifi
purity,2,2.083420142505938e-05,15.550686671837498,6,NN,n,1,{'n'},1,{'NN'},False,puriti
purple,1,1.041710071252969e-05,16.5506866718375,6,NNS,n,1,{'n'},1,{'NNS'},False,purpl
purpose,3,3.1251302137589066e-05,14.965724171116342,7,NN,n,1,{'n'},1,{'NN'},False,purpos
purse,2,2.083420142505938e-05,15.550686671837498,5,NN,n,1,{'n'},1,{'NN'},False,purs
pursue,1,1.041710071252969e-05,16.5506866718375,6,VB,v,1,{'v'},1,{'VB'},False,pursu
pursuit,1,1.041710071252969e-05,16.5506866718375,7,NN,n,1,{'n'},1,{'NN'},False,pursuit
push,9,9.37539064127672e-05,13.380761670395186,4,NN,n,3,"{'n', 'x', 'v'}",3,"{'VB', 'IN', 'NN'}",False,push
pushbroom,1,1.041710071252969e-05,16.5506866718375,9,NN,n,1,{'n'},1,{'NN'},False,pushbroom
pushed,1,1.041710071252969e-05,16.5506866718375,6,VB,v,1,{'v'},1,{'VB'},False,push
pushing,2,2.083420142505938e-05,15.550686671837498,7,VBG,v,1,{'v'},1,{'VBG'},False,push
puss,1,1.041710071252969e-05,16.5506866718375,4,NN,n,1,{'n'},1,{'NN'},False,puss
put,67,0.0006979457477394892,10.484597481379726,3,VB,v,2,"{'n', 'v'}",5,"{'VBD', 'NN', 'VBP', 'VB', 'VBN'}",False,put
putting,3,3.1251302137589066e-05,14.965724171116342,7,VBG,v,1,{'v'},1,{'VBG'},False,put
puzzle,1,1.041710071252969e-05,16.5506866718375,6,NN,n,1,{'n'},1,{'NN'},False,puzzl
pyramids,3,3.1251302137589066e-05,14.965724171116342,8,NNS,n,1,{'n'},1,{'NNS'},False,pyramid
qmrelaymailcornelledu,1,1.041710071252969e-05,16.5506866718375,21,NN,n,1,{'n'},1,{'NN'},False,qmrelaymailcornelledu
qt,1,1.041710071252969e-05,16.5506866718375,2,NN,n,1,{'n'},1,{'NN'},False,qt
qualities,1,1.041710071252969e-05,16.5506866718375,9,NNS,n,1,{'n'},1,{'NNS'},False,qualiti
quantities,1,1.041710071252969e-05,16.5506866718375,10,NNS,n,1,{'n'},1,{'NNS'},False,quantiti
quarreling,1,1.041710071252969e-05,16.5506866718375,10,VBG,v,1,{'v'},1,{'VBG'},False,quarrel
quarrels,2,2.083420142505938e-05,15.550686671837498,8,NNS,n,1,{'n'},1,{'NNS'},False,quarrel
quarter,2,2.083420142505938e-05,15.550686671837498,7,NN,n,1,{'n'},1,{'NN'},False,quarter
queen,3,3.1251302137589066e-05,14.965724171116342,5,JJ,n,2,"{'n', 'j'}",3,"{'JJ', 'NN', 'NNP'}",False,queen
quest,2,2.083420142505938e-05,15.550686671837498,5,JJS,j,2,"{'n', 'j'}",2,"{'JJS', 'NN'}",False,quest
question,6,6.250260427517813e-05,13.965724171116342,8,NN,n,1,{'n'},1,{'NN'},False,question
quick,9,9.37539064127672e-05,13.380761670395186,5,JJ,n,2,"{'n', 'j'}",3,"{'JJ', 'NN', 'NNP'}",False,quick
quickly,16,0.00016667361140047503,12.550686671837498,7,RB,r,1,{'r'},1,{'RB'},False,quickli
quicksand,1,1.041710071252969e-05,16.5506866718375,9,NN,n,1,{'n'},1,{'NN'},False,quicksand
quiet,34,0.0003541814242260094,11.46322383058716,5,JJ,j,3,"{'n', 'j', 'v'}",5,"{'JJ', 'NN', 'NNP', 'VBP', 'VBN'}",False,quiet
quieted,1,1.041710071252969e-05,16.5506866718375,7,VBD,v,1,{'v'},1,{'VBD'},False,quiet
quietly,3,3.1251302137589066e-05,14.965724171116342,7,RB,r,1,{'r'},1,{'RB'},False,quietli
quiets,1,1.041710071252969e-05,16.5506866718375,6,VBZ,v,1,{'v'},1,{'VBZ'},False,quiet
quit,18,0.0001875078128255344,12.380761670395186,4,VB,v,2,"{'n', 'v'}",4,"{'VB', 'VBP', 'NN', 'NNP'}",False,quit
quite,27,0.0002812617192383016,11.79579916967403,5,RB,r,2,"{'x', 'r'}",2,"{'RB', 'PDT'}",False,quit
r,2,2.083420142505938e-05,15.550686671837498,1,NN,n,1,{'n'},2,"{'NN', 'NNP'}",False,r
rabbits,1,1.041710071252969e-05,16.5506866718375,7,NNS,n,1,{'n'},1,{'NNS'},False,rabbit
raccoon,55,0.0005729405391891329,10.769326958312838,7,NN,n,2,"{'n', 'v'}",3,"{'VBP', 'NN', 'NNP'}",False,raccoon
raccoons,113,0.0011771323805158547,9.73050770942231,8,NNS,n,1,{'n'},3,"{'NNPS', 'NNS', 'NNP'}",False,raccoon
race,7,7.291970498770782e-05,13.743331749779895,4,NN,n,1,{'n'},1,{'NN'},False,race
raced,1,1.041710071252969e-05,16.5506866718375,5,VBD,v,1,{'v'},1,{'VBD'},False,race
racing,1,1.041710071252969e-05,16.5506866718375,6,VBG,v,1,{'v'},1,{'VBG'},False,race
racket,3,3.1251302137589066e-05,14.965724171116342,6,NN,n,1,{'n'},1,{'NN'},False,racket
racoons,8,8.333680570023751e-05,13.550686671837498,7,NNS,n,1,{'n'},1,{'NNS'},False,racoon
radar,1,1.041710071252969e-05,16.5506866718375,5,NN,n,1,{'n'},1,{'NN'},False,radar
radiantly,1,1.041710071252969e-05,16.5506866718375,9,RB,r,1,{'r'},1,{'RB'},False,radiantli
radiators,1,1.041710071252969e-05,16.5506866718375,9,NNS,n,1,{'n'},1,{'NNS'},False,radiat
radical,2,2.083420142505938e-05,15.550686671837498,7,JJ,j,1,{'j'},1,{'JJ'},False,radic
radio,8,8.333680570023751e-05,13.550686671837498,5,NN,n,1,{'n'},1,{'NN'},False,radio
radios,1,1.041710071252969e-05,16.5506866718375,6,NNS,n,1,{'n'},1,{'NNS'},False,radio
radish,3,3.1251302137589066e-05,14.965724171116342,6,JJ,j,2,"{'n', 'j'}",2,"{'JJ', 'NN'}",False,radish
rage,1,1.041710071252969e-05,16.5506866718375,4,NN,n,1,{'n'},1,{'NN'},False,rage
ragged,2,2.083420142505938e-05,15.550686671837498,6,JJ,j,1,{'j'},1,{'JJ'},False,rag
raging,1,1.041710071252969e-05,16.5506866718375,6,VBG,v,1,{'v'},1,{'VBG'},False,rage
raid,6,6.250260427517813e-05,13.965724171116342,4,NN,n,2,"{'n', 'v'}",2,"{'VBD', 'NN'}",False,raid
railed,1,1.041710071252969e-05,16.5506866718375,6,VBD,v,1,{'v'},1,{'VBD'},False,rail
rain,15,0.00015625651068794532,12.64379607622898,4,NN,n,2,"{'n', 'v'}",3,"{'VB', 'NN', 'NNP'}",False,rain
rainbow,1,1.041710071252969e-05,16.5506866718375,7,NN,n,1,{'n'},1,{'NN'},False,rainbow
rainbows,1,1.041710071252969e-05,16.5506866718375,8,VBZ,v,1,{'v'},1,{'VBZ'},False,rainbow
raining,3,3.1251302137589066e-05,14.965724171116342,7,VBG,v,2,"{'n', 'v'}",2,"{'VBG', 'NN'}",False,rain
rains,1,1.041710071252969e-05,16.5506866718375,5,NNS,n,1,{'n'},1,{'NNS'},False,rain
rainstorm,1,1.041710071252969e-05,16.5506866718375,9,NN,n,1,{'n'},1,{'NN'},False,rainstorm
rainy,1,1.041710071252969e-05,16.5506866718375,5,NNP,n,1,{'n'},1,{'NNP'},False,raini
raise,19,0.00019792491353806408,12.302759158393913,5,VB,v,1,{'v'},1,{'VB'},False,rais
raised,4,4.166840285011876e-05,14.550686671837498,6,VBN,v,1,{'v'},2,"{'VBD', 'VBN'}",False,rais
raising,1,1.041710071252969e-05,16.5506866718375,7,VBG,v,1,{'v'},1,{'VBG'},False,rais
rally,1,1.041710071252969e-05,16.5506866718375,5,VB,v,1,{'v'},1,{'VB'},False,ralli
ram,1,1.041710071252969e-05,16.5506866718375,3,VB,v,1,{'v'},1,{'VB'},False,ram
ramayana,1,1.041710071252969e-05,16.5506866718375,8,NNP,n,1,{'n'},1,{'NNP'},False,ramayana
rampage,2,2.083420142505938e-05,15.550686671837498,7,NN,n,2,"{'n', 'v'}",2,"{'VB', 'NN'}",False,rampag
rampaging,2,2.083420142505938e-05,15.550686671837498,9,VBG,v,1,{'v'},1,{'VBG'},False,rampag
ran,11,0.00011458810783782658,13.091255053200202,3,VBD,v,1,{'v'},2,"{'VBD', 'VBP'}",False,ran
range,2,2.083420142505938e-05,15.550686671837498,5,NN,n,1,{'n'},1,{'NN'},False,rang
rank,2,2.083420142505938e-05,15.550686671837498,4,NN,n,1,{'n'},1,{'NN'},False,rank
ranks,2,2.083420142505938e-05,15.550686671837498,5,NNS,n,1,{'n'},1,{'NNS'},False,rank
rapid,1,1.041710071252969e-05,16.5506866718375,5,JJ,j,1,{'j'},1,{'JJ'},False,rapid
rapidly,3,3.1251302137589066e-05,14.965724171116342,7,RB,r,1,{'r'},1,{'RB'},False,rapidli
rare,5,5.208550356264844e-05,14.228758576950137,4,JJ,j,1,{'j'},1,{'JJ'},False,rare
rascal,3,3.1251302137589066e-05,14.965724171116342,6,JJ,j,2,"{'j', 'v'}",2,"{'JJ', 'VBP'}",False,rascal
rascals,6,6.250260427517813e-05,13.965724171116342,7,NNS,n,1,{'n'},1,{'NNS'},False,rascal
rash,3,3.1251302137589066e-05,14.965724171116342,4,NN,n,1,{'n'},1,{'NN'},False,rash
rashes,1,1.041710071252969e-05,16.5506866718375,6,NNS,n,1,{'n'},1,{'NNS'},False,rash
rat,1,1.041710071252969e-05,16.5506866718375,3,NN,n,1,{'n'},1,{'NN'},False,rat
rate,8,8.333680570023751e-05,13.550686671837498,4,NN,n,1,{'n'},1,{'NN'},False,rate
ratfur,1,1.041710071252969e-05,16.5506866718375,6,JJ,j,1,{'j'},1,{'JJ'},False,ratfur
rather,14,0.00014583940997541563,12.743331749779895,6,RB,r,1,{'r'},1,{'RB'},False,rather
ration,1,1.041710071252969e-05,16.5506866718375,6,NN,n,1,{'n'},1,{'NN'},False,ration
rationed,3,3.1251302137589066e-05,14.965724171116342,8,VBN,v,2,"{'j', 'v'}",2,"{'JJ', 'VBN'}",False,ration
rations,1,1.041710071252969e-05,16.5506866718375,7,NNS,n,1,{'n'},1,{'NNS'},False,ration
ratka,1,1.041710071252969e-05,16.5506866718375,5,NNP,n,1,{'n'},1,{'NNP'},False,ratka
ratskin,1,1.041710071252969e-05,16.5506866718375,7,NN,n,1,{'n'},1,{'NN'},False,ratskin
rattlesnake,1,1.041710071252969e-05,16.5506866718375,11,NN,n,1,{'n'},1,{'NN'},False,rattlesnak
ravaged,1,1.041710071252969e-05,16.5506866718375,7,VBN,v,1,{'v'},1,{'VBN'},False,ravag
ravine,2,2.083420142505938e-05,15.550686671837498,6,NN,n,1,{'n'},1,{'NN'},False,ravin
raw,1,1.041710071252969e-05,16.5506866718375,3,JJ,j,1,{'j'},1,{'JJ'},False,raw
rays,1,1.041710071252969e-05,16.5506866718375,4,NNS,n,1,{'n'},1,{'NNS'},False,ray
re,606,0.006312763031792992,7.307512688364548,2,VBP,v,4,"{'n', 'j', 'r', 'v'}",7,"{'JJ', 'NN', 'VBP', 'NNS', 'RB', 'VB', 'VBN'}",True,re
reach,11,0.00011458810783782658,13.091255053200202,5,VB,v,1,{'v'},2,"{'VB', 'VBP'}",False,reach
reached,5,5.208550356264844e-05,14.228758576950137,7,VBN,v,1,{'v'},2,"{'VBD', 'VBN'}",False,reach
reaches,2,2.083420142505938e-05,15.550686671837498,7,NNS,n,1,{'n'},1,{'NNS'},False,reach
reaching,1,1.041710071252969e-05,16.5506866718375,8,VBG,v,1,{'v'},1,{'VBG'},False,reach
reaction,1,1.041710071252969e-05,16.5506866718375,8,NN,n,1,{'n'},1,{'NN'},False,reaction
read,10,0.00010417100712529688,13.228758576950137,4,VB,v,2,"{'j', 'v'}",5,"{'JJ', 'VBD', 'VBP', 'VB', 'VBN'}",False,read
reading,3,3.1251302137589066e-05,14.965724171116342,7,VBG,v,1,{'v'},1,{'VBG'},False,read
reads,1,1.041710071252969e-05,16.5506866718375,5,VBZ,v,1,{'v'},1,{'VBZ'},False,read
ready,37,0.0003854327263635985,11.341233306208549,5,JJ,j,2,"{'n', 'j'}",2,"{'JJ', 'NN'}",False,readi
real,26,0.0002708446185257719,11.850246953696406,4,JJ,j,1,{'j'},1,{'JJ'},False,real
realised,1,1.041710071252969e-05,16.5506866718375,8,VBD,v,1,{'v'},1,{'VBD'},False,realis
reality,1,1.041710071252969e-05,16.5506866718375,7,NN,n,1,{'n'},1,{'NN'},False,realiti
realization,1,1.041710071252969e-05,16.5506866718375,11,NN,n,1,{'n'},1,{'NN'},False,realiz
realize,6,6.250260427517813e-05,13.965724171116342,7,VB,v,1,{'v'},2,"{'VB', 'VBP'}",False,realiz
realized,9,9.37539064127672e-05,13.380761670395186,8,VBD,v,1,{'v'},1,{'VBD'},False,realiz
realizing,1,1.041710071252969e-05,16.5506866718375,9,VBG,v,1,{'v'},1,{'VBG'},False,realiz
really,159,0.0016563190132922205,9.237803716553143,6,RB,r,1,{'r'},1,{'RB'},False,realli
rear,3,3.1251302137589066e-05,14.965724171116342,4,JJ,j,1,{'j'},1,{'JJ'},False,rear
rearguard,1,1.041710071252969e-05,16.5506866718375,9,JJ,j,1,{'j'},1,{'JJ'},False,rearguard
rearrange,1,1.041710071252969e-05,16.5506866718375,9,VB,v,1,{'v'},1,{'VB'},False,rearrang
reason,14,0.00014583940997541563,12.743331749779895,6,NN,n,1,{'n'},1,{'NN'},False,reason
reasonable,1,1.041710071252969e-05,16.5506866718375,10,JJ,j,1,{'j'},1,{'JJ'},False,reason
reasons,1,1.041710071252969e-05,16.5506866718375,7,NNS,n,1,{'n'},1,{'NNS'},False,reason
rebels,3,3.1251302137589066e-05,14.965724171116342,6,NNS,n,1,{'n'},1,{'NNS'},False,rebel
rebirth,2,2.083420142505938e-05,15.550686671837498,7,NN,n,1,{'n'},1,{'NN'},False,rebirth
reborn,3,3.1251302137589066e-05,14.965724171116342,6,VBN,v,1,{'v'},1,{'VBN'},False,reborn
rebuilt,1,1.041710071252969e-05,16.5506866718375,7,VB,v,1,{'v'},1,{'VB'},False,rebuilt
recall,2,2.083420142505938e-05,15.550686671837498,6,NN,n,2,"{'n', 'v'}",2,"{'VB', 'NN'}",False,recal
recalling,1,1.041710071252969e-05,16.5506866718375,9,VBG,v,1,{'v'},1,{'VBG'},False,recal
receive,2,2.083420142505938e-05,15.550686671837498,7,VB,v,1,{'v'},2,"{'VB', 'VBP'}",False,receiv
received,7,7.291970498770782e-05,13.743331749779895,8,VBD,v,1,{'v'},2,"{'VBD', 'VBN'}",False,receiv
recent,2,2.083420142505938e-05,15.550686671837498,6,JJ,j,1,{'j'},1,{'JJ'},False,recent
recently,3,3.1251302137589066e-05,14.965724171116342,8,RB,r,1,{'r'},1,{'RB'},False,recent
recesses,1,1.041710071252969e-05,16.5506866718375,8,NNS,n,1,{'n'},1,{'NNS'},False,recess
recite,2,2.083420142505938e-05,15.550686671837498,6,VB,v,1,{'v'},1,{'VB'},False,recit
recognition,1,1.041710071252969e-05,16.5506866718375,11,NN,n,1,{'n'},1,{'NN'},False,recognit
recognize,2,2.083420142505938e-05,15.550686671837498,9,NN,n,2,"{'n', 'v'}",2,"{'VBP', 'NN'}",False,recogn
recognized,1,1.041710071252969e-05,16.5506866718375,10,VBD,v,1,{'v'},1,{'VBD'},False,recogn
recommended,1,1.041710071252969e-05,16.5506866718375,11,VBD,v,1,{'v'},1,{'VBD'},False,recommend
reconcile,1,1.041710071252969e-05,16.5506866718375,9,VB,v,1,{'v'},1,{'VB'},False,reconcil
reconstruct,1,1.041710071252969e-05,16.5506866718375,11,VB,v,1,{'v'},1,{'VB'},False,reconstruct
record,1,1.041710071252969e-05,16.5506866718375,6,NN,n,1,{'n'},1,{'NN'},False,record
recover,3,3.1251302137589066e-05,14.965724171116342,7,VB,v,1,{'v'},1,{'VB'},False,recov
recovered,1,1.041710071252969e-05,16.5506866718375,9,VBD,v,1,{'v'},1,{'VBD'},False,recov
recovers,1,1.041710071252969e-05,16.5506866718375,8,VBZ,v,1,{'v'},1,{'VBZ'},False,recov
red,17,0.0001770907121130047,12.46322383058716,3,JJ,j,2,"{'n', 'j'}",2,"{'JJ', 'NNP'}",False,red
redesign,3,3.1251302137589066e-05,14.965724171116342,8,VB,v,2,"{'n', 'v'}",2,"{'VB', 'NN'}",False,redesign
redeye,1,1.041710071252969e-05,16.5506866718375,6,NN,n,1,{'n'},1,{'NN'},False,redey
reds,1,1.041710071252969e-05,16.5506866718375,4,NNS,n,1,{'n'},1,{'NNS'},False,red
reduce,2,2.083420142505938e-05,15.550686671837498,6,VB,v,1,{'v'},1,{'VB'},False,reduc
reduced,3,3.1251302137589066e-05,14.965724171116342,7,VBN,v,1,{'v'},1,{'VBN'},False,reduc
reducing,2,2.083420142505938e-05,15.550686671837498,8,VBG,v,1,{'v'},1,{'VBG'},False,reduc
reenact,1,1.041710071252969e-05,16.5506866718375,7,VB,v,1,{'v'},1,{'VB'},False,reenact
reference,2,2.083420142505938e-05,15.550686671837498,9,NN,n,1,{'n'},1,{'NN'},False,refer
refill,1,1.041710071252969e-05,16.5506866718375,6,VB,v,1,{'v'},1,{'VB'},False,refil
reform,1,1.041710071252969e-05,16.5506866718375,6,VB,v,1,{'v'},1,{'VB'},False,reform
refrain,1,1.041710071252969e-05,16.5506866718375,7,VB,v,1,{'v'},1,{'VB'},False,refrain
refuel,1,1.041710071252969e-05,16.5506866718375,6,NN,n,1,{'n'},1,{'NN'},False,refuel
refuge,1,1.041710071252969e-05,16.5506866718375,6,NN,n,1,{'n'},1,{'NN'},False,refug
refugee,1,1.041710071252969e-05,16.5506866718375,7,NN,n,1,{'n'},1,{'NN'},False,refuge
refusal,1,1.041710071252969e-05,16.5506866718375,7,NN,n,1,{'n'},1,{'NN'},False,refus
refuse,4,4.166840285011876e-05,14.550686671837498,6,VBP,v,2,"{'n', 'v'}",3,"{'VB', 'VBP', 'NN'}",False,refus
refuses,2,2.083420142505938e-05,15.550686671837498,7,VBZ,v,1,{'v'},1,{'VBZ'},False,refus
regain,2,2.083420142505938e-05,15.550686671837498,6,VB,v,1,{'v'},2,"{'VB', 'VBP'}",False,regain
regard,1,1.041710071252969e-05,16.5506866718375,6,JJ,j,1,{'j'},1,{'JJ'},False,regard
regarding,1,1.041710071252969e-05,16.5506866718375,9,VBG,v,1,{'v'},1,{'VBG'},False,regard
regards,2,2.083420142505938e-05,15.550686671837498,7,NNS,n,1,{'n'},1,{'NNS'},False,regard
regime,1,1.041710071252969e-05,16.5506866718375,6,NN,n,1,{'n'},1,{'NN'},False,regim
regimen,1,1.041710071252969e-05,16.5506866718375,7,NNS,n,1,{'n'},1,{'NNS'},False,regimen
regret,2,2.083420142505938e-05,15.550686671837498,6,VB,v,1,{'v'},1,{'VB'},False,regret
regrets,1,1.041710071252969e-05,16.5506866718375,7,NNS,n,1,{'n'},1,{'NNS'},False,regret
regretted,1,1.041710071252969e-05,16.5506866718375,9,VBD,v,1,{'v'},1,{'VBD'},False,regret
regroup,1,1.041710071252969e-05,16.5506866718375,7,VB,v,1,{'v'},1,{'VB'},False,regroup
regular,3,3.1251302137589066e-05,14.965724171116342,7,JJ,j,1,{'j'},1,{'JJ'},False,regular
rein,1,1.041710071252969e-05,16.5506866718375,4,NN,n,1,{'n'},1,{'NN'},False,rein
reinforce,1,1.041710071252969e-05,16.5506866718375,9,VB,v,1,{'v'},1,{'VB'},False,reinforc
reject,1,1.041710071252969e-05,16.5506866718375,6,VBP,v,1,{'v'},1,{'VBP'},False,reject
rejoice,1,1.041710071252969e-05,16.5506866718375,7,NN,n,1,{'n'},1,{'NN'},False,rejoic
related,1,1.041710071252969e-05,16.5506866718375,7,VBN,v,1,{'v'},1,{'VBN'},False,relat
relative,2,2.083420142505938e-05,15.550686671837498,8,NN,n,1,{'n'},1,{'NN'},False,rel
relatives,4,4.166840285011876e-05,14.550686671837498,9,NNS,n,1,{'n'},1,{'NNS'},False,rel
relax,5,5.208550356264844e-05,14.228758576950137,5,NNP,n,2,"{'n', 'v'}",3,"{'VB', 'NN', 'NNP'}",False,relax
relaxed,1,1.041710071252969e-05,16.5506866718375,7,NN,n,1,{'n'},1,{'NN'},False,relax
relaxing,1,1.041710071252969e-05,16.5506866718375,8,JJ,j,1,{'j'},1,{'JJ'},False,relax
release,3,3.1251302137589066e-05,14.965724171116342,7,VB,v,2,"{'n', 'v'}",2,"{'VB', 'NNP'}",False,releas
released,1,1.041710071252969e-05,16.5506866718375,8,VBN,v,1,{'v'},1,{'VBN'},False,releas
relies,1,1.041710071252969e-05,16.5506866718375,6,VBZ,v,1,{'v'},1,{'VBZ'},False,reli
relieved,3,3.1251302137589066e-05,14.965724171116342,8,JJ,j,2,"{'j', 'v'}",2,"{'JJ', 'VBN'}",False,reliev
reload,1,1.041710071252969e-05,16.5506866718375,6,NNP,n,1,{'n'},1,{'NNP'},False,reload
relocation,1,1.041710071252969e-05,16.5506866718375,10,NN,n,1,{'n'},1,{'NN'},False,reloc
reluctant,1,1.041710071252969e-05,16.5506866718375,9,JJ,j,1,{'j'},1,{'JJ'},False,reluct
rely,2,2.083420142505938e-05,15.550686671837498,4,VB,v,1,{'v'},2,"{'VB', 'VBP'}",False,reli
remain,5,5.208550356264844e-05,14.228758576950137,6,VB,v,2,"{'n', 'v'}",4,"{'VB', 'VBP', 'NN', 'NNP'}",False,remain
remaining,3,3.1251302137589066e-05,14.965724171116342,9,VBG,v,1,{'v'},1,{'VBG'},False,remain
remains,4,4.166840285011876e-05,14.550686671837498,7,VBZ,v,2,"{'n', 'v'}",2,"{'VBZ', 'NNS'}",False,remain
remarkably,1,1.041710071252969e-05,16.5506866718375,10,RB,r,1,{'r'},1,{'RB'},False,remark
remember,43,0.0004479353306387766,11.1244219171354,8,VB,v,2,"{'n', 'v'}",4,"{'VB', 'VBP', 'NN', 'NNP'}",False,rememb
remembered,3,3.1251302137589066e-05,14.965724171116342,10,VBD,v,1,{'v'},1,{'VBD'},False,rememb
reminds,5,5.208550356264844e-05,14.228758576950137,7,VBZ,v,2,"{'n', 'v'}",2,"{'VBZ', 'NNS'}",False,remind
remnants,1,1.041710071252969e-05,16.5506866718375,8,NNS,n,1,{'n'},1,{'NNS'},False,remnant
remote,1,1.041710071252969e-05,16.5506866718375,6,JJ,j,1,{'j'},1,{'JJ'},False,remot
remove,1,1.041710071252969e-05,16.5506866718375,6,VB,v,1,{'v'},1,{'VB'},False,remov
renown,1,1.041710071252969e-05,16.5506866718375,6,NN,n,1,{'n'},1,{'NN'},False,renown
renowned,2,2.083420142505938e-05,15.550686671837498,8,JJ,j,1,{'j'},1,{'JJ'},False,renown
rent,1,1.041710071252969e-05,16.5506866718375,4,VB,v,1,{'v'},1,{'VB'},False,rent
rental,1,1.041710071252969e-05,16.5506866718375,6,JJ,j,1,{'j'},1,{'JJ'},False,rental
repair,2,2.083420142505938e-05,15.550686671837498,6,NNP,n,2,"{'n', 'v'}",2,"{'VB', 'NNP'}",False,repair
repairs,4,4.166840285011876e-05,14.550686671837498,7,NNS,n,1,{'n'},1,{'NNS'},False,repair
repay,1,1.041710071252969e-05,16.5506866718375,5,VB,v,1,{'v'},1,{'VB'},False,repay
repeat,3,3.1251302137589066e-05,14.965724171116342,6,VBP,v,1,{'v'},1,{'VBP'},False,repeat
replace,3,3.1251302137589066e-05,14.965724171116342,7,VB,v,1,{'v'},1,{'VB'},False,replac
replaced,1,1.041710071252969e-05,16.5506866718375,8,VBN,v,1,{'v'},1,{'VBN'},False,replac
replacement,1,1.041710071252969e-05,16.5506866718375,11,NN,n,1,{'n'},1,{'NN'},False,replac
replenish,2,2.083420142505938e-05,15.550686671837498,9,VB,v,1,{'v'},1,{'VB'},False,replenish
reply,4,4.166840285011876e-05,14.550686671837498,5,NN,n,1,{'n'},1,{'NN'},False,repli
report,13,0.00013542230926288595,12.850246953696406,6,VB,v,2,"{'n', 'v'}",2,"{'VB', 'NN'}",False,report
reported,1,1.041710071252969e-05,16.5506866718375,8,VBD,v,1,{'v'},1,{'VBD'},False,report
reporter,2,2.083420142505938e-05,15.550686671837498,8,NN,n,1,{'n'},1,{'NN'},False,report
reports,1,1.041710071252969e-05,16.5506866718375,7,NNS,n,1,{'n'},1,{'NNS'},False,report
representatives,2,2.083420142505938e-05,15.550686671837498,15,NNS,n,1,{'n'},1,{'NNS'},False,repres
reprimand,1,1.041710071252969e-05,16.5506866718375,9,VB,v,1,{'v'},1,{'VB'},False,reprimand
repulsive,1,1.041710071252969e-05,16.5506866718375,9,NN,n,1,{'n'},1,{'NN'},False,repuls
reputation,3,3.1251302137589066e-05,14.965724171116342,10,NN,n,1,{'n'},1,{'NN'},False,reput
request,4,4.166840285011876e-05,14.550686671837498,7,NN,n,1,{'n'},1,{'NN'},False,request
requested,5,5.208550356264844e-05,14.228758576950137,9,VBD,v,1,{'v'},2,"{'VBD', 'VBN'}",False,request
require,1,1.041710071252969e-05,16.5506866718375,7,VBP,v,1,{'v'},1,{'VBP'},False,requir
required,2,2.083420142505938e-05,15.550686671837498,8,VBN,v,1,{'v'},1,{'VBN'},False,requir
requirement,1,1.041710071252969e-05,16.5506866718375,11,NN,n,1,{'n'},1,{'NN'},False,requir
requires,5,5.208550356264844e-05,14.228758576950137,8,VBZ,v,1,{'v'},1,{'VBZ'},False,requir
rescue,7,7.291970498770782e-05,13.743331749779895,6,NN,n,2,"{'n', 'v'}",2,"{'VB', 'NN'}",False,rescu
rescued,5,5.208550356264844e-05,14.228758576950137,7,VBD,v,1,{'v'},2,"{'VBD', 'VBN'}",False,rescu
research,4,4.166840285011876e-05,14.550686671837498,8,NN,n,1,{'n'},2,"{'NN', 'NNP'}",False,research
researching,1,1.041710071252969e-05,16.5506866718375,11,VBG,v,1,{'v'},1,{'VBG'},False,research
resemble,1,1.041710071252969e-05,16.5506866718375,8,VB,v,1,{'v'},1,{'VB'},False,resembl
resentment,4,4.166840285011876e-05,14.550686671837498,10,NN,n,1,{'n'},1,{'NN'},False,resent
reservation,1,1.041710071252969e-05,16.5506866718375,11,NN,n,1,{'n'},1,{'NN'},False,reserv
reserve,1,1.041710071252969e-05,16.5506866718375,7,VB,v,1,{'v'},1,{'VB'},False,reserv
reservoir,1,1.041710071252969e-05,16.5506866718375,9,NN,n,1,{'n'},1,{'NN'},False,reservoir
residence,3,3.1251302137589066e-05,14.965724171116342,9,NN,n,1,{'n'},1,{'NN'},False,resid
resident,1,1.041710071252969e-05,16.5506866718375,8,NN,n,1,{'n'},1,{'NN'},False,resid
residential,2,2.083420142505938e-05,15.550686671837498,11,JJ,j,1,{'j'},1,{'JJ'},False,residenti
residents,3,3.1251302137589066e-05,14.965724171116342,9,NNS,n,1,{'n'},1,{'NNS'},False,resid
resignedly,1,1.041710071252969e-05,16.5506866718375,10,RB,r,1,{'r'},1,{'RB'},False,resignedli
resist,1,1.041710071252969e-05,16.5506866718375,6,VBP,v,1,{'v'},1,{'VBP'},False,resist
resolve,1,1.041710071252969e-05,16.5506866718375,7,NN,n,1,{'n'},1,{'NN'},False,resolv
resolved,1,1.041710071252969e-05,16.5506866718375,8,VBN,v,1,{'v'},1,{'VBN'},False,resolv
resort,2,2.083420142505938e-05,15.550686671837498,6,NN,n,1,{'n'},1,{'NN'},False,resort
respect,4,4.166840285011876e-05,14.550686671837498,7,NN,n,2,"{'n', 'v'}",3,"{'VB', 'VBP', 'NN'}",False,respect
respectable,3,3.1251302137589066e-05,14.965724171116342,11,JJ,j,1,{'j'},1,{'JJ'},False,respect
respected,2,2.083420142505938e-05,15.550686671837498,9,JJ,j,1,{'j'},1,{'JJ'},False,respect
respectfully,2,2.083420142505938e-05,15.550686671837498,12,RB,r,1,{'r'},1,{'RB'},False,respect
respects,1,1.041710071252969e-05,16.5506866718375,8,NNS,n,1,{'n'},1,{'NNS'},False,respect
respond,1,1.041710071252969e-05,16.5506866718375,7,VBP,v,1,{'v'},1,{'VBP'},False,respond
response,2,2.083420142505938e-05,15.550686671837498,8,NN,n,1,{'n'},1,{'NN'},False,respons
responsibility,3,3.1251302137589066e-05,14.965724171116342,14,NN,n,1,{'n'},1,{'NN'},False,respons
responsible,12,0.00012500520855035626,12.965724171116342,11,JJ,j,1,{'j'},1,{'JJ'},False,respons
rest,24,0.00025001041710071253,11.965724171116342,4,NN,n,2,"{'n', 'v'}",4,"{'VB', 'VBP', 'NN', 'NNP'}",False,rest
restaurant,2,2.083420142505938e-05,15.550686671837498,10,NN,n,1,{'n'},1,{'NN'},False,restaur
restaurants,1,1.041710071252969e-05,16.5506866718375,11,NNS,n,1,{'n'},1,{'NNS'},False,restaur
restless,1,1.041710071252969e-05,16.5506866718375,8,JJ,j,1,{'j'},1,{'JJ'},False,restless
restored,2,2.083420142505938e-05,15.550686671837498,8,VBD,v,1,{'v'},2,"{'VBD', 'VBN'}",False,restor
restraint,1,1.041710071252969e-05,16.5506866718375,9,NN,n,1,{'n'},1,{'NN'},False,restraint
rests,1,1.041710071252969e-05,16.5506866718375,5,VBZ,v,1,{'v'},1,{'VBZ'},False,rest
result,1,1.041710071252969e-05,16.5506866718375,6,NN,n,1,{'n'},1,{'NN'},False,result
results,4,4.166840285011876e-05,14.550686671837498,7,NNS,n,1,{'n'},1,{'NNS'},False,result
retainers,1,1.041710071252969e-05,16.5506866718375,9,NNS,n,1,{'n'},1,{'NNS'},False,retain
retiring,2,2.083420142505938e-05,15.550686671837498,8,VBG,v,1,{'v'},1,{'VBG'},False,retir
retractable,1,1.041710071252969e-05,16.5506866718375,11,JJ,j,1,{'j'},1,{'JJ'},False,retract
retracts,1,1.041710071252969e-05,16.5506866718375,8,VBZ,v,1,{'v'},1,{'VBZ'},False,retract
retreat,3,3.1251302137589066e-05,14.965724171116342,7,NN,n,2,"{'n', 'v'}",2,"{'VB', 'NN'}",False,retreat
return,53,0.0005521063377640735,10.8227662172743,6,VB,v,2,"{'n', 'v'}",4,"{'VB', 'VBP', 'NN', 'NNP'}",False,return
returned,6,6.250260427517813e-05,13.965724171116342,8,VBD,v,1,{'v'},2,"{'VBD', 'VBN'}",False,return
returning,5,5.208550356264844e-05,14.228758576950137,9,VBG,v,1,{'v'},1,{'VBG'},False,return
returns,2,2.083420142505938e-05,15.550686671837498,7,NNS,n,2,"{'n', 'v'}",2,"{'VBZ', 'NNS'}",False,return
reveal,1,1.041710071252969e-05,16.5506866718375,6,VB,v,1,{'v'},1,{'VB'},False,reveal
revenge,4,4.166840285011876e-05,14.550686671837498,7,NN,n,2,"{'n', 'v'}",2,"{'VB', 'NN'}",False,reveng
revert,4,4.166840285011876e-05,14.550686671837498,6,NN,n,1,{'n'},2,"{'NN', 'NNP'}",False,revert
reviewed,1,1.041710071252969e-05,16.5506866718375,8,VBN,v,1,{'v'},1,{'VBN'},False,review
revive,4,4.166840285011876e-05,14.550686671837498,6,VB,v,1,{'v'},1,{'VB'},False,reviv
revived,4,4.166840285011876e-05,14.550686671837498,7,VBN,v,1,{'v'},2,"{'VBD', 'VBN'}",False,reviv
revives,1,1.041710071252969e-05,16.5506866718375,7,VBZ,v,1,{'v'},1,{'VBZ'},False,reviv
reviving,2,2.083420142505938e-05,15.550686671837498,8,VBG,v,1,{'v'},1,{'VBG'},False,reviv
revolting,1,1.041710071252969e-05,16.5506866718375,9,VBG,v,1,{'v'},1,{'VBG'},False,revolt
reward,2,2.083420142505938e-05,15.550686671837498,6,NN,n,2,"{'n', 'v'}",2,"{'VBD', 'NN'}",False,reward
rheumatism,1,1.041710071252969e-05,16.5506866718375,10,NN,n,1,{'n'},1,{'NN'},False,rheumat
rhymes,1,1.041710071252969e-05,16.5506866718375,6,NN,n,1,{'n'},1,{'NN'},False,rhyme
rib,1,1.041710071252969e-05,16.5506866718375,3,NN,n,1,{'n'},1,{'NN'},False,rib
ribs,1,1.041710071252969e-05,16.5506866718375,4,NN,n,1,{'n'},1,{'NN'},False,rib
rice,26,0.0002708446185257719,11.850246953696406,4,NN,n,1,{'n'},1,{'NN'},False,rice
riceporridge,1,1.041710071252969e-05,16.5506866718375,12,NN,n,1,{'n'},1,{'NN'},False,riceporridg
ricesoup,1,1.041710071252969e-05,16.5506866718375,8,NN,n,1,{'n'},1,{'NN'},False,ricesoup
rich,10,0.00010417100712529688,13.228758576950137,4,JJ,j,1,{'j'},1,{'JJ'},False,rich
rid,7,7.291970498770782e-05,13.743331749779895,3,JJ,j,2,"{'n', 'j'}",2,"{'JJ', 'NNS'}",False,rid
riddle,1,1.041710071252969e-05,16.5506866718375,6,NN,n,1,{'n'},1,{'NN'},False,riddl
riddled,1,1.041710071252969e-05,16.5506866718375,7,VBN,v,1,{'v'},1,{'VBN'},False,riddl
ride,7,7.291970498770782e-05,13.743331749779895,4,VB,v,2,"{'n', 'v'}",3,"{'VB', 'VBP', 'NN'}",False,ride
ridiculous,5,5.208550356264844e-05,14.228758576950137,10,JJ,j,1,{'j'},1,{'JJ'},False,ridicul
riding,7,7.291970498770782e-05,13.743331749779895,6,VBG,v,1,{'v'},1,{'VBG'},False,ride
rie,7,7.291970498770782e-05,13.743331749779895,3,NNP,n,1,{'n'},1,{'NNP'},False,rie
riechan,7,7.291970498770782e-05,13.743331749779895,7,JJ,j,2,"{'n', 'j'}",2,"{'JJ', 'NNP'}",False,riechan
rig,1,1.041710071252969e-05,16.5506866718375,3,NN,n,1,{'n'},1,{'NN'},False,rig
right,340,0.0035418142422600943,8.141295735699797,5,RB,r,4,"{'n', 'j', 'r', 'v'}",6,"{'JJ', 'NN', 'NNP', 'VBP', 'RB', 'VB'}",False,right
rightful,1,1.041710071252969e-05,16.5506866718375,8,JJ,j,1,{'j'},1,{'JJ'},False,right
ring,3,3.1251302137589066e-05,14.965724171116342,4,NN,n,1,{'n'},1,{'NN'},False,ring
rings,1,1.041710071252969e-05,16.5506866718375,5,NNS,n,1,{'n'},1,{'NNS'},False,ring
riot,1,1.041710071252969e-05,16.5506866718375,4,NN,n,1,{'n'},1,{'NN'},False,riot
rip,3,3.1251302137589066e-05,14.965724171116342,3,VB,v,2,"{'n', 'v'}",2,"{'VB', 'NNP'}",False,rip
ripe,1,1.041710071252969e-05,16.5506866718375,4,JJ,j,1,{'j'},1,{'JJ'},False,ripe
ripped,2,2.083420142505938e-05,15.550686671837498,6,VBN,v,1,{'v'},1,{'VBN'},False,rip
rise,3,3.1251302137589066e-05,14.965724171116342,4,NN,n,1,{'n'},1,{'NN'},False,rise
rising,7,7.291970498770782e-05,13.743331749779895,6,VBG,v,2,"{'n', 'v'}",2,"{'VBG', 'NN'}",False,rise
risk,4,4.166840285011876e-05,14.550686671837498,4,VB,v,2,"{'n', 'v'}",2,"{'VB', 'NN'}",False,risk
risking,1,1.041710071252969e-05,16.5506866718375,7,VBG,v,1,{'v'},1,{'VBG'},False,risk
rites,1,1.041710071252969e-05,16.5506866718375,5,NNS,n,1,{'n'},1,{'NNS'},False,rite
river,18,0.0001875078128255344,12.380761670395186,5,NN,n,1,{'n'},2,"{'NN', 'NNP'}",False,river
riverbank,1,1.041710071252969e-05,16.5506866718375,9,NN,n,1,{'n'},1,{'NN'},False,riverbank
rivers,1,1.041710071252969e-05,16.5506866718375,6,NNS,n,1,{'n'},1,{'NNS'},False,river
riveting,1,1.041710071252969e-05,16.5506866718375,8,VBG,v,1,{'v'},1,{'VBG'},False,rivet
rivets,4,4.166840285011876e-05,14.550686671837498,6,NNS,n,1,{'n'},1,{'NNS'},False,rivet
ro,2,2.083420142505938e-05,15.550686671837498,2,NNP,n,1,{'n'},1,{'NNP'},False,ro
roaches,1,1.041710071252969e-05,16.5506866718375,7,NNS,n,1,{'n'},1,{'NNS'},False,roach
road,13,0.00013542230926288595,12.850246953696406,4,NN,n,1,{'n'},1,{'NN'},False,road
roads,2,2.083420142505938e-05,15.550686671837498,5,NNS,n,1,{'n'},1,{'NNS'},False,road
roadside,2,2.083420142505938e-05,15.550686671837498,8,NN,n,1,{'n'},1,{'NN'},False,roadsid
roamed,1,1.041710071252969e-05,16.5506866718375,6,VBD,v,1,{'v'},1,{'VBD'},False,roam
roast,2,2.083420142505938e-05,15.550686671837498,5,NN,n,2,"{'n', 'v'}",2,"{'VBD', 'NN'}",False,roast
roasted,2,2.083420142505938e-05,15.550686671837498,7,VBN,v,1,{'v'},1,{'VBN'},False,roast
rob,2,2.083420142505938e-05,15.550686671837498,3,VB,v,1,{'v'},2,"{'VB', 'VBP'}",False,rob
robbed,1,1.041710071252969e-05,16.5506866718375,6,VBN,v,1,{'v'},1,{'VBN'},False,rob
robe,9,9.37539064127672e-05,13.380761670395186,4,NN,n,1,{'n'},1,{'NN'},False,robe
robes,2,2.083420142505938e-05,15.550686671837498,5,NNS,n,1,{'n'},1,{'NNS'},False,robe
robot,14,0.00014583940997541563,12.743331749779895,5,NN,n,1,{'n'},1,{'NN'},False,robot
robots,2,2.083420142505938e-05,15.550686671837498,6,NNS,n,1,{'n'},1,{'NNS'},False,robot
robust,1,1.041710071252969e-05,16.5506866718375,6,JJ,j,1,{'j'},1,{'JJ'},False,robust
rock,5,5.208550356264844e-05,14.228758576950137,4,NN,n,1,{'n'},1,{'NN'},False,rock
rocket,1,1.041710071252969e-05,16.5506866718375,6,NN,n,1,{'n'},1,{'NN'},False,rocket
rocks,4,4.166840285011876e-05,14.550686671837498,5,NNS,n,1,{'n'},1,{'NNS'},False,rock
roger,1,1.041710071252969e-05,16.5506866718375,5,NN,n,1,{'n'},1,{'NN'},False,roger
roman,2,2.083420142505938e-05,15.550686671837498,5,NNP,n,1,{'n'},1,{'NNP'},False,roman
romance,1,1.041710071252969e-05,16.5506866718375,7,NN,n,1,{'n'},1,{'NN'},False,romanc
romantic,1,1.041710071252969e-05,16.5506866718375,8,JJ,j,1,{'j'},1,{'JJ'},False,romant
rome,1,1.041710071252969e-05,16.5506866718375,4,NNP,n,1,{'n'},1,{'NNP'},False,rome
romooska,1,1.041710071252969e-05,16.5506866718375,8,NNP,n,1,{'n'},1,{'NNP'},False,romooska
roof,5,5.208550356264844e-05,14.228758576950137,4,NN,n,1,{'n'},1,{'NN'},False,roof
room,32,0.00033334722280095006,11.550686671837498,4,NN,n,1,{'n'},2,"{'NN', 'NNP'}",False,room
rooms,4,4.166840285011876e-05,14.550686671837498,5,NNS,n,1,{'n'},1,{'NNS'},False,room
rooting,1,1.041710071252969e-05,16.5506866718375,7,VBG,v,1,{'v'},1,{'VBG'},False,root
roots,7,7.291970498770782e-05,13.743331749779895,5,NNS,n,1,{'n'},1,{'NNS'},False,root
rope,8,8.333680570023751e-05,13.550686671837498,4,NN,n,2,"{'n', 'v'}",2,"{'VB', 'NN'}",False,rope
ropes,1,1.041710071252969e-05,16.5506866718375,5,NNS,n,1,{'n'},1,{'NNS'},False,rope
rose,6,6.250260427517813e-05,13.965724171116342,4,VBD,v,1,{'v'},1,{'VBD'},False,rose
rosso,5,5.208550356264844e-05,14.228758576950137,5,NNP,n,1,{'n'},1,{'NNP'},False,rosso
rosy,1,1.041710071252969e-05,16.5506866718375,4,JJ,j,1,{'j'},1,{'JJ'},False,rosi
rot,1,1.041710071252969e-05,16.5506866718375,3,VB,v,1,{'v'},1,{'VB'},False,rot
rots,2,2.083420142505938e-05,15.550686671837498,4,NNS,n,2,"{'n', 'v'}",2,"{'VBZ', 'NNS'}",False,rot
rotten,3,3.1251302137589066e-05,14.965724171116342,6,VBP,v,2,"{'j', 'v'}",2,"{'JJ', 'VBP'}",False,rotten
rotting,2,2.083420142505938e-05,15.550686671837498,7,NN,n,2,"{'n', 'v'}",2,"{'VBG', 'NN'}",False,rot
rouge,3,3.1251302137589066e-05,14.965724171116342,5,NN,n,2,"{'n', 'j'}",2,"{'JJ', 'NN'}",False,roug
rough,3,3.1251302137589066e-05,14.965724171116342,5,JJ,j,1,{'j'},1,{'JJ'},False,rough
round,35,0.0003645985249385391,11.421403654892533,5,NN,n,2,"{'n', 'v'}",3,"{'VB', 'NN', 'NNP'}",False,round
rounded,1,1.041710071252969e-05,16.5506866718375,7,VBD,v,1,{'v'},1,{'VBD'},False,round
rounding,1,1.041710071252969e-05,16.5506866718375,8,VBG,v,1,{'v'},1,{'VBG'},False,round
rounds,1,1.041710071252969e-05,16.5506866718375,6,NNS,n,1,{'n'},1,{'NNS'},False,round
roving,1,1.041710071252969e-05,16.5506866718375,6,VBG,v,1,{'v'},1,{'VBG'},False,rove
rowdy,1,1.041710071252969e-05,16.5506866718375,5,JJ,j,1,{'j'},1,{'JJ'},False,rowdi
royal,7,7.291970498770782e-05,13.743331749779895,5,JJ,j,2,"{'n', 'j'}",2,"{'JJ', 'NN'}",False,royal
rub,3,3.1251302137589066e-05,14.965724171116342,3,VB,v,1,{'v'},1,{'VB'},False,rub
rubber,1,1.041710071252969e-05,16.5506866718375,6,JJ,j,1,{'j'},1,{'JJ'},False,rubber
rubbish,1,1.041710071252969e-05,16.5506866718375,7,JJ,j,1,{'j'},1,{'JJ'},False,rubbish
rubs,1,1.041710071252969e-05,16.5506866718375,4,VBZ,v,1,{'v'},1,{'VBZ'},False,rub
rudder,4,4.166840285011876e-05,14.550686671837498,6,NN,n,1,{'n'},1,{'NN'},False,rudder
rude,4,4.166840285011876e-05,14.550686671837498,4,JJ,j,2,"{'n', 'j'}",2,"{'JJ', 'NN'}",False,rude
rudimentary,1,1.041710071252969e-05,16.5506866718375,11,NN,n,1,{'n'},1,{'NN'},False,rudimentari
ruined,5,5.208550356264844e-05,14.228758576950137,6,VBD,v,1,{'v'},2,"{'VBD', 'VBN'}",False,ruin
rule,3,3.1251302137589066e-05,14.965724171116342,4,NN,n,1,{'n'},1,{'NN'},False,rule
rules,9,9.37539064127672e-05,13.380761670395186,5,NNS,n,1,{'n'},1,{'NNS'},False,rule
rumi,1,1.041710071252969e-05,16.5506866718375,4,NNP,n,1,{'n'},1,{'NNP'},False,rumi
rumor,2,2.083420142505938e-05,15.550686671837498,5,NN,n,1,{'n'},1,{'NN'},False,rumor
rumors,3,3.1251302137589066e-05,14.965724171116342,6,NNS,n,1,{'n'},1,{'NNS'},False,rumor
run,55,0.0005729405391891329,10.769326958312838,3,VB,v,2,"{'n', 'v'}",5,"{'NN', 'NNP', 'VBP', 'VB', 'VBN'}",False,run
rundown,1,1.041710071252969e-05,16.5506866718375,7,JJ,j,1,{'j'},1,{'JJ'},False,rundown
runner,2,2.083420142505938e-05,15.550686671837498,6,NN,n,1,{'n'},1,{'NN'},False,runner
running,14,0.00014583940997541563,12.743331749779895,7,VBG,v,2,"{'n', 'v'}",2,"{'VBG', 'NN'}",False,run
runs,3,3.1251302137589066e-05,14.965724171116342,4,VBZ,v,1,{'v'},1,{'VBZ'},False,run
runts,2,2.083420142505938e-05,15.550686671837498,5,NNS,n,2,"{'n', 'v'}",2,"{'VBP', 'NNS'}",False,runt
rural,2,2.083420142505938e-05,15.550686671837498,5,JJ,j,1,{'j'},1,{'JJ'},False,rural
rush,2,2.083420142505938e-05,15.550686671837498,4,NN,n,1,{'n'},1,{'NN'},False,rush
rushes,1,1.041710071252969e-05,16.5506866718375,6,VBZ,v,1,{'v'},1,{'VBZ'},False,rush
russia,1,1.041710071252969e-05,16.5506866718375,6,NNP,n,1,{'n'},1,{'NNP'},False,russia
rusting,1,1.041710071252969e-05,16.5506866718375,7,VBG,v,1,{'v'},1,{'VBG'},False,rust
ryoko,1,1.041710071252969e-05,16.5506866718375,5,NNP,n,1,{'n'},1,{'NNP'},False,ryoko
ryûtarô,4,4.166840285011876e-05,14.550686671837498,7,NNP,n,3,"{'n', 'j', 'r'}",3,"{'JJ', 'RB', 'NNP'}",False,ryûtarô
s,2344,0.02441768407016959,5.355929817415251,1,VBZ,v,5,"{'j', 'v', 'n', 'x', 'r'}",15,"{'CC', 'JJ', 'VBD', 'NN', 'NNP', 'VBZ', 'POS', 'VBP', 'PRP', 'NNS', 'MD', 'VB', 'RB', 'JJR', 'PDT'}",True,s
sabotaged,1,1.041710071252969e-05,16.5506866718375,9,VBD,v,1,{'v'},1,{'VBD'},False,sabotag
sack,1,1.041710071252969e-05,16.5506866718375,4,NN,n,1,{'n'},1,{'NN'},False,sack
sacred,4,4.166840285011876e-05,14.550686671837498,6,JJ,j,1,{'j'},1,{'JJ'},False,sacr
sacrifice,1,1.041710071252969e-05,16.5506866718375,9,NN,n,1,{'n'},1,{'NN'},False,sacrific
sacrificed,1,1.041710071252969e-05,16.5506866718375,10,VBD,v,1,{'v'},1,{'VBD'},False,sacrif
sad,6,6.250260427517813e-05,13.965724171116342,3,JJ,j,2,"{'n', 'j'}",2,"{'JJ', 'NN'}",False,sad
sadness,2,2.083420142505938e-05,15.550686671837498,7,NN,n,1,{'n'},1,{'NN'},False,sad
sado,5,5.208550356264844e-05,14.228758576950137,4,NNP,n,1,{'n'},1,{'NNP'},False,sado
safe,13,0.00013542230926288595,12.850246953696406,4,JJ,j,1,{'j'},1,{'JJ'},False,safe
safely,3,3.1251302137589066e-05,14.965724171116342,6,RB,r,1,{'r'},1,{'RB'},False,safe
safest,1,1.041710071252969e-05,16.5506866718375,6,NN,n,1,{'n'},1,{'NN'},False,safest
safety,1,1.041710071252969e-05,16.5506866718375,6,NN,n,1,{'n'},1,{'NN'},False,safeti
safflower,1,1.041710071252969e-05,16.5506866718375,9,NNP,n,1,{'n'},1,{'NNP'},False,safflow
safflowerdye,2,2.083420142505938e-05,15.550686671837498,12,JJ,j,1,{'j'},1,{'JJ'},False,safflowerdy
safflowers,1,1.041710071252969e-05,16.5506866718375,10,NNS,n,1,{'n'},1,{'NNS'},False,safflow
sagami,6,6.250260427517813e-05,13.965724171116342,6,NNP,n,1,{'n'},1,{'NNP'},False,sagami
sagi,1,1.041710071252969e-05,16.5506866718375,4,NNP,n,1,{'n'},1,{'NNP'},False,sagi
said,68,0.0007083628484520189,10.46322383058716,4,VBD,v,1,{'v'},1,{'VBD'},False,said
sail,3,3.1251302137589066e-05,14.965724171116342,4,NN,n,2,"{'n', 'v'}",2,"{'VBP', 'NN'}",False,sail
sailed,2,2.083420142505938e-05,15.550686671837498,6,VBD,v,1,{'v'},1,{'VBD'},False,sail
sailors,1,1.041710071252969e-05,16.5506866718375,7,NNS,n,1,{'n'},1,{'NNS'},False,sailor
sake,9,9.37539064127672e-05,13.380761670395186,4,NN,n,1,{'n'},2,"{'NN', 'NNP'}",False,sake
salary,1,1.041710071252969e-05,16.5506866718375,6,NN,n,1,{'n'},1,{'NN'},False,salari
sale,1,1.041710071252969e-05,16.5506866718375,4,NN,n,1,{'n'},1,{'NN'},False,sale
sales,1,1.041710071252969e-05,16.5506866718375,5,NNS,n,1,{'n'},1,{'NNS'},False,sale
salt,3,3.1251302137589066e-05,14.965724171116342,4,NN,n,1,{'n'},1,{'NN'},False,salt
salts,1,1.041710071252969e-05,16.5506866718375,5,NNS,n,1,{'n'},1,{'NNS'},False,salt
sama,1,1.041710071252969e-05,16.5506866718375,4,NN,n,1,{'n'},1,{'NN'},False,sama
same,30,0.00031251302137589064,11.64379607622898,4,JJ,j,2,"{'n', 'j'}",3,"{'JJ', 'NN', 'NNP'}",True,same
samurai,15,0.00015625651068794532,12.64379607622898,7,NN,n,2,"{'n', 'v'}",3,"{'VBD', 'NNS', 'NN'}",False,samurai
san,21,0.00021875911496312345,12.158369249058739,3,NNP,n,1,{'n'},1,{'NNP'},False,san
sanatorium,3,3.1251302137589066e-05,14.965724171116342,10,NN,n,1,{'n'},1,{'NN'},False,sanatorium
sanctuary,1,1.041710071252969e-05,16.5506866718375,9,NN,n,1,{'n'},1,{'NN'},False,sanctuari
sand,6,6.250260427517813e-05,13.965724171116342,4,NN,n,1,{'n'},1,{'NN'},False,sand
sandal,3,3.1251302137589066e-05,14.965724171116342,6,NN,n,1,{'n'},1,{'NN'},False,sandal
sandals,1,1.041710071252969e-05,16.5506866718375,7,NNS,n,1,{'n'},1,{'NNS'},False,sandal
sandra,1,1.041710071252969e-05,16.5506866718375,6,NNP,n,1,{'n'},1,{'NNP'},False,sandra
sang,2,2.083420142505938e-05,15.550686671837498,4,VBD,v,1,{'v'},1,{'VBD'},False,sang
santa,1,1.041710071252969e-05,16.5506866718375,5,NNP,n,1,{'n'},1,{'NNP'},False,santa
sanuki,2,2.083420142505938e-05,15.550686671837498,6,NNP,n,1,{'n'},1,{'NNP'},False,sanuki
sap,1,1.041710071252969e-05,16.5506866718375,3,VB,v,1,{'v'},1,{'VB'},False,sap
sarah,1,1.041710071252969e-05,16.5506866718375,5,NNP,n,1,{'n'},1,{'NNP'},False,sarah
sasuke,7,7.291970498770782e-05,13.743331749779895,6,NN,n,1,{'n'},2,"{'NN', 'NNP'}",False,sasuk
sat,1,1.041710071252969e-05,16.5506866718375,3,VBD,v,1,{'v'},1,{'VBD'},False,sat
satellites,1,1.041710071252969e-05,16.5506866718375,10,NNS,n,1,{'n'},1,{'NNS'},False,satellit
satisfied,4,4.166840285011876e-05,14.550686671837498,9,VBN,v,1,{'v'},1,{'VBN'},False,satisfi
satomi,5,5.208550356264844e-05,14.228758576950137,6,NNP,n,1,{'n'},1,{'NNP'},False,satomi
satsuke,1,1.041710071252969e-05,16.5506866718375,7,NNP,n,1,{'n'},1,{'NNP'},False,satsuk
satsuki,25,0.00026042751781324224,11.906830482062773,7,NNP,n,2,"{'n', 'j'}",3,"{'JJ', 'NN', 'NNP'}",False,satsuki
satsukichan,2,2.083420142505938e-05,15.550686671837498,11,MD,n,2,"{'n', 'x'}",2,"{'MD', 'NN'}",False,satsukichan
saturday,2,2.083420142505938e-05,15.550686671837498,8,NNP,n,1,{'n'},1,{'NNP'},False,saturday
saturdays,1,1.041710071252969e-05,16.5506866718375,9,NNP,n,1,{'n'},1,{'NNP'},False,saturday
sauces,1,1.041710071252969e-05,16.5506866718375,6,NNS,n,1,{'n'},1,{'NNS'},False,sauc
saucy,1,1.041710071252969e-05,16.5506866718375,5,NN,n,1,{'n'},1,{'NN'},False,sauci
save,26,0.0002708446185257719,11.850246953696406,4,VB,v,2,"{'n', 'v'}",3,"{'VB', 'VBP', 'NNP'}",False,save
saved,23,0.00023959331638818285,12.027124715780486,5,VBD,v,1,{'v'},2,"{'VBD', 'VBN'}",False,save
saver,1,1.041710071252969e-05,16.5506866718375,5,NN,n,1,{'n'},1,{'NN'},False,saver
saving,9,9.37539064127672e-05,13.380761670395186,6,VBG,v,1,{'v'},1,{'VBG'},False,save
savings,1,1.041710071252969e-05,16.5506866718375,7,NNS,n,1,{'n'},1,{'NNS'},False,save
saw,33,0.0003437643235134797,11.506292552479046,3,VBD,v,1,{'v'},1,{'VBD'},False,saw
say,102,0.0010625442726780283,9.878261329866003,3,VBP,v,2,"{'n', 'v'}",3,"{'VB', 'VBP', 'NNP'}",False,say
saying,23,0.00023959331638818285,12.027124715780486,6,VBG,v,2,"{'n', 'v'}",2,"{'VBG', 'NN'}",False,say
sayings,1,1.041710071252969e-05,16.5506866718375,7,NNS,n,1,{'n'},1,{'NNS'},False,say
says,24,0.00025001041710071253,11.965724171116342,4,VBZ,v,1,{'v'},2,"{'VBZ', 'VBD'}",False,say
scandals,1,1.041710071252969e-05,16.5506866718375,8,NNS,n,1,{'n'},1,{'NNS'},False,scandal
scar,1,1.041710071252969e-05,16.5506866718375,4,NN,n,1,{'n'},1,{'NN'},False,scar
scarce,3,3.1251302137589066e-05,14.965724171116342,6,NN,n,2,"{'n', 'j'}",2,"{'JJ', 'NN'}",False,scarc
scare,2,2.083420142505938e-05,15.550686671837498,5,VB,v,1,{'v'},2,"{'VB', 'VBP'}",False,scare
scarecrow,3,3.1251302137589066e-05,14.965724171116342,9,NN,n,1,{'n'},1,{'NN'},False,scarecrow
scared,24,0.00025001041710071253,11.965724171116342,6,VBN,v,2,"{'j', 'v'}",3,"{'VBD', 'JJ', 'VBN'}",False,scare
scaredycat,1,1.041710071252969e-05,16.5506866718375,10,JJ,j,1,{'j'},1,{'JJ'},False,scaredycat
scariest,1,1.041710071252969e-05,16.5506866718375,8,JJS,j,1,{'j'},1,{'JJS'},False,scariest
scaring,2,2.083420142505938e-05,15.550686671837498,7,VBG,v,1,{'v'},1,{'VBG'},False,scare
scary,13,0.00013542230926288595,12.850246953696406,5,JJ,j,2,"{'n', 'j'}",2,"{'JJ', 'NN'}",False,scari
scarylooking,1,1.041710071252969e-05,16.5506866718375,12,JJ,j,1,{'j'},1,{'JJ'},False,scarylook
scatter,1,1.041710071252969e-05,16.5506866718375,7,VB,v,1,{'v'},1,{'VB'},False,scatter
scattered,1,1.041710071252969e-05,16.5506866718375,9,VBN,v,1,{'v'},1,{'VBN'},False,scatter
scattering,1,1.041710071252969e-05,16.5506866718375,10,VBG,v,1,{'v'},1,{'VBG'},False,scatter
scenario,1,1.041710071252969e-05,16.5506866718375,8,NN,n,1,{'n'},1,{'NN'},False,scenario
scene,1,1.041710071252969e-05,16.5506866718375,5,NN,n,1,{'n'},1,{'NN'},False,scene
scenery,2,2.083420142505938e-05,15.550686671837498,7,NN,n,1,{'n'},1,{'NN'},False,sceneri
scent,1,1.041710071252969e-05,16.5506866718375,5,NN,n,1,{'n'},1,{'NN'},False,scent
schedule,1,1.041710071252969e-05,16.5506866718375,8,NN,n,1,{'n'},1,{'NN'},False,schedul
schneider,2,2.083420142505938e-05,15.550686671837498,9,NNP,n,1,{'n'},1,{'NNP'},False,schneider
school,40,0.00041668402850118753,11.228758576950137,6,NN,n,1,{'n'},2,"{'NN', 'NNP'}",False,school
schubert,1,1.041710071252969e-05,16.5506866718375,8,NNP,n,1,{'n'},1,{'NNP'},False,schubert
science,4,4.166840285011876e-05,14.550686671837498,7,NN,n,2,"{'n', 'v'}",2,"{'VB', 'NN'}",False,scienc
scientific,1,1.041710071252969e-05,16.5506866718375,10,JJ,j,1,{'j'},1,{'JJ'},False,scientif
scientists,1,1.041710071252969e-05,16.5506866718375,10,NNS,n,1,{'n'},1,{'NNS'},False,scientist
scissors,2,2.083420142505938e-05,15.550686671837498,8,NNS,n,1,{'n'},1,{'NNS'},False,scissor
scold,1,1.041710071252969e-05,16.5506866718375,5,VB,v,1,{'v'},1,{'VB'},False,scold
scolded,1,1.041710071252969e-05,16.5506866718375,7,VBN,v,1,{'v'},1,{'VBN'},False,scold
scolding,1,1.041710071252969e-05,16.5506866718375,8,NN,n,1,{'n'},1,{'NN'},False,scold
scorch,1,1.041710071252969e-05,16.5506866718375,6,NNP,n,1,{'n'},1,{'NNP'},False,scorch
scorching,1,1.041710071252969e-05,16.5506866718375,9,VBG,v,1,{'v'},1,{'VBG'},False,scorch
score,4,4.166840285011876e-05,14.550686671837498,5,NN,n,1,{'n'},1,{'NN'},False,score
scorned,1,1.041710071252969e-05,16.5506866718375,7,VBN,v,1,{'v'},1,{'VBN'},False,scorn
scorpion,1,1.041710071252969e-05,16.5506866718375,8,NNP,n,1,{'n'},1,{'NNP'},False,scorpion
scrambled,1,1.041710071252969e-05,16.5506866718375,9,VBD,v,1,{'v'},1,{'VBD'},False,scrambl
scrap,1,1.041710071252969e-05,16.5506866718375,5,JJ,j,1,{'j'},1,{'JJ'},False,scrap
scraps,1,1.041710071252969e-05,16.5506866718375,6,NNS,n,1,{'n'},1,{'NNS'},False,scrap
scratch,1,1.041710071252969e-05,16.5506866718375,7,NN,n,1,{'n'},1,{'NN'},False,scratch
scratched,1,1.041710071252969e-05,16.5506866718375,9,VBN,v,1,{'v'},1,{'VBN'},False,scratch
scream,2,2.083420142505938e-05,15.550686671837498,6,NN,n,1,{'n'},1,{'NN'},False,scream
screamed,1,1.041710071252969e-05,16.5506866718375,8,VBD,v,1,{'v'},1,{'VBD'},False,scream
screen,1,1.041710071252969e-05,16.5506866718375,6,NN,n,1,{'n'},1,{'NN'},False,screen
screws,1,1.041710071252969e-05,16.5506866718375,6,NNS,n,1,{'n'},1,{'NNS'},False,screw
scrub,3,3.1251302137589066e-05,14.965724171116342,5,NN,n,2,"{'n', 'v'}",2,"{'VB', 'NN'}",False,scrub
scum,1,1.041710071252969e-05,16.5506866718375,4,NN,n,1,{'n'},1,{'NN'},False,scum
scuse,1,1.041710071252969e-05,16.5506866718375,5,IN,x,1,{'x'},1,{'IN'},False,scuse
se,3,3.1251302137589066e-05,14.965724171116342,2,NN,n,1,{'n'},1,{'NN'},False,se
sea,35,0.0003645985249385391,11.421403654892533,3,NN,n,2,"{'n', 'v'}",3,"{'VB', 'NN', 'NNP'}",False,sea
seahorse,1,1.041710071252969e-05,16.5506866718375,8,NNP,n,1,{'n'},1,{'NNP'},False,seahors
seal,15,0.00015625651068794532,12.64379607622898,4,NN,n,1,{'n'},1,{'NN'},False,seal
seaplane,1,1.041710071252969e-05,16.5506866718375,8,NN,n,1,{'n'},1,{'NN'},False,seaplan
search,6,6.250260427517813e-05,13.965724171116342,6,NN,n,2,"{'n', 'v'}",2,"{'VB', 'NN'}",False,search
searched,4,4.166840285011876e-05,14.550686671837498,8,VBD,v,1,{'v'},2,"{'VBD', 'VBN'}",False,search
searching,5,5.208550356264844e-05,14.228758576950137,9,VBG,v,1,{'v'},1,{'VBG'},False,search
seaside,3,3.1251302137589066e-05,14.965724171116342,7,NN,n,2,"{'n', 'j'}",2,"{'JJ', 'NN'}",False,seasid
season,1,1.041710071252969e-05,16.5506866718375,6,NN,n,1,{'n'},1,{'NN'},False,season
seasons,1,1.041710071252969e-05,16.5506866718375,7,NNS,n,1,{'n'},1,{'NNS'},False,season
seat,9,9.37539064127672e-05,13.380761670395186,4,NN,n,1,{'n'},1,{'NN'},False,seat
seatbelt,2,2.083420142505938e-05,15.550686671837498,8,NN,n,1,{'n'},2,"{'NN', 'NNP'}",False,seatbelt
seats,1,1.041710071252969e-05,16.5506866718375,5,NNS,n,1,{'n'},1,{'NNS'},False,seat
seaworthy,1,1.041710071252969e-05,16.5506866718375,9,JJ,j,1,{'j'},1,{'JJ'},False,seaworthi
second,21,0.00021875911496312345,12.158369249058739,6,JJ,j,1,{'j'},1,{'JJ'},False,second
seconds,10,0.00010417100712529688,13.228758576950137,7,NNS,n,1,{'n'},1,{'NNS'},False,second
secret,26,0.0002708446185257719,11.850246953696406,6,JJ,j,2,"{'n', 'j'}",2,"{'JJ', 'NN'}",False,secret
secretly,1,1.041710071252969e-05,16.5506866718375,8,RB,r,1,{'r'},1,{'RB'},False,secretli
secrets,1,1.041710071252969e-05,16.5506866718375,7,NNS,n,1,{'n'},1,{'NNS'},False,secret
section,5,5.208550356264844e-05,14.228758576950137,7,NN,n,1,{'n'},1,{'NN'},False,section
seduce,1,1.041710071252969e-05,16.5506866718375,6,VBP,v,1,{'v'},1,{'VBP'},False,seduc
see,228,0.002375098962456769,8.717796657672757,3,VB,v,2,"{'n', 'v'}",4,"{'VB', 'VBP', 'NN', 'NNP'}",False,see
seeds,3,3.1251302137589066e-05,14.965724171116342,5,NNS,n,1,{'n'},1,{'NNS'},False,seed
seeing,9,9.37539064127672e-05,13.380761670395186,6,VBG,v,2,"{'n', 'v'}",2,"{'VBG', 'NN'}",False,see
seek,2,2.083420142505938e-05,15.550686671837498,4,VB,v,1,{'v'},2,"{'VB', 'VBP'}",False,seek
seem,13,0.00013542230926288595,12.850246953696406,4,VBP,v,1,{'v'},2,"{'VB', 'VBP'}",False,seem
seemed,8,8.333680570023751e-05,13.550686671837498,6,VBD,v,1,{'v'},3,"{'VBD', 'VBN', 'VBP'}",False,seem
seems,24,0.00025001041710071253,11.965724171116342,5,VBZ,v,2,"{'n', 'v'}",3,"{'VBZ', 'NNS', 'NNP'}",False,seem
seen,30,0.00031251302137589064,11.64379607622898,4,VBN,v,1,{'v'},1,{'VBN'},False,seen
sees,6,6.250260427517813e-05,13.965724171116342,4,VBZ,v,2,"{'n', 'v'}",2,"{'VBZ', 'NNS'}",False,see
seethrough,2,2.083420142505938e-05,15.550686671837498,10,JJ,j,1,{'j'},1,{'JJ'},False,seethrough
seita,6,6.250260427517813e-05,13.965724171116342,5,NNP,n,1,{'n'},1,{'NNP'},False,seita
seitakun,1,1.041710071252969e-05,16.5506866718375,8,NNP,n,1,{'n'},1,{'NNP'},False,seitakun
seitasan,9,9.37539064127672e-05,13.380761670395186,8,NNP,n,2,"{'n', 'j'}",2,"{'JJ', 'NNP'}",False,seitasan
seizaemon,1,1.041710071252969e-05,16.5506866718375,9,NNP,n,1,{'n'},1,{'NNP'},False,seizaemon
selection,1,1.041710071252969e-05,16.5506866718375,9,NN,n,1,{'n'},1,{'NN'},False,select
self,3,3.1251302137589066e-05,14.965724171116342,4,NN,n,1,{'n'},1,{'NN'},False,self
selfish,7,7.291970498770782e-05,13.743331749779895,7,JJ,j,1,{'j'},1,{'JJ'},False,selfish
selfpropelled,1,1.041710071252969e-05,16.5506866718375,13,JJ,j,1,{'j'},1,{'JJ'},False,selfpropel
sell,5,5.208550356264844e-05,14.228758576950137,4,VB,v,1,{'v'},2,"{'VB', 'VBP'}",False,sell
seminar,1,1.041710071252969e-05,16.5506866718375,7,NN,n,1,{'n'},1,{'NN'},False,seminar
sen,59,0.0006146089420392516,10.668043622475658,3,NNP,n,2,"{'n', 'j'}",3,"{'JJ', 'NN', 'NNP'}",False,sen
senba,2,2.083420142505938e-05,15.550686671837498,5,NNP,n,1,{'n'},1,{'NNP'},False,senba
senbiki,1,1.041710071252969e-05,16.5506866718375,7,NNP,n,1,{'n'},1,{'NNP'},False,senbiki
send,16,0.00016667361140047503,12.550686671837498,4,VB,v,2,"{'n', 'v'}",2,"{'VB', 'NNP'}",False,send
sending,1,1.041710071252969e-05,16.5506866718375,7,VBG,v,1,{'v'},1,{'VBG'},False,send
sends,1,1.041710071252969e-05,16.5506866718375,5,VBZ,v,1,{'v'},1,{'VBZ'},False,send
senior,5,5.208550356264844e-05,14.228758576950137,6,JJ,j,1,{'j'},1,{'JJ'},False,senior
sense,4,4.166840285011876e-05,14.550686671837498,5,NN,n,1,{'n'},1,{'NN'},False,sens
sensei,3,3.1251302137589066e-05,14.965724171116342,6,NNP,n,1,{'n'},2,"{'NN', 'NNP'}",False,sensei
senseless,1,1.041710071252969e-05,16.5506866718375,9,NN,n,1,{'n'},1,{'NN'},False,senseless
senses,1,1.041710071252969e-05,16.5506866718375,6,NNS,n,1,{'n'},1,{'NNS'},False,sens
sensitive,3,3.1251302137589066e-05,14.965724171116342,9,JJ,j,1,{'j'},1,{'JJ'},False,sensit
sent,9,9.37539064127672e-05,13.380761670395186,4,VBD,v,1,{'v'},2,"{'VBD', 'VBN'}",False,sent
sentiments,1,1.041710071252969e-05,16.5506866718375,10,NNS,n,1,{'n'},1,{'NNS'},False,sentiment
separate,2,2.083420142505938e-05,15.550686671837498,8,JJ,j,2,"{'j', 'v'}",2,"{'JJ', 'VB'}",False,separ
separated,1,1.041710071252969e-05,16.5506866718375,9,VBN,v,1,{'v'},1,{'VBN'},False,separ
september,1,1.041710071252969e-05,16.5506866718375,9,NNP,n,1,{'n'},1,{'NNP'},False,septemb
series,1,1.041710071252969e-05,16.5506866718375,6,NN,n,1,{'n'},1,{'NN'},False,seri
serious,16,0.00016667361140047503,12.550686671837498,7,JJ,j,1,{'j'},1,{'JJ'},False,seriou
seriously,1,1.041710071252969e-05,16.5506866718375,9,RB,r,1,{'r'},1,{'RB'},False,serious
seriousness,1,1.041710071252969e-05,16.5506866718375,11,NN,n,1,{'n'},1,{'NN'},False,serious
serve,9,9.37539064127672e-05,13.380761670395186,5,VB,v,2,"{'n', 'v'}",4,"{'VB', 'VBP', 'NN', 'NNP'}",False,serv
serves,2,2.083420142505938e-05,15.550686671837498,6,NNS,n,2,"{'n', 'v'}",2,"{'VBZ', 'NNS'}",False,serv
service,8,8.333680570023751e-05,13.550686671837498,7,NN,n,1,{'n'},1,{'NN'},False,servic
set,17,0.0001770907121130047,12.46322383058716,3,VB,v,2,"{'n', 'v'}",4,"{'VB', 'VBN', 'VBP', 'NNP'}",False,set
setsuko,34,0.0003541814242260094,11.46322383058716,7,NNP,n,2,"{'n', 'x'}",3,"{'MD', 'NN', 'NNP'}",False,setsuko
settchan,10,0.00010417100712529688,13.228758576950137,8,NNP,n,2,"{'n', 'j'}",2,"{'JJ', 'NNP'}",False,settchan
setting,3,3.1251302137589066e-05,14.965724171116342,7,VBG,v,1,{'v'},1,{'VBG'},False,set
settings,1,1.041710071252969e-05,16.5506866718375,8,NNS,n,1,{'n'},1,{'NNS'},False,set
settle,10,0.00010417100712529688,13.228758576950137,6,VB,v,1,{'v'},1,{'VB'},False,settl
settled,3,3.1251302137589066e-05,14.965724171116342,7,VBN,v,1,{'v'},1,{'VBN'},False,settl
settling,1,1.041710071252969e-05,16.5506866718375,8,VBG,v,1,{'v'},1,{'VBG'},False,settl
setuko,1,1.041710071252969e-05,16.5506866718375,6,NNP,n,1,{'n'},1,{'NNP'},False,setuko
seven,5,5.208550356264844e-05,14.228758576950137,5,NNP,n,2,"{'n', 'x'}",2,"{'CD', 'NNP'}",False,seven
sever,1,1.041710071252969e-05,16.5506866718375,5,VB,v,1,{'v'},1,{'VB'},False,sever
several,1,1.041710071252969e-05,16.5506866718375,7,JJ,j,1,{'j'},1,{'JJ'},False,sever
severity,1,1.041710071252969e-05,16.5506866718375,8,NN,n,1,{'n'},1,{'NN'},False,sever
sewed,1,1.041710071252969e-05,16.5506866718375,5,VBD,v,1,{'v'},1,{'VBD'},False,sew
sex,2,2.083420142505938e-05,15.550686671837498,3,NN,n,1,{'n'},1,{'NN'},False,sex
sh,1,1.041710071252969e-05,16.5506866718375,2,NNP,n,1,{'n'},1,{'NNP'},False,sh
shabby,1,1.041710071252969e-05,16.5506866718375,6,NN,n,1,{'n'},1,{'NN'},False,shabbi
shade,1,1.041710071252969e-05,16.5506866718375,5,NN,n,1,{'n'},1,{'NN'},False,shade
shades,1,1.041710071252969e-05,16.5506866718375,6,NNS,n,1,{'n'},1,{'NNS'},False,shade
shadow,1,1.041710071252969e-05,16.5506866718375,6,NN,n,1,{'n'},1,{'NN'},False,shadow
shafts,2,2.083420142505938e-05,15.550686671837498,6,NNS,n,1,{'n'},1,{'NNS'},False,shaft
shake,4,4.166840285011876e-05,14.550686671837498,5,VB,v,1,{'v'},1,{'VB'},False,shake
shaken,1,1.041710071252969e-05,16.5506866718375,6,VBN,v,1,{'v'},1,{'VBN'},False,shaken
shaking,3,3.1251302137589066e-05,14.965724171116342,7,VBG,v,1,{'v'},1,{'VBG'},False,shake
shall,29,0.000302095920663361,11.692705676709927,5,MD,x,2,"{'n', 'x'}",2,"{'MD', 'NN'}",False,shall
shallow,2,2.083420142505938e-05,15.550686671837498,7,JJ,j,1,{'j'},1,{'JJ'},False,shallow
shameful,1,1.041710071252969e-05,16.5506866718375,8,JJ,j,1,{'j'},1,{'JJ'},False,shame
shamelessly,1,1.041710071252969e-05,16.5506866718375,11,RB,r,1,{'r'},1,{'RB'},False,shamelessli
shape,1,1.041710071252969e-05,16.5506866718375,5,NN,n,1,{'n'},1,{'NN'},False,shape
share,5,5.208550356264844e-05,14.228758576950137,5,NN,n,1,{'n'},1,{'NN'},False,share
sharing,1,1.041710071252969e-05,16.5506866718375,7,VBG,v,1,{'v'},1,{'VBG'},False,share
sharp,3,3.1251302137589066e-05,14.965724171116342,5,JJ,j,1,{'j'},1,{'JJ'},False,sharp
shave,1,1.041710071252969e-05,16.5506866718375,5,VB,v,1,{'v'},1,{'VB'},False,shave
shaved,1,1.041710071252969e-05,16.5506866718375,6,VBD,v,1,{'v'},1,{'VBD'},False,shave
shawl,2,2.083420142505938e-05,15.550686671837498,5,NN,n,1,{'n'},1,{'NN'},False,shawl
she,444,0.004625192716363182,7.756270805487393,3,PRP,x,1,{'x'},1,{'PRP'},True,she
shed,4,4.166840285011876e-05,14.550686671837498,4,JJ,v,2,"{'j', 'v'}",4,"{'JJ', 'VB', 'VBD', 'VBN'}",False,shed
sheer,2,2.083420142505938e-05,15.550686671837498,5,JJ,j,2,"{'n', 'j'}",2,"{'JJ', 'NN'}",False,sheer
sheesh,3,3.1251302137589066e-05,14.965724171116342,6,NNP,n,2,"{'n', 'j'}",2,"{'JJ', 'NNP'}",False,sheesh
sheet,2,2.083420142505938e-05,15.550686671837498,5,NN,n,1,{'n'},1,{'NN'},False,sheet
sheeta,66,0.0006875286470269594,10.506292552479046,6,NNP,n,2,"{'n', 'j'}",3,"{'JJ', 'NN', 'NNP'}",False,sheeta
sheets,1,1.041710071252969e-05,16.5506866718375,6,NNS,n,1,{'n'},1,{'NNS'},False,sheet
shell,7,7.291970498770782e-05,13.743331749779895,5,NN,n,2,"{'n', 'v'}",2,"{'VBP', 'NN'}",False,shell
shellfish,1,1.041710071252969e-05,16.5506866718375,9,JJ,j,1,{'j'},1,{'JJ'},False,shellfish
shells,2,2.083420142505938e-05,15.550686671837498,6,NNS,n,1,{'n'},1,{'NNS'},False,shell
shelter,10,0.00010417100712529688,13.228758576950137,7,NN,n,1,{'n'},1,{'NN'},False,shelter
shelterhole,5,5.208550356264844e-05,14.228758576950137,11,JJ,j,1,{'j'},1,{'JJ'},False,shelterhol
shelters,2,2.083420142505938e-05,15.550686671837498,8,NNS,n,1,{'n'},1,{'NNS'},False,shelter
sherlock,1,1.041710071252969e-05,16.5506866718375,8,NNP,n,1,{'n'},1,{'NNP'},False,sherlock
shh,1,1.041710071252969e-05,16.5506866718375,3,NN,n,1,{'n'},1,{'NN'},False,shh
shhh,2,2.083420142505938e-05,15.550686671837498,4,NN,n,1,{'n'},1,{'NN'},False,shhh
shhhhh,1,1.041710071252969e-05,16.5506866718375,6,NNP,n,1,{'n'},1,{'NNP'},False,shhhhh
shichikokuyama,6,6.250260427517813e-05,13.965724171116342,14,NNP,n,1,{'n'},2,"{'NN', 'NNP'}",False,shichikokuyama
shield,1,1.041710071252969e-05,16.5506866718375,6,VB,v,1,{'v'},1,{'VB'},False,shield
shielding,1,1.041710071252969e-05,16.5506866718375,9,VBG,v,1,{'v'},1,{'VBG'},False,shield
shields,1,1.041710071252969e-05,16.5506866718375,7,NNS,n,1,{'n'},1,{'NNS'},False,shield
shift,1,1.041710071252969e-05,16.5506866718375,5,NN,n,1,{'n'},1,{'NN'},False,shift
shifting,1,1.041710071252969e-05,16.5506866718375,8,VBG,v,1,{'v'},1,{'VBG'},False,shift
shikoku,15,0.00015625651068794532,12.64379607622898,7,NNP,n,1,{'n'},1,{'NNP'},False,shikoku
shimasu,2,2.083420142505938e-05,15.550686671837498,7,NN,n,1,{'n'},2,"{'NN', 'NNP'}",False,shimasu
shine,3,3.1251302137589066e-05,14.965724171116342,5,NN,n,1,{'n'},2,"{'NN', 'NNP'}",False,shine
shines,2,2.083420142505938e-05,15.550686671837498,6,VBZ,v,1,{'v'},1,{'VBZ'},False,shine
shining,4,4.166840285011876e-05,14.550686671837498,7,VBG,v,2,"{'n', 'v'}",2,"{'VBG', 'NNP'}",False,shine
ship,55,0.0005729405391891329,10.769326958312838,4,NN,n,2,"{'n', 'j'}",3,"{'JJ', 'NN', 'NNP'}",False,ship
shipnaming,2,2.083420142505938e-05,15.550686671837498,10,JJ,j,1,{'j'},1,{'JJ'},False,shipnam
ships,10,0.00010417100712529688,13.228758576950137,5,NNS,n,1,{'n'},1,{'NNS'},False,ship
shipshape,6,6.250260427517813e-05,13.965724171116342,9,NN,n,1,{'n'},1,{'NN'},False,shipshap
shirk,1,1.041710071252969e-05,16.5506866718375,5,VB,v,1,{'v'},1,{'VB'},False,shirk
shirkers,1,1.041710071252969e-05,16.5506866718375,8,NNS,n,1,{'n'},1,{'NNS'},False,shirker
shirt,2,2.083420142505938e-05,15.550686671837498,5,NN,n,1,{'n'},1,{'NN'},False,shirt
shirts,1,1.041710071252969e-05,16.5506866718375,6,NNS,n,1,{'n'},1,{'NNS'},False,shirt
shishigami,53,0.0005521063377640735,10.8227662172743,10,NNP,n,2,"{'n', 'j'}",3,"{'JJ', 'NN', 'NNP'}",False,shishigami
shishigamisama,7,7.291970498770782e-05,13.743331749779895,14,NNP,n,1,{'n'},2,"{'NN', 'NNP'}",False,shishigamisama
shishouren,2,2.083420142505938e-05,15.550686671837498,10,NNP,n,1,{'n'},1,{'NNP'},False,shishouren
shit,26,0.0002708446185257719,11.850246953696406,4,NN,n,1,{'n'},2,"{'NN', 'NNP'}",False,shit
shitakirisuzume,1,1.041710071252969e-05,16.5506866718375,15,NNP,n,1,{'n'},1,{'NNP'},False,shitakirisuzum
shock,1,1.041710071252969e-05,16.5506866718375,5,NN,n,1,{'n'},1,{'NN'},False,shock
shocked,1,1.041710071252969e-05,16.5506866718375,7,VBN,v,1,{'v'},1,{'VBN'},False,shock
shoe,2,2.083420142505938e-05,15.550686671837498,4,NN,n,1,{'n'},1,{'NN'},False,shoe
shoes,8,8.333680570023751e-05,13.550686671837498,5,NNS,n,1,{'n'},1,{'NNS'},False,shoe
shoguns,1,1.041710071252969e-05,16.5506866718375,7,NNP,n,1,{'n'},1,{'NNP'},False,shogun
shoo,3,3.1251302137589066e-05,14.965724171116342,4,NN,n,1,{'n'},2,"{'NN', 'NNP'}",False,shoo
shook,1,1.041710071252969e-05,16.5506866718375,5,VBD,v,1,{'v'},1,{'VBD'},False,shook
shoot,28,0.00029167881995083127,11.743331749779895,5,NN,v,2,"{'n', 'v'}",5,"{'VBD', 'NN', 'NNP', 'VBP', 'VB'}",False,shoot
shooting,2,2.083420142505938e-05,15.550686671837498,8,JJ,j,2,"{'n', 'j'}",2,"{'JJ', 'NN'}",False,shoot
shoots,3,3.1251302137589066e-05,14.965724171116342,6,NNS,n,1,{'n'},1,{'NNS'},False,shoot
shop,23,0.00023959331638818285,12.027124715780486,4,NN,n,2,"{'n', 'v'}",2,"{'VB', 'NN'}",False,shop
shoplady,1,1.041710071252969e-05,16.5506866718375,8,JJ,j,1,{'j'},1,{'JJ'},False,shopladi
shopping,2,2.083420142505938e-05,15.550686671837498,8,NN,n,1,{'n'},1,{'NN'},False,shop
shore,2,2.083420142505938e-05,15.550686671837498,5,NN,n,2,"{'n', 'v'}",2,"{'VB', 'NN'}",False,shore
short,7,7.291970498770782e-05,13.743331749779895,5,JJ,j,1,{'j'},1,{'JJ'},False,short
shortage,1,1.041710071252969e-05,16.5506866718375,8,NN,n,1,{'n'},1,{'NN'},False,shortag
shortcut,2,2.083420142505938e-05,15.550686671837498,8,NN,n,1,{'n'},1,{'NN'},False,shortcut
shorts,1,1.041710071252969e-05,16.5506866718375,6,NNS,n,1,{'n'},1,{'NNS'},False,short
shot,6,6.250260427517813e-05,13.965724171116342,4,NN,v,2,"{'n', 'v'}",4,"{'VBD', 'VBN', 'NN', 'VBP'}",False,shot
shots,2,2.083420142505938e-05,15.550686671837498,5,NNS,n,1,{'n'},1,{'NNS'},False,shot
shoujou,6,6.250260427517813e-05,13.965724171116342,7,NNP,n,2,"{'n', 'v'}",3,"{'VBP', 'NN', 'NNP'}",False,shoujou
should,119,0.0012396349847910329,9.655868908529555,6,MD,x,1,{'x'},1,{'MD'},True,should
shoulder,1,1.041710071252969e-05,16.5506866718375,8,NN,n,1,{'n'},1,{'NN'},False,shoulder
shouldn,4,4.166840285011876e-05,14.550686671837498,7,VBP,v,1,{'v'},1,{'VBP'},True,shouldn
shout,2,2.083420142505938e-05,15.550686671837498,5,NN,n,2,"{'n', 'v'}",2,"{'VB', 'NN'}",False,shout
shovel,1,1.041710071252969e-05,16.5506866718375,6,NN,n,1,{'n'},1,{'NN'},False,shovel
show,40,0.00041668402850118753,11.228758576950137,4,VB,v,2,"{'n', 'v'}",4,"{'VB', 'VBP', 'NN', 'NNP'}",False,show
showed,2,2.083420142505938e-05,15.550686671837498,6,VBD,v,1,{'v'},1,{'VBD'},False,show
shower,1,1.041710071252969e-05,16.5506866718375,6,NN,n,1,{'n'},1,{'NN'},False,shower
showing,7,7.291970498770782e-05,13.743331749779895,7,VBG,v,1,{'v'},1,{'VBG'},False,show
shown,2,2.083420142505938e-05,15.550686671837498,5,VBN,v,1,{'v'},1,{'VBN'},False,shown
showoff,2,2.083420142505938e-05,15.550686671837498,7,NN,n,1,{'n'},1,{'NN'},False,showoff
shows,3,3.1251302137589066e-05,14.965724171116342,5,NNS,n,2,"{'n', 'v'}",2,"{'VBZ', 'NNS'}",False,show
shrank,1,1.041710071252969e-05,16.5506866718375,6,NN,n,1,{'n'},1,{'NN'},False,shrank
shrine,8,8.333680570023751e-05,13.550686671837498,6,NNP,n,2,"{'n', 'v'}",3,"{'VBP', 'NN', 'NNP'}",False,shrine
shrines,3,3.1251302137589066e-05,14.965724171116342,7,NNS,n,1,{'n'},1,{'NNS'},False,shrine
shrink,1,1.041710071252969e-05,16.5506866718375,6,VB,v,1,{'v'},1,{'VB'},False,shrink
shrinking,2,2.083420142505938e-05,15.550686671837498,9,VBG,v,1,{'v'},1,{'VBG'},False,shrink
shrivelled,1,1.041710071252969e-05,16.5506866718375,10,JJ,j,1,{'j'},1,{'JJ'},False,shrivel
shrouded,1,1.041710071252969e-05,16.5506866718375,8,VBD,v,1,{'v'},1,{'VBD'},False,shroud
shuji,1,1.041710071252969e-05,16.5506866718375,5,NNP,n,1,{'n'},1,{'NNP'},False,shuji
shut,20,0.00020834201425059377,12.228758576950137,4,NNP,n,2,"{'n', 'v'}",3,"{'VBD', 'NN', 'NNP'}",False,shut
shutters,1,1.041710071252969e-05,16.5506866718375,8,NNS,n,1,{'n'},1,{'NNS'},False,shutter
shy,1,1.041710071252969e-05,16.5506866718375,3,JJ,j,1,{'j'},1,{'JJ'},False,shi
shōkichi,26,0.0002708446185257719,11.850246953696406,8,NNP,n,2,"{'n', 'j'}",3,"{'JJ', 'NN', 'NNP'}",False,shōkichi
sick,21,0.00021875911496312345,12.158369249058739,4,JJ,j,3,"{'n', 'j', 'v'}",4,"{'JJ', 'VB', 'VBP', 'NN'}",False,sick
sickness,2,2.083420142505938e-05,15.550686671837498,8,NN,n,1,{'n'},1,{'NN'},False,sick
side,36,0.0003750156256510688,11.380761670395186,4,NN,n,2,"{'n', 'v'}",3,"{'VBP', 'NN', 'NNP'}",False,side
sidedish,1,1.041710071252969e-05,16.5506866718375,8,JJ,j,1,{'j'},1,{'JJ'},False,sidedish
sides,3,3.1251302137589066e-05,14.965724171116342,5,NNS,n,1,{'n'},1,{'NNS'},False,side
siege,1,1.041710071252969e-05,16.5506866718375,5,NN,n,1,{'n'},1,{'NN'},False,sieg
sigh,1,1.041710071252969e-05,16.5506866718375,4,NNP,n,1,{'n'},1,{'NNP'},False,sigh
sighing,1,1.041710071252969e-05,16.5506866718375,7,VBG,v,1,{'v'},1,{'VBG'},False,sigh
sighs,2,2.083420142505938e-05,15.550686671837498,5,RB,r,2,"{'r', 'v'}",2,"{'VBZ', 'RB'}",False,sigh
sight,6,6.250260427517813e-05,13.965724171116342,5,NN,n,1,{'n'},1,{'NN'},False,sight
sighted,1,1.041710071252969e-05,16.5506866718375,7,VBD,v,1,{'v'},1,{'VBD'},False,sight
sights,3,3.1251302137589066e-05,14.965724171116342,6,NNS,n,1,{'n'},1,{'NNS'},False,sight
sightseeing,1,1.041710071252969e-05,16.5506866718375,11,VBG,v,1,{'v'},1,{'VBG'},False,sightse
sign,8,8.333680570023751e-05,13.550686671837498,4,NN,n,2,"{'n', 'v'}",3,"{'VB', 'NN', 'NNP'}",False,sign
signal,6,6.250260427517813e-05,13.965724171116342,6,NN,n,2,"{'n', 'v'}",3,"{'VB', 'NN', 'NNP'}",False,signal
signature,1,1.041710071252969e-05,16.5506866718375,9,NN,n,1,{'n'},1,{'NN'},False,signatur
signed,2,2.083420142505938e-05,15.550686671837498,6,VBD,v,1,{'v'},1,{'VBD'},False,sign
signing,1,1.041710071252969e-05,16.5506866718375,7,VBG,v,1,{'v'},1,{'VBG'},False,sign
signore,1,1.041710071252969e-05,16.5506866718375,7,NNP,n,1,{'n'},1,{'NNP'},False,signor
signs,1,1.041710071252969e-05,16.5506866718375,5,NNS,n,1,{'n'},1,{'NNS'},False,sign
silence,5,5.208550356264844e-05,14.228758576950137,7,NN,n,1,{'n'},1,{'NN'},False,silenc
silent,2,2.083420142505938e-05,15.550686671837498,6,JJ,j,1,{'j'},1,{'JJ'},False,silent
silly,4,4.166840285011876e-05,14.550686671837498,5,RB,r,2,"{'j', 'r'}",2,"{'JJ', 'RB'}",False,silli
silvana,1,1.041710071252969e-05,16.5506866718375,7,NNP,n,1,{'n'},1,{'NNP'},False,silvana
silver,6,6.250260427517813e-05,13.965724171116342,6,NN,n,2,"{'n', 'j'}",3,"{'JJ', 'NN', 'NNP'}",False,silver
similar,3,3.1251302137589066e-05,14.965724171116342,7,JJ,j,1,{'j'},1,{'JJ'},False,similar
similarities,2,2.083420142505938e-05,15.550686671837498,12,NNS,n,1,{'n'},1,{'NNS'},False,similar
simple,6,6.250260427517813e-05,13.965724171116342,6,JJ,j,2,"{'n', 'j'}",2,"{'JJ', 'NN'}",False,simpl
simpleton,2,2.083420142505938e-05,15.550686671837498,9,NN,n,1,{'n'},1,{'NN'},False,simpleton
simply,3,3.1251302137589066e-05,14.965724171116342,6,RB,r,1,{'r'},1,{'RB'},False,simpli
simultaneously,1,1.041710071252969e-05,16.5506866718375,14,RB,r,1,{'r'},1,{'RB'},False,simultan
sin,1,1.041710071252969e-05,16.5506866718375,3,NN,n,1,{'n'},1,{'NN'},False,sin
since,40,0.00041668402850118753,11.228758576950137,5,IN,x,1,{'x'},1,{'IN'},False,sinc
sing,10,0.00010417100712529688,13.228758576950137,4,VBG,v,2,"{'n', 'v'}",3,"{'VBG', 'VB', 'NN'}",False,sing
singing,3,3.1251302137589066e-05,14.965724171116342,7,VBG,v,2,"{'n', 'v'}",2,"{'VBG', 'NN'}",False,sing
single,10,0.00010417100712529688,13.228758576950137,6,JJ,j,1,{'j'},1,{'JJ'},False,singl
sink,9,9.37539064127672e-05,13.380761670395186,4,VB,v,2,"{'n', 'v'}",3,"{'VB', 'VBP', 'NN'}",False,sink
sinking,2,2.083420142505938e-05,15.550686671837498,7,VBG,v,1,{'v'},1,{'VBG'},False,sink
sip,1,1.041710071252969e-05,16.5506866718375,3,NN,n,1,{'n'},1,{'NN'},False,sip
sir,45,0.000468769532063836,11.058833575507824,3,NN,n,3,"{'n', 'j', 'v'}",4,"{'JJ', 'VB', 'NN', 'NNP'}",False,sir
sire,3,3.1251302137589066e-05,14.965724171116342,4,NNP,n,1,{'n'},1,{'NNP'},False,sire
siren,1,1.041710071252969e-05,16.5506866718375,5,NN,n,1,{'n'},1,{'NN'},False,siren
sirens,1,1.041710071252969e-05,16.5506866718375,6,NNS,n,1,{'n'},1,{'NNS'},False,siren
sirius,1,1.041710071252969e-05,16.5506866718375,6,NNP,n,1,{'n'},1,{'NNP'},False,siriu
sis,9,9.37539064127672e-05,13.380761670395186,3,NN,n,1,{'n'},2,"{'NN', 'NNP'}",False,si
sissy,2,2.083420142505938e-05,15.550686671837498,5,JJ,j,2,"{'n', 'j'}",2,"{'JJ', 'NN'}",False,sissi
sister,27,0.0002812617192383016,11.79579916967403,6,NN,n,2,"{'n', 'j'}",3,"{'JJ', 'NN', 'NNP'}",False,sister
sisters,5,5.208550356264844e-05,14.228758576950137,7,NNS,n,1,{'n'},1,{'NNS'},False,sister
sit,22,0.00022917621567565316,12.091255053200202,3,NNP,v,2,"{'n', 'v'}",5,"{'VBD', 'NN', 'NNP', 'VBP', 'VB'}",False,sit
site,5,5.208550356264844e-05,14.228758576950137,4,NN,n,1,{'n'},1,{'NN'},False,site
sites,4,4.166840285011876e-05,14.550686671837498,5,NNS,n,2,"{'n', 'v'}",2,"{'VBZ', 'NNS'}",False,site
sitting,4,4.166840285011876e-05,14.550686671837498,7,VBG,v,1,{'v'},1,{'VBG'},False,sit
situation,12,0.00012500520855035626,12.965724171116342,9,NN,n,1,{'n'},1,{'NN'},False,situat
situations,2,2.083420142505938e-05,15.550686671837498,10,NNS,n,1,{'n'},1,{'NNS'},False,situat
six,4,4.166840285011876e-05,14.550686671837498,3,CD,x,1,{'x'},1,{'CD'},False,six
sixth,5,5.208550356264844e-05,14.228758576950137,5,JJ,j,2,"{'n', 'j'}",3,"{'JJ', 'NN', 'NNP'}",False,sixth
sixty,1,1.041710071252969e-05,16.5506866718375,5,NN,n,1,{'n'},1,{'NN'},False,sixti
sizable,1,1.041710071252969e-05,16.5506866718375,7,JJ,j,1,{'j'},1,{'JJ'},False,sizabl
size,1,1.041710071252969e-05,16.5506866718375,4,NN,n,1,{'n'},1,{'NN'},False,size
skd,1,1.041710071252969e-05,16.5506866718375,3,NN,n,1,{'n'},1,{'NN'},False,skd
skier,2,2.083420142505938e-05,15.550686671837498,5,NN,n,1,{'n'},1,{'NN'},False,skier
skies,2,2.083420142505938e-05,15.550686671837498,5,NNS,n,1,{'n'},1,{'NNS'},False,sky
skiing,4,4.166840285011876e-05,14.550686671837498,6,VBG,v,1,{'v'},1,{'VBG'},False,ski
skill,1,1.041710071252969e-05,16.5506866718375,5,NN,n,1,{'n'},1,{'NN'},False,skill
skilled,4,4.166840285011876e-05,14.550686671837498,7,JJ,j,2,"{'j', 'v'}",2,"{'JJ', 'VBN'}",False,skill
skills,13,0.00013542230926288595,12.850246953696406,6,NNS,n,1,{'n'},1,{'NNS'},False,skill
skin,7,7.291970498770782e-05,13.743331749779895,4,NN,n,3,"{'n', 'j', 'v'}",3,"{'JJ', 'VB', 'NN'}",False,skin
skins,1,1.041710071252969e-05,16.5506866718375,5,NNS,n,1,{'n'},1,{'NNS'},False,skin
skip,6,6.250260427517813e-05,13.965724171116342,4,VB,v,1,{'v'},2,"{'VB', 'VBP'}",False,skip
skipping,2,2.083420142505938e-05,15.550686671837498,8,VBG,v,1,{'v'},1,{'VBG'},False,skip
skips,1,1.041710071252969e-05,16.5506866718375,5,NNS,n,1,{'n'},1,{'NNS'},False,skip
skirmish,1,1.041710071252969e-05,16.5506866718375,8,JJ,j,1,{'j'},1,{'JJ'},False,skirmish
skirt,1,1.041710071252969e-05,16.5506866718375,5,NN,n,1,{'n'},1,{'NN'},False,skirt
skirtpeeping,1,1.041710071252969e-05,16.5506866718375,12,JJ,j,1,{'j'},1,{'JJ'},False,skirtpeep
skirts,1,1.041710071252969e-05,16.5506866718375,6,NNS,n,1,{'n'},1,{'NNS'},False,skirt
skull,1,1.041710071252969e-05,16.5506866718375,5,NN,n,1,{'n'},1,{'NN'},False,skull
sky,22,0.00022917621567565316,12.091255053200202,3,NN,n,2,"{'n', 'j'}",3,"{'JJ', 'NN', 'NNP'}",False,sky
slack,1,1.041710071252969e-05,16.5506866718375,5,VB,v,1,{'v'},1,{'VB'},False,slack
slams,1,1.041710071252969e-05,16.5506866718375,5,JJ,j,1,{'j'},1,{'JJ'},False,slam
slated,1,1.041710071252969e-05,16.5506866718375,6,VBN,v,1,{'v'},1,{'VBN'},False,slate
slats,1,1.041710071252969e-05,16.5506866718375,5,NNS,n,1,{'n'},1,{'NNS'},False,slat
slaughter,3,3.1251302137589066e-05,14.965724171116342,9,NN,n,2,"{'n', 'v'}",3,"{'VB', 'NN', 'NNP'}",False,slaughter
slave,2,2.083420142505938e-05,15.550686671837498,5,NN,n,2,"{'n', 'v'}",2,"{'VBP', 'NN'}",False,slave
sleeking,1,1.041710071252969e-05,16.5506866718375,8,VBG,v,1,{'v'},1,{'VBG'},False,sleek
sleep,38,0.00039584982707612816,11.302759158393913,5,VB,v,3,"{'n', 'j', 'v'}",6,"{'JJ', 'VBD', 'NN', 'NNP', 'VBP', 'VB'}",False,sleep
sleeping,5,5.208550356264844e-05,14.228758576950137,8,VBG,v,2,"{'n', 'v'}",2,"{'VBG', 'NN'}",False,sleep
sleepy,2,2.083420142505938e-05,15.550686671837498,6,JJ,j,2,"{'j', 'v'}",2,"{'JJ', 'VBP'}",False,sleepi
slender,1,1.041710071252969e-05,16.5506866718375,7,NN,n,1,{'n'},1,{'NN'},False,slender
slept,1,1.041710071252969e-05,16.5506866718375,5,VBD,v,1,{'v'},1,{'VBD'},False,slept
slice,1,1.041710071252969e-05,16.5506866718375,5,VBP,v,1,{'v'},1,{'VBP'},False,slice
sliced,1,1.041710071252969e-05,16.5506866718375,6,VBD,v,1,{'v'},1,{'VBD'},False,slice
slices,2,2.083420142505938e-05,15.550686671837498,6,NNS,n,1,{'n'},1,{'NNS'},False,slice
slide,1,1.041710071252969e-05,16.5506866718375,5,NN,n,1,{'n'},1,{'NN'},False,slide
slip,4,4.166840285011876e-05,14.550686671837498,4,NN,n,2,"{'n', 'v'}",2,"{'VB', 'NN'}",False,slip
slipped,3,3.1251302137589066e-05,14.965724171116342,7,VBD,v,1,{'v'},1,{'VBD'},False,slip
slob,1,1.041710071252969e-05,16.5506866718375,4,NN,n,1,{'n'},1,{'NN'},False,slob
slouch,1,1.041710071252969e-05,16.5506866718375,6,VBP,v,1,{'v'},1,{'VBP'},False,slouch
slow,10,0.00010417100712529688,13.228758576950137,4,JJ,j,2,"{'j', 'v'}",3,"{'JJ', 'VB', 'VBP'}",False,slow
slowly,5,5.208550356264844e-05,14.228758576950137,6,RB,r,1,{'r'},1,{'RB'},False,slowli
slowpoke,1,1.041710071252969e-05,16.5506866718375,8,VBD,v,1,{'v'},1,{'VBD'},False,slowpok
sludge,1,1.041710071252969e-05,16.5506866718375,6,NN,n,1,{'n'},1,{'NN'},False,sludg
slug,4,4.166840285011876e-05,14.550686671837498,4,NN,n,1,{'n'},1,{'NN'},False,slug
slumps,1,1.041710071252969e-05,16.5506866718375,6,VBZ,v,1,{'v'},1,{'VBZ'},False,slump
sly,3,3.1251302137589066e-05,14.965724171116342,3,NNP,n,2,"{'n', 'r'}",2,"{'RB', 'NNP'}",False,sli
small,17,0.0001770907121130047,12.46322383058716,5,JJ,j,1,{'j'},1,{'JJ'},False,small
smaller,3,3.1251302137589066e-05,14.965724171116342,7,JJR,j,1,{'j'},1,{'JJR'},False,smaller
smallest,1,1.041710071252969e-05,16.5506866718375,8,JJS,j,1,{'j'},1,{'JJS'},False,smallest
smart,1,1.041710071252969e-05,16.5506866718375,5,JJ,j,1,{'j'},1,{'JJ'},False,smart
smash,1,1.041710071252969e-05,16.5506866718375,5,VB,v,1,{'v'},1,{'VB'},False,smash
smashed,3,3.1251302137589066e-05,14.965724171116342,7,VBD,v,1,{'v'},1,{'VBD'},False,smash
smell,14,0.00014583940997541563,12.743331749779895,5,NN,n,2,"{'n', 'v'}",3,"{'VB', 'VBP', 'NN'}",False,smell
smells,6,6.250260427517813e-05,13.965724171116342,6,VBZ,v,2,"{'n', 'v'}",2,"{'VBZ', 'NNS'}",False,smell
smelly,1,1.041710071252969e-05,16.5506866718375,6,RB,r,1,{'r'},1,{'RB'},False,smelli
smile,6,6.250260427517813e-05,13.965724171116342,5,NN,n,2,"{'n', 'v'}",4,"{'VB', 'VBD', 'NN', 'NNP'}",False,smile
smiling,2,2.083420142505938e-05,15.550686671837498,7,VBG,v,1,{'v'},1,{'VBG'},False,smile
smoke,6,6.250260427517813e-05,13.965724171116342,5,NN,n,1,{'n'},1,{'NN'},False,smoke
smoking,1,1.041710071252969e-05,16.5506866718375,7,NN,n,1,{'n'},1,{'NN'},False,smoke
smooth,2,2.083420142505938e-05,15.550686671837498,6,JJ,j,2,"{'j', 'v'}",2,"{'JJ', 'VB'}",False,smooth
smoothly,3,3.1251302137589066e-05,14.965724171116342,8,RB,r,1,{'r'},1,{'RB'},False,smoothli
smother,1,1.041710071252969e-05,16.5506866718375,7,VB,v,1,{'v'},1,{'VB'},False,smother
smothered,1,1.041710071252969e-05,16.5506866718375,9,VBD,v,1,{'v'},1,{'VBD'},False,smother
smugglers,1,1.041710071252969e-05,16.5506866718375,9,NNS,n,1,{'n'},1,{'NNS'},False,smuggler
snack,3,3.1251302137589066e-05,14.965724171116342,5,NN,n,1,{'n'},1,{'NN'},False,snack
snake,2,2.083420142505938e-05,15.550686671837498,5,NN,n,1,{'n'},2,"{'NN', 'NNP'}",False,snake
snakes,1,1.041710071252969e-05,16.5506866718375,6,NNS,n,1,{'n'},1,{'NNS'},False,snake
snapped,3,3.1251302137589066e-05,14.965724171116342,7,VBD,v,1,{'v'},1,{'VBD'},False,snap
snare,1,1.041710071252969e-05,16.5506866718375,5,NN,n,1,{'n'},1,{'NN'},False,snare
sneaked,1,1.041710071252969e-05,16.5506866718375,7,VBN,v,1,{'v'},1,{'VBN'},False,sneak
sneaky,1,1.041710071252969e-05,16.5506866718375,6,JJ,j,1,{'j'},1,{'JJ'},False,sneaki
sniff,1,1.041710071252969e-05,16.5506866718375,5,NNP,n,1,{'n'},1,{'NNP'},False,sniff
snob,3,3.1251302137589066e-05,14.965724171116342,4,NN,n,1,{'n'},1,{'NN'},False,snob
snow,7,7.291970498770782e-05,13.743331749779895,4,NN,n,2,"{'n', 'v'}",3,"{'VBP', 'NN', 'NNP'}",False,snow
snuck,1,1.041710071252969e-05,16.5506866718375,5,NNP,n,1,{'n'},1,{'NNP'},False,snuck
snuggles,1,1.041710071252969e-05,16.5506866718375,8,VBZ,v,1,{'v'},1,{'VBZ'},False,snuggl
so,476,0.0049585399391641315,7.6558689085295555,2,RB,r,3,"{'n', 'x', 'r'}",4,"{'CC', 'RB', 'IN', 'NN'}",True,so
soak,5,5.208550356264844e-05,14.228758576950137,4,NN,n,2,"{'n', 'v'}",2,"{'VB', 'NN'}",False,soak
soaking,3,3.1251302137589066e-05,14.965724171116342,7,VBG,v,1,{'v'},1,{'VBG'},False,soak
socks,1,1.041710071252969e-05,16.5506866718375,5,NNS,n,1,{'n'},1,{'NNS'},False,sock
sodom,1,1.041710071252969e-05,16.5506866718375,5,NNP,n,1,{'n'},1,{'NNP'},False,sodom
soft,2,2.083420142505938e-05,15.550686671837498,4,JJ,j,1,{'j'},1,{'JJ'},False,soft
soil,4,4.166840285011876e-05,14.550686671837498,4,NN,n,1,{'n'},1,{'NN'},False,soil
sokai,1,1.041710071252969e-05,16.5506866718375,5,NNP,n,1,{'n'},1,{'NNP'},False,sokai
sold,5,5.208550356264844e-05,14.228758576950137,4,VBD,v,2,"{'j', 'v'}",3,"{'JJ', 'VBD', 'VBN'}",False,sold
soldier,4,4.166840285011876e-05,14.550686671837498,7,NN,n,2,"{'n', 'j'}",2,"{'JJR', 'NN'}",False,soldier
soldiers,5,5.208550356264844e-05,14.228758576950137,8,NNS,n,1,{'n'},1,{'NNS'},False,soldier
solemn,1,1.041710071252969e-05,16.5506866718375,6,JJ,j,1,{'j'},1,{'JJ'},False,solemn
solid,3,3.1251302137589066e-05,14.965724171116342,5,JJ,j,1,{'j'},1,{'JJ'},False,solid
soloed,1,1.041710071252969e-05,16.5506866718375,6,VBP,v,1,{'v'},1,{'VBP'},False,solo
solution,4,4.166840285011876e-05,14.550686671837498,8,NN,n,1,{'n'},1,{'NN'},False,solut
solve,2,2.083420142505938e-05,15.550686671837498,5,VB,v,1,{'v'},1,{'VB'},False,solv
some,135,0.001406308596191508,9.473871074786668,4,DT,x,1,{'x'},1,{'DT'},True,some
somebody,8,8.333680570023751e-05,13.550686671837498,8,NN,n,1,{'n'},1,{'NN'},False,somebodi
someday,4,4.166840285011876e-05,14.550686671837498,7,JJ,n,3,"{'n', 'j', 'r'}",4,"{'JJ', 'RB', 'NN', 'NNP'}",False,someday
somehow,17,0.0001770907121130047,12.46322383058716,7,RB,r,3,"{'n', 'r', 'v'}",4,"{'NN', 'RB', 'VB', 'NNP'}",False,somehow
someone,43,0.0004479353306387766,11.1244219171354,7,NN,n,1,{'n'},1,{'NN'},False,someon
someplace,4,4.166840285011876e-05,14.550686671837498,9,NN,n,2,"{'n', 'v'}",2,"{'VBN', 'NN'}",False,someplac
something,121,0.0012604691862160924,9.631823434562904,9,NN,n,2,"{'n', 'v'}",2,"{'VBG', 'NN'}",False,someth
sometime,3,3.1251302137589066e-05,14.965724171116342,8,RB,r,1,{'r'},1,{'RB'},False,sometim
sometimes,9,9.37539064127672e-05,13.380761670395186,9,RB,r,1,{'r'},1,{'RB'},False,sometim
somewhere,19,0.00019792491353806408,12.302759158393913,9,RB,r,2,"{'r', 'v'}",2,"{'RB', 'VB'}",False,somewher
son,9,9.37539064127672e-05,13.380761670395186,3,NN,n,1,{'n'},2,"{'NN', 'NNP'}",False,son
song,14,0.00014583940997541563,12.743331749779895,4,NN,n,1,{'n'},1,{'NN'},False,song
sons,4,4.166840285011876e-05,14.550686671837498,4,NNS,n,1,{'n'},1,{'NNS'},False,son
soon,76,0.0007916996541522563,10.302759158393913,4,RB,r,2,"{'n', 'r'}",2,"{'RB', 'NN'}",False,soon
sooner,6,6.250260427517813e-05,13.965724171116342,6,NN,n,3,"{'n', 'j', 'r'}",4,"{'RBR', 'RB', 'JJR', 'NN'}",False,sooner
soot,6,6.250260427517813e-05,13.965724171116342,4,NN,n,2,"{'n', 'v'}",3,"{'VBP', 'NN', 'NNP'}",False,soot
soothe,1,1.041710071252969e-05,16.5506866718375,6,VB,v,1,{'v'},1,{'VB'},False,sooth
sophia,1,1.041710071252969e-05,16.5506866718375,6,NNP,n,1,{'n'},1,{'NNP'},False,sophia
sophie,72,0.0007500312513021376,10.380761670395186,6,NNP,n,2,"{'n', 'j'}",3,"{'JJ', 'NN', 'NNP'}",False,sophi
sorcerer,2,2.083420142505938e-05,15.550686671837498,8,NN,n,1,{'n'},1,{'NN'},False,sorcer
sorceress,1,1.041710071252969e-05,16.5506866718375,9,NN,n,1,{'n'},1,{'NN'},False,sorceress
sorcery,2,2.083420142505938e-05,15.550686671837498,7,NN,n,1,{'n'},1,{'NN'},False,sorceri
sorrow,3,3.1251302137589066e-05,14.965724171116342,6,NN,n,2,"{'n', 'v'}",2,"{'VB', 'NN'}",False,sorrow
sorrowful,1,1.041710071252969e-05,16.5506866718375,9,JJ,j,1,{'j'},1,{'JJ'},False,sorrow
sorry,107,0.0011146297762406768,9.809219685436352,5,JJ,n,4,"{'n', 'j', 'r', 'v'}",5,"{'JJ', 'NN', 'NNP', 'RB', 'VBN'}",False,sorri
sort,5,5.208550356264844e-05,14.228758576950137,4,NN,n,1,{'n'},1,{'NN'},False,sort
sorts,1,1.041710071252969e-05,16.5506866718375,5,NNS,n,1,{'n'},1,{'NNS'},False,sort
souchan,12,0.00012500520855035626,12.965724171116342,7,NNP,n,2,"{'n', 'j'}",3,"{'JJ', 'NN', 'NNP'}",False,souchan
soul,3,3.1251302137589066e-05,14.965724171116342,4,NN,n,1,{'n'},1,{'NN'},False,soul
sound,14,0.00014583940997541563,12.743331749779895,5,NN,n,3,"{'n', 'j', 'v'}",6,"{'JJ', 'VBD', 'NN', 'NNP', 'VBP', 'VB'}",False,sound
sounded,1,1.041710071252969e-05,16.5506866718375,7,VBD,v,1,{'v'},1,{'VBD'},False,sound
sounds,12,0.00012500520855035626,12.965724171116342,6,VBZ,v,2,"{'n', 'v'}",2,"{'VBZ', 'NNS'}",False,sound
soup,3,3.1251302137589066e-05,14.965724171116342,4,NN,n,1,{'n'},1,{'NN'},False,soup
souplike,1,1.041710071252969e-05,16.5506866718375,8,JJ,j,1,{'j'},1,{'JJ'},False,souplik
source,1,1.041710071252969e-05,16.5506866718375,6,NN,n,1,{'n'},1,{'NN'},False,sourc
sousuke,60,0.0006250260427517813,10.64379607622898,7,NNP,n,2,"{'n', 'j'}",3,"{'JJ', 'NN', 'NNP'}",False,sousuk
sousukechan,2,2.083420142505938e-05,15.550686671837498,11,NNP,n,1,{'n'},1,{'NNP'},False,sousukechan
sousukekun,4,4.166840285011876e-05,14.550686671837498,10,NNP,n,2,"{'n', 'j'}",2,"{'JJ', 'NNP'}",False,sousukekun
sousukesan,3,3.1251302137589066e-05,14.965724171116342,10,JJ,j,2,"{'n', 'j'}",2,"{'JJ', 'NNP'}",False,sousukesan
south,3,3.1251302137589066e-05,14.965724171116342,5,NN,n,1,{'n'},2,"{'NN', 'NNP'}",False,south
southaven,1,1.041710071252969e-05,16.5506866718375,9,NNP,n,1,{'n'},1,{'NNP'},False,southaven
southern,1,1.041710071252969e-05,16.5506866718375,8,JJ,j,1,{'j'},1,{'JJ'},False,southern
soy,1,1.041710071252969e-05,16.5506866718375,3,JJ,j,1,{'j'},1,{'JJ'},False,soy
soybean,2,2.083420142505938e-05,15.550686671837498,7,JJ,j,1,{'j'},1,{'JJ'},False,soybean
soybeans,1,1.041710071252969e-05,16.5506866718375,8,NNS,n,1,{'n'},1,{'NNS'},False,soybean
space,2,2.083420142505938e-05,15.550686671837498,5,NN,n,1,{'n'},1,{'NN'},False,space
spar,1,1.041710071252969e-05,16.5506866718375,4,NN,n,1,{'n'},1,{'NN'},False,spar
spare,4,4.166840285011876e-05,14.550686671837498,5,JJ,j,1,{'j'},1,{'JJ'},False,spare
spark,3,3.1251302137589066e-05,14.965724171116342,5,NN,n,1,{'n'},1,{'NN'},False,spark
sparkling,1,1.041710071252969e-05,16.5506866718375,9,VBG,v,1,{'v'},1,{'VBG'},False,sparkl
speak,12,0.00012500520855035626,12.965724171116342,5,VB,v,2,"{'n', 'v'}",3,"{'VB', 'VBP', 'NN'}",False,speak
speaker,1,1.041710071252969e-05,16.5506866718375,7,NN,n,1,{'n'},1,{'NN'},False,speaker
speaking,1,1.041710071252969e-05,16.5506866718375,8,NN,n,1,{'n'},1,{'NN'},False,speak
special,10,0.00010417100712529688,13.228758576950137,7,JJ,j,1,{'j'},1,{'JJ'},False,special
specialty,2,2.083420142505938e-05,15.550686671837498,9,NN,n,1,{'n'},1,{'NN'},False,specialti
species,1,1.041710071252969e-05,16.5506866718375,7,NNS,n,1,{'n'},1,{'NNS'},False,speci
specifically,1,1.041710071252969e-05,16.5506866718375,12,RB,r,1,{'r'},1,{'RB'},False,specif
speck,1,1.041710071252969e-05,16.5506866718375,5,NN,n,1,{'n'},1,{'NN'},False,speck
spectacular,5,5.208550356264844e-05,14.228758576950137,11,JJ,j,1,{'j'},1,{'JJ'},False,spectacular
specter,8,8.333680570023751e-05,13.550686671837498,7,NNP,n,1,{'n'},2,"{'NN', 'NNP'}",False,specter
specters,1,1.041710071252969e-05,16.5506866718375,8,NNS,n,1,{'n'},1,{'NNS'},False,specter
spector,9,9.37539064127672e-05,13.380761670395186,7,NNP,n,1,{'n'},1,{'NNP'},False,spector
speech,2,2.083420142505938e-05,15.550686671837498,6,NN,n,1,{'n'},1,{'NN'},False,speech
speed,3,3.1251302137589066e-05,14.965724171116342,5,NN,n,2,"{'n', 'v'}",2,"{'VBP', 'NN'}",False,speed
speeder,1,1.041710071252969e-05,16.5506866718375,7,NN,n,1,{'n'},1,{'NN'},False,speeder
spell,34,0.0003541814242260094,11.46322383058716,5,NN,n,2,"{'n', 'v'}",2,"{'VBP', 'NN'}",False,spell
spells,5,5.208550356264844e-05,14.228758576950137,6,NNS,n,1,{'n'},1,{'NNS'},False,spell
spend,3,3.1251302137589066e-05,14.965724171116342,5,VB,v,1,{'v'},1,{'VB'},False,spend
spending,2,2.083420142505938e-05,15.550686671837498,8,VBG,v,1,{'v'},1,{'VBG'},False,spend
spends,1,1.041710071252969e-05,16.5506866718375,6,VBZ,v,1,{'v'},1,{'VBZ'},False,spend
spent,7,7.291970498770782e-05,13.743331749779895,5,VBD,v,2,"{'n', 'v'}",2,"{'VBD', 'NN'}",False,spent
spicy,1,1.041710071252969e-05,16.5506866718375,5,RB,r,1,{'r'},1,{'RB'},False,spici
spies,1,1.041710071252969e-05,16.5506866718375,5,NNS,n,1,{'n'},1,{'NNS'},False,spi
spin,2,2.083420142505938e-05,15.550686671837498,4,VB,v,1,{'v'},1,{'VB'},False,spin
spinning,1,1.041710071252969e-05,16.5506866718375,8,VBG,v,1,{'v'},1,{'VBG'},False,spin
spins,1,1.041710071252969e-05,16.5506866718375,5,VBZ,v,1,{'v'},1,{'VBZ'},False,spin
spirit,24,0.00025001041710071253,11.965724171116342,6,NN,n,1,{'n'},2,"{'NN', 'NNP'}",False,spirit
spirits,13,0.00013542230926288595,12.850246953696406,7,NNS,n,1,{'n'},1,{'NNS'},False,spirit
spit,1,1.041710071252969e-05,16.5506866718375,4,NN,n,1,{'n'},1,{'NN'},False,spit
spite,3,3.1251302137589066e-05,14.965724171116342,5,NN,n,1,{'n'},1,{'NN'},False,spite
spiteful,1,1.041710071252969e-05,16.5506866718375,8,JJ,j,1,{'j'},1,{'JJ'},False,spite
splendid,6,6.250260427517813e-05,13.965724171116342,8,JJ,j,2,"{'n', 'j'}",2,"{'JJ', 'NNP'}",False,splendid
split,1,1.041710071252969e-05,16.5506866718375,5,VBN,v,1,{'v'},1,{'VBN'},False,split
spoil,1,1.041710071252969e-05,16.5506866718375,5,VB,v,1,{'v'},1,{'VB'},False,spoil
spoiled,3,3.1251302137589066e-05,14.965724171116342,7,JJ,v,2,"{'j', 'v'}",3,"{'VBD', 'JJ', 'VBN'}",False,spoil
spoke,2,2.083420142505938e-05,15.550686671837498,5,NN,n,2,"{'n', 'v'}",2,"{'VBD', 'NN'}",False,spoke
spokesman,1,1.041710071252969e-05,16.5506866718375,9,NN,n,1,{'n'},1,{'NN'},False,spokesman
sponge,3,3.1251302137589066e-05,14.965724171116342,6,JJ,j,2,"{'n', 'j'}",2,"{'JJ', 'NNP'}",False,spong
sponsor,1,1.041710071252969e-05,16.5506866718375,7,NN,n,1,{'n'},1,{'NN'},False,sponsor
spore,1,1.041710071252969e-05,16.5506866718375,5,NN,n,1,{'n'},1,{'NN'},False,spore
spores,8,8.333680570023751e-05,13.550686671837498,6,NNS,n,2,"{'n', 'v'}",2,"{'VBZ', 'NNS'}",False,spore
sport,1,1.041710071252969e-05,16.5506866718375,5,NN,n,1,{'n'},1,{'NN'},False,sport
sports,2,2.083420142505938e-05,15.550686671837498,6,NNS,n,1,{'n'},1,{'NNS'},False,sport
spot,2,2.083420142505938e-05,15.550686671837498,4,NN,n,1,{'n'},1,{'NN'},False,spot
spots,1,1.041710071252969e-05,16.5506866718375,5,NNS,n,1,{'n'},1,{'NNS'},False,spot
spotter,1,1.041710071252969e-05,16.5506866718375,7,NN,n,1,{'n'},1,{'NN'},False,spotter
spread,2,2.083420142505938e-05,15.550686671837498,6,NN,n,1,{'n'},1,{'NN'},False,spread
spreading,2,2.083420142505938e-05,15.550686671837498,9,VBG,v,1,{'v'},1,{'VBG'},False,spread
spring,13,0.00013542230926288595,12.850246953696406,6,NN,n,2,"{'n', 'v'}",3,"{'VBG', 'VB', 'NN'}",False,spring
springloaded,1,1.041710071252969e-05,16.5506866718375,12,JJ,j,1,{'j'},1,{'JJ'},False,springload
springs,1,1.041710071252969e-05,16.5506866718375,7,NNS,n,1,{'n'},1,{'NNS'},False,spring
springtime,2,2.083420142505938e-05,15.550686671837498,10,JJ,j,2,"{'j', 'r'}",2,"{'JJ', 'RB'}",False,springtim
sprinkled,1,1.041710071252969e-05,16.5506866718375,9,VBD,v,1,{'v'},1,{'VBD'},False,sprinkl
sprouting,1,1.041710071252969e-05,16.5506866718375,9,VBG,v,1,{'v'},1,{'VBG'},False,sprout
spy,3,3.1251302137589066e-05,14.965724171116342,3,NN,n,1,{'n'},1,{'NN'},False,spi
squadron,1,1.041710071252969e-05,16.5506866718375,8,NN,n,1,{'n'},1,{'NN'},False,squadron
squadrons,1,1.041710071252969e-05,16.5506866718375,9,NNS,n,1,{'n'},1,{'NNS'},False,squadron
squads,1,1.041710071252969e-05,16.5506866718375,6,NNS,n,1,{'n'},1,{'NNS'},False,squad
square,3,3.1251302137589066e-05,14.965724171116342,6,JJ,j,1,{'j'},1,{'JJ'},False,squar
squashed,3,3.1251302137589066e-05,14.965724171116342,8,VBD,v,1,{'v'},2,"{'VBD', 'VBN'}",False,squash
squeezed,1,1.041710071252969e-05,16.5506866718375,8,VBD,v,1,{'v'},1,{'VBD'},False,squeez
squire,2,2.083420142505938e-05,15.550686671837498,6,NNP,n,1,{'n'},1,{'NNP'},False,squir
squirms,1,1.041710071252969e-05,16.5506866718375,7,VB,v,1,{'v'},1,{'VB'},False,squirm
squirrels,4,4.166840285011876e-05,14.550686671837498,9,NNS,n,1,{'n'},1,{'NNS'},False,squirrel
squished,1,1.041710071252969e-05,16.5506866718375,8,VBD,v,1,{'v'},1,{'VBD'},False,squish
sshe,1,1.041710071252969e-05,16.5506866718375,4,NNP,n,1,{'n'},1,{'NNP'},False,sshe
ssir,1,1.041710071252969e-05,16.5506866718375,4,NNP,n,1,{'n'},1,{'NNP'},False,ssir
st,1,1.041710071252969e-05,16.5506866718375,2,JJ,j,1,{'j'},1,{'JJ'},False,st
staff,6,6.250260427517813e-05,13.965724171116342,5,NNP,n,1,{'n'},2,"{'NN', 'NNP'}",False,staff
stage,4,4.166840285011876e-05,14.550686671837498,5,NN,n,2,"{'n', 'v'}",3,"{'VB', 'VBP', 'NN'}",False,stage
staged,3,3.1251302137589066e-05,14.965724171116342,6,VBD,v,1,{'v'},2,"{'VBD', 'VBN'}",False,stage
staging,1,1.041710071252969e-05,16.5506866718375,7,VBG,v,1,{'v'},1,{'VBG'},False,stage
stairs,5,5.208550356264844e-05,14.228758576950137,6,NNS,n,1,{'n'},2,"{'NN', 'NNS'}",False,stair
stalk,4,4.166840285011876e-05,14.550686671837498,5,NN,n,1,{'n'},1,{'NN'},False,stalk
stalling,1,1.041710071252969e-05,16.5506866718375,8,VBG,v,1,{'v'},1,{'VBG'},False,stall
stallion,1,1.041710071252969e-05,16.5506866718375,8,NNP,n,1,{'n'},1,{'NNP'},False,stallion
stamina,1,1.041710071252969e-05,16.5506866718375,7,NN,n,1,{'n'},1,{'NN'},False,stamina
stampede,2,2.083420142505938e-05,15.550686671837498,8,NN,n,1,{'n'},1,{'NN'},False,stamped
stand,25,0.00026042751781324224,11.906830482062773,5,VB,v,2,"{'n', 'v'}",4,"{'VB', 'VBP', 'NN', 'NNP'}",False,stand
standard,1,1.041710071252969e-05,16.5506866718375,8,JJ,j,1,{'j'},1,{'JJ'},False,standard
standing,9,9.37539064127672e-05,13.380761670395186,8,VBG,v,2,"{'n', 'v'}",2,"{'VBG', 'NN'}",False,stand
stands,4,4.166840285011876e-05,14.550686671837498,6,VBZ,v,1,{'v'},1,{'VBZ'},False,stand
star,8,8.333680570023751e-05,13.550686671837498,4,NN,n,1,{'n'},2,"{'NN', 'NNP'}",False,star
starboard,2,2.083420142505938e-05,15.550686671837498,9,JJ,j,2,"{'j', 'v'}",2,"{'JJ', 'VB'}",False,starboard
stare,2,2.083420142505938e-05,15.550686671837498,5,VB,v,1,{'v'},2,"{'VB', 'VBP'}",False,stare
staring,2,2.083420142505938e-05,15.550686671837498,7,NN,n,2,"{'n', 'v'}",2,"{'VBG', 'NN'}",False,stare
starlight,1,1.041710071252969e-05,16.5506866718375,9,NN,n,1,{'n'},1,{'NN'},False,starlight
stars,7,7.291970498770782e-05,13.743331749779895,5,NNS,n,1,{'n'},1,{'NNS'},False,star
start,34,0.0003541814242260094,11.46322383058716,5,VB,v,2,"{'n', 'v'}",3,"{'VB', 'VBP', 'NN'}",False,start
started,18,0.0001875078128255344,12.380761670395186,7,VBD,v,1,{'v'},2,"{'VBD', 'VBN'}",False,start
starting,10,0.00010417100712529688,13.228758576950137,8,VBG,v,1,{'v'},1,{'VBG'},False,start
startled,1,1.041710071252969e-05,16.5506866718375,8,VBD,v,1,{'v'},1,{'VBD'},False,startl
starts,2,2.083420142505938e-05,15.550686671837498,6,VBZ,v,1,{'v'},1,{'VBZ'},False,start
starvation,1,1.041710071252969e-05,16.5506866718375,10,NN,n,1,{'n'},1,{'NN'},False,starvat
starved,2,2.083420142505938e-05,15.550686671837498,7,JJ,j,2,"{'j', 'v'}",2,"{'JJ', 'VBN'}",False,starv
starving,6,6.250260427517813e-05,13.965724171116342,8,NN,n,2,"{'n', 'v'}",2,"{'VBG', 'NN'}",False,starv
state,5,5.208550356264844e-05,14.228758576950137,5,NN,n,1,{'n'},1,{'NN'},False,state
station,8,8.333680570023751e-05,13.550686671837498,7,NN,n,1,{'n'},2,"{'NN', 'NNP'}",False,station
stations,1,1.041710071252969e-05,16.5506866718375,8,NNS,n,1,{'n'},1,{'NNS'},False,station
statue,1,1.041710071252969e-05,16.5506866718375,6,VBP,v,1,{'v'},1,{'VBP'},False,statu
statues,1,1.041710071252969e-05,16.5506866718375,7,NNS,n,1,{'n'},1,{'NNS'},False,statu
status,2,2.083420142505938e-05,15.550686671837498,6,NN,n,1,{'n'},1,{'NN'},False,statu
stay,72,0.0007500312513021376,10.380761670395186,4,VB,v,2,"{'n', 'v'}",5,"{'NN', 'NNP', 'VBZ', 'VBP', 'VB'}",False,stay
stayed,5,5.208550356264844e-05,14.228758576950137,6,VBD,v,1,{'v'},3,"{'VBD', 'VBN', 'VBP'}",False,stay
staying,9,9.37539064127672e-05,13.380761670395186,7,VBG,v,1,{'v'},1,{'VBG'},False,stay
stays,2,2.083420142505938e-05,15.550686671837498,5,VBZ,v,1,{'v'},1,{'VBZ'},False,stay
steadily,1,1.041710071252969e-05,16.5506866718375,8,RB,r,1,{'r'},1,{'RB'},False,steadili
steady,2,2.083420142505938e-05,15.550686671837498,6,JJ,j,1,{'j'},1,{'JJ'},False,steadi
steal,8,8.333680570023751e-05,13.550686671837498,5,VB,v,2,"{'n', 'v'}",2,"{'VB', 'NN'}",False,steal
stealing,8,8.333680570023751e-05,13.550686671837498,8,VBG,v,2,"{'n', 'v'}",2,"{'VBG', 'NN'}",False,steal
steals,1,1.041710071252969e-05,16.5506866718375,6,VBZ,v,1,{'v'},1,{'VBZ'},False,steal
steam,2,2.083420142505938e-05,15.550686671837498,5,NN,n,1,{'n'},1,{'NN'},False,steam
steamer,1,1.041710071252969e-05,16.5506866718375,7,NN,n,1,{'n'},1,{'NN'},False,steamer
steel,3,3.1251302137589066e-05,14.965724171116342,5,NN,n,1,{'n'},1,{'NN'},False,steel
steely,1,1.041710071252969e-05,16.5506866718375,6,RB,r,1,{'r'},1,{'RB'},False,steeli
steer,5,5.208550356264844e-05,14.228758576950137,5,VB,v,2,"{'n', 'v'}",2,"{'VB', 'NN'}",False,steer
steering,1,1.041710071252969e-05,16.5506866718375,8,NN,n,1,{'n'},1,{'NN'},False,steer
step,15,0.00015625651068794532,12.64379607622898,4,NN,n,2,"{'n', 'v'}",4,"{'VBG', 'VB', 'NN', 'NNP'}",False,step
stepbystep,1,1.041710071252969e-05,16.5506866718375,10,JJ,j,1,{'j'},1,{'JJ'},False,stepbystep
steps,1,1.041710071252969e-05,16.5506866718375,5,NNS,n,1,{'n'},1,{'NNS'},False,step
stew,5,5.208550356264844e-05,14.228758576950137,4,NN,n,1,{'n'},1,{'NN'},False,stew
stick,2,2.083420142505938e-05,15.550686671837498,5,JJ,j,2,"{'n', 'j'}",2,"{'JJ', 'NNP'}",False,stick
sticking,1,1.041710071252969e-05,16.5506866718375,8,VBG,v,1,{'v'},1,{'VBG'},False,stick
stiff,3,3.1251302137589066e-05,14.965724171116342,5,NN,n,2,"{'n', 'j'}",2,"{'JJ', 'NN'}",False,stiff
still,103,0.001072961373390558,9.86418614465428,5,RB,r,3,"{'n', 'x', 'r'}",3,"{'RB', 'CD', 'NNP'}",False,still
stingy,2,2.083420142505938e-05,15.550686671837498,6,JJ,j,2,"{'j', 'v'}",2,"{'VBZ', 'JJ'}",False,stingi
stink,6,6.250260427517813e-05,13.965724171116342,5,NN,n,2,"{'n', 'v'}",3,"{'VB', 'VBP', 'NN'}",False,stink
stinking,5,5.208550356264844e-05,14.228758576950137,8,VBG,v,2,"{'n', 'v'}",2,"{'VBG', 'NN'}",False,stink
stinks,3,3.1251302137589066e-05,14.965724171116342,6,NNS,n,2,"{'n', 'v'}",2,"{'VBZ', 'NNS'}",False,stink
stirred,1,1.041710071252969e-05,16.5506866718375,7,VBN,v,1,{'v'},1,{'VBN'},False,stir
stoke,1,1.041710071252969e-05,16.5506866718375,5,VBD,v,1,{'v'},1,{'VBD'},False,stoke
stoker,1,1.041710071252969e-05,16.5506866718375,6,NN,n,1,{'n'},1,{'NN'},False,stoker
stoking,1,1.041710071252969e-05,16.5506866718375,7,NN,n,1,{'n'},1,{'NN'},False,stoke
stole,4,4.166840285011876e-05,14.550686671837498,5,VBD,v,1,{'v'},2,"{'VBD', 'VBP'}",False,stole
stolen,6,6.250260427517813e-05,13.965724171116342,6,VBN,v,1,{'v'},1,{'VBN'},False,stolen
stomach,3,3.1251302137589066e-05,14.965724171116342,7,NN,n,1,{'n'},1,{'NN'},False,stomach
stomachache,1,1.041710071252969e-05,16.5506866718375,11,NN,n,1,{'n'},1,{'NN'},False,stomachach
stone,38,0.00039584982707612816,11.302759158393913,5,NN,n,1,{'n'},1,{'NN'},False,stone
stones,8,8.333680570023751e-05,13.550686671837498,6,NNS,n,1,{'n'},1,{'NNS'},False,stone
stood,2,2.083420142505938e-05,15.550686671837498,5,VBD,v,1,{'v'},1,{'VBD'},False,stood
stop,113,0.0011771323805158547,9.73050770942231,4,VB,v,2,"{'n', 'v'}",4,"{'VB', 'VBP', 'NN', 'NNP'}",False,stop
stopped,17,0.0001770907121130047,12.46322383058716,7,VBD,v,1,{'v'},2,"{'VBD', 'VBN'}",False,stop
stopping,1,1.041710071252969e-05,16.5506866718375,8,VBG,v,1,{'v'},1,{'VBG'},False,stop
stops,2,2.083420142505938e-05,15.550686671837498,5,NNS,n,1,{'n'},1,{'NNS'},False,stop
store,2,2.083420142505938e-05,15.550686671837498,5,NN,n,2,"{'n', 'v'}",2,"{'VB', 'NN'}",False,store
stored,1,1.041710071252969e-05,16.5506866718375,6,VBN,v,1,{'v'},1,{'VBN'},False,store
stories,6,6.250260427517813e-05,13.965724171116342,7,NNS,n,1,{'n'},1,{'NNS'},False,stori
storm,7,7.291970498770782e-05,13.743331749779895,5,NN,n,1,{'n'},1,{'NN'},False,storm
stormy,2,2.083420142505938e-05,15.550686671837498,6,NN,n,1,{'n'},1,{'NN'},False,stormi
story,8,8.333680570023751e-05,13.550686671837498,5,NN,n,1,{'n'},1,{'NN'},False,stori
straight,9,9.37539064127672e-05,13.380761670395186,8,JJ,n,4,"{'n', 'j', 'r', 'v'}",5,"{'JJ', 'VBD', 'NN', 'NNP', 'RB'}",False,straight
straighten,2,2.083420142505938e-05,15.550686671837498,10,VB,v,1,{'v'},1,{'VB'},False,straighten
straightforwardly,1,1.041710071252969e-05,16.5506866718375,17,RB,r,1,{'r'},1,{'RB'},False,straightforwardli
strain,1,1.041710071252969e-05,16.5506866718375,6,VBP,v,1,{'v'},1,{'VBP'},False,strain
strained,1,1.041710071252969e-05,16.5506866718375,8,VBD,v,1,{'v'},1,{'VBD'},False,strain
stranded,1,1.041710071252969e-05,16.5506866718375,8,VBN,v,1,{'v'},1,{'VBN'},False,strand
strange,39,0.0004062669277886579,11.26528445297525,7,JJ,j,3,"{'n', 'j', 'v'}",3,"{'JJ', 'VB', 'NN'}",False,strang
strangers,3,3.1251302137589066e-05,14.965724171116342,9,NNS,n,1,{'n'},1,{'NNS'},False,stranger
strapping,2,2.083420142505938e-05,15.550686671837498,9,NN,n,2,"{'n', 'v'}",2,"{'VBG', 'NN'}",False,strap
strawberries,1,1.041710071252969e-05,16.5506866718375,12,NNS,n,1,{'n'},1,{'NNS'},False,strawberri
stray,2,2.083420142505938e-05,15.550686671837498,5,JJ,j,2,"{'j', 'v'}",2,"{'JJ', 'VB'}",False,stray
stream,1,1.041710071252969e-05,16.5506866718375,6,NN,n,1,{'n'},1,{'NN'},False,stream
streams,1,1.041710071252969e-05,16.5506866718375,7,NNS,n,1,{'n'},1,{'NNS'},False,stream
street,5,5.208550356264844e-05,14.228758576950137,6,NN,n,1,{'n'},1,{'NN'},False,street
streets,4,4.166840285011876e-05,14.550686671837498,7,NNS,n,1,{'n'},1,{'NNS'},False,street
strength,15,0.00015625651068794532,12.64379607622898,8,NN,n,1,{'n'},1,{'NN'},False,strength
strengthen,1,1.041710071252969e-05,16.5506866718375,10,VB,v,1,{'v'},1,{'VB'},False,strengthen
stress,3,3.1251302137589066e-05,14.965724171116342,6,NN,n,1,{'n'},1,{'NN'},False,stress
stressed,1,1.041710071252969e-05,16.5506866718375,8,VBD,v,1,{'v'},1,{'VBD'},False,stress
stretch,4,4.166840285011876e-05,14.550686671837498,7,VB,v,2,"{'n', 'v'}",3,"{'VB', 'VBP', 'NN'}",False,stretch
strictly,1,1.041710071252969e-05,16.5506866718375,8,RB,r,1,{'r'},1,{'RB'},False,strictli
strike,5,5.208550356264844e-05,14.228758576950137,6,NN,n,2,"{'n', 'v'}",2,"{'VB', 'NN'}",False,strike
string,1,1.041710071252969e-05,16.5506866718375,6,VBG,v,1,{'v'},1,{'VBG'},False,string
strip,3,3.1251302137589066e-05,14.965724171116342,5,NN,v,2,"{'n', 'v'}",3,"{'VB', 'VBP', 'NN'}",False,strip
stripped,1,1.041710071252969e-05,16.5506866718375,8,VBN,v,1,{'v'},1,{'VBN'},False,strip
stroll,1,1.041710071252969e-05,16.5506866718375,6,NN,n,1,{'n'},1,{'NN'},False,stroll
strong,16,0.00016667361140047503,12.550686671837498,6,JJ,j,1,{'j'},1,{'JJ'},False,strong
strongly,1,1.041710071252969e-05,16.5506866718375,8,RB,r,1,{'r'},1,{'RB'},False,strongli
struck,1,1.041710071252969e-05,16.5506866718375,6,VBD,v,1,{'v'},1,{'VBD'},False,struck
structure,2,2.083420142505938e-05,15.550686671837498,9,NN,n,1,{'n'},1,{'NN'},False,structur
structures,1,1.041710071252969e-05,16.5506866718375,10,NNS,n,1,{'n'},1,{'NNS'},False,structur
struggle,3,3.1251302137589066e-05,14.965724171116342,8,NN,v,2,"{'n', 'v'}",3,"{'VB', 'VBN', 'NN'}",False,struggl
struggled,1,1.041710071252969e-05,16.5506866718375,9,VBD,v,1,{'v'},1,{'VBD'},False,struggl
strut,5,5.208550356264844e-05,14.228758576950137,5,NN,n,1,{'n'},1,{'NN'},False,strut
stubborn,2,2.083420142505938e-05,15.550686671837498,8,JJ,j,2,"{'n', 'j'}",2,"{'JJ', 'NN'}",False,stubborn
stuck,6,6.250260427517813e-05,13.965724171116342,5,VBN,v,2,"{'j', 'v'}",2,"{'JJ', 'VBN'}",False,stuck
student,2,2.083420142505938e-05,15.550686671837498,7,JJ,j,2,"{'n', 'j'}",2,"{'JJ', 'NN'}",False,student
students,7,7.291970498770782e-05,13.743331749779895,8,NNS,n,1,{'n'},1,{'NNS'},False,student
studies,1,1.041710071252969e-05,16.5506866718375,7,NNS,n,1,{'n'},1,{'NNS'},False,studi
study,6,6.250260427517813e-05,13.965724171116342,5,VB,v,2,"{'n', 'v'}",3,"{'VB', 'VBP', 'NN'}",False,studi
studying,3,3.1251302137589066e-05,14.965724171116342,8,VBG,v,2,"{'n', 'v'}",2,"{'VBG', 'NN'}",False,studi
stuff,7,7.291970498770782e-05,13.743331749779895,5,NN,n,1,{'n'},1,{'NN'},False,stuff
stuffed,5,5.208550356264844e-05,14.228758576950137,7,JJ,j,3,"{'n', 'j', 'v'}",3,"{'JJ', 'VBD', 'NN'}",False,stuf
stuffedcat,1,1.041710071252969e-05,16.5506866718375,10,NN,n,1,{'n'},1,{'NN'},False,stuffedcat
stunned,1,1.041710071252969e-05,16.5506866718375,7,VBN,v,1,{'v'},1,{'VBN'},False,stun
stunt,2,2.083420142505938e-05,15.550686671837498,5,NN,n,1,{'n'},1,{'NN'},False,stunt
stupendous,1,1.041710071252969e-05,16.5506866718375,10,JJ,j,1,{'j'},1,{'JJ'},False,stupend
stupid,27,0.0002812617192383016,11.79579916967403,6,JJ,j,2,"{'j', 'v'}",2,"{'JJ', 'VBP'}",False,stupid
stupidity,1,1.041710071252969e-05,16.5506866718375,9,NN,n,1,{'n'},1,{'NN'},False,stupid
stutonton,1,1.041710071252969e-05,16.5506866718375,9,JJ,j,1,{'j'},1,{'JJ'},False,stutonton
style,1,1.041710071252969e-05,16.5506866718375,5,NN,n,1,{'n'},1,{'NN'},False,style
subject,2,2.083420142505938e-05,15.550686671837498,7,JJ,j,2,"{'n', 'j'}",2,"{'JJ', 'NN'}",False,subject
submit,1,1.041710071252969e-05,16.5506866718375,6,VB,v,1,{'v'},1,{'VB'},False,submit
subside,1,1.041710071252969e-05,16.5506866718375,7,RB,r,1,{'r'},1,{'RB'},False,subsid
substantial,1,1.041710071252969e-05,16.5506866718375,11,JJ,j,1,{'j'},1,{'JJ'},False,substanti
substitute,2,2.083420142505938e-05,15.550686671837498,10,NN,n,1,{'n'},1,{'NN'},False,substitut
suburb,2,2.083420142505938e-05,15.550686671837498,6,NN,n,1,{'n'},1,{'NN'},False,suburb
suburbs,1,1.041710071252969e-05,16.5506866718375,7,NN,n,1,{'n'},1,{'NN'},False,suburb
succeed,1,1.041710071252969e-05,16.5506866718375,7,VB,v,1,{'v'},1,{'VB'},False,succeed
succeeded,1,1.041710071252969e-05,16.5506866718375,9,VBD,v,1,{'v'},1,{'VBD'},False,succeed
success,6,6.250260427517813e-05,13.965724171116342,7,NN,n,1,{'n'},1,{'NN'},False,success
successful,3,3.1251302137589066e-05,14.965724171116342,10,JJ,j,1,{'j'},1,{'JJ'},False,success
successfully,1,1.041710071252969e-05,16.5506866718375,12,RB,r,1,{'r'},1,{'RB'},False,success
successor,3,3.1251302137589066e-05,14.965724171116342,9,NN,n,1,{'n'},1,{'NN'},False,successor
such,75,0.0007812825534397267,10.321867981341617,4,JJ,j,2,"{'x', 'j'}",2,"{'JJ', 'PDT'}",True,such
suck,2,2.083420142505938e-05,15.550686671837498,4,VB,v,1,{'v'},1,{'VB'},False,suck
sucked,2,2.083420142505938e-05,15.550686671837498,6,VBN,v,1,{'v'},1,{'VBN'},False,suck
suckers,1,1.041710071252969e-05,16.5506866718375,7,NNS,n,1,{'n'},1,{'NNS'},False,sucker
sudden,8,8.333680570023751e-05,13.550686671837498,6,JJ,j,1,{'j'},1,{'JJ'},False,sudden
suddenly,13,0.00013542230926288595,12.850246953696406,8,RB,r,1,{'r'},1,{'RB'},False,suddenli
suffer,5,5.208550356264844e-05,14.228758576950137,6,VB,v,1,{'v'},1,{'VB'},False,suffer
suffered,2,2.083420142505938e-05,15.550686671837498,8,JJ,j,2,"{'j', 'v'}",2,"{'JJ', 'VBD'}",False,suffer
suffering,3,3.1251302137589066e-05,14.965724171116342,9,NN,n,2,"{'n', 'v'}",2,"{'VBG', 'NN'}",False,suffer
suffocating,1,1.041710071252969e-05,16.5506866718375,11,VBG,v,1,{'v'},1,{'VBG'},False,suffoc
suggest,2,2.083420142505938e-05,15.550686671837498,7,VBP,v,1,{'v'},1,{'VBP'},False,suggest
suggested,1,1.041710071252969e-05,16.5506866718375,9,VBN,v,1,{'v'},1,{'VBN'},False,suggest
sui,2,2.083420142505938e-05,15.550686671837498,3,NN,n,1,{'n'},1,{'NN'},False,sui
suit,5,5.208550356264844e-05,14.228758576950137,4,VB,v,2,"{'n', 'v'}",3,"{'VB', 'VBP', 'NN'}",False,suit
suitable,1,1.041710071252969e-05,16.5506866718375,8,JJ,j,1,{'j'},1,{'JJ'},False,suitabl
suitcase,2,2.083420142505938e-05,15.550686671837498,8,NN,n,1,{'n'},1,{'NN'},False,suitcas
suited,2,2.083420142505938e-05,15.550686671837498,6,VBD,v,1,{'v'},2,"{'VBD', 'VBN'}",False,suit
suits,1,1.041710071252969e-05,16.5506866718375,5,NNS,n,1,{'n'},1,{'NNS'},False,suit
sulfur,1,1.041710071252969e-05,16.5506866718375,6,NN,n,1,{'n'},1,{'NN'},False,sulfur
suliman,23,0.00023959331638818285,12.027124715780486,7,NNP,n,1,{'n'},2,"{'NN', 'NNP'}",False,suliman
sum,1,1.041710071252969e-05,16.5506866718375,3,NN,n,1,{'n'},1,{'NN'},False,sum
sumimasen,1,1.041710071252969e-05,16.5506866718375,9,NNP,n,1,{'n'},1,{'NNP'},False,sumimasen
summer,16,0.00016667361140047503,12.550686671837498,6,NN,n,1,{'n'},2,"{'NN', 'NNP'}",False,summer
summon,1,1.041710071252969e-05,16.5506866718375,6,NN,n,1,{'n'},1,{'NN'},False,summon
summoned,5,5.208550356264844e-05,14.228758576950137,8,VBN,v,1,{'v'},2,"{'VBD', 'VBN'}",False,summon
summons,2,2.083420142505938e-05,15.550686671837498,7,NNS,n,1,{'n'},1,{'NNS'},False,summon
sun,15,0.00015625651068794532,12.64379607622898,3,NN,n,1,{'n'},2,"{'NN', 'NNP'}",False,sun
sunday,1,1.041710071252969e-05,16.5506866718375,6,NNP,n,1,{'n'},1,{'NNP'},False,sunday
sunk,2,2.083420142505938e-05,15.550686671837498,4,RB,r,1,{'r'},1,{'RB'},False,sunk
sunlight,2,2.083420142505938e-05,15.550686671837498,8,NN,n,1,{'n'},2,"{'NN', 'NNP'}",False,sunlight
sunny,2,2.083420142505938e-05,15.550686671837498,5,JJ,j,1,{'j'},1,{'JJ'},False,sunni
sunrise,3,3.1251302137589066e-05,14.965724171116342,7,NN,n,1,{'n'},1,{'NN'},False,sunris
sunset,2,2.083420142505938e-05,15.550686671837498,6,JJ,j,2,"{'j', 'v'}",2,"{'JJ', 'VBN'}",False,sunset
superb,3,3.1251302137589066e-05,14.965724171116342,6,JJ,j,2,"{'n', 'j'}",2,"{'JJ', 'NN'}",False,superb
superstitious,2,2.083420142505938e-05,15.550686671837498,13,JJ,j,1,{'j'},1,{'JJ'},False,superstiti
supper,4,4.166840285011876e-05,14.550686671837498,6,NN,n,2,"{'n', 'j'}",2,"{'JJR', 'NN'}",False,supper
supple,1,1.041710071252969e-05,16.5506866718375,6,NNP,n,1,{'n'},1,{'NNP'},False,suppl
supplement,1,1.041710071252969e-05,16.5506866718375,10,NN,n,1,{'n'},1,{'NN'},False,supplement
supply,1,1.041710071252969e-05,16.5506866718375,6,NN,n,1,{'n'},1,{'NN'},False,suppli
support,2,2.083420142505938e-05,15.550686671837498,7,NN,n,1,{'n'},1,{'NN'},False,support
suppose,8,8.333680570023751e-05,13.550686671837498,7,VB,v,1,{'v'},2,"{'VB', 'VBP'}",False,suppos
supposed,18,0.0001875078128255344,12.380761670395186,8,VBN,v,1,{'v'},2,"{'VBD', 'VBN'}",False,suppos
supposedly,1,1.041710071252969e-05,16.5506866718375,10,RB,r,1,{'r'},1,{'RB'},False,supposedli
sure,101,0.0010521271719654986,9.892475189085705,4,JJ,j,4,"{'n', 'j', 'r', 'v'}",4,"{'JJ', 'RB', 'VBP', 'NN'}",False,sure
surely,9,9.37539064127672e-05,13.380761670395186,6,RB,r,1,{'r'},1,{'RB'},False,sure
surface,3,3.1251302137589066e-05,14.965724171116342,7,NN,n,1,{'n'},1,{'NN'},False,surfac
surprise,4,4.166840285011876e-05,14.550686671837498,8,NN,n,1,{'n'},1,{'NN'},False,surpris
surprised,6,6.250260427517813e-05,13.965724171116342,9,JJ,j,2,"{'j', 'v'}",2,"{'JJ', 'VBN'}",False,surpris
surprisingly,2,2.083420142505938e-05,15.550686671837498,12,RB,r,1,{'r'},1,{'RB'},False,surprisingli
surrender,3,3.1251302137589066e-05,14.965724171116342,9,NN,n,2,"{'n', 'v'}",2,"{'VB', 'NN'}",False,surrend
surrendered,1,1.041710071252969e-05,16.5506866718375,11,VBD,v,1,{'v'},1,{'VBD'},False,surrend
surrounded,4,4.166840285011876e-05,14.550686671837498,10,VBN,v,1,{'v'},2,"{'VBD', 'VBN'}",False,surround
suru,1,1.041710071252969e-05,16.5506866718375,4,NN,n,1,{'n'},1,{'NN'},False,suru
survive,7,7.291970498770782e-05,13.743331749779895,7,VB,v,2,"{'x', 'v'}",2,"{'VB', 'CD'}",False,surviv
survived,3,3.1251302137589066e-05,14.965724171116342,8,VBD,v,1,{'v'},1,{'VBD'},False,surviv
surviving,1,1.041710071252969e-05,16.5506866718375,9,JJ,j,1,{'j'},1,{'JJ'},False,surviv
suspect,4,4.166840285011876e-05,14.550686671837498,7,VBP,v,1,{'v'},1,{'VBP'},False,suspect
suspicious,1,1.041710071252969e-05,16.5506866718375,10,JJ,j,1,{'j'},1,{'JJ'},False,suspici
sustain,1,1.041710071252969e-05,16.5506866718375,7,VB,v,1,{'v'},1,{'VB'},False,sustain
susuatari,3,3.1251302137589066e-05,14.965724171116342,9,NNP,n,2,"{'n', 'j'}",2,"{'JJ', 'NNP'}",False,susuatari
sutemaru,25,0.00026042751781324224,11.906830482062773,8,NN,n,2,"{'n', 'x'}",3,"{""''"", 'NN', 'NNP'}",False,sutemaru
sutosutosutoton,1,1.041710071252969e-05,16.5506866718375,15,JJ,j,1,{'j'},1,{'JJ'},False,sutosutosutoton
suu,3,3.1251302137589066e-05,14.965724171116342,3,NNP,n,1,{'n'},1,{'NNP'},False,suu
suzuki,1,1.041710071252969e-05,16.5506866718375,6,NNP,n,1,{'n'},1,{'NNP'},False,suzuki
suzukisan,1,1.041710071252969e-05,16.5506866718375,9,JJ,j,1,{'j'},1,{'JJ'},False,suzukisan
swallow,6,6.250260427517813e-05,13.965724171116342,7,NN,n,2,"{'n', 'v'}",2,"{'VB', 'NN'}",False,swallow
swallowed,8,8.333680570023751e-05,13.550686671837498,9,VBN,v,1,{'v'},2,"{'VBD', 'VBN'}",False,swallow
swallowing,2,2.083420142505938e-05,15.550686671837498,10,VBG,v,1,{'v'},1,{'VBG'},False,swallow
swallows,1,1.041710071252969e-05,16.5506866718375,8,NNS,n,1,{'n'},1,{'NNS'},False,swallow
swamp,3,3.1251302137589066e-05,14.965724171116342,5,NNP,n,1,{'n'},1,{'NNP'},False,swamp
swan,2,2.083420142505938e-05,15.550686671837498,4,NNP,n,1,{'n'},1,{'NNP'},False,swan
swankiest,1,1.041710071252969e-05,16.5506866718375,9,JJS,j,1,{'j'},1,{'JJS'},False,swankiest
swarm,2,2.083420142505938e-05,15.550686671837498,5,NN,n,1,{'n'},1,{'NN'},False,swarm
swarms,2,2.083420142505938e-05,15.550686671837498,6,NNS,n,1,{'n'},1,{'NNS'},False,swarm
swaying,2,2.083420142505938e-05,15.550686671837498,7,NN,n,2,"{'n', 'v'}",2,"{'VBG', 'NN'}",False,sway
swear,2,2.083420142505938e-05,15.550686671837498,5,VBP,v,1,{'v'},1,{'VBP'},False,swear
sweat,3,3.1251302137589066e-05,14.965724171116342,5,VB,v,2,"{'n', 'v'}",2,"{'VB', 'NN'}",False,sweat
sweeping,1,1.041710071252969e-05,16.5506866718375,8,VBG,v,1,{'v'},1,{'VBG'},False,sweep
sweet,8,8.333680570023751e-05,13.550686671837498,5,JJ,j,2,"{'n', 'j'}",3,"{'JJ', 'NN', 'NNP'}",False,sweet
sweetheart,2,2.083420142505938e-05,15.550686671837498,10,NN,n,1,{'n'},1,{'NN'},False,sweetheart
sweetie,7,7.291970498770782e-05,13.743331749779895,7,NN,n,3,"{'n', 'j', 'v'}",4,"{'JJ', 'VB', 'NN', 'NNP'}",False,sweeti
sweetrice,1,1.041710071252969e-05,16.5506866718375,9,JJ,j,1,{'j'},1,{'JJ'},False,sweetric
sweets,1,1.041710071252969e-05,16.5506866718375,6,NNS,n,1,{'n'},1,{'NNS'},False,sweet
swift,1,1.041710071252969e-05,16.5506866718375,5,NNP,n,1,{'n'},1,{'NNP'},False,swift
swiftly,2,2.083420142505938e-05,15.550686671837498,7,NNP,n,2,"{'n', 'r'}",2,"{'RB', 'NNP'}",False,swiftli
swim,7,7.291970498770782e-05,13.743331749779895,4,VB,v,2,"{'n', 'v'}",3,"{'VB', 'VBP', 'NN'}",False,swim
swimming,1,1.041710071252969e-05,16.5506866718375,8,VBG,v,1,{'v'},1,{'VBG'},False,swim
swine,1,1.041710071252969e-05,16.5506866718375,5,NN,n,1,{'n'},1,{'NN'},False,swine
swing,1,1.041710071252969e-05,16.5506866718375,5,NN,n,1,{'n'},1,{'NN'},False,swing
swinging,2,2.083420142505938e-05,15.550686671837498,8,VBG,v,1,{'v'},1,{'VBG'},False,swing
swiped,1,1.041710071252969e-05,16.5506866718375,6,VBD,v,1,{'v'},1,{'VBD'},False,swipe
swish,2,2.083420142505938e-05,15.550686671837498,5,NN,n,2,"{'n', 'v'}",2,"{'VB', 'NN'}",False,swish
switch,2,2.083420142505938e-05,15.550686671837498,6,VB,v,1,{'v'},1,{'VB'},False,switch
switched,2,2.083420142505938e-05,15.550686671837498,8,VBD,v,1,{'v'},1,{'VBD'},False,switch
switches,1,1.041710071252969e-05,16.5506866718375,8,NNS,n,1,{'n'},1,{'NNS'},False,switch
swollen,1,1.041710071252969e-05,16.5506866718375,7,JJ,j,1,{'j'},1,{'JJ'},False,swollen
sword,4,4.166840285011876e-05,14.550686671837498,5,NN,n,1,{'n'},1,{'NN'},False,sword
swordsman,1,1.041710071252969e-05,16.5506866718375,9,NN,n,1,{'n'},1,{'NN'},False,swordsman
sworn,1,1.041710071252969e-05,16.5506866718375,5,VBN,v,1,{'v'},1,{'VBN'},False,sworn
symbol,1,1.041710071252969e-05,16.5506866718375,6,NN,n,1,{'n'},1,{'NN'},False,symbol
sympathy,1,1.041710071252969e-05,16.5506866718375,8,NN,n,1,{'n'},1,{'NN'},False,sympathi
system,2,2.083420142505938e-05,15.550686671837498,6,NN,n,1,{'n'},1,{'NN'},False,system
t,266,0.002770948789532897,8.49540423633631,1,NN,n,5,"{'j', 'v', 'n', 'x', 'r'}",8,"{'JJ', 'VBD', 'NN', 'VBZ', 'IN', 'NNS', 'RB', 'VB'}",True,t
ta,10,0.00010417100712529688,13.228758576950137,2,JJ,j,3,"{'n', 'j', 'r'}",3,"{'JJ', 'RB', 'NNS'}",False,ta
tab,2,2.083420142505938e-05,15.550686671837498,3,NN,n,1,{'n'},1,{'NN'},False,tab
table,2,2.083420142505938e-05,15.550686671837498,5,NN,n,1,{'n'},1,{'NN'},False,tabl
tabloids,1,1.041710071252969e-05,16.5506866718375,8,NNS,n,1,{'n'},1,{'NNS'},False,tabloid
tabo,2,2.083420142505938e-05,15.550686671837498,4,JJ,j,2,"{'n', 'j'}",2,"{'JJ', 'NN'}",False,tabo
tackiest,1,1.041710071252969e-05,16.5506866718375,8,JJS,j,1,{'j'},1,{'JJS'},False,tackiest
tacky,5,5.208550356264844e-05,14.228758576950137,5,JJ,j,1,{'j'},1,{'JJ'},False,tacki
tactics,1,1.041710071252969e-05,16.5506866718375,7,NNS,n,1,{'n'},1,{'NNS'},False,tactic
tadpoles,1,1.041710071252969e-05,16.5506866718375,8,NNS,n,1,{'n'},1,{'NNS'},False,tadpol
taeko,38,0.00039584982707612816,11.302759158393913,5,NNP,n,1,{'n'},2,"{'NN', 'NNP'}",False,taeko
taekochan,15,0.00015625651068794532,12.64379607622898,9,NNP,n,2,"{'n', 'j'}",2,"{'JJ', 'NNP'}",False,taekochan
taekosan,6,6.250260427517813e-05,13.965724171116342,8,JJ,j,2,"{'n', 'j'}",2,"{'JJ', 'NNP'}",False,taekosan
tag,2,2.083420142505938e-05,15.550686671837498,3,NN,n,1,{'n'},1,{'NN'},False,tag
tail,8,8.333680570023751e-05,13.550686671837498,4,NN,n,1,{'n'},1,{'NN'},False,tail
tainted,1,1.041710071252969e-05,16.5506866718375,7,JJ,j,1,{'j'},1,{'JJ'},False,taint
takarazuka,3,3.1251302137589066e-05,14.965724171116342,10,NNP,n,1,{'n'},1,{'NNP'},False,takarazuka
take,204,0.0021250885453560566,8.878261329866003,4,VB,v,2,"{'n', 'v'}",3,"{'VB', 'VBP', 'NNP'}",False,take
taken,8,8.333680570023751e-05,13.550686671837498,5,VBN,v,1,{'v'},1,{'VBN'},False,taken
takes,10,0.00010417100712529688,13.228758576950137,5,VBZ,v,1,{'v'},1,{'VBZ'},False,take
taking,24,0.00025001041710071253,11.965724171116342,6,VBG,v,2,"{'n', 'v'}",2,"{'VBG', 'NN'}",False,take
tale,3,3.1251302137589066e-05,14.965724171116342,4,NN,n,1,{'n'},1,{'NN'},False,tale
talent,2,2.083420142505938e-05,15.550686671837498,6,NN,n,1,{'n'},1,{'NN'},False,talent
talented,3,3.1251302137589066e-05,14.965724171116342,8,VBN,v,1,{'v'},1,{'VBN'},False,talent
talents,1,1.041710071252969e-05,16.5506866718375,7,NNS,n,1,{'n'},1,{'NNS'},False,talent
tales,3,3.1251302137589066e-05,14.965724171116342,5,NNS,n,1,{'n'},1,{'NNS'},False,tale
talk,26,0.0002708446185257719,11.850246953696406,4,VB,v,2,"{'n', 'v'}",3,"{'VB', 'VBP', 'NN'}",False,talk
talked,3,3.1251302137589066e-05,14.965724171116342,6,VBD,v,1,{'v'},2,"{'VBD', 'VBN'}",False,talk
talking,24,0.00025001041710071253,11.965724171116342,7,VBG,v,1,{'v'},1,{'VBG'},False,talk
talks,1,1.041710071252969e-05,16.5506866718375,5,VBZ,v,1,{'v'},1,{'VBZ'},False,talk
tall,2,2.083420142505938e-05,15.550686671837498,4,JJ,j,1,{'j'},1,{'JJ'},False,tall
taller,1,1.041710071252969e-05,16.5506866718375,6,'',x,1,{'x'},1,"{""''""}",False,taller
tama,51,0.0005312721363390141,10.878261329866003,4,NNP,n,2,"{'n', 'v'}",2,"{'VB', 'NNP'}",False,tama
tamasaburô,14,0.00014583940997541563,12.743331749779895,10,NNP,n,1,{'n'},2,"{'NN', 'NNP'}",False,tamasaburô
tame,1,1.041710071252969e-05,16.5506866718375,4,JJ,j,1,{'j'},1,{'JJ'},False,tame
tani,4,4.166840285011876e-05,14.550686671837498,4,NNP,n,1,{'n'},1,{'NNP'},False,tani
tanisan,2,2.083420142505938e-05,15.550686671837498,7,JJ,j,1,{'j'},1,{'JJ'},False,tanisan
tank,5,5.208550356264844e-05,14.228758576950137,4,NN,n,1,{'n'},1,{'NN'},False,tank
tanks,5,5.208550356264844e-05,14.228758576950137,5,NNS,n,1,{'n'},1,{'NNS'},False,tank
tantrum,1,1.041710071252969e-05,16.5506866718375,7,NN,n,1,{'n'},1,{'NN'},False,tantrum
tantrums,1,1.041710071252969e-05,16.5506866718375,8,NNS,n,1,{'n'},1,{'NNS'},False,tantrum
tapestry,1,1.041710071252969e-05,16.5506866718375,8,NN,n,1,{'n'},1,{'NN'},False,tapestri
target,1,1.041710071252969e-05,16.5506866718375,6,NN,n,1,{'n'},1,{'NN'},False,target
task,1,1.041710071252969e-05,16.5506866718375,4,NN,n,1,{'n'},1,{'NN'},False,task
tasks,1,1.041710071252969e-05,16.5506866718375,5,NNS,n,1,{'n'},1,{'NNS'},False,task
taste,5,5.208550356264844e-05,14.228758576950137,5,NN,n,2,"{'n', 'v'}",2,"{'VB', 'NN'}",False,tast
tasted,2,2.083420142505938e-05,15.550686671837498,6,VBD,v,1,{'v'},1,{'VBD'},False,tast
tasteless,1,1.041710071252969e-05,16.5506866718375,9,NN,n,1,{'n'},1,{'NN'},False,tasteless
tastes,1,1.041710071252969e-05,16.5506866718375,6,VBZ,v,1,{'v'},1,{'VBZ'},False,tast
tasting,1,1.041710071252969e-05,16.5506866718375,7,NN,n,1,{'n'},1,{'NN'},False,tast
tasty,2,2.083420142505938e-05,15.550686671837498,5,JJ,j,1,{'j'},1,{'JJ'},False,tasti
tatara,20,0.00020834201425059377,12.228758576950137,6,NNP,n,1,{'n'},2,"{'NN', 'NNP'}",False,tatara
tatarigami,16,0.00016667361140047503,12.550686671837498,10,NNP,n,2,"{'n', 'j'}",3,"{'JJ', 'NN', 'NNP'}",False,tatarigami
tattchan,1,1.041710071252969e-05,16.5506866718375,8,NNP,n,1,{'n'},1,{'NNP'},False,tattchan
tattered,1,1.041710071252969e-05,16.5506866718375,8,JJ,j,1,{'j'},1,{'JJ'},False,tatter
taught,6,6.250260427517813e-05,13.965724171116342,6,VBD,v,2,"{'n', 'v'}",3,"{'NN', 'VBD', 'VBN'}",False,taught
taxi,1,1.041710071252969e-05,16.5506866718375,4,NN,n,1,{'n'},1,{'NN'},False,taxi
taxing,1,1.041710071252969e-05,16.5506866718375,6,VBG,v,1,{'v'},1,{'VBG'},False,tax
tea,7,7.291970498770782e-05,13.743331749779895,3,NN,n,1,{'n'},1,{'NN'},False,tea
teach,6,6.250260427517813e-05,13.965724171116342,5,VB,v,1,{'v'},2,"{'VB', 'VBP'}",False,teach
teacher,10,0.00010417100712529688,13.228758576950137,7,NN,n,2,"{'n', 'r'}",3,"{'RB', 'NN', 'NNP'}",False,teacher
team,3,3.1251302137589066e-05,14.965724171116342,4,NN,n,1,{'n'},1,{'NN'},False,team
teams,1,1.041710071252969e-05,16.5506866718375,5,NNS,n,1,{'n'},1,{'NNS'},False,team
tear,3,3.1251302137589066e-05,14.965724171116342,4,NN,n,2,"{'n', 'v'}",3,"{'VB', 'NN', 'NNP'}",False,tear
tears,3,3.1251302137589066e-05,14.965724171116342,5,NNS,n,1,{'n'},1,{'NNS'},False,tear
tease,2,2.083420142505938e-05,15.550686671837498,5,NN,n,2,"{'n', 'v'}",2,"{'VB', 'NN'}",False,teas
teasing,3,3.1251302137589066e-05,14.965724171116342,7,VBG,v,1,{'v'},1,{'VBG'},False,teas
technically,1,1.041710071252969e-05,16.5506866718375,11,RB,r,1,{'r'},1,{'RB'},False,technic
technique,2,2.083420142505938e-05,15.550686671837498,9,NN,n,1,{'n'},1,{'NN'},False,techniqu
techniques,2,2.083420142505938e-05,15.550686671837498,10,NNS,n,1,{'n'},1,{'NNS'},False,techniqu
technology,12,0.00012500520855035626,12.965724171116342,10,NN,n,1,{'n'},1,{'NN'},False,technolog
teenage,1,1.041710071252969e-05,16.5506866718375,7,NN,n,1,{'n'},1,{'NN'},False,teenag
teeth,5,5.208550356264844e-05,14.228758576950137,5,NNS,n,1,{'n'},2,"{'NN', 'NNS'}",False,teeth
telegram,6,6.250260427517813e-05,13.965724171116342,8,NN,n,1,{'n'},1,{'NN'},False,telegram
telephone,6,6.250260427517813e-05,13.965724171116342,9,NN,n,1,{'n'},1,{'NN'},False,telephon
television,4,4.166840285011876e-05,14.550686671837498,10,NN,n,1,{'n'},1,{'NN'},False,televis
tell,100,0.001041710071252969,9.906830482062773,4,VB,v,2,"{'n', 'v'}",4,"{'VB', 'VBP', 'NN', 'NNP'}",False,tell
telling,10,0.00010417100712529688,13.228758576950137,7,VBG,v,1,{'v'},1,{'VBG'},False,tell
tells,1,1.041710071252969e-05,16.5506866718375,5,VBZ,v,1,{'v'},1,{'VBZ'},False,tell
temperature,2,2.083420142505938e-05,15.550686671837498,11,NN,n,1,{'n'},1,{'NN'},False,temperatur
tempest,1,1.041710071252969e-05,16.5506866718375,7,NN,n,1,{'n'},1,{'NN'},False,tempest
temple,10,0.00010417100712529688,13.228758576950137,6,NN,n,1,{'n'},2,"{'NN', 'NNP'}",False,templ
temples,1,1.041710071252969e-05,16.5506866718375,7,NNS,n,1,{'n'},1,{'NNS'},False,templ
temporarily,1,1.041710071252969e-05,16.5506866718375,11,RB,r,1,{'r'},1,{'RB'},False,temporarili
tempura,7,7.291970498770782e-05,13.743331749779895,7,NN,n,1,{'n'},2,"{'NN', 'NNP'}",False,tempura
ten,11,0.00011458810783782658,13.091255053200202,3,CD,x,5,"{'j', 'v', 'n', 'x', 'r'}",5,"{'JJ', 'NN', 'VBP', 'RB', 'CD'}",False,ten
tenday,1,1.041710071252969e-05,16.5506866718375,6,JJ,j,1,{'j'},1,{'JJ'},False,tenday
tendency,1,1.041710071252969e-05,16.5506866718375,8,NN,n,1,{'n'},1,{'NN'},False,tendenc
tender,1,1.041710071252969e-05,16.5506866718375,6,NN,n,1,{'n'},1,{'NN'},False,tender
tensions,1,1.041710071252969e-05,16.5506866718375,8,NNS,n,1,{'n'},1,{'NNS'},False,tension
tenter,3,3.1251302137589066e-05,14.965724171116342,6,NN,n,1,{'n'},1,{'NN'},False,tenter
terms,1,1.041710071252969e-05,16.5506866718375,5,NNS,n,1,{'n'},1,{'NNS'},False,term
terrace,1,1.041710071252969e-05,16.5506866718375,7,NN,n,1,{'n'},1,{'NN'},False,terrac
terrible,28,0.00029167881995083127,11.743331749779895,8,JJ,j,1,{'j'},1,{'JJ'},False,terribl
terribly,4,4.166840285011876e-05,14.550686671837498,8,RB,r,1,{'r'},1,{'RB'},False,terribl
terrific,1,1.041710071252969e-05,16.5506866718375,8,NNP,n,1,{'n'},1,{'NNP'},False,terrif
terrifies,1,1.041710071252969e-05,16.5506866718375,9,VBZ,v,1,{'v'},1,{'VBZ'},False,terrifi
terrifying,1,1.041710071252969e-05,16.5506866718375,10,VBG,v,1,{'v'},1,{'VBG'},False,terrifi
territories,1,1.041710071252969e-05,16.5506866718375,11,NNS,n,1,{'n'},1,{'NNS'},False,territori
territory,1,1.041710071252969e-05,16.5506866718375,9,NN,n,1,{'n'},1,{'NN'},False,territori
terror,1,1.041710071252969e-05,16.5506866718375,6,NN,n,1,{'n'},1,{'NN'},False,terror
test,13,0.00013542230926288595,12.850246953696406,4,NN,n,2,"{'n', 'v'}",2,"{'VB', 'NN'}",False,test
testament,1,1.041710071252969e-05,16.5506866718375,9,NNP,n,1,{'n'},1,{'NNP'},False,testament
testing,1,1.041710071252969e-05,16.5506866718375,7,VBG,v,1,{'v'},1,{'VBG'},False,test
tests,1,1.041710071252969e-05,16.5506866718375,5,NNS,n,1,{'n'},1,{'NNS'},False,test
teto,6,6.250260427517813e-05,13.965724171116342,4,NN,n,1,{'n'},2,"{'NN', 'NNP'}",False,teto
th,2,2.083420142505938e-05,15.550686671837498,2,NN,n,1,{'n'},2,"{'NN', 'NNP'}",False,th
than,57,0.0005937747406141923,10.717796657672757,4,IN,x,1,{'x'},1,{'IN'},True,than
thank,145,0.0015104796033168048,9.370777581822564,5,NNP,n,3,"{'n', 'j', 'v'}",5,"{'JJ', 'NN', 'NNP', 'VBP', 'VB'}",False,thank
thankful,1,1.041710071252969e-05,16.5506866718375,8,JJ,j,1,{'j'},1,{'JJ'},False,thank
thanks,73,0.0007604483520146672,10.36086211295748,6,NNS,n,1,{'n'},2,"{'NN', 'NNS'}",False,thank
that,1267,0.013198466602775115,6.243485862696689,4,DT,x,3,"{'n', 'x', 'r'}",6,"{'NNP', 'IN', 'WDT', 'RB', 'DT', 'WP'}",True,that
the,3552,0.03700154173090545,4.756270805487393,3,DT,x,2,"{'x', 'v'}",3,"{'VBN', 'DT', ""''""}",True,the
thee,2,2.083420142505938e-05,15.550686671837498,4,NN,n,2,"{'n', 'v'}",2,"{'VB', 'NN'}",False,thee
theft,1,1.041710071252969e-05,16.5506866718375,5,NN,n,1,{'n'},1,{'NN'},False,theft
their,109,0.001135463977665736,9.782502347060571,5,PRP$,x,1,{'x'},1,{'PRP$'},True,their
theirs,1,1.041710071252969e-05,16.5506866718375,6,NNS,n,1,{'n'},1,{'NNS'},True,their
them,205,0.002135505646068586,8.871206572332053,4,PRP,x,2,"{'n', 'x'}",2,"{'PRP', 'NNP'}",True,them
theme,7,7.291970498770782e-05,13.743331749779895,5,NNP,n,1,{'n'},2,"{'NN', 'NNP'}",False,theme
themselves,13,0.00013542230926288595,12.850246953696406,10,PRP,x,1,{'x'},1,{'PRP'},True,themselv
then,178,0.0018542439268302846,9.074953240871102,4,RB,r,2,"{'n', 'r'}",2,"{'RB', 'NN'}",True,then
theory,1,1.041710071252969e-05,16.5506866718375,6,NN,n,1,{'n'},1,{'NN'},False,theori
there,504,0.005250218759114963,7.573406748337582,5,EX,x,4,"{'x', 'j', 'r', 'v'}",4,"{'JJ', 'EX', 'VB', 'RB'}",True,there
therefore,5,5.208550356264844e-05,14.228758576950137,9,RB,r,2,"{'x', 'r'}",2,"{'RB', 'IN'}",False,therefor
these,84,0.0008750364598524938,10.158369249058739,5,DT,x,1,{'x'},1,{'DT'},True,these
they,475,0.0049481228384516025,7.658902968619188,4,PRP,x,1,{'x'},1,{'PRP'},True,they
thief,2,2.083420142505938e-05,15.550686671837498,5,NN,n,1,{'n'},1,{'NN'},False,thief
thieves,1,1.041710071252969e-05,16.5506866718375,7,NNS,n,1,{'n'},1,{'NNS'},False,thiev
thin,1,1.041710071252969e-05,16.5506866718375,4,JJ,j,1,{'j'},1,{'JJ'},False,thin
thine,1,1.041710071252969e-05,16.5506866718375,5,NN,n,1,{'n'},1,{'NN'},False,thine
thing,75,0.0007812825534397267,10.321867981341617,5,NN,n,1,{'n'},1,{'NN'},False,thing
things,62,0.0006458602441768407,10.596490361450623,6,NNS,n,1,{'n'},1,{'NNS'},False,thing
think,163,0.0016979874161423393,9.201958517606421,5,VBP,v,2,"{'n', 'v'}",3,"{'VB', 'VBP', 'NN'}",False,think
thinking,13,0.00013542230926288595,12.850246953696406,8,VBG,v,2,"{'n', 'v'}",2,"{'VBG', 'NN'}",False,think
thinks,3,3.1251302137589066e-05,14.965724171116342,6,VBZ,v,1,{'v'},1,{'VBZ'},False,think
third,2,2.083420142505938e-05,15.550686671837498,5,JJ,j,1,{'j'},1,{'JJ'},False,third
thirds,3,3.1251302137589066e-05,14.965724171116342,6,NNS,n,1,{'n'},1,{'NNS'},False,third
thirsty,4,4.166840285011876e-05,14.550686671837498,7,JJ,j,1,{'j'},1,{'JJ'},False,thirsti
thirty,1,1.041710071252969e-05,16.5506866718375,6,NNP,n,1,{'n'},1,{'NNP'},False,thirti
this,869,0.0090524605191883,6.787474305023098,4,DT,x,2,"{'n', 'x'}",3,"{'DT', 'NN', 'NNP'}",True,thi
thomas,1,1.041710071252969e-05,16.5506866718375,6,NNP,n,1,{'n'},1,{'NNP'},False,thoma
thorn,3,3.1251302137589066e-05,14.965724171116342,5,NN,n,1,{'n'},1,{'NN'},False,thorn
thoroughly,2,2.083420142505938e-05,15.550686671837498,10,RB,r,1,{'r'},1,{'RB'},False,thoroughli
those,102,0.0010625442726780283,9.878261329866003,5,DT,x,1,{'x'},1,{'DT'},True,those
thou,2,2.083420142505938e-05,15.550686671837498,4,JJ,j,2,"{'n', 'j'}",2,"{'JJ', 'NN'}",False,thou
though,28,0.00029167881995083127,11.743331749779895,6,IN,x,3,"{'n', 'x', 'r'}",3,"{'RB', 'IN', 'NNS'}",False,though
thought,51,0.0005312721363390141,10.878261329866003,7,VBD,v,3,"{'n', 'j', 'v'}",6,"{'JJ', 'VBD', 'NN', 'NNP', 'VBP', 'VBN'}",False,thought
thoughtful,1,1.041710071252969e-05,16.5506866718375,10,JJ,j,1,{'j'},1,{'JJ'},False,thought
thoughts,2,2.083420142505938e-05,15.550686671837498,8,NNS,n,1,{'n'},1,{'NNS'},False,thought
thousand,3,3.1251302137589066e-05,14.965724171116342,8,CD,x,1,{'x'},1,{'CD'},False,thousand
thousands,2,2.083420142505938e-05,15.550686671837498,9,NNS,n,1,{'n'},1,{'NNS'},False,thousand
thread,1,1.041710071252969e-05,16.5506866718375,6,NN,n,1,{'n'},1,{'NN'},False,thread
threads,2,2.083420142505938e-05,15.550686671837498,7,NNS,n,1,{'n'},1,{'NNS'},False,thread
threat,1,1.041710071252969e-05,16.5506866718375,6,NN,n,1,{'n'},1,{'NN'},False,threat
threatening,2,2.083420142505938e-05,15.550686671837498,11,VBG,v,1,{'v'},1,{'VBG'},False,threaten
three,31,0.00032293012208842035,11.596490361450623,5,CD,x,1,{'x'},1,{'CD'},False,three
thrilled,1,1.041710071252969e-05,16.5506866718375,8,JJ,j,1,{'j'},1,{'JJ'},False,thrill
throat,4,4.166840285011876e-05,14.550686671837498,6,NN,n,1,{'n'},1,{'NN'},False,throat
throbbing,1,1.041710071252969e-05,16.5506866718375,9,NN,n,1,{'n'},1,{'NN'},False,throb
throne,2,2.083420142505938e-05,15.550686671837498,6,NN,n,1,{'n'},1,{'NN'},False,throne
through,34,0.0003541814242260094,11.46322383058716,7,IN,x,1,{'x'},1,{'IN'},True,through
throughout,1,1.041710071252969e-05,16.5506866718375,10,IN,x,1,{'x'},1,{'IN'},False,throughout
throw,12,0.00012500520855035626,12.965724171116342,5,VB,v,1,{'v'},2,"{'VB', 'VBP'}",False,throw
throwers,1,1.041710071252969e-05,16.5506866718375,8,NNS,n,1,{'n'},1,{'NNS'},False,thrower
throwing,10,0.00010417100712529688,13.228758576950137,8,VBG,v,1,{'v'},1,{'VBG'},False,throw
thrown,4,4.166840285011876e-05,14.550686671837498,6,VBN,v,2,"{'x', 'v'}",2,"{'VBN', 'RP'}",False,thrown
ththat,1,1.041710071252969e-05,16.5506866718375,6,NNP,n,1,{'n'},1,{'NNP'},False,ththat
thumb,2,2.083420142505938e-05,15.550686671837498,5,NN,n,1,{'n'},1,{'NN'},False,thumb
thumbs,1,1.041710071252969e-05,16.5506866718375,6,NNS,n,1,{'n'},1,{'NNS'},False,thumb
thunder,1,1.041710071252969e-05,16.5506866718375,7,NN,n,1,{'n'},1,{'NN'},False,thunder
thus,4,4.166840285011876e-05,14.550686671837498,4,RB,r,1,{'r'},1,{'RB'},False,thu
thy,1,1.041710071252969e-05,16.5506866718375,3,JJ,j,1,{'j'},1,{'JJ'},False,thi
tibere,1,1.041710071252969e-05,16.5506866718375,6,NNP,n,1,{'n'},1,{'NNP'},False,tiber
tickets,1,1.041710071252969e-05,16.5506866718375,7,NNS,n,1,{'n'},1,{'NNS'},False,ticket
tide,1,1.041710071252969e-05,16.5506866718375,4,NN,n,1,{'n'},1,{'NN'},False,tide
tie,3,3.1251302137589066e-05,14.965724171116342,3,NN,n,2,"{'n', 'v'}",3,"{'VB', 'NN', 'NNP'}",False,tie
tied,4,4.166840285011876e-05,14.550686671837498,4,VBN,v,1,{'v'},2,"{'VBD', 'VBN'}",False,tie
tiger,1,1.041710071252969e-05,16.5506866718375,5,NNP,n,1,{'n'},1,{'NNP'},False,tiger
tigers,1,1.041710071252969e-05,16.5506866718375,6,NNS,n,1,{'n'},1,{'NNS'},False,tiger
tight,4,4.166840285011876e-05,14.550686671837498,5,JJ,j,2,"{'n', 'j'}",2,"{'JJ', 'NN'}",False,tight
tightens,1,1.041710071252969e-05,16.5506866718375,8,NNS,n,1,{'n'},1,{'NNS'},False,tighten
tighter,1,1.041710071252969e-05,16.5506866718375,7,JJR,j,1,{'j'},1,{'JJR'},False,tighter
tightfisted,1,1.041710071252969e-05,16.5506866718375,11,JJ,j,1,{'j'},1,{'JJ'},False,tightfist
tightly,1,1.041710071252969e-05,16.5506866718375,7,RB,r,1,{'r'},1,{'RB'},False,tightli
til,1,1.041710071252969e-05,16.5506866718375,3,IN,x,1,{'x'},1,{'IN'},False,til
till,7,7.291970498770782e-05,13.743331749779895,4,NN,n,3,"{'n', 'j', 'v'}",3,"{'JJ', 'VB', 'NN'}",False,till
time,196,0.002041751739655819,8.93597682772229,4,NN,n,1,{'n'},2,"{'NN', 'NNP'}",False,time
times,22,0.00022917621567565316,12.091255053200202,5,NNS,n,1,{'n'},1,{'NNS'},False,time
timid,2,2.083420142505938e-05,15.550686671837498,5,JJ,j,1,{'j'},1,{'JJ'},False,timid
timing,2,2.083420142505938e-05,15.550686671837498,6,NN,n,1,{'n'},1,{'NN'},False,time
tin,1,1.041710071252969e-05,16.5506866718375,3,NN,n,1,{'n'},1,{'NN'},False,tin
tina,1,1.041710071252969e-05,16.5506866718375,4,NNP,n,1,{'n'},1,{'NNP'},False,tina
tiniest,1,1.041710071252969e-05,16.5506866718375,7,JJS,j,1,{'j'},1,{'JJS'},False,tiniest
tiny,1,1.041710071252969e-05,16.5506866718375,4,JJ,j,1,{'j'},1,{'JJ'},False,tini
tip,1,1.041710071252969e-05,16.5506866718375,3,NN,n,1,{'n'},1,{'NN'},False,tip
tips,4,4.166840285011876e-05,14.550686671837498,4,NNS,n,1,{'n'},1,{'NNS'},False,tip
tire,1,1.041710071252969e-05,16.5506866718375,4,VB,v,1,{'v'},1,{'VB'},False,tire
tired,9,9.37539064127672e-05,13.380761670395186,5,VBN,v,2,"{'j', 'v'}",3,"{'VBD', 'JJ', 'VBN'}",False,tire
title,1,1.041710071252969e-05,16.5506866718375,5,NN,n,1,{'n'},1,{'NN'},False,titl
to,2156,0.02245926913621401,5.4765452090849935,2,TO,x,2,"{'n', 'x'}",3,"{'TO', 'NN', 'NNP'}",True,to
tobacco,1,1.041710071252969e-05,16.5506866718375,7,NN,n,1,{'n'},1,{'NN'},False,tobacco
today,52,0.0005416892370515438,10.850246953696406,5,NN,n,1,{'n'},1,{'NN'},False,today
toelle,3,3.1251302137589066e-05,14.965724171116342,6,NNP,n,1,{'n'},1,{'NNP'},False,toell
toes,1,1.041710071252969e-05,16.5506866718375,4,NNS,n,1,{'n'},1,{'NNS'},False,toe
toeto,2,2.083420142505938e-05,15.550686671837498,5,NNP,n,1,{'n'},1,{'NNP'},False,toeto
together,27,0.0002812617192383016,11.79579916967403,8,RB,r,2,"{'n', 'r'}",2,"{'RB', 'NN'}",False,togeth
toh,4,4.166840285011876e-05,14.550686671837498,3,NN,n,1,{'n'},1,{'NN'},False,toh
tohyarara,1,1.041710071252969e-05,16.5506866718375,9,NN,n,1,{'n'},1,{'NN'},False,tohyarara
tohyra,1,1.041710071252969e-05,16.5506866718375,6,NN,n,1,{'n'},1,{'NN'},False,tohyra
toilet,4,4.166840285011876e-05,14.550686671837498,6,NN,n,1,{'n'},1,{'NN'},False,toilet
token,4,4.166840285011876e-05,14.550686671837498,5,NN,n,1,{'n'},1,{'NN'},False,token
tokens,2,2.083420142505938e-05,15.550686671837498,6,NNS,n,1,{'n'},1,{'NNS'},False,token
toki,9,9.37539064127672e-05,13.380761670395186,4,NNP,n,1,{'n'},2,"{'NN', 'NNP'}",False,toki
tokisan,9,9.37539064127672e-05,13.380761670395186,7,NNP,n,2,"{'n', 'j'}",2,"{'JJ', 'NNP'}",False,tokisan
toko,1,1.041710071252969e-05,16.5506866718375,4,NNP,n,1,{'n'},1,{'NNP'},False,toko
tokoroten,1,1.041710071252969e-05,16.5506866718375,9,NNP,n,1,{'n'},1,{'NNP'},False,tokoroten
tokyo,21,0.00021875911496312345,12.158369249058739,5,NNP,n,1,{'n'},1,{'NNP'},False,tokyo
told,57,0.0005937747406141923,10.717796657672757,4,VBD,v,3,"{'n', 'j', 'v'}",5,"{'JJ', 'VBD', 'NN', 'NNP', 'VBN'}",False,told
tolerate,2,2.083420142505938e-05,15.550686671837498,8,VB,v,1,{'v'},1,{'VB'},False,toler
tolumekia,1,1.041710071252969e-05,16.5506866718375,9,NNP,n,1,{'n'},1,{'NNP'},False,tolumekia
tolumekian,9,9.37539064127672e-05,13.380761670395186,10,JJ,j,1,{'j'},1,{'JJ'},False,tolumekian
tolumekians,3,3.1251302137589066e-05,14.965724171116342,11,NNPS,n,1,{'n'},1,{'NNPS'},False,tolumekian
tomb,2,2.083420142505938e-05,15.550686671837498,4,NN,n,1,{'n'},1,{'NN'},False,tomb
tombo,10,0.00010417100712529688,13.228758576950137,5,NN,n,1,{'n'},2,"{'NN', 'NNP'}",False,tombo
tommorrow,1,1.041710071252969e-05,16.5506866718375,9,NN,n,1,{'n'},1,{'NN'},False,tommorrow
tomorrow,28,0.00029167881995083127,11.743331749779895,8,NN,n,1,{'n'},2,"{'NN', 'NNP'}",False,tomorrow
ton,1,1.041710071252969e-05,16.5506866718375,3,NN,n,1,{'n'},1,{'NN'},False,ton
tongs,1,1.041710071252969e-05,16.5506866718375,5,NNS,n,1,{'n'},1,{'NNS'},False,tong
tongue,1,1.041710071252969e-05,16.5506866718375,6,NN,n,1,{'n'},1,{'NN'},False,tongu
tonight,21,0.00021875911496312345,12.158369249058739,7,NN,n,3,"{'n', 'r', 'v'}",5,"{'NN', 'NNP', 'RB', 'VB', 'VBN'}",False,tonight
tonomura,3,3.1251302137589066e-05,14.965724171116342,8,NNP,n,1,{'n'},1,{'NNP'},False,tonomura
tonomurakun,1,1.041710071252969e-05,16.5506866718375,11,NNP,n,1,{'n'},1,{'NNP'},False,tonomurakun
too,258,0.0026876119838326598,8.539459416414244,3,RB,r,2,"{'n', 'r'}",3,"{'RB', 'NN', 'NNP'}",True,too
took,30,0.00031251302137589064,11.64379607622898,4,VBD,v,1,{'v'},1,{'VBD'},False,took
tool,1,1.041710071252969e-05,16.5506866718375,4,NN,n,1,{'n'},1,{'NN'},False,tool
tools,3,3.1251302137589066e-05,14.965724171116342,5,NNS,n,1,{'n'},1,{'NNS'},False,tool
tooth,1,1.041710071252969e-05,16.5506866718375,5,DT,x,1,{'x'},1,{'DT'},False,tooth
toothbrush,1,1.041710071252969e-05,16.5506866718375,10,NN,n,1,{'n'},1,{'NN'},False,toothbrush
top,8,8.333680570023751e-05,13.550686671837498,3,JJ,j,2,"{'n', 'j'}",2,"{'JJ', 'NN'}",False,top
topspeed,1,1.041710071252969e-05,16.5506866718375,8,JJ,j,1,{'j'},1,{'JJ'},False,topspe
tore,2,2.083420142505938e-05,15.550686671837498,4,NN,n,2,"{'n', 'v'}",2,"{'VBD', 'NN'}",False,tore
torere,1,1.041710071252969e-05,16.5506866718375,6,RB,r,1,{'r'},1,{'RB'},False,torer
torerere,1,1.041710071252969e-05,16.5506866718375,8,RB,r,1,{'r'},1,{'RB'},False,torerer
torment,1,1.041710071252969e-05,16.5506866718375,7,NN,n,1,{'n'},1,{'NN'},False,torment
tororo,2,2.083420142505938e-05,15.550686671837498,6,NNP,n,1,{'n'},1,{'NNP'},False,tororo
tortoise,2,2.083420142505938e-05,15.550686671837498,8,NN,n,1,{'n'},1,{'NN'},False,tortois
toshichan,1,1.041710071252969e-05,16.5506866718375,9,NNP,n,1,{'n'},1,{'NNP'},False,toshichan
toshio,5,5.208550356264844e-05,14.228758576950137,6,NNP,n,1,{'n'},1,{'NNP'},False,toshio
toshiosan,6,6.250260427517813e-05,13.965724171116342,9,NNP,n,2,"{'n', 'j'}",2,"{'JJ', 'NNP'}",False,toshiosan
toss,1,1.041710071252969e-05,16.5506866718375,4,VB,v,1,{'v'},1,{'VB'},False,toss
tossed,2,2.083420142505938e-05,15.550686671837498,6,VBN,v,1,{'v'},1,{'VBN'},False,toss
totally,4,4.166840285011876e-05,14.550686671837498,7,RB,r,1,{'r'},1,{'RB'},False,total
totoro,23,0.00023959331638818285,12.027124715780486,6,NNP,n,1,{'n'},2,"{'NN', 'NNP'}",False,totoro
touch,8,8.333680570023751e-05,13.550686671837498,5,VB,v,2,"{'n', 'v'}",3,"{'VB', 'VBP', 'NN'}",False,touch
touches,1,1.041710071252969e-05,16.5506866718375,7,VBZ,v,1,{'v'},1,{'VBZ'},False,touch
touching,2,2.083420142505938e-05,15.550686671837498,8,JJ,j,2,"{'j', 'v'}",2,"{'VBG', 'JJ'}",False,touch
tough,7,7.291970498770782e-05,13.743331749779895,5,JJ,j,1,{'j'},1,{'JJ'},False,tough
tour,3,3.1251302137589066e-05,14.965724171116342,4,NN,n,2,"{'n', 'v'}",2,"{'VB', 'NN'}",False,tour
touring,1,1.041710071252969e-05,16.5506866718375,7,VBG,v,1,{'v'},1,{'VBG'},False,tour
tournament,1,1.041710071252969e-05,16.5506866718375,10,NN,n,1,{'n'},1,{'NN'},False,tournament
toward,4,4.166840285011876e-05,14.550686671837498,6,IN,x,1,{'x'},1,{'IN'},False,toward
towards,9,9.37539064127672e-05,13.380761670395186,7,NNS,n,2,"{'n', 'x'}",2,"{'IN', 'NNS'}",False,toward
towel,2,2.083420142505938e-05,15.550686671837498,5,NN,n,1,{'n'},1,{'NN'},False,towel
towels,1,1.041710071252969e-05,16.5506866718375,6,NNS,n,1,{'n'},1,{'NNS'},False,towel
tower,7,7.291970498770782e-05,13.743331749779895,5,NN,n,1,{'n'},1,{'NN'},False,tower
towers,1,1.041710071252969e-05,16.5506866718375,6,NNS,n,1,{'n'},1,{'NNS'},False,tower
town,38,0.00039584982707612816,11.302759158393913,4,NN,n,1,{'n'},1,{'NN'},False,town
townspeople,1,1.041710071252969e-05,16.5506866718375,11,NN,n,1,{'n'},1,{'NN'},False,townspeopl
toy,3,3.1251302137589066e-05,14.965724171116342,3,NN,n,1,{'n'},1,{'NN'},False,toy
toyed,1,1.041710071252969e-05,16.5506866718375,5,VBN,v,1,{'v'},1,{'VBN'},False,toy
toys,1,1.041710071252969e-05,16.5506866718375,4,NNS,n,1,{'n'},1,{'NNS'},False,toy
traces,1,1.041710071252969e-05,16.5506866718375,6,NNS,n,1,{'n'},1,{'NNS'},False,trace
track,3,3.1251302137589066e-05,14.965724171116342,5,NN,n,1,{'n'},1,{'NN'},False,track
trackers,1,1.041710071252969e-05,16.5506866718375,8,NNS,n,1,{'n'},1,{'NNS'},False,tracker
tracks,3,3.1251302137589066e-05,14.965724171116342,6,NNS,n,1,{'n'},1,{'NNS'},False,track
tractor,1,1.041710071252969e-05,16.5506866718375,7,NN,n,1,{'n'},1,{'NN'},False,tractor
trade,2,2.083420142505938e-05,15.550686671837498,5,NN,n,2,"{'n', 'v'}",2,"{'VB', 'NN'}",False,trade
traded,1,1.041710071252969e-05,16.5506866718375,6,VBN,v,1,{'v'},1,{'VBN'},False,trade
tradeoff,1,1.041710071252969e-05,16.5506866718375,8,NN,n,1,{'n'},1,{'NN'},False,tradeoff
traffic,2,2.083420142505938e-05,15.550686671837498,7,NN,n,1,{'n'},1,{'NN'},False,traffic
tragic,1,1.041710071252969e-05,16.5506866718375,6,JJ,j,1,{'j'},1,{'JJ'},False,tragic
trail,1,1.041710071252969e-05,16.5506866718375,5,NN,n,1,{'n'},1,{'NN'},False,trail
trailing,1,1.041710071252969e-05,16.5506866718375,8,VBG,v,1,{'v'},1,{'VBG'},False,trail
trails,1,1.041710071252969e-05,16.5506866718375,6,NNS,n,1,{'n'},1,{'NNS'},False,trail
train,16,0.00016667361140047503,12.550686671837498,5,NN,n,3,"{'n', 'j', 'v'}",3,"{'JJ', 'VB', 'NN'}",False,train
training,13,0.00013542230926288595,12.850246953696406,8,NN,n,1,{'n'},1,{'NN'},False,train
traitor,1,1.041710071252969e-05,16.5506866718375,7,NN,n,1,{'n'},1,{'NN'},False,traitor
trampling,1,1.041710071252969e-05,16.5506866718375,9,VBG,v,1,{'v'},1,{'VBG'},False,trampl
trance,1,1.041710071252969e-05,16.5506866718375,6,NN,n,1,{'n'},1,{'NN'},False,tranc
transfer,1,1.041710071252969e-05,16.5506866718375,8,VBP,v,1,{'v'},1,{'VBP'},False,transfer
transform,28,0.00029167881995083127,11.743331749779895,9,VB,v,2,"{'n', 'v'}",3,"{'VB', 'VBP', 'NN'}",False,transform
transformation,20,0.00020834201425059377,12.228758576950137,14,NN,n,1,{'n'},2,"{'NN', 'NNP'}",False,transform
transformed,3,3.1251302137589066e-05,14.965724171116342,11,VBN,v,1,{'v'},2,"{'VBD', 'VBN'}",False,transform
transformers,1,1.041710071252969e-05,16.5506866718375,12,NNS,n,1,{'n'},1,{'NNS'},False,transform
transforming,22,0.00022917621567565316,12.091255053200202,12,VBG,v,2,"{'n', 'v'}",2,"{'VBG', 'NN'}",False,transform
translate,1,1.041710071252969e-05,16.5506866718375,9,VB,v,1,{'v'},1,{'VB'},False,translat
translated,2,2.083420142505938e-05,15.550686671837498,10,VBN,v,1,{'v'},1,{'VBN'},False,translat
transport,5,5.208550356264844e-05,14.228758576950137,9,VB,v,2,"{'n', 'v'}",2,"{'VB', 'NN'}",False,transport
transporting,1,1.041710071252969e-05,16.5506866718375,12,VBG,v,1,{'v'},1,{'VBG'},False,transport
trap,5,5.208550356264844e-05,14.228758576950137,4,NN,n,1,{'n'},1,{'NN'},False,trap
trapped,1,1.041710071252969e-05,16.5506866718375,7,VBD,v,1,{'v'},1,{'VBD'},False,trap
traps,3,3.1251302137589066e-05,14.965724171116342,5,NNS,n,1,{'n'},1,{'NNS'},False,trap
trash,2,2.083420142505938e-05,15.550686671837498,5,NNP,n,2,"{'n', 'v'}",2,"{'VBP', 'NNP'}",False,trash
traumatized,1,1.041710071252969e-05,16.5506866718375,11,VBN,v,1,{'v'},1,{'VBN'},False,traumat
travel,4,4.166840285011876e-05,14.550686671837498,6,VB,v,2,"{'n', 'v'}",3,"{'VB', 'VBP', 'NN'}",False,travel
traveled,2,2.083420142505938e-05,15.550686671837498,8,VBN,v,1,{'v'},1,{'VBN'},False,travel
traveler,1,1.041710071252969e-05,16.5506866718375,8,NNP,n,1,{'n'},1,{'NNP'},False,travel
traveling,2,2.083420142505938e-05,15.550686671837498,9,VBG,v,1,{'v'},1,{'VBG'},False,travel
travels,3,3.1251302137589066e-05,14.965724171116342,7,NNS,n,1,{'n'},2,"{'NNS', 'NNP'}",False,travel
tread,2,2.083420142505938e-05,15.550686671837498,5,VBP,v,1,{'v'},1,{'VBP'},False,tread
treasure,18,0.0001875078128255344,12.380761670395186,8,NN,n,2,"{'n', 'v'}",2,"{'VBP', 'NN'}",False,treasur
treasurehill,1,1.041710071252969e-05,16.5506866718375,12,NN,n,1,{'n'},1,{'NN'},False,treasurehil
treasures,2,2.083420142505938e-05,15.550686671837498,9,NNS,n,1,{'n'},1,{'NNS'},False,treasur
treat,5,5.208550356264844e-05,14.228758576950137,5,VB,v,2,"{'n', 'v'}",3,"{'VB', 'VBP', 'NNP'}",False,treat
treated,4,4.166840285011876e-05,14.550686671837498,7,VBD,v,1,{'v'},2,"{'VBD', 'VBN'}",False,treat
treatment,3,3.1251302137589066e-05,14.965724171116342,9,NN,n,1,{'n'},1,{'NN'},False,treatment
treats,2,2.083420142505938e-05,15.550686671837498,6,NNS,n,2,"{'n', 'v'}",2,"{'VBZ', 'NNS'}",False,treat
tree,24,0.00025001041710071253,11.965724171116342,4,NN,n,2,"{'n', 'j'}",3,"{'JJ', 'NN', 'NNP'}",False,tree
trees,41,0.00042710112921371724,11.193134667219415,5,NNS,n,1,{'n'},1,{'NNS'},False,tree
tremble,1,1.041710071252969e-05,16.5506866718375,7,VB,v,1,{'v'},1,{'VB'},False,trembl
trembling,1,1.041710071252969e-05,16.5506866718375,9,NN,n,1,{'n'},1,{'NN'},False,trembl
tremendous,1,1.041710071252969e-05,16.5506866718375,10,JJ,j,1,{'j'},1,{'JJ'},False,tremend
trespassers,1,1.041710071252969e-05,16.5506866718375,11,NNS,n,1,{'n'},1,{'NNS'},False,trespass
trespassing,1,1.041710071252969e-05,16.5506866718375,11,VBG,v,1,{'v'},1,{'VBG'},False,trespass
trial,1,1.041710071252969e-05,16.5506866718375,5,NN,n,1,{'n'},1,{'NN'},False,trial
trials,2,2.083420142505938e-05,15.550686671837498,6,NNS,n,1,{'n'},1,{'NNS'},False,trial
tribulations,1,1.041710071252969e-05,16.5506866718375,12,NNS,n,1,{'n'},1,{'NNS'},False,tribul
trick,4,4.166840285011876e-05,14.550686671837498,5,NN,n,2,"{'n', 'v'}",2,"{'VB', 'NN'}",False,trick
tricked,1,1.041710071252969e-05,16.5506866718375,7,VBD,v,1,{'v'},1,{'VBD'},False,trick
tricks,3,3.1251302137589066e-05,14.965724171116342,6,NNS,n,1,{'n'},1,{'NNS'},False,trick
trickster,1,1.041710071252969e-05,16.5506866718375,9,VBP,v,1,{'v'},1,{'VBP'},False,trickster
tried,15,0.00015625651068794532,12.64379607622898,5,VBD,v,1,{'v'},2,"{'VBD', 'VBN'}",False,tri
trifle,2,2.083420142505938e-05,15.550686671837498,6,NN,n,2,"{'n', 'v'}",2,"{'VBP', 'NN'}",False,trifl
trimmed,1,1.041710071252969e-05,16.5506866718375,7,VBN,v,1,{'v'},1,{'VBN'},False,trim
trip,9,9.37539064127672e-05,13.380761670395186,4,NN,n,1,{'n'},1,{'NN'},False,trip
tripled,1,1.041710071252969e-05,16.5506866718375,7,VBN,v,1,{'v'},1,{'VBN'},False,tripl
triumph,4,4.166840285011876e-05,14.550686671837498,7,NN,n,1,{'n'},1,{'NN'},False,triumph
troops,16,0.00016667361140047503,12.550686671837498,6,NNS,n,2,"{'n', 'v'}",3,"{'VBZ', 'NNS', 'NN'}",False,troop
trouble,35,0.0003645985249385391,11.421403654892533,7,NN,n,1,{'n'},1,{'NN'},False,troubl
troubles,3,3.1251302137589066e-05,14.965724171116342,8,NNS,n,1,{'n'},1,{'NNS'},False,troubl
troublesome,3,3.1251302137589066e-05,14.965724171116342,11,JJ,j,1,{'j'},1,{'JJ'},False,troublesom
troubling,1,1.041710071252969e-05,16.5506866718375,9,VBG,v,1,{'v'},1,{'VBG'},False,troubl
truck,3,3.1251302137589066e-05,14.965724171116342,5,NN,n,1,{'n'},1,{'NN'},False,truck
trucked,1,1.041710071252969e-05,16.5506866718375,7,VBN,v,1,{'v'},1,{'VBN'},False,truck
truckloads,1,1.041710071252969e-05,16.5506866718375,10,NNS,n,1,{'n'},1,{'NNS'},False,truckload
trucks,2,2.083420142505938e-05,15.550686671837498,6,NNS,n,1,{'n'},1,{'NNS'},False,truck
true,47,0.0004896037334888954,10.99609782015986,4,JJ,j,2,"{'n', 'j'}",2,"{'JJ', 'NN'}",False,true
truly,11,0.00011458810783782658,13.091255053200202,5,RB,r,3,"{'j', 'r', 'v'}",3,"{'JJ', 'RB', 'VB'}",False,truli
trunk,1,1.041710071252969e-05,16.5506866718375,5,NN,n,1,{'n'},1,{'NN'},False,trunk
trunks,1,1.041710071252969e-05,16.5506866718375,6,NNS,n,1,{'n'},1,{'NNS'},False,trunk
trust,11,0.00011458810783782658,13.091255053200202,5,VB,v,2,"{'n', 'v'}",4,"{'VB', 'VBP', 'NN', 'NNP'}",False,trust
truth,6,6.250260427517813e-05,13.965724171116342,5,NN,n,1,{'n'},1,{'NN'},False,truth
try,42,0.0004375182299262469,11.158369249058739,3,VB,v,2,"{'n', 'v'}",3,"{'VB', 'VBP', 'NN'}",False,tri
trying,29,0.000302095920663361,11.692705676709927,6,VBG,v,1,{'v'},1,{'VBG'},False,tri
tsukamori,1,1.041710071252969e-05,16.5506866718375,9,NN,n,1,{'n'},1,{'NN'},False,tsukamori
tsunami,5,5.208550356264844e-05,14.228758576950137,7,NN,n,1,{'n'},1,{'NN'},False,tsunami
tsuneko,3,3.1251302137589066e-05,14.965724171116342,7,NNP,n,1,{'n'},1,{'NNP'},False,tsuneko
tsunekochan,1,1.041710071252969e-05,16.5506866718375,11,NNP,n,1,{'n'},1,{'NNP'},False,tsunekochan
tsunekosan,1,1.041710071252969e-05,16.5506866718375,10,NNP,n,1,{'n'},1,{'NNP'},False,tsunekosan
tsuru,1,1.041710071252969e-05,16.5506866718375,5,NNP,n,1,{'n'},1,{'NNP'},False,tsuru
ttthere,1,1.041710071252969e-05,16.5506866718375,7,NNP,n,1,{'n'},1,{'NNP'},False,ttthere
ttthey,1,1.041710071252969e-05,16.5506866718375,6,JJ,j,1,{'j'},1,{'JJ'},False,ttthey
tub,8,8.333680570023751e-05,13.550686671837498,3,NN,n,1,{'n'},1,{'NN'},False,tub
tube,2,2.083420142505938e-05,15.550686671837498,4,NN,n,1,{'n'},1,{'NN'},False,tube
tuberculosis,1,1.041710071252969e-05,16.5506866718375,12,NN,n,1,{'n'},1,{'NN'},False,tuberculosi
tune,2,2.083420142505938e-05,15.550686671837498,4,NN,n,2,"{'n', 'v'}",2,"{'VB', 'NN'}",False,tune
tunnel,3,3.1251302137589066e-05,14.965724171116342,6,NN,n,1,{'n'},1,{'NN'},False,tunnel
turbulence,1,1.041710071252969e-05,16.5506866718375,10,NN,n,1,{'n'},1,{'NN'},False,turbul
turn,46,0.0004791866327763657,11.027124715780486,4,VB,v,2,"{'n', 'v'}",4,"{'VB', 'VBP', 'NN', 'NNP'}",False,turn
turned,18,0.0001875078128255344,12.380761670395186,6,VBD,v,2,"{'j', 'v'}",3,"{'JJ', 'VBD', 'VBN'}",False,turn
turners,1,1.041710071252969e-05,16.5506866718375,7,NNS,n,1,{'n'},1,{'NNS'},False,turner
turning,6,6.250260427517813e-05,13.965724171116342,7,VBG,v,1,{'v'},1,{'VBG'},False,turn
turnip,10,0.00010417100712529688,13.228758576950137,6,NNP,n,1,{'n'},2,"{'NN', 'NNP'}",False,turnip
turniphead,1,1.041710071252969e-05,16.5506866718375,10,VBP,v,1,{'v'},1,{'VBP'},False,turniphead
turnips,1,1.041710071252969e-05,16.5506866718375,7,NNS,n,1,{'n'},1,{'NNS'},False,turnip
turnoff,1,1.041710071252969e-05,16.5506866718375,7,NN,n,1,{'n'},1,{'NN'},False,turnoff
turns,6,6.250260427517813e-05,13.965724171116342,5,VBZ,v,2,"{'n', 'v'}",2,"{'VBZ', 'NNS'}",False,turn
tusks,1,1.041710071252969e-05,16.5506866718375,5,NNS,n,1,{'n'},1,{'NNS'},False,tusk
tv,4,4.166840285011876e-05,14.550686671837498,2,NN,n,1,{'n'},1,{'NN'},False,tv
twentyyear,1,1.041710071252969e-05,16.5506866718375,10,JJ,j,1,{'j'},1,{'JJ'},False,twentyyear
twice,4,4.166840285011876e-05,14.550686671837498,5,RB,r,1,{'r'},1,{'RB'},False,twice
twin,3,3.1251302137589066e-05,14.965724171116342,4,JJ,j,2,"{'n', 'j'}",2,"{'JJ', 'NNP'}",False,twin
twins,1,1.041710071252969e-05,16.5506866718375,5,NNS,n,1,{'n'},1,{'NNS'},False,twin
two,69,0.0007187799491645485,10.44216221505933,3,CD,x,1,{'x'},1,{'CD'},False,two
twoshoes,1,1.041710071252969e-05,16.5506866718375,8,NNS,n,1,{'n'},1,{'NNS'},False,twosho
twothirds,2,2.083420142505938e-05,15.550686671837498,9,NNS,n,1,{'n'},1,{'NNS'},False,twothird
typhoon,2,2.083420142505938e-05,15.550686671837498,7,NN,n,1,{'n'},1,{'NN'},False,typhoon
uchimaro,1,1.041710071252969e-05,16.5506866718375,8,NNP,n,1,{'n'},1,{'NNP'},False,uchimaro
ueno,2,2.083420142505938e-05,15.550686671837498,4,NNP,n,1,{'n'},1,{'NNP'},False,ueno
ufos,1,1.041710071252969e-05,16.5506866718375,4,NNP,n,1,{'n'},1,{'NNP'},False,ufo
uggh,1,1.041710071252969e-05,16.5506866718375,4,NN,n,1,{'n'},1,{'NN'},False,uggh
ugh,77,0.000802116754864786,10.283900131142598,3,NNP,n,2,"{'n', 'j'}",3,"{'JJ', 'NN', 'NNP'}",False,ugh
ugly,3,3.1251302137589066e-05,14.965724171116342,4,RB,r,2,"{'j', 'r'}",2,"{'JJ', 'RB'}",False,ugli
uh,42,0.0004375182299262469,11.158369249058739,2,NNP,n,4,"{'n', 'x', 'j', 'v'}",6,"{'JJ', 'NN', 'NNP', 'NNS', 'VB', 'UH'}",False,uh
uhh,2,2.083420142505938e-05,15.550686671837498,3,NNP,n,1,{'n'},1,{'NNP'},False,uhh
uhhm,2,2.083420142505938e-05,15.550686671837498,4,NN,n,1,{'n'},2,"{'NN', 'NNP'}",False,uhhm
uhhuh,35,0.0003645985249385391,11.421403654892533,5,NN,n,2,"{'n', 'j'}",3,"{'JJ', 'NN', 'NNP'}",False,uhhuh
uhm,1,1.041710071252969e-05,16.5506866718375,3,NN,n,1,{'n'},1,{'NN'},False,uhm
uhoh,1,1.041710071252969e-05,16.5506866718375,4,NN,n,1,{'n'},1,{'NN'},False,uhoh
uhuh,4,4.166840285011876e-05,14.550686671837498,4,NN,n,1,{'n'},1,{'NN'},False,uhuh
ukanruri,1,1.041710071252969e-05,16.5506866718375,8,NNP,n,1,{'n'},1,{'NNP'},False,ukanruri
ul,4,4.166840285011876e-05,14.550686671837498,2,NNP,n,1,{'n'},2,"{'NN', 'NNP'}",False,ul
ultimate,1,1.041710071252969e-05,16.5506866718375,8,JJ,j,1,{'j'},1,{'JJ'},False,ultim
um,25,0.00026042751781324224,11.906830482062773,2,NNP,n,2,"{'n', 'j'}",4,"{'NN', 'JJ', 'NNS', 'NNP'}",False,um
umbrella,7,7.291970498770782e-05,13.743331749779895,8,NN,n,2,"{'n', 'j'}",2,"{'JJ', 'NN'}",False,umbrella
umbrellas,2,2.083420142505938e-05,15.550686671837498,9,NNS,n,1,{'n'},1,{'NNS'},False,umbrella
umbrellatoting,1,1.041710071252969e-05,16.5506866718375,14,JJ,j,1,{'j'},1,{'JJ'},False,umbrellatot
umm,3,3.1251302137589066e-05,14.965724171116342,3,NN,n,1,{'n'},2,"{'NN', 'NNP'}",False,umm
un,1,1.041710071252969e-05,16.5506866718375,2,NNS,n,1,{'n'},1,{'NNS'},False,un
unable,6,6.250260427517813e-05,13.965724171116342,6,JJ,j,1,{'j'},1,{'JJ'},False,unabl
unacceptable,1,1.041710071252969e-05,16.5506866718375,12,JJ,j,1,{'j'},1,{'JJ'},False,unaccept
unanimously,1,1.041710071252969e-05,16.5506866718375,11,RB,r,1,{'r'},1,{'RB'},False,unanim
unattainable,3,3.1251302137589066e-05,14.965724171116342,12,JJ,j,1,{'j'},1,{'JJ'},False,unattain
unauthorized,2,2.083420142505938e-05,15.550686671837498,12,JJ,j,1,{'j'},1,{'JJ'},False,unauthor
unavoidable,1,1.041710071252969e-05,16.5506866718375,11,JJ,j,1,{'j'},1,{'JJ'},False,unavoid
unbelievable,3,3.1251302137589066e-05,14.965724171116342,12,JJ,j,1,{'j'},1,{'JJ'},False,unbeliev
unbind,1,1.041710071252969e-05,16.5506866718375,6,IN,x,1,{'x'},1,{'IN'},False,unbind
uncalledfor,1,1.041710071252969e-05,16.5506866718375,11,JJ,j,1,{'j'},1,{'JJ'},False,uncalledfor
uncanny,1,1.041710071252969e-05,16.5506866718375,7,JJ,j,1,{'j'},1,{'JJ'},False,uncanni
unchangeable,1,1.041710071252969e-05,16.5506866718375,12,JJ,j,1,{'j'},1,{'JJ'},False,unchang
uncle,21,0.00021875911496312345,12.158369249058739,5,NN,n,3,"{'n', 'j', 'v'}",4,"{'VBZ', 'JJ', 'NN', 'NNP'}",False,uncl
unclean,1,1.041710071252969e-05,16.5506866718375,7,JJ,j,1,{'j'},1,{'JJ'},False,unclean
uncleanness,1,1.041710071252969e-05,16.5506866718375,11,NN,n,1,{'n'},1,{'NN'},False,unclean
unclouded,3,3.1251302137589066e-05,14.965724171116342,9,JJ,j,2,"{'j', 'v'}",2,"{'JJ', 'VBN'}",False,uncloud
uncomfortable,1,1.041710071252969e-05,16.5506866718375,13,JJ,j,1,{'j'},1,{'JJ'},False,uncomfort
unconcerned,2,2.083420142505938e-05,15.550686671837498,11,JJ,j,2,"{'j', 'v'}",2,"{'JJ', 'VBN'}",False,unconcern
under,16,0.00016667361140047503,12.550686671837498,5,IN,x,1,{'x'},1,{'IN'},True,under
undercarriage,1,1.041710071252969e-05,16.5506866718375,13,NN,n,1,{'n'},1,{'NN'},False,undercarriag
undercover,1,1.041710071252969e-05,16.5506866718375,10,JJ,j,1,{'j'},1,{'JJ'},False,undercov
underestimate,1,1.041710071252969e-05,16.5506866718375,13,VB,v,1,{'v'},1,{'VB'},False,underestim
underestimated,1,1.041710071252969e-05,16.5506866718375,14,VBD,v,1,{'v'},1,{'VBD'},False,underestim
underground,5,5.208550356264844e-05,14.228758576950137,11,JJ,j,3,"{'n', 'j', 'r'}",3,"{'JJ', 'RB', 'NN'}",False,underground
underneath,1,1.041710071252969e-05,16.5506866718375,10,IN,x,1,{'x'},1,{'IN'},False,underneath
underpants,3,3.1251302137589066e-05,14.965724171116342,10,NNS,n,1,{'n'},1,{'NNS'},False,underp
underpowered,1,1.041710071252969e-05,16.5506866718375,12,JJ,j,1,{'j'},1,{'JJ'},False,underpow
understand,50,0.0005208550356264845,10.906830482062773,10,VB,v,2,"{'n', 'v'}",3,"{'VB', 'VBP', 'NN'}",False,understand
understands,1,1.041710071252969e-05,16.5506866718375,11,NNS,n,1,{'n'},1,{'NNS'},False,understand
understood,4,4.166840285011876e-05,14.550686671837498,10,NN,n,2,"{'n', 'j'}",2,"{'JJ', 'NN'}",False,understood
undertake,1,1.041710071252969e-05,16.5506866718375,9,VB,v,1,{'v'},1,{'VB'},False,undertak
undertaking,1,1.041710071252969e-05,16.5506866718375,11,NN,n,1,{'n'},1,{'NN'},False,undertak
underway,1,1.041710071252969e-05,16.5506866718375,8,RB,r,1,{'r'},1,{'RB'},False,underway
undressed,1,1.041710071252969e-05,16.5506866718375,9,JJ,j,1,{'j'},1,{'JJ'},False,undress
uneasy,1,1.041710071252969e-05,16.5506866718375,6,JJ,j,1,{'j'},1,{'JJ'},False,uneasi
unequal,1,1.041710071252969e-05,16.5506866718375,7,JJ,j,1,{'j'},1,{'JJ'},False,unequ
unexpected,3,3.1251302137589066e-05,14.965724171116342,10,JJ,j,1,{'j'},1,{'JJ'},False,unexpect
unexpectedly,1,1.041710071252969e-05,16.5506866718375,12,RB,r,1,{'r'},1,{'RB'},False,unexpectedli
unfairness,1,1.041710071252969e-05,16.5506866718375,10,NN,n,1,{'n'},1,{'NN'},False,unfair
unfamiliar,1,1.041710071252969e-05,16.5506866718375,10,JJ,j,1,{'j'},1,{'JJ'},False,unfamiliar
unfortunate,2,2.083420142505938e-05,15.550686671837498,11,JJ,j,1,{'j'},1,{'JJ'},False,unfortun
unfortunately,5,5.208550356264844e-05,14.228758576950137,13,RB,r,1,{'r'},1,{'RB'},False,unfortun
unfrank,1,1.041710071252969e-05,16.5506866718375,7,JJ,j,1,{'j'},1,{'JJ'},False,unfrank
unhappy,2,2.083420142505938e-05,15.550686671837498,7,JJ,j,1,{'j'},1,{'JJ'},False,unhappi
uniforms,1,1.041710071252969e-05,16.5506866718375,8,NNS,n,1,{'n'},1,{'NNS'},False,uniform
unintentionally,1,1.041710071252969e-05,16.5506866718375,15,RB,r,1,{'r'},1,{'RB'},False,unintent
unit,3,3.1251302137589066e-05,14.965724171116342,4,NN,n,1,{'n'},1,{'NN'},False,unit
universe,1,1.041710071252969e-05,16.5506866718375,8,NN,n,1,{'n'},1,{'NN'},False,univers
university,2,2.083420142505938e-05,15.550686671837498,10,NN,n,1,{'n'},1,{'NN'},False,univers
unknown,1,1.041710071252969e-05,16.5506866718375,7,JJ,j,1,{'j'},1,{'JJ'},False,unknown
unleashed,1,1.041710071252969e-05,16.5506866718375,9,VBD,v,1,{'v'},1,{'VBD'},False,unleash
unless,3,3.1251302137589066e-05,14.965724171116342,6,IN,x,1,{'x'},1,{'IN'},False,unless
unlike,3,3.1251302137589066e-05,14.965724171116342,6,IN,x,1,{'x'},1,{'IN'},False,unlik
unlocks,1,1.041710071252969e-05,16.5506866718375,7,VBZ,v,1,{'v'},1,{'VBZ'},False,unlock
unlucky,2,2.083420142505938e-05,15.550686671837498,7,JJ,j,2,"{'n', 'j'}",2,"{'JJ', 'NNP'}",False,unlucki
unmarried,2,2.083420142505938e-05,15.550686671837498,9,JJ,j,2,"{'j', 'v'}",2,"{'JJ', 'VBN'}",False,unmarri
unreal,1,1.041710071252969e-05,16.5506866718375,6,JJ,j,1,{'j'},1,{'JJ'},False,unreal
unroll,1,1.041710071252969e-05,16.5506866718375,6,IN,x,1,{'x'},1,{'IN'},False,unrol
unruly,1,1.041710071252969e-05,16.5506866718375,6,NNP,n,1,{'n'},1,{'NNP'},False,unruli
unsafe,1,1.041710071252969e-05,16.5506866718375,6,JJ,j,1,{'j'},1,{'JJ'},False,unsaf
unsolved,1,1.041710071252969e-05,16.5506866718375,8,JJ,j,1,{'j'},1,{'JJ'},False,unsolv
unspeakable,1,1.041710071252969e-05,16.5506866718375,11,JJ,j,1,{'j'},1,{'JJ'},False,unspeak
until,48,0.0005000208342014251,10.965724171116342,5,IN,x,1,{'x'},1,{'IN'},True,until
untouched,1,1.041710071252969e-05,16.5506866718375,9,JJ,j,1,{'j'},1,{'JJ'},False,untouch
unuh,1,1.041710071252969e-05,16.5506866718375,4,NN,n,1,{'n'},1,{'NN'},False,unuh
unusual,3,3.1251302137589066e-05,14.965724171116342,7,JJ,j,1,{'j'},1,{'JJ'},False,unusu
unwarranted,1,1.041710071252969e-05,16.5506866718375,11,JJ,j,1,{'j'},1,{'JJ'},False,unwarr
up,360,0.003750156256510688,8.058833575507824,2,RP,x,3,"{'n', 'x', 'r'}",4,"{'RB', 'IN', 'NNP', 'RP'}",True,up
upends,1,1.041710071252969e-05,16.5506866718375,6,VBZ,v,1,{'v'},1,{'VBZ'},False,upend
upon,11,0.00011458810783782658,13.091255053200202,4,IN,x,2,"{'x', 'j'}",2,"{'JJ', 'IN'}",False,upon
upper,9,9.37539064127672e-05,13.380761670395186,5,JJ,j,2,"{'n', 'j'}",2,"{'JJ', 'NNP'}",False,upper
uproot,1,1.041710071252969e-05,16.5506866718375,6,JJ,j,1,{'j'},1,{'JJ'},False,uproot
upset,4,4.166840285011876e-05,14.550686671837498,5,JJ,j,2,"{'j', 'v'}",2,"{'JJ', 'VBN'}",False,upset
upside,4,4.166840285011876e-05,14.550686671837498,6,RB,r,2,"{'j', 'r'}",2,"{'JJ', 'RB'}",False,upsid
upstairs,3,3.1251302137589066e-05,14.965724171116342,8,NN,n,2,"{'n', 'j'}",2,"{'JJ', 'NN'}",False,upstair
upstart,1,1.041710071252969e-05,16.5506866718375,7,NN,n,1,{'n'},1,{'NN'},False,upstart
urahh,1,1.041710071252969e-05,16.5506866718375,5,NN,n,1,{'n'},1,{'NN'},False,urahh
urahhh,2,2.083420142505938e-05,15.550686671837498,6,NN,n,1,{'n'},1,{'NN'},False,urahhh
urban,1,1.041710071252969e-05,16.5506866718375,5,JJ,j,1,{'j'},1,{'JJ'},False,urban
urge,1,1.041710071252969e-05,16.5506866718375,4,NN,n,1,{'n'},1,{'NN'},False,urg
urgent,3,3.1251302137589066e-05,14.965724171116342,6,JJ,j,1,{'j'},1,{'JJ'},False,urgent
urgh,3,3.1251302137589066e-05,14.965724171116342,4,NNP,n,1,{'n'},2,"{'NN', 'NNP'}",False,urgh
uruth,5,5.208550356264844e-05,14.228758576950137,5,NNP,n,1,{'n'},1,{'NNP'},False,uruth
us,220,0.0022917621567565315,8.769326958312838,2,PRP,x,2,"{'n', 'x'}",2,"{'PRP', 'NNS'}",False,us
use,89,0.0009271219634151423,10.074953240871102,3,VB,v,4,"{'n', 'x', 'j', 'v'}",6,"{'JJ', 'NN', 'NNP', 'VBP', 'IN', 'VB'}",False,use
used,29,0.000302095920663361,11.692705676709927,4,VBN,v,2,"{'j', 'v'}",3,"{'VBD', 'JJ', 'VBN'}",False,use
useful,3,3.1251302137589066e-05,14.965724171116342,6,JJ,j,1,{'j'},1,{'JJ'},False,use
useless,9,9.37539064127672e-05,13.380761670395186,7,JJ,j,2,"{'n', 'j'}",2,"{'JJ', 'NN'}",False,useless
uses,4,4.166840285011876e-05,14.550686671837498,4,VBZ,v,1,{'v'},1,{'VBZ'},False,use
ushiab,2,2.083420142505938e-05,15.550686671837498,6,NNP,n,1,{'n'},1,{'NNP'},False,ushiab
using,14,0.00014583940997541563,12.743331749779895,5,VBG,v,2,"{'n', 'v'}",2,"{'VBG', 'NNP'}",False,use
usual,6,6.250260427517813e-05,13.965724171116342,5,JJ,j,1,{'j'},1,{'JJ'},False,usual
usually,2,2.083420142505938e-05,15.550686671837498,7,RB,r,1,{'r'},1,{'RB'},False,usual
utensils,1,1.041710071252969e-05,16.5506866718375,8,NNS,n,1,{'n'},1,{'NNS'},False,utensil
utilize,1,1.041710071252969e-05,16.5506866718375,7,VB,v,1,{'v'},1,{'VB'},False,util
uwaa,1,1.041710071252969e-05,16.5506866718375,4,NNS,n,1,{'n'},1,{'NNS'},False,uwaa
uwaaa,1,1.041710071252969e-05,16.5506866718375,5,NN,n,1,{'n'},1,{'NN'},False,uwaaa
v,1,1.041710071252969e-05,16.5506866718375,1,NNP,n,1,{'n'},1,{'NNP'},False,v
vacation,9,9.37539064127672e-05,13.380761670395186,8,NN,n,1,{'n'},1,{'NN'},False,vacat
vain,3,3.1251302137589066e-05,14.965724171116342,4,NN,n,2,"{'n', 'j'}",2,"{'JJ', 'NN'}",False,vain
valentina,1,1.041710071252969e-05,16.5506866718375,9,NNP,n,1,{'n'},1,{'NNP'},False,valentina
valley,43,0.0004479353306387766,11.1244219171354,6,NN,n,1,{'n'},2,"{'NN', 'NNP'}",False,valley
valuable,1,1.041710071252969e-05,16.5506866718375,8,JJ,j,1,{'j'},1,{'JJ'},False,valuabl
value,3,3.1251302137589066e-05,14.965724171116342,5,NN,n,1,{'n'},1,{'NN'},False,valu
valued,1,1.041710071252969e-05,16.5506866718375,6,VBN,v,1,{'v'},1,{'VBN'},False,valu
valve,1,1.041710071252969e-05,16.5506866718375,5,NN,n,1,{'n'},1,{'NN'},False,valv
vampire,1,1.041710071252969e-05,16.5506866718375,7,NN,n,1,{'n'},1,{'NN'},False,vampir
van,1,1.041710071252969e-05,16.5506866718375,3,NNP,n,1,{'n'},1,{'NNP'},False,van
vanish,1,1.041710071252969e-05,16.5506866718375,6,VB,v,1,{'v'},1,{'VB'},False,vanish
vanished,1,1.041710071252969e-05,16.5506866718375,8,VBD,v,1,{'v'},1,{'VBD'},False,vanish
vanishing,1,1.041710071252969e-05,16.5506866718375,9,VBG,v,1,{'v'},1,{'VBG'},False,vanish
vapor,1,1.041710071252969e-05,16.5506866718375,5,NN,n,1,{'n'},1,{'NN'},False,vapor
vapors,4,4.166840285011876e-05,14.550686671837498,6,NNS,n,1,{'n'},1,{'NNS'},False,vapor
various,5,5.208550356264844e-05,14.228758576950137,7,JJ,j,1,{'j'},1,{'JJ'},False,variou
vast,1,1.041710071252969e-05,16.5506866718375,4,JJ,j,1,{'j'},1,{'JJ'},False,vast
vc,1,1.041710071252969e-05,16.5506866718375,2,NNP,n,1,{'n'},1,{'NNP'},False,vc
ve,250,0.002604275178132422,8.584902387175411,2,VBP,v,5,"{'j', 'v', 'n', 'x', 'r'}",6,"{'JJ', 'NN', 'VBP', 'NNS', 'RB', 'FW'}",True,ve
vegetable,1,1.041710071252969e-05,16.5506866718375,9,NN,n,1,{'n'},1,{'NN'},False,veget
vegetables,1,1.041710071252969e-05,16.5506866718375,10,NNS,n,1,{'n'},1,{'NNS'},False,veget
vehicles,1,1.041710071252969e-05,16.5506866718375,8,NNS,n,1,{'n'},1,{'NNS'},False,vehicl
veins,1,1.041710071252969e-05,16.5506866718375,5,NNS,n,1,{'n'},1,{'NNS'},False,vein
velocity,1,1.041710071252969e-05,16.5506866718375,8,NN,n,1,{'n'},1,{'NN'},False,veloc
vengeance,3,3.1251302137589066e-05,14.965724171116342,9,NN,n,1,{'n'},1,{'NN'},False,vengeanc
venice,1,1.041710071252969e-05,16.5506866718375,6,NNP,n,1,{'n'},1,{'NNP'},False,venic
vent,3,3.1251302137589066e-05,14.965724171116342,4,NN,n,1,{'n'},1,{'NN'},False,vent
ventured,1,1.041710071252969e-05,16.5506866718375,8,VBD,v,1,{'v'},1,{'VBD'},False,ventur
verb,1,1.041710071252969e-05,16.5506866718375,4,NN,n,1,{'n'},1,{'NN'},False,verb
verbal,1,1.041710071252969e-05,16.5506866718375,6,JJ,j,1,{'j'},1,{'JJ'},False,verbal
verge,1,1.041710071252969e-05,16.5506866718375,5,NN,n,1,{'n'},1,{'NN'},False,verg
verse,1,1.041710071252969e-05,16.5506866718375,5,NN,n,1,{'n'},1,{'NN'},False,vers
very,89,0.0009271219634151423,10.074953240871102,4,RB,r,2,"{'n', 'r'}",2,"{'RB', 'NNP'}",True,veri
vexes,1,1.041710071252969e-05,16.5506866718375,5,VBD,v,1,{'v'},1,{'VBD'},False,vex
vibration,1,1.041710071252969e-05,16.5506866718375,9,NN,n,1,{'n'},1,{'NN'},False,vibrat
vicinity,1,1.041710071252969e-05,16.5506866718375,8,NN,n,1,{'n'},1,{'NN'},False,vicin
victims,4,4.166840285011876e-05,14.550686671837498,7,NNS,n,1,{'n'},1,{'NNS'},False,victim
victory,4,4.166840285011876e-05,14.550686671837498,7,NN,n,2,"{'n', 'j'}",2,"{'JJ', 'NN'}",False,victori
videotape,1,1.041710071252969e-05,16.5506866718375,9,NN,n,1,{'n'},1,{'NN'},False,videotap
vietnam,1,1.041710071252969e-05,16.5506866718375,7,NNP,n,1,{'n'},1,{'NNP'},False,vietnam
view,1,1.041710071252969e-05,16.5506866718375,4,NN,n,1,{'n'},1,{'NN'},False,view
viewers,2,2.083420142505938e-05,15.550686671837498,7,NNS,n,1,{'n'},1,{'NNS'},False,viewer
village,21,0.00021875911496312345,12.158369249058739,7,NN,n,2,"{'n', 'j'}",2,"{'JJ', 'NN'}",False,villag
villagers,1,1.041710071252969e-05,16.5506866718375,9,NNS,n,1,{'n'},1,{'NNS'},False,villag
vine,1,1.041710071252969e-05,16.5506866718375,4,NN,n,1,{'n'},1,{'NN'},False,vine
violence,1,1.041710071252969e-05,16.5506866718375,8,NN,n,1,{'n'},1,{'NN'},False,violenc
violent,4,4.166840285011876e-05,14.550686671837498,7,JJ,j,2,"{'n', 'j'}",2,"{'JJ', 'NN'}",False,violent
violently,1,1.041710071252969e-05,16.5506866718375,9,RB,r,1,{'r'},1,{'RB'},False,violent
visconti,1,1.041710071252969e-05,16.5506866718375,8,NNP,n,1,{'n'},1,{'NNP'},False,visconti
visibility,1,1.041710071252969e-05,16.5506866718375,10,NN,n,1,{'n'},1,{'NN'},False,visibl
visit,19,0.00019792491353806408,12.302759158393913,5,VB,v,3,"{'n', 'x', 'v'}",4,"{'VB', 'VBP', 'FW', 'NN'}",False,visit
visited,2,2.083420142505938e-05,15.550686671837498,7,VBD,v,1,{'v'},2,"{'VBD', 'VBN'}",False,visit
visiting,1,1.041710071252969e-05,16.5506866718375,8,VBG,v,1,{'v'},1,{'VBG'},False,visit
visitors,1,1.041710071252969e-05,16.5506866718375,8,NNS,n,1,{'n'},1,{'NNS'},False,visitor
vivre,3,3.1251302137589066e-05,14.965724171116342,5,FW,x,1,{'x'},1,{'FW'},False,vivr
voice,18,0.0001875078128255344,12.380761670395186,5,NN,n,2,"{'n', 'x'}",2,"{'NN', '$'}",False,voic
voices,1,1.041710071252969e-05,16.5506866718375,6,NNS,n,1,{'n'},1,{'NNS'},False,voic
voilà,1,1.041710071252969e-05,16.5506866718375,5,NN,n,1,{'n'},1,{'NN'},False,voilà
volunteer,1,1.041710071252969e-05,16.5506866718375,9,VB,v,1,{'v'},1,{'VB'},False,volunt
vote,1,1.041710071252969e-05,16.5506866718375,4,NN,n,1,{'n'},1,{'NN'},False,vote
vow,2,2.083420142505938e-05,15.550686671837498,3,NN,n,2,"{'n', 'v'}",2,"{'VB', 'NN'}",False,vow
vowed,2,2.083420142505938e-05,15.550686671837498,5,VBD,v,1,{'v'},1,{'VBD'},False,vow
vows,2,2.083420142505938e-05,15.550686671837498,4,NNS,n,2,"{'n', 'v'}",2,"{'VBZ', 'NNS'}",False,vow
vulnerable,1,1.041710071252969e-05,16.5506866718375,10,JJ,j,1,{'j'},1,{'JJ'},False,vulner
w,2,2.083420142505938e-05,15.550686671837498,1,NN,n,1,{'n'},2,"{'NN', 'NNP'}",False,w
wa,1,1.041710071252969e-05,16.5506866718375,2,NN,n,1,{'n'},1,{'NN'},False,wa
waa,1,1.041710071252969e-05,16.5506866718375,3,NNP,n,1,{'n'},1,{'NNP'},False,waa
wah,42,0.0004375182299262469,11.158369249058739,3,NN,n,1,{'n'},3,"{'NNS', 'NN', 'NNP'}",False,wah
wahh,1,1.041710071252969e-05,16.5506866718375,4,NNP,n,1,{'n'},1,{'NNP'},False,wahh
waist,1,1.041710071252969e-05,16.5506866718375,5,NN,n,1,{'n'},1,{'NN'},False,waist
wait,139,0.0014479769990416267,9.431745599113992,4,NN,n,3,"{'n', 'x', 'v'}",7,"{'VBD', 'NN', 'NNP', 'VBP', 'IN', 'VB', 'WRB'}",False,wait
waited,5,5.208550356264844e-05,14.228758576950137,6,VBD,v,2,"{'n', 'v'}",3,"{'VBD', 'VBN', 'NN'}",False,wait
waiting,38,0.00039584982707612816,11.302759158393913,7,VBG,v,2,"{'n', 'v'}",2,"{'VBG', 'NN'}",False,wait
wake,17,0.0001770907121130047,12.46322383058716,4,VB,v,2,"{'n', 'v'}",4,"{'VB', 'VBP', 'NN', 'NNP'}",False,wake
wakes,1,1.041710071252969e-05,16.5506866718375,5,VBZ,v,1,{'v'},1,{'VBZ'},False,wake
walk,21,0.00021875911496312345,12.158369249058739,4,VB,v,2,"{'n', 'v'}",3,"{'VB', 'VBP', 'NN'}",False,walk
walked,1,1.041710071252969e-05,16.5506866718375,6,VBD,v,1,{'v'},1,{'VBD'},False,walk
walker,1,1.041710071252969e-05,16.5506866718375,6,NN,n,1,{'n'},1,{'NN'},False,walker
walking,5,5.208550356264844e-05,14.228758576950137,7,VBG,v,2,"{'n', 'v'}",2,"{'VBG', 'NN'}",False,walk
walks,4,4.166840285011876e-05,14.550686671837498,5,VBZ,v,2,"{'n', 'v'}",2,"{'VBZ', 'NNS'}",False,walk
wall,4,4.166840285011876e-05,14.550686671837498,4,NN,n,1,{'n'},1,{'NN'},False,wall
walls,1,1.041710071252969e-05,16.5506866718375,5,NNS,n,1,{'n'},1,{'NNS'},False,wall
wan,26,0.0002708446185257719,11.850246953696406,3,VBP,v,2,"{'n', 'v'}",4,"{'VB', 'VBP', 'NN', 'NNP'}",False,wan
wander,1,1.041710071252969e-05,16.5506866718375,6,VBP,v,1,{'v'},1,{'VBP'},False,wander
wandered,1,1.041710071252969e-05,16.5506866718375,8,VBD,v,1,{'v'},1,{'VBD'},False,wander
wandering,2,2.083420142505938e-05,15.550686671837498,9,NN,n,2,"{'n', 'v'}",2,"{'VBG', 'NN'}",False,wander
want,196,0.002041751739655819,8.93597682772229,4,VBP,v,2,"{'n', 'v'}",3,"{'VB', 'VBP', 'NNP'}",False,want
wanted,27,0.0002812617192383016,11.79579916967403,6,VBD,v,1,{'v'},2,"{'VBD', 'VBN'}",False,want
wants,24,0.00025001041710071253,11.965724171116342,5,VBZ,v,1,{'v'},1,{'VBZ'},False,want
war,36,0.0003750156256510688,11.380761670395186,3,NN,n,1,{'n'},2,"{'NN', 'NNP'}",False,war
warehouse,1,1.041710071252969e-05,16.5506866718375,9,NN,n,1,{'n'},1,{'NN'},False,warehous
warfare,2,2.083420142505938e-05,15.550686671837498,7,NN,n,1,{'n'},1,{'NN'},False,warfar
warlord,2,2.083420142505938e-05,15.550686671837498,7,NN,n,1,{'n'},2,"{'NN', 'NNP'}",False,warlord
warm,7,7.291970498770782e-05,13.743331749779895,4,JJ,j,2,"{'n', 'j'}",2,"{'JJ', 'NN'}",False,warm
warmer,2,2.083420142505938e-05,15.550686671837498,6,JJ,j,2,"{'n', 'j'}",2,"{'JJ', 'NN'}",False,warmer
warms,1,1.041710071252969e-05,16.5506866718375,5,VBZ,v,1,{'v'},1,{'VBZ'},False,warm
warn,1,1.041710071252969e-05,16.5506866718375,4,VB,v,1,{'v'},1,{'VB'},False,warn
warned,4,4.166840285011876e-05,14.550686671837498,6,VBD,v,1,{'v'},2,"{'VBD', 'VBN'}",False,warn
warning,3,3.1251302137589066e-05,14.965724171116342,7,NN,n,2,"{'n', 'v'}",2,"{'VBG', 'NN'}",False,warn
warrant,2,2.083420142505938e-05,15.550686671837498,7,NN,n,1,{'n'},1,{'NN'},False,warrant
warrior,1,1.041710071252969e-05,16.5506866718375,7,NN,n,1,{'n'},1,{'NN'},False,warrior
warriors,3,3.1251302137589066e-05,14.965724171116342,8,NNS,n,1,{'n'},1,{'NNS'},False,warrior
warship,1,1.041710071252969e-05,16.5506866718375,7,NN,n,1,{'n'},1,{'NN'},False,warship
was,492,0.005125213550564607,7.6081721664982584,3,VBD,v,3,"{'n', 'x', 'v'}",6,"{'VBD', 'NNP', 'VBZ', 'IN', 'MD', 'WRB'}",True,wa
wash,4,4.166840285011876e-05,14.550686671837498,4,VB,v,1,{'v'},2,"{'VB', 'VBP'}",False,wash
washed,1,1.041710071252969e-05,16.5506866718375,6,VBD,v,1,{'v'},1,{'VBD'},False,wash
washing,1,1.041710071252969e-05,16.5506866718375,7,NN,n,1,{'n'},1,{'NN'},False,wash
wasn,4,4.166840285011876e-05,14.550686671837498,4,VBZ,v,1,{'v'},3,"{'VBD', 'VBZ', 'VBP'}",True,wasn
waste,19,0.00019792491353806408,12.302759158393913,5,NNP,n,2,"{'n', 'v'}",3,"{'VB', 'NN', 'NNP'}",False,wast
wasted,1,1.041710071252969e-05,16.5506866718375,6,VBN,v,1,{'v'},1,{'VBN'},False,wast
wasteful,4,4.166840285011876e-05,14.550686671837498,8,JJ,j,2,"{'n', 'j'}",2,"{'JJ', 'NNP'}",False,wast
wasteland,36,0.0003750156256510688,11.380761670395186,9,NNP,n,1,{'n'},2,"{'NN', 'NNP'}",False,wasteland
wastes,3,3.1251302137589066e-05,14.965724171116342,6,NNP,n,1,{'n'},2,"{'NNS', 'NNP'}",False,wast
wasting,4,4.166840285011876e-05,14.550686671837498,7,VBG,v,1,{'v'},1,{'VBG'},False,wast
watch,21,0.00021875911496312345,12.158369249058739,5,VB,v,2,"{'n', 'v'}",4,"{'VB', 'VBP', 'NN', 'NNP'}",False,watch
watchdog,1,1.041710071252969e-05,16.5506866718375,8,NN,n,1,{'n'},1,{'NN'},False,watchdog
watched,1,1.041710071252969e-05,16.5506866718375,7,VBD,v,1,{'v'},1,{'VBD'},False,watch
watches,1,1.041710071252969e-05,16.5506866718375,7,VBZ,v,1,{'v'},1,{'VBZ'},False,watch
watching,3,3.1251302137589066e-05,14.965724171116342,8,VBG,v,1,{'v'},1,{'VBG'},False,watch
water,69,0.0007187799491645485,10.44216221505933,5,NN,n,1,{'n'},2,"{'NN', 'NNP'}",False,water
watercress,1,1.041710071252969e-05,16.5506866718375,10,NN,n,1,{'n'},1,{'NN'},False,watercress
watered,1,1.041710071252969e-05,16.5506866718375,7,VBN,v,1,{'v'},1,{'VBN'},False,water
watering,1,1.041710071252969e-05,16.5506866718375,8,VBG,v,1,{'v'},1,{'VBG'},False,water
watermelon,3,3.1251302137589066e-05,14.965724171116342,10,NN,n,1,{'n'},1,{'NN'},False,watermelon
waterspout,1,1.041710071252969e-05,16.5506866718375,10,NN,n,1,{'n'},1,{'NN'},False,waterspout
waterwheel,3,3.1251302137589066e-05,14.965724171116342,10,NNP,n,1,{'n'},1,{'NNP'},False,waterwheel
wave,6,6.250260427517813e-05,13.965724171116342,4,NN,n,2,"{'n', 'v'}",2,"{'VBP', 'NN'}",False,wave
waves,2,2.083420142505938e-05,15.550686671837498,5,NNS,n,1,{'n'},1,{'NNS'},False,wave
waving,2,2.083420142505938e-05,15.550686671837498,6,VBG,v,1,{'v'},1,{'VBG'},False,wave
way,190,0.001979249135380641,8.980831063506551,3,NN,n,1,{'n'},2,"{'NN', 'NNP'}",False,way
ways,6,6.250260427517813e-05,13.965724171116342,4,NNS,n,1,{'n'},1,{'NNS'},False,way
we,965,0.010052502187591149,6.636301539682056,2,PRP,x,3,"{'n', 'x', 'v'}",4,"{'NNP', 'WDT', 'PRP', 'VBP'}",True,we
weak,8,8.333680570023751e-05,13.550686671837498,4,JJ,j,1,{'j'},1,{'JJ'},False,weak
weakening,1,1.041710071252969e-05,16.5506866718375,9,VBG,v,1,{'v'},1,{'VBG'},False,weaken
weakens,1,1.041710071252969e-05,16.5506866718375,7,VBZ,v,1,{'v'},1,{'VBZ'},False,weaken
weakling,1,1.041710071252969e-05,16.5506866718375,8,NN,n,1,{'n'},1,{'NN'},False,weakl
weakminded,1,1.041710071252969e-05,16.5506866718375,10,JJ,j,1,{'j'},1,{'JJ'},False,weakmind
weakness,1,1.041710071252969e-05,16.5506866718375,8,NN,n,1,{'n'},1,{'NN'},False,weak
wealth,1,1.041710071252969e-05,16.5506866718375,6,NN,n,1,{'n'},1,{'NN'},False,wealth
wealthier,1,1.041710071252969e-05,16.5506866718375,9,JJR,j,1,{'j'},1,{'JJR'},False,wealthier
weapons,5,5.208550356264844e-05,14.228758576950137,7,NNS,n,1,{'n'},1,{'NNS'},False,weapon
wear,2,2.083420142505938e-05,15.550686671837498,4,VB,v,1,{'v'},1,{'VB'},False,wear
wearing,11,0.00011458810783782658,13.091255053200202,7,VBG,v,3,"{'n', 'j', 'v'}",3,"{'VBG', 'JJ', 'NN'}",False,wear
wears,1,1.041710071252969e-05,16.5506866718375,5,VBZ,v,1,{'v'},1,{'VBZ'},False,wear
weary,1,1.041710071252969e-05,16.5506866718375,5,JJ,j,1,{'j'},1,{'JJ'},False,weari
weather,12,0.00012500520855035626,12.965724171116342,7,NN,n,2,"{'n', 'v'}",3,"{'VBZ', 'VB', 'NN'}",False,weather
weave,2,2.083420142505938e-05,15.550686671837498,5,VB,v,1,{'v'},2,"{'VB', 'VBP'}",False,weav
weaving,1,1.041710071252969e-05,16.5506866718375,7,VBG,v,1,{'v'},1,{'VBG'},False,weav
wedding,2,2.083420142505938e-05,15.550686671837498,7,NN,n,1,{'n'},1,{'NN'},False,wed
weddings,1,1.041710071252969e-05,16.5506866718375,8,NNS,n,1,{'n'},1,{'NNS'},False,wed
wee,1,1.041710071252969e-05,16.5506866718375,3,JJ,j,1,{'j'},1,{'JJ'},False,wee
weed,2,2.083420142505938e-05,15.550686671837498,4,JJ,j,1,{'j'},1,{'JJ'},False,weed
week,1,1.041710071252969e-05,16.5506866718375,4,NN,n,1,{'n'},1,{'NN'},False,week
weeks,2,2.083420142505938e-05,15.550686671837498,5,NNS,n,1,{'n'},1,{'NNS'},False,week
weep,1,1.041710071252969e-05,16.5506866718375,4,NN,n,1,{'n'},1,{'NN'},False,weep
weight,7,7.291970498770782e-05,13.743331749779895,6,NN,n,2,"{'n', 'v'}",2,"{'VBD', 'NN'}",False,weight
weird,13,0.00013542230926288595,12.850246953696406,5,JJ,j,3,"{'n', 'j', 'v'}",3,"{'JJ', 'VB', 'NN'}",False,weird
welcome,33,0.0003437643235134797,11.506292552479046,7,NNP,n,4,"{'n', 'x', 'j', 'v'}",5,"{'JJ', 'NN', 'NNP', 'VB', 'UH'}",False,welcom
well,264,0.0027501145881078377,8.506292552479046,4,RB,r,5,"{'j', 'v', 'n', 'x', 'r'}",7,"{'JJ', 'NN', 'NNP', 'VBP', 'IN', 'RB', 'UH'}",False,well
wellsuited,1,1.041710071252969e-05,16.5506866718375,10,JJ,j,1,{'j'},1,{'JJ'},False,wellsuit
welltrained,1,1.041710071252969e-05,16.5506866718375,11,VBN,v,1,{'v'},1,{'VBN'},False,welltrain
wellwater,1,1.041710071252969e-05,16.5506866718375,9,JJ,j,1,{'j'},1,{'JJ'},False,wellwat
went,38,0.00039584982707612816,11.302759158393913,4,VBD,v,1,{'v'},1,{'VBD'},False,went
were,213,0.0022188424517688237,8.815977051611661,4,VBD,v,3,"{'n', 'x', 'v'}",4,"{'VBP', 'VBD', 'WRB', 'NNP'}",True,were
weren,1,1.041710071252969e-05,16.5506866718375,5,VBZ,v,1,{'v'},1,{'VBZ'},True,weren
west,9,9.37539064127672e-05,13.380761670395186,4,NN,n,2,"{'n', 'j'}",3,"{'JJS', 'NN', 'NNP'}",False,west
western,4,4.166840285011876e-05,14.550686671837498,7,JJ,j,1,{'j'},1,{'JJ'},False,western
wet,11,0.00011458810783782658,13.091255053200202,3,NN,n,3,"{'n', 'j', 'v'}",3,"{'JJ', 'VBN', 'NN'}",False,wet
wethey,1,1.041710071252969e-05,16.5506866718375,6,JJ,j,1,{'j'},1,{'JJ'},False,wethey
wh,7,7.291970498770782e-05,13.743331749779895,2,NNP,n,1,{'n'},3,"{'NN', 'NNS', 'NNP'}",False,wh
wha,1,1.041710071252969e-05,16.5506866718375,3,NNP,n,1,{'n'},1,{'NNP'},False,wha
whaa,4,4.166840285011876e-05,14.550686671837498,4,NN,n,1,{'n'},2,"{'NN', 'NNP'}",False,whaa
whack,1,1.041710071252969e-05,16.5506866718375,5,NN,n,1,{'n'},1,{'NN'},False,whack
whale,1,1.041710071252969e-05,16.5506866718375,5,NN,n,1,{'n'},1,{'NN'},False,whale
what,754,0.007854493937247384,6.992265958568835,4,WP,x,1,{'x'},2,"{'WDT', 'WP'}",True,what
whatever,10,0.00010417100712529688,13.228758576950137,8,WDT,x,2,"{'n', 'x'}",2,"{'WDT', 'NN'}",False,whatev
whatsoever,1,1.041710071252969e-05,16.5506866718375,10,RB,r,1,{'r'},1,{'RB'},False,whatsoev
wheel,1,1.041710071252969e-05,16.5506866718375,5,NN,n,1,{'n'},1,{'NN'},False,wheel
wheelchair,1,1.041710071252969e-05,16.5506866718375,10,NN,n,1,{'n'},1,{'NN'},False,wheelchair
wheelchairs,1,1.041710071252969e-05,16.5506866718375,11,NNS,n,1,{'n'},1,{'NNS'},False,wheelchair
when,153,0.0015938164090170423,9.293298829144847,4,WRB,x,1,{'x'},1,{'WRB'},True,when
whence,1,1.041710071252969e-05,16.5506866718375,6,NN,n,1,{'n'},1,{'NN'},False,whenc
whenever,7,7.291970498770782e-05,13.743331749779895,8,WRB,x,1,{'x'},1,{'WRB'},False,whenev
where,162,0.0016875703154298097,9.210836668952874,5,WRB,x,2,"{'n', 'x'}",2,"{'WRB', 'NNP'}",True,where
whereabouts,2,2.083420142505938e-05,15.550686671837498,11,NNS,n,1,{'n'},1,{'NNS'},False,whereabout
wherever,1,1.041710071252969e-05,16.5506866718375,8,RB,r,1,{'r'},1,{'RB'},False,wherev
whether,10,0.00010417100712529688,13.228758576950137,7,IN,x,1,{'x'},1,{'IN'},False,whether
whew,7,7.291970498770782e-05,13.743331749779895,4,NNP,n,1,{'n'},2,"{'NN', 'NNP'}",False,whew
which,36,0.0003750156256510688,11.380761670395186,5,WDT,x,2,"{'x', 'j'}",2,"{'JJ', 'WDT'}",True,which
while,54,0.0005625234384766032,10.79579916967403,5,IN,x,2,"{'n', 'x'}",2,"{'IN', 'NN'}",True,while
whines,1,1.041710071252969e-05,16.5506866718375,6,WDT,x,1,{'x'},1,{'WDT'},False,whine
whining,1,1.041710071252969e-05,16.5506866718375,7,NN,n,1,{'n'},1,{'NN'},False,whine
whirling,1,1.041710071252969e-05,16.5506866718375,8,NN,n,1,{'n'},1,{'NN'},False,whirl
whirlpool,1,1.041710071252969e-05,16.5506866718375,9,NN,n,1,{'n'},1,{'NN'},False,whirlpool
whisker,1,1.041710071252969e-05,16.5506866718375,7,NN,n,1,{'n'},1,{'NN'},False,whisker
whiskers,1,1.041710071252969e-05,16.5506866718375,8,NNS,n,1,{'n'},1,{'NNS'},False,whisker
whispering,1,1.041710071252969e-05,16.5506866718375,10,VBG,v,1,{'v'},1,{'VBG'},False,whisper
whistles,1,1.041710071252969e-05,16.5506866718375,8,NNS,n,1,{'n'},1,{'NNS'},False,whistl
white,18,0.0001875078128255344,12.380761670395186,5,JJ,j,2,"{'n', 'j'}",2,"{'JJ', 'NNP'}",False,white
who,180,0.001875078128255344,9.058833575507824,3,WP,x,2,"{'n', 'x'}",2,"{'NNP', 'WP'}",True,who
whoa,3,3.1251302137589066e-05,14.965724171116342,4,NNP,n,1,{'n'},2,"{'NNS', 'NNP'}",False,whoa
whoever,2,2.083420142505938e-05,15.550686671837498,7,NN,n,2,"{'n', 'v'}",2,"{'VB', 'NN'}",False,whoever
whole,23,0.00023959331638818285,12.027124715780486,5,JJ,j,2,"{'n', 'j'}",2,"{'JJ', 'NN'}",False,whole
whom,3,3.1251302137589066e-05,14.965724171116342,4,WP,x,1,{'x'},1,{'WP'},True,whom
whoops,5,5.208550356264844e-05,14.228758576950137,6,NNS,n,1,{'n'},1,{'NNS'},False,whoop
whose,2,2.083420142505938e-05,15.550686671837498,5,JJ,j,2,"{'x', 'j'}",2,"{'WP$', 'JJ'}",False,whose
why,171,0.0017813242218425768,9.132834156951601,3,WRB,x,1,{'x'},1,{'WRB'},True,whi
wide,2,2.083420142505938e-05,15.550686671837498,4,JJ,j,1,{'j'},1,{'JJ'},False,wide
widely,1,1.041710071252969e-05,16.5506866718375,6,RB,r,1,{'r'},1,{'RB'},False,wide
wider,2,2.083420142505938e-05,15.550686671837498,5,JJR,j,2,"{'n', 'j'}",2,"{'JJR', 'NN'}",False,wider
wife,15,0.00015625651068794532,12.64379607622898,4,NN,n,1,{'n'},2,"{'NN', 'NNP'}",False,wife
wild,8,8.333680570023751e-05,13.550686671837498,4,JJ,j,2,"{'j', 'v'}",2,"{'JJ', 'VBP'}",False,wild
wildflower,1,1.041710071252969e-05,16.5506866718375,10,NN,n,1,{'n'},1,{'NN'},False,wildflow
will,387,0.004031417975748989,7.954496915693088,4,MD,x,2,"{'n', 'x'}",3,"{'MD', 'NN', 'NNP'}",True,will
willing,1,1.041710071252969e-05,16.5506866718375,7,JJ,j,1,{'j'},1,{'JJ'},False,will
wimps,1,1.041710071252969e-05,16.5506866718375,5,NNS,n,1,{'n'},1,{'NNS'},False,wimp
win,11,0.00011458810783782658,13.091255053200202,3,VB,v,1,{'v'},2,"{'VB', 'VBP'}",False,win
wind,64,0.0006666944456019001,10.550686671837498,4,NN,n,2,"{'n', 'v'}",4,"{'VB', 'NNS', 'NN', 'NNP'}",False,wind
windmill,1,1.041710071252969e-05,16.5506866718375,8,NN,n,1,{'n'},1,{'NN'},False,windmil
window,9,9.37539064127672e-05,13.380761670395186,6,NN,n,1,{'n'},1,{'NN'},False,window
windows,3,3.1251302137589066e-05,14.965724171116342,7,NNS,n,1,{'n'},1,{'NNS'},False,window
winds,4,4.166840285011876e-05,14.550686671837498,5,NNS,n,1,{'n'},1,{'NNS'},False,wind
winduser,1,1.041710071252969e-05,16.5506866718375,8,NN,n,1,{'n'},1,{'NN'},False,windus
windward,2,2.083420142505938e-05,15.550686671837498,8,JJ,j,1,{'j'},1,{'JJ'},False,windward
wine,1,1.041710071252969e-05,16.5506866718375,4,NN,n,1,{'n'},1,{'NN'},False,wine
wing,8,8.333680570023751e-05,13.550686671837498,4,NN,n,2,"{'n', 'v'}",2,"{'VBG', 'NN'}",False,wing
wings,9,9.37539064127672e-05,13.380761670395186,5,NNS,n,1,{'n'},1,{'NNS'},False,wing
winkle,1,1.041710071252969e-05,16.5506866718375,6,NNP,n,1,{'n'},1,{'NNP'},False,winkl
winner,2,2.083420142505938e-05,15.550686671837498,6,NN,n,1,{'n'},1,{'NN'},False,winner
wins,3,3.1251302137589066e-05,14.965724171116342,4,VBZ,v,2,"{'n', 'v'}",2,"{'VBZ', 'NNS'}",False,win
winter,14,0.00014583940997541563,12.743331749779895,6,NN,n,1,{'n'},2,"{'NN', 'NNP'}",False,winter
wipe,3,3.1251302137589066e-05,14.965724171116342,4,NNP,n,2,"{'n', 'v'}",2,"{'VB', 'NNP'}",False,wipe
wiping,1,1.041710071252969e-05,16.5506866718375,6,VBG,v,1,{'v'},1,{'VBG'},False,wipe
wire,4,4.166840285011876e-05,14.550686671837498,4,NN,n,1,{'n'},1,{'NN'},False,wire
wise,1,1.041710071252969e-05,16.5506866718375,4,NN,n,1,{'n'},1,{'NN'},False,wise
wisely,1,1.041710071252969e-05,16.5506866718375,6,RB,r,1,{'r'},1,{'RB'},False,wise
wish,34,0.0003541814242260094,11.46322383058716,4,VBP,v,4,"{'n', 'x', 'j', 'v'}",5,"{'JJ', 'NN', 'VBP', 'IN', 'VB'}",False,wish
wished,3,3.1251302137589066e-05,14.965724171116342,6,VBD,v,1,{'v'},1,{'VBD'},False,wish
wishes,3,3.1251302137589066e-05,14.965724171116342,6,NNS,n,2,"{'n', 'v'}",2,"{'VBZ', 'NNS'}",False,wish
witch,52,0.0005416892370515438,10.850246953696406,5,NN,n,1,{'n'},2,"{'NN', 'NNP'}",False,witch
witches,14,0.00014583940997541563,12.743331749779895,7,NNS,n,1,{'n'},1,{'NNS'},False,witch
with,395,0.004114754781449227,7.9249778287730335,4,IN,x,2,"{'n', 'x'}",2,"{'IN', 'NNS'}",True,with
withdraw,3,3.1251302137589066e-05,14.965724171116342,8,RB,v,2,"{'r', 'v'}",3,"{'VB', 'VBP', 'RB'}",False,withdraw
withered,1,1.041710071252969e-05,16.5506866718375,8,VBN,v,1,{'v'},1,{'VBN'},False,wither
within,9,9.37539064127672e-05,13.380761670395186,6,IN,x,1,{'x'},1,{'IN'},False,within
without,40,0.00041668402850118753,11.228758576950137,7,IN,x,1,{'x'},1,{'IN'},False,without
withstand,1,1.041710071252969e-05,16.5506866718375,9,VB,v,1,{'v'},1,{'VB'},False,withstand
witness,4,4.166840285011876e-05,14.550686671837498,7,NN,n,2,"{'n', 'v'}",3,"{'VB', 'VBP', 'NN'}",False,wit
witnessed,1,1.041710071252969e-05,16.5506866718375,9,VBN,v,1,{'v'},1,{'VBN'},False,wit
witnesses,2,2.083420142505938e-05,15.550686671837498,9,NNS,n,1,{'n'},1,{'NNS'},False,wit
wives,1,1.041710071252969e-05,16.5506866718375,5,NNS,n,1,{'n'},1,{'NNS'},False,wive
wizard,8,8.333680570023751e-05,13.550686671837498,6,NN,n,1,{'n'},2,"{'NN', 'NNP'}",False,wizard
wizards,5,5.208550356264844e-05,14.228758576950137,7,NNS,n,1,{'n'},1,{'NNS'},False,wizard
wm,1,1.041710071252969e-05,16.5506866718375,2,NNS,n,1,{'n'},1,{'NNS'},False,wm
wo,112,0.001166715279803325,9.743331749779895,2,MD,x,3,"{'x', 'j', 'v'}",3,"{'JJ', 'MD', 'VBP'}",False,wo
woah,11,0.00011458810783782658,13.091255053200202,4,NN,n,2,"{'n', 'j'}",3,"{'JJ', 'NN', 'NNP'}",False,woah
woh,1,1.041710071252969e-05,16.5506866718375,3,NN,n,1,{'n'},1,{'NN'},False,woh
woke,4,4.166840285011876e-05,14.550686671837498,4,VBD,v,1,{'v'},1,{'VBD'},False,woke
woken,1,1.041710071252969e-05,16.5506866718375,5,VBN,v,1,{'v'},1,{'VBN'},False,woken
wolf,2,2.083420142505938e-05,15.550686671837498,4,NNP,n,1,{'n'},1,{'NNP'},False,wolf
wolves,1,1.041710071252969e-05,16.5506866718375,6,NNS,n,1,{'n'},1,{'NNS'},False,wolv
woman,19,0.00019792491353806408,12.302759158393913,5,NN,n,1,{'n'},2,"{'NN', 'NNP'}",False,woman
women,23,0.00023959331638818285,12.027124715780486,5,NNS,n,1,{'n'},1,{'NNS'},False,women
won,21,0.00021875911496312345,12.158369249058739,3,VBD,v,1,{'v'},2,"{'VBD', 'VBN'}",True,won
wonder,41,0.00042710112921371724,11.193134667219415,6,VBP,v,2,"{'n', 'v'}",3,"{'VB', 'VBP', 'NN'}",False,wonder
wonderful,35,0.0003645985249385391,11.421403654892533,9,JJ,j,2,"{'n', 'j'}",2,"{'JJ', 'NN'}",False,wonder
wonderfully,1,1.041710071252969e-05,16.5506866718375,11,RB,r,1,{'r'},1,{'RB'},False,wonder
wondering,2,2.083420142505938e-05,15.550686671837498,9,VBG,v,1,{'v'},1,{'VBG'},False,wonder
wonderland,11,0.00011458810783782658,13.091255053200202,10,NNP,n,1,{'n'},1,{'NNP'},False,wonderland
wondrous,1,1.041710071252969e-05,16.5506866718375,8,JJ,j,1,{'j'},1,{'JJ'},False,wondrou
wood,5,5.208550356264844e-05,14.228758576950137,4,NN,n,1,{'n'},1,{'NN'},False,wood
woodburning,2,2.083420142505938e-05,15.550686671837498,11,JJ,j,1,{'j'},1,{'JJ'},False,woodburn
wooden,1,1.041710071252969e-05,16.5506866718375,6,JJ,j,1,{'j'},1,{'JJ'},False,wooden
woodland,1,1.041710071252969e-05,16.5506866718375,8,NN,n,1,{'n'},1,{'NN'},False,woodland
woods,9,9.37539064127672e-05,13.380761670395186,5,NNS,n,1,{'n'},2,"{'NNS', 'NNP'}",False,wood
word,11,0.00011458810783782658,13.091255053200202,4,NN,n,1,{'n'},1,{'NN'},False,word
words,22,0.00022917621567565316,12.091255053200202,5,NNS,n,1,{'n'},1,{'NNS'},False,word
wore,1,1.041710071252969e-05,16.5506866718375,4,VBD,v,1,{'v'},1,{'VBD'},False,wore
work,100,0.001041710071252969,9.906830482062773,4,NN,n,2,"{'n', 'v'}",4,"{'VB', 'VBP', 'NN', 'NNP'}",False,work
worked,7,7.291970498770782e-05,13.743331749779895,6,VBD,v,1,{'v'},2,"{'VBD', 'VBN'}",False,work
workers,9,9.37539064127672e-05,13.380761670395186,7,NNS,n,1,{'n'},1,{'NNS'},False,worker
working,17,0.0001770907121130047,12.46322383058716,7,VBG,v,1,{'v'},1,{'VBG'},False,work
workmen,1,1.041710071252969e-05,16.5506866718375,7,NNS,n,1,{'n'},1,{'NNS'},False,workmen
workplace,1,1.041710071252969e-05,16.5506866718375,9,NN,n,1,{'n'},1,{'NN'},False,workplac
works,4,4.166840285011876e-05,14.550686671837498,5,VBZ,v,1,{'v'},1,{'VBZ'},False,work
world,64,0.0006666944456019001,10.550686671837498,5,NN,n,1,{'n'},2,"{'NN', 'NNP'}",False,world
worm,2,2.083420142505938e-05,15.550686671837498,4,NN,n,2,"{'n', 'v'}",2,"{'VB', 'NN'}",False,worm
worn,1,1.041710071252969e-05,16.5506866718375,4,VBN,v,1,{'v'},1,{'VBN'},False,worn
wornout,1,1.041710071252969e-05,16.5506866718375,7,JJ,j,1,{'j'},1,{'JJ'},False,wornout
worried,22,0.00022917621567565316,12.091255053200202,7,VBN,v,2,"{'j', 'v'}",3,"{'VBD', 'JJ', 'VBN'}",False,worri
worries,1,1.041710071252969e-05,16.5506866718375,7,VBZ,v,1,{'v'},1,{'VBZ'},False,worri
worrisome,1,1.041710071252969e-05,16.5506866718375,9,JJ,j,1,{'j'},1,{'JJ'},False,worrisom
worry,54,0.0005625234384766032,10.79579916967403,5,VB,v,3,"{'n', 'x', 'v'}",4,"{'VB', 'VBP', 'NN', 'IN'}",False,worri
worrying,2,2.083420142505938e-05,15.550686671837498,8,VBG,v,1,{'v'},1,{'VBG'},False,worri
worrywart,1,1.041710071252969e-05,16.5506866718375,9,NN,n,1,{'n'},1,{'NN'},False,worrywart
worse,15,0.00015625651068794532,12.64379607622898,5,JJR,j,2,"{'j', 'v'}",2,"{'VB', 'JJR'}",False,wors
worsen,1,1.041710071252969e-05,16.5506866718375,6,VB,v,1,{'v'},1,{'VB'},False,worsen
worship,1,1.041710071252969e-05,16.5506866718375,7,VB,v,1,{'v'},1,{'VB'},False,worship
worshiped,1,1.041710071252969e-05,16.5506866718375,9,VBN,v,1,{'v'},1,{'VBN'},False,worship
worst,2,2.083420142505938e-05,15.550686671837498,5,JJS,j,1,{'j'},1,{'JJS'},False,worst
worth,7,7.291970498770782e-05,13.743331749779895,5,JJ,j,2,"{'x', 'j'}",2,"{'JJ', 'IN'}",False,worth
worthless,1,1.041710071252969e-05,16.5506866718375,9,JJ,j,1,{'j'},1,{'JJ'},False,worthless
worthy,1,1.041710071252969e-05,16.5506866718375,6,JJ,j,1,{'j'},1,{'JJ'},False,worthi
would,167,0.001739655818992458,9.166982379363446,5,MD,x,1,{'x'},1,{'MD'},False,would
wouldn,4,4.166840285011876e-05,14.550686671837498,6,VBP,v,2,"{'n', 'v'}",3,"{'VBD', 'VBP', 'NN'}",True,wouldn
wound,12,0.00012500520855035626,12.965724171116342,5,NN,n,1,{'n'},1,{'NN'},False,wound
wounded,8,8.333680570023751e-05,13.550686671837498,7,JJ,j,2,"{'j', 'v'}",3,"{'VBD', 'JJ', 'VBN'}",False,wound
wounds,4,4.166840285011876e-05,14.550686671837498,6,NNS,n,1,{'n'},1,{'NNS'},False,wound
wove,1,1.041710071252969e-05,16.5506866718375,4,VBP,v,1,{'v'},1,{'VBP'},False,wove
wow,44,0.0004583524313513063,11.091255053200202,3,NNP,n,2,"{'n', 'x'}",4,"{'NNS', 'NN', 'NNP', 'IN'}",False,wow
wrap,2,2.083420142505938e-05,15.550686671837498,4,IN,n,2,"{'n', 'x'}",2,"{'IN', 'NN'}",False,wrap
wreak,1,1.041710071252969e-05,16.5506866718375,5,VB,v,1,{'v'},1,{'VB'},False,wreak
wreck,2,2.083420142505938e-05,15.550686671837498,5,NN,n,1,{'n'},1,{'NN'},False,wreck
wrench,1,1.041710071252969e-05,16.5506866718375,6,NN,n,1,{'n'},1,{'NN'},False,wrench
wretch,1,1.041710071252969e-05,16.5506866718375,6,NN,n,1,{'n'},1,{'NN'},False,wretch
wretches,1,1.041710071252969e-05,16.5506866718375,8,VBP,v,1,{'v'},1,{'VBP'},False,wretch
wring,1,1.041710071252969e-05,16.5506866718375,5,VBG,v,1,{'v'},1,{'VBG'},False,wring
wrinkled,1,1.041710071252969e-05,16.5506866718375,8,VBD,v,1,{'v'},1,{'VBD'},False,wrinkl
write,10,0.00010417100712529688,13.228758576950137,5,VB,v,1,{'v'},1,{'VB'},False,write
writer,1,1.041710071252969e-05,16.5506866718375,6,NN,n,1,{'n'},1,{'NN'},False,writer
writing,4,4.166840285011876e-05,14.550686671837498,7,VBG,v,2,"{'n', 'v'}",2,"{'VBG', 'NN'}",False,write
writings,1,1.041710071252969e-05,16.5506866718375,8,NNS,n,1,{'n'},1,{'NNS'},False,write
written,1,1.041710071252969e-05,16.5506866718375,7,VBN,v,1,{'v'},1,{'VBN'},False,written
wrong,61,0.000635443143464311,10.619949334274612,5,JJ,j,2,"{'n', 'j'}",2,"{'JJ', 'NN'}",False,wrong
wrote,5,5.208550356264844e-05,14.228758576950137,5,VBD,v,1,{'v'},1,{'VBD'},False,wrote
wwe,1,1.041710071252969e-05,16.5506866718375,3,NNP,n,1,{'n'},1,{'NNP'},False,wwe
y,9,9.37539064127672e-05,13.380761670395186,1,SYM,x,2,"{'n', 'x'}",3,"{'NNP', 'NN', 'SYM'}",True,y
ya,5,5.208550356264844e-05,14.228758576950137,2,NN,n,2,"{'n', 'x'}",3,"{'PRP', 'NN', 'NNP'}",False,ya
yachan,1,1.041710071252969e-05,16.5506866718375,6,NNP,n,1,{'n'},1,{'NNP'},False,yachan
yae,1,1.041710071252969e-05,16.5506866718375,3,NNP,n,1,{'n'},1,{'NNP'},False,yae
yaechan,2,2.083420142505938e-05,15.550686671837498,7,JJ,j,2,"{'n', 'j'}",2,"{'JJ', 'NN'}",False,yaechan
yaeko,9,9.37539064127672e-05,13.380761670395186,5,NNP,n,3,"{'n', 'j', 'v'}",3,"{'JJ', 'VB', 'NNP'}",False,yaeko
yah,2,2.083420142505938e-05,15.550686671837498,3,NN,n,1,{'n'},1,{'NN'},False,yah
yahhh,1,1.041710071252969e-05,16.5506866718375,5,JJ,j,1,{'j'},1,{'JJ'},False,yahhh
yahoo,1,1.041710071252969e-05,16.5506866718375,5,NN,n,1,{'n'},1,{'NN'},False,yahoo
yakkuru,11,0.00011458810783782658,13.091255053200202,7,NN,n,2,"{'n', 'x'}",3,"{'NN', 'NNP', 'UH'}",False,yakkuru
yaks,1,1.041710071252969e-05,16.5506866718375,4,NNS,n,1,{'n'},1,{'NNS'},False,yak
yamadera,1,1.041710071252969e-05,16.5506866718375,8,NNP,n,1,{'n'},1,{'NNP'},False,yamadera
yamato,2,2.083420142505938e-05,15.550686671837498,6,NNP,n,1,{'n'},1,{'NNP'},False,yamato
yank,1,1.041710071252969e-05,16.5506866718375,4,NN,n,1,{'n'},1,{'NN'},False,yank
yanma,1,1.041710071252969e-05,16.5506866718375,5,NN,n,1,{'n'},1,{'NN'},False,yanma
yard,1,1.041710071252969e-05,16.5506866718375,4,NN,n,1,{'n'},1,{'NN'},False,yard
yawn,1,1.041710071252969e-05,16.5506866718375,4,NN,n,1,{'n'},1,{'NN'},False,yawn
yay,4,4.166840285011876e-05,14.550686671837498,3,NN,n,1,{'n'},1,{'NN'},False,yay
yea,7,7.291970498770782e-05,13.743331749779895,3,NN,n,1,{'n'},1,{'NN'},False,yea
yeah,82,0.0008542022584274345,10.193134667219415,4,UH,x,4,"{'n', 'x', 'r', 'v'}",4,"{'NN', 'RB', 'VB', 'UH'}",False,yeah
yeahy,1,1.041710071252969e-05,16.5506866718375,5,NN,n,1,{'n'},1,{'NN'},False,yeahi
year,26,0.0002708446185257719,11.850246953696406,4,NN,n,2,"{'n', 'j'}",3,"{'JJ', 'NN', 'NNP'}",False,year
yearn,1,1.041710071252969e-05,16.5506866718375,5,VBP,v,1,{'v'},1,{'VBP'},False,yearn
yearned,1,1.041710071252969e-05,16.5506866718375,7,VBD,v,1,{'v'},1,{'VBD'},False,yearn
years,42,0.0004375182299262469,11.158369249058739,5,NNS,n,1,{'n'},1,{'NNS'},False,year
yelled,1,1.041710071252969e-05,16.5506866718375,6,VBD,v,1,{'v'},1,{'VBD'},False,yell
yelling,1,1.041710071252969e-05,16.5506866718375,7,VBG,v,1,{'v'},1,{'VBG'},False,yell
yen,6,6.250260427517813e-05,13.965724171116342,3,NNS,n,1,{'n'},2,"{'NN', 'NNS'}",False,yen
yep,13,0.00013542230926288595,12.850246953696406,3,NN,n,1,{'n'},2,"{'NN', 'NNP'}",False,yep
yes,256,0.0026667777824076005,8.550686671837498,3,UH,x,3,"{'n', 'x', 'r'}",4,"{'NN', 'RB', 'NNS', 'UH'}",False,ye
yessir,1,1.041710071252969e-05,16.5506866718375,6,NN,n,1,{'n'},1,{'NN'},False,yessir
yesterday,9,9.37539064127672e-05,13.380761670395186,9,NN,n,1,{'n'},1,{'NN'},False,yesterday
yet,60,0.0006250260427517813,10.64379607622898,3,RB,r,2,"{'n', 'r'}",2,"{'RB', 'NNS'}",False,yet
yield,1,1.041710071252969e-05,16.5506866718375,5,VB,v,1,{'v'},1,{'VB'},False,yield
yknow,2,2.083420142505938e-05,15.550686671837498,5,JJ,j,2,"{'x', 'j'}",2,"{'JJ', 'UH'}",False,yknow
yoko,3,3.1251302137589066e-05,14.965724171116342,4,NNP,n,2,"{'n', 'j'}",2,"{'JJ', 'NNP'}",False,yoko
yoohoo,1,1.041710071252969e-05,16.5506866718375,6,NN,n,1,{'n'},1,{'NN'},False,yoohoo
yoroshiku,1,1.041710071252969e-05,16.5506866718375,9,NNP,n,1,{'n'},1,{'NNP'},False,yoroshiku
yoshi,4,4.166840285011876e-05,14.550686671837498,5,NN,n,2,"{'n', 'j'}",2,"{'JJ', 'NN'}",False,yoshi
yoshiesan,3,3.1251302137589066e-05,14.965724171116342,9,JJ,j,2,"{'n', 'j'}",2,"{'JJ', 'NNP'}",False,yoshiesan
you,3252,0.03387641151714655,4.8835751297624705,3,PRP,x,3,"{'n', 'x', 'r'}",7,"{'NN', 'NNP', 'POS', 'IN', 'PRP', ""''"", 'RB'}",True,you
young,55,0.0005729405391891329,10.769326958312838,5,JJ,j,2,"{'n', 'j'}",2,"{'JJ', 'NNP'}",False,young
younger,7,7.291970498770782e-05,13.743331749779895,7,JJR,j,1,{'j'},1,{'JJR'},False,younger
youngsters,1,1.041710071252969e-05,16.5506866718375,10,NNS,n,1,{'n'},1,{'NNS'},False,youngster
youngun,1,1.041710071252969e-05,16.5506866718375,7,NN,n,1,{'n'},1,{'NN'},False,youngun
youout,1,1.041710071252969e-05,16.5506866718375,6,VB,v,1,{'v'},1,{'VB'},False,youout
your,585,0.006094003916829868,7.358393857366732,4,PRP$,x,2,"{'n', 'x'}",3,"{'NNP', 'CD', 'PRP$'}",True,your
yours,12,0.00012500520855035626,12.965724171116342,5,NNS,n,2,"{'n', 'r'}",2,"{'RB', 'NNS'}",True,your
yourself,44,0.0004583524313513063,11.091255053200202,8,PRP,x,1,{'x'},1,{'PRP'},True,yourself
yourselves,5,5.208550356264844e-05,14.228758576950137,10,NNS,n,2,"{'n', 'v'}",2,"{'VBZ', 'NNS'}",True,yourselv
youth,1,1.041710071252969e-05,16.5506866718375,5,NN,n,1,{'n'},1,{'NN'},False,youth
yubaba,23,0.00023959331638818285,12.027124715780486,6,NNP,n,1,{'n'},3,"{'NN', 'NNS', 'NNP'}",False,yubaba
yuck,1,1.041710071252969e-05,16.5506866718375,4,NN,n,1,{'n'},1,{'NN'},False,yuck
yum,1,1.041710071252969e-05,16.5506866718375,3,NN,n,1,{'n'},1,{'NN'},False,yum
yummy,1,1.041710071252969e-05,16.5506866718375,5,PRP,x,1,{'x'},1,{'PRP'},False,yummi
yup,5,5.208550356264844e-05,14.228758576950137,3,NN,n,1,{'n'},1,{'NN'},False,yup
yupa,22,0.00022917621567565316,12.091255053200202,4,NNP,n,3,"{'n', 'j', 'v'}",4,"{'JJ', 'VB', 'NN', 'NNP'}",False,yupa
yyes,3,3.1251302137589066e-05,14.965724171116342,4,NNS,n,1,{'n'},1,{'NNS'},False,yye
yyou,1,1.041710071252969e-05,16.5506866718375,4,JJ,j,1,{'j'},1,{'JJ'},False,yyou
zaoh,6,6.250260427517813e-05,13.965724171116342,4,NNP,n,1,{'n'},1,{'NNP'},False,zaoh
zauberberg,1,1.041710071252969e-05,16.5506866718375,10,NNP,n,1,{'n'},1,{'NNP'},False,zauberberg
zeniba,9,9.37539064127672e-05,13.380761670395186,6,NNP,n,1,{'n'},1,{'NNP'},False,zeniba
zero,1,1.041710071252969e-05,16.5506866718375,4,JJ,j,1,{'j'},1,{'JJ'},False,zero
zo,2,2.083420142505938e-05,15.550686671837498,2,NN,n,1,{'n'},1,{'NN'},False,zo
zohsui,1,1.041710071252969e-05,16.5506866718375,6,CD,x,1,{'x'},1,{'CD'},False,zohsui
zone,2,2.083420142505938e-05,15.550686671837498,4,NN,n,1,{'n'},1,{'NN'},False,zone
zosui,2,2.083420142505938e-05,15.550686671837498,5,JJ,j,1,{'j'},1,{'JJ'},False,zosui
